10598,0,301,0,0,3,B5,0C,00
10598,0,40a,0,0,2,29,00
10598,1,203,0,0,8,00,00,00,00,00,00,00,00
10608,1,401,0,0,8,35,9C,00,00,46,00,00,00
10618,1,206,0,0,8,00,00,00,00,00,00,00,00
10618,1,400,0,0,8,01,00,0C,00,00,00,00,00
10638,1,40b,0,0,6,29,00,00,00,03,00
10638,0,300,0,0,8,00,5A,00,5A,00,00,00,DD
10638,1,201,0,0,5,00,00,00,00,00
10648,0,301,0,0,3,4E,0D,00
10648,0,300,0,0,8,00,5A,00,5A,00,00,00,EE
10658,1,403,0,0,8,64,00,00,00,40,E3,09,00
10698,0,301,0,0,3,1D,0E,00
10698,0,40a,0,0,2,2A,00
10698,1,203,0,0,8,00,00,00,00,00,00,00,00
10708,1,401,0,0,8,37,9C,00,00,46,00,00,00
10718,1,206,0,0,8,00,00,00,00,00,00,00,00
10738,1,400,0,0,8,01,00,0C,00,00,00,00,00
10738,1,40b,0,0,3,2A,00,00
10738,0,300,0,0,8,00,5A,00,5A,00,00,00,FF
10748,0,301,0,0,3,E8,0F,00
10748,0,300,0,0,8,00,5A,00,5A,00,00,00,00
10758,1,201,0,0,5,00,00,00,00,00
10798,0,301,0,0,3,E2,00,00
10798,0,40c,0,0,2,00,00
10798,1,203,0,0,8,00,00,00,00,00,00,00,00
10808,1,401,0,0,8,37,9C,00,00,46,00,00,00
10818,1,206,0,0,8,00,00,00,00,00,00,00,00
10838,1,400,0,0,8,01,00,0C,00,00,00,00,00
10838,1,40d,0,0,5,00,00,00,00,04
10838,0,300,0,0,8,00,5A,00,5A,00,00,00,11
10848,0,301,0,0,3,B3,01,00
10848,0,300,0,0,8,00,5A,00,5A,00,00,00,22
10858,1,201,0,0,5,00,00,00,00,00
10898,0,301,0,0,3,6B,02,00
10898,0,40c,0,0,2,01,00
10898,1,203,0,0,8,00,00,00,00,00,00,00,00
10908,1,401,0,0,8,37,9C,00,00,46,00,00,00
10918,1,206,0,0,8,00,00,00,00,00,00,00,00
10938,1,400,0,0,8,01,00,0C,00,00,00,00,00
10938,1,40d,0,0,5,01,00,06,06,04
10948,0,300,0,0,8,00,5A,00,5A,00,00,00,33
10948,0,301,0,0,3,96,03,00
10948,0,300,0,0,8,00,5A,00,5A,00,00,00,44
10958,1,201,0,0,5,00,00,00,00,00
10998,0,301,0,0,3,03,04,00
10998,0,40c,0,0,2,05,00
10998,1,203,0,0,8,00,00,00,00,00,00,00,00
11008,1,401,0,0,8,37,9C,00,00,46,00,00,00
11018,1,206,0,0,8,00,00,00,00,00,00,00,00
11038,1,400,0,0,8,01,00,0C,00,00,00,00,00
11038,1,40d,0,0,8,05,00,53,49,43,54,2D,2D
11038,0,300,0,0,8,00,5A,00,5A,00,00,00,55
11048,0,301,0,0,3,54,05,00
11048,0,300,0,0,8,00,5A,00,5A,00,00,00,66
11058,1,201,0,0,5,00,00,00,00,00
11098,0,301,0,0,3,F5,06,00
11098,0,40c,0,0,2,06,00
11098,1,203,0,0,8,00,00,00,00,00,00,00,00
11108,1,401,0,0,8,37,9C,00,00,46,00,00,00
11118,1,206,0,0,8,00,00,00,00,00,00,00,00
11118,1,400,0,0,8,01,00,0C,00,00,00,00,00
11138,1,40d,0,0,8,06,00,53,44,35,30,45,32
11138,1,201,0,0,5,00,00,00,00,00
11148,0,300,0,0,8,00,5A,00,5A,00,00,00,77
11148,0,301,0,0,3,B8,07,00
11158,1,402,0,0,8,4E,00,00,00,F8,AB,07,00
11198,0,300,0,0,8,00,5A,00,5A,00,00,00,88
11198,0,301,0,0,3,80,08,00
11208,1,203,0,0,8,00,00,00,00,00,00,00,00
11218,1,401,0,0,8,39,9C,00,00,46,00,00,00
11238,1,206,0,0,8,00,00,00,00,00,00,00,00
11238,1,400,0,0,8,01,00,0C,00,00,00,00,00
11248,0,300,0,0,8,00,5A,00,5A,00,00,00,99
11248,0,301,0,0,3,88,09,00
11258,1,201,0,0,5,00,00,00,00,00
11298,0,300,0,0,8,00,5A,00,5A,00,00,00,AA
11298,0,301,0,0,3,C6,0A,00
11308,1,203,0,0,8,00,00,00,00,00,00,00,00
11318,1,401,0,0,8,39,9C,00,00,46,00,00,00
11328,1,206,0,0,8,00,00,00,00,00,00,00,00
11338,1,400,0,0,8,01,00,0C,00,00,00,00,00
11338,1,201,0,0,5,00,00,00,00,00
11338,1,203,0,0,8,00,00,00,00,00,00,00,00
11348,0,300,0,0,8,00,5A,00,5A,00,00,00,BB
11348,0,301,0,0,3,43,0B,00
11358,1,204,0,0,8,00,00,00,00,00,00,00,00
11398,0,300,0,0,8,00,5A,00,5A,00,00,00,CC
11398,0,301,0,0,3,B5,0C,00
11408,1,401,0,0,8,39,9C,00,00,46,00,00,00
11418,1,206,0,0,8,00,00,00,00,00,00,00,00
11438,1,202,0,0,8,E2,1C,00,00,33,99,05,00
11438,1,400,0,0,8,01,00,0C,00,00,00,00,00
11448,0,300,0,0,8,00,5A,00,5A,00,00,00,DD
11448,0,301,0,0,3,4E,0D,00
11458,1,201,0,0,5,00,00,00,00,00
11498,0,300,0,0,8,00,5A,00,5A,00,00,00,EE
11498,0,301,0,0,3,1D,0E,00
11508,1,203,0,0,8,00,00,00,00,00,00,00,00
11518,1,401,0,0,8,37,9C,00,00,46,00,00,00
11538,1,206,0,0,8,00,00,00,00,00,00,00,00
11538,1,400,0,0,8,01,00,0C,00,00,00,00,00
11548,0,300,0,0,8,00,5A,00,5A,00,00,00,FF
11548,0,301,0,0,3,E8,0F,00
11558,1,201,0,0,5,00,00,00,00,00
11598,0,300,0,0,8,00,5A,00,5A,00,00,00,00
11598,0,301,0,0,3,E2,00,00
11608,1,203,0,0,8,00,00,00,00,00,00,00,00
11618,1,401,0,0,8,37,9C,00,00,46,00,00,00
11618,1,206,0,0,8,00,00,00,00,00,00,00,00
11638,1,400,0,0,8,01,00,0C,00,00,00,00,00
11638,1,201,0,0,5,00,00,00,00,00
11648,0,300,0,0,8,00,5A,00,5A,00,00,00,11
11648,0,301,0,0,3,B3,01,00
11658,1,203,0,0,8,00,00,00,00,00,00,00,00
11698,0,300,0,0,8,00,5A,00,5A,00,00,00,22
11698,0,301,0,0,3,6B,02,00
11708,1,403,0,0,8,64,00,00,00,40,E3,09,00
11718,1,401,0,0,8,37,9C,00,00,46,00,00,00
11738,1,206,0,0,8,00,00,00,00,00,00,00,00
11738,1,400,0,0,8,01,00,0C,00,00,00,00,00
11748,0,300,0,0,8,00,5A,00,5A,00,00,00,33
11748,0,301,0,0,3,96,03,00
11758,1,201,0,0,5,00,00,00,00,00
11798,0,300,0,0,8,00,5A,00,5A,00,00,00,44
11798,0,301,0,0,3,03,04,00
11808,1,203,0,0,8,00,00,00,00,00,00,00,00
11818,1,401,0,0,8,37,9C,00,00,45,00,00,00
11838,1,206,0,0,8,00,00,00,00,00,00,00,00
11838,1,400,0,0,8,01,00,0C,00,00,00,00,00
11848,0,300,0,0,8,00,5A,00,5A,00,00,00,55
11848,0,301,0,0,3,54,05,00
11858,1,201,0,0,5,00,00,00,00,00
11898,0,300,0,0,8,00,5A,00,5A,00,00,00,66
11898,0,301,0,0,3,F5,06,00
11908,1,203,0,0,8,00,00,00,00,00,00,00,00
11918,1,401,0,0,8,37,9C,00,00,45,00,00,00
11938,1,206,0,0,8,00,00,00,00,00,00,00,00
11938,1,400,0,0,8,01,00,0C,00,00,00,00,00
11938,0,300,0,0,8,00,5A,00,5A,00,00,00,77
11948,0,301,0,0,3,B8,07,00
11948,0,300,0,0,8,00,5A,00,5A,00,00,00,88
11958,1,201,0,0,5,00,00,00,00,00
11998,0,301,0,0,3,80,08,00
11998,0,404,0,0,2,4A,00
11998,1,203,0,0,8,00,00,00,00,00,00,00,00
12008,1,401,0,0,8,37,9C,00,00,45,00,00,00
12018,1,206,0,0,8,00,00,00,00,00,00,00,00
12038,1,400,0,0,8,01,00,0C,00,00,00,00,00
12038,1,405,0,0,8,4A,00,00,00,06,00,00,00
12048,0,300,0,0,8,00,5A,00,5A,00,00,00,99
12048,0,301,0,0,3,88,09,00
12058,1,201,0,0,5,00,00,00,00,00
12068,0,300,0,0,8,00,5A,00,5A,00,00,00,AA
12098,0,301,0,0,3,C6,0A,00
12098,0,300,0,0,8,00,5A,00,5A,00,00,00,BB
12108,1,203,0,0,8,00,00,00,00,00,00,00,00
12118,1,401,0,0,8,37,9C,00,00,46,00,00,00
12118,1,206,0,0,8,00,00,00,00,00,00,00,00
12138,1,400,0,0,8,01,00,0C,00,00,00,00,00
12138,1,201,0,0,5,00,00,00,00,00
12148,0,301,0,0,3,43,0B,00
12148,0,404,0,0,2,4A,00
12148,1,203,0,0,8,00,00,00,00,00,00,00,00
12158,1,402,0,0,8,4E,00,00,00,F8,AB,07,00
12188,0,300,0,0,8,00,5A,00,5A,00,00,00,CC
12198,0,301,0,0,3,B5,0C,00
12198,0,300,0,0,8,00,5A,00,5A,00,00,00,DD
12208,1,401,0,0,8,35,9C,00,00,46,00,00,00
12218,1,206,0,0,8,00,00,00,00,00,00,00,00
12238,1,405,0,0,8,4A,00,00,00,06,00,00,00
12238,1,400,0,0,8,01,00,0C,00,00,00,00,00
12248,0,301,0,0,3,4E,0D,00
12248,0,404,0,0,2,4A,00
12248,1,201,0,0,5,00,00,00,00,00
12248,0,300,0,0,8,00,5A,00,5A,00,00,00,EE
12258,1,203,0,0,8,00,00,00,00,00,00,00,00
12298,0,301,0,0,3,1D,0E,00
12298,0,300,0,0,8,00,5A,00,5A,00,00,00,FF
12308,1,401,0,0,8,35,9C,00,00,46,00,00,00
12318,1,206,0,0,8,00,00,00,00,00,00,00,00
12328,1,405,0,0,8,4A,00,00,00,06,00,00,00
12338,1,400,0,0,8,01,00,0C,00,00,00,00,00
12338,1,201,0,0,5,00,00,00,00,00
12338,1,203,0,0,8,00,00,00,00,00,00,00,00
12348,0,301,0,0,3,E8,0F,00
12348,0,404,0,0,2,02,30
12348,1,204,0,0,8,00,00,00,00,00,00,00,00
12358,1,401,0,0,8,35,9C,00,00,46,00,00,00
12358,1,206,0,0,8,00,00,00,00,00,00,00,00
12368,1,202,0,0,8,E2,1C,00,00,33,99,05,00
12378,1,405,0,0,7,02,48,00,00,00,00,00
12378,0,300,0,0,8,00,5A,00,5A,00,00,00,00
12398,0,301,0,0,3,E2,00,00
12398,0,300,0,0,8,00,5A,00,5A,00,00,00,11
12408,1,666,0,0,8,52,08,05,00,52,95,36,02
12408,0,301,0,0,3,B3,01,00
12418,1,400,0,0,8,01,00,0C,00,00,00,00,00
12438,1,665,0,0,8,00,00,00,53,4C,18,53,00
12438,1,200,0,0,8,4E,00,F8,AB,07,00,01,00
12448,0,404,0,0,2,02,30
12448,0,300,0,0,8,00,5A,00,5A,00,00,00,22
12448,1,201,0,0,5,00,00,00,00,00
12458,1,203,0,0,8,00,00,00,00,00,00,00,00
12498,0,301,0,0,3,6B,02,00
12498,0,404,0,0,2,44,00
12498,1,401,0,0,8,37,9C,00,00,46,00,00,00
12508,1,206,0,0,8,00,00,00,00,00,00,00,00
12518,1,405,0,0,7,02,48,00,00,00,00,00
12538,0,300,0,0,8,00,5A,00,5A,00,00,00,33
12538,1,400,0,0,8,01,00,0C,00,00,00,00,00
12538,1,405,0,0,6,44,00,00,00,50,46
12548,0,301,0,0,3,96,03,00
12548,0,300,0,0,8,00,5A,00,5A,00,00,00,44
12558,1,201,0,0,5,00,00,00,00,00
12568,0,301,0,0,3,03,04,00
12598,0,404,0,0,2,44,00
12598,0,300,0,0,8,00,5A,00,5A,00,00,00,55
12598,1,203,0,0,8,00,00,00,00,00,00,00,00
12608,1,401,0,0,8,37,9C,00,00,46,00,00,00
12618,1,206,0,0,8,00,00,00,00,00,00,00,00
12618,1,400,0,0,8,01,00,0C,00,00,00,00,00
12638,1,405,0,0,6,44,00,00,00,50,46
12638,1,201,0,0,5,00,00,00,00,00
12648,0,301,0,0,3,54,05,00
12648,0,404,0,0,2,01,00
12648,1,203,0,0,8,00,00,00,00,00,00,00,00
12658,1,403,0,0,8,64,00,00,00,40,E3,09,00
12688,0,300,0,0,8,00,5A,00,5A,00,00,00,66
12698,0,301,0,0,3,F5,06,00
12698,0,300,0,0,8,00,5A,00,5A,00,00,00,77
12708,1,401,0,0,8,37,9C,00,00,46,00,00,00
12718,1,206,0,0,8,00,00,00,00,00,00,00,00
12738,1,405,0,0,8,01,00,00,00,00,04,06,04
12738,1,400,0,0,8,01,00,0C,00,00,00,00,00
12748,0,301,0,0,3,B8,07,00
12748,0,404,0,0,2,01,00
12748,1,201,0,0,5,00,00,00,00,00
12758,0,300,0,0,8,00,5A,00,5A,00,00,00,88
12758,1,203,0,0,8,00,00,00,00,00,00,00,00
12798,0,301,0,0,3,80,08,00
12798,0,300,0,0,8,00,5A,00,5A,00,00,00,99
12808,1,401,0,0,8,37,9C,00,00,46,00,00,00
12818,1,206,0,0,8,00,00,00,00,00,00,00,00
12838,1,405,0,0,8,01,00,00,00,00,04,06,04
12838,1,400,0,0,8,01,00,0C,00,00,00,00,00
12848,0,301,0,0,3,88,09,00
12848,0,404,0,0,2,A3,01
12848,1,201,0,0,5,00,00,00,00,00
12858,1,203,0,0,8,00,00,00,00,00,00,00,00
12878,0,300,0,0,8,00,5A,00,5A,00,00,00,AA
12898,0,301,0,0,3,C6,0A,00
12898,0,300,0,0,8,00,5A,00,5A,00,00,00,BB
12908,1,401,0,0,8,37,9C,00,00,46,00,00,00
12918,1,206,0,0,8,00,00,00,00,00,00,00,00
12938,1,405,0,0,5,A3,01,00,00,06
12938,1,400,0,0,8,01,00,0C,00,00,00,00,00
12948,0,301,0,0,3,43,0B,00
12948,0,404,0,0,2,A3,01
12948,1,201,0,0,5,00,00,00,00,00
12958,1,203,0,0,8,00,00,00,00,00,00,00,00
12968,0,300,0,0,8,00,5A,00,5A,00,00,00,CC
12998,0,301,0,0,3,B5,0C,00
12998,0,300,0,0,8,00,5A,00,5A,00,00,00,DD
13008,1,401,0,0,8,39,9C,00,00,46,00,00,00
13018,1,206,0,0,8,00,00,00,00,00,00,00,00
13038,1,405,0,0,5,A3,01,00,00,06
13038,1,400,0,0,8,01,00,0C,00,00,00,00,00
13048,0,301,0,0,3,4E,0D,00
13048,0,404,0,0,2,20,00
13048,1,201,0,0,5,00,00,00,00,00
13058,1,203,0,0,8,00,00,00,00,00,00,00,00
13098,0,300,0,0,8,00,5A,00,5A,00,00,00,EE
13098,0,301,0,0,3,1D,0E,00
13098,0,300,0,0,8,00,5A,00,5A,00,00,00,FF
13108,1,401,0,0,8,39,9C,00,00,46,00,00,00
13118,1,206,0,0,8,00,00,00,00,00,00,00,00
13118,1,405,0,0,8,20,00,00,00,32,33,36,47
13128,0,301,0,0,3,E8,0F,00
13138,1,400,0,0,8,01,00,0C,00,00,00,00,00
13138,1,201,0,0,5,00,00,00,00,00
13148,0,404,0,0,2,20,00
13148,0,300,0,0,8,00,5A,00,5A,00,00,00,00
13148,1,203,0,0,8,00,00,00,00,00,00,00,00
13158,1,402,0,0,8,4E,00,00,00,F8,AB,07,00
13198,0,301,0,0,3,E2,00,00
13198,0,404,0,0,2,21,00
13198,1,401,0,0,8,37,9C,00,00,46,00,00,00
13208,1,206,0,0,8,00,00,00,00,00,00,00,00
13218,1,405,0,0,8,20,00,00,00,32,33,36,47
13238,1,400,0,0,8,01,00,0C,00,00,00,00,00
13238,1,405,0,0,8,21,00,00,00,35,4C,41,31
13248,0,300,0,0,8,00,5A,00,5A,00,00,00,11
13248,0,301,0,0,3,B3,01,00
13248,0,300,0,0,8,00,5A,00,5A,00,00,00,22
13258,1,201,0,0,5,00,00,00,00,00
13298,0,301,0,0,3,6B,02,00
13298,0,300,0,0,8,00,5A,00,5A,00,00,00,33
13308,1,203,0,0,8,00,00,00,00,00,00,00,00
13318,1,401,0,0,8,37,9C,00,00,46,00,00,00
13328,1,206,0,0,8,00,00,00,00,00,00,00,00
13338,1,400,0,0,8,01,00,0C,00,00,00,00,00
13338,1,201,0,0,5,00,00,00,00,00
13338,1,203,0,0,8,00,00,00,00,00,00,00,00
13348,0,301,0,0,3,96,03,00
13348,0,404,0,0,2,21,00
13348,1,204,0,0,8,00,00,00,00,00,00,00,00
13358,1,401,0,0,8,37,9C,00,00,46,00,00,00
13378,0,300,0,0,8,00,5A,00,5A,00,00,00,44
13398,0,301,0,0,3,03,04,00
13398,0,300,0,0,8,00,5A,00,5A,00,00,00,55
13408,1,206,0,0,8,00,00,00,00,00,00,00,00
13418,1,202,0,0,8,E2,1C,00,00,33,99,05,00
13438,1,405,0,0,8,21,00,00,00,35,4C,41,31
13438,1,400,0,0,8,01,00,0C,00,00,00,00,00
13448,0,301,0,0,3,54,05,00
13448,0,404,0,0,2,21,00
13448,1,201,0,0,5,00,00,00,00,00
13458,1,203,0,0,8,00,00,00,00,00,00,00,00
13468,0,300,0,0,8,00,5A,00,5A,00,00,00,66
13498,0,301,0,0,3,F5,06,00
13498,0,300,0,0,8,00,5A,00,5A,00,00,00,77
13508,1,206,0,0,8,00,00,00,00,00,00,00,00
13518,1,401,0,0,8,39,9C,00,00,46,00,00,00
13538,1,405,0,0,8,21,00,00,00,35,4C,41,31
13538,1,400,0,0,8,01,00,0C,00,00,00,00,00
13548,0,301,0,0,3,B8,07,00
13548,0,404,0,0,2,22,00
13548,1,201,0,0,5,00,00,00,00,00
13558,1,203,0,0,8,00,00,00,00,00,00,00,00
13598,0,300,0,0,8,00,5A,00,5A,00,00,00,88
13598,0,301,0,0,3,80,08,00
13598,0,300,0,0,8,00,5A,00,5A,00,00,00,99
13608,1,206,0,0,8,00,00,00,00,00,00,00,00
13618,1,401,0,0,8,39,9C,00,00,46,00,00,00
13618,1,405,0,0,8,22,00,00,00,30,30,34,52
13628,0,301,0,0,3,88,09,00
13638,1,400,0,0,8,01,00,0C,00,00,00,00,00
13638,1,201,0,0,5,00,00,00,00,00
13648,0,404,0,0,2,22,00
13648,0,300,0,0,8,00,5A,00,5A,00,00,00,AA
13648,1,203,0,0,8,00,00,00,00,00,00,00,00
13658,1,403,0,0,8,64,00,00,00,40,E3,09,00
13698,0,301,0,0,3,C6,0A,00
13698,0,404,0,0,2,23,00
13698,1,206,0,0,8,00,00,00,00,00,00,00,00
13708,1,401,0,0,8,37,9C,00,00,46,00,00,00
13718,1,405,0,0,8,22,00,00,00,30,30,34,52
13738,1,400,0,0,8,01,00,0C,00,00,00,00,00
13738,1,405,0,0,8,23,00,00,00,4D,30,30,30
13748,0,300,0,0,8,00,5A,00,5A,00,00,00,BB
13748,0,301,0,0,3,43,0B,00
13748,0,300,0,0,8,00,5A,00,5A,00,00,00,CC
13758,1,201,0,0,5,00,00,00,00,00
13798,0,301,0,0,3,B5,0C,00
13798,0,300,0,0,8,00,5A,00,5A,00,00,00,DD
13808,1,203,0,0,8,00,00,00,00,00,00,00,00
13818,1,206,0,0,8,00,00,00,00,00,00,00,00
13838,1,401,0,0,8,37,9C,00,00,45,00,00,00
13838,1,400,0,0,8,01,00,0C,00,00,00,00,00
13848,0,301,0,0,3,4E,0D,00
13848,0,404,0,0,2,23,00
13848,1,201,0,0,5,00,00,00,00,00
13858,1,203,0,0,8,00,00,00,00,00,00,00,00
13878,0,300,0,0,8,00,5A,00,5A,00,00,00,EE
13898,0,301,0,0,3,1D,0E,00
13898,0,300,0,0,8,00,5A,00,5A,00,00,00,FF
13908,1,206,0,0,8,00,00,00,00,00,00,00,00
13918,1,401,0,0,8,37,9C,00,00,45,00,00,00
13938,1,405,0,0,8,23,00,00,00,4D,30,30,30
13948,1,400,0,0,8,01,00,0C,00,00,00,00,00
13948,0,301,0,0,3,E8,0F,00
13948,0,404,0,0,2,23,00
13948,1,201,0,0,5,00,00,00,00,00
13968,1,203,0,0,8,00,00,00,00,00,00,00,00
13968,0,300,0,0,8,00,5A,00,5A,00,00,00,00
13998,0,301,0,0,3,E2,00,00
13998,0,300,0,0,8,00,5A,00,5A,00,00,00,11
14008,1,206,0,0,8,00,00,00,00,00,00,00,00
14018,1,401,0,0,8,37,9C,00,00,45,00,00,00
14038,1,405,0,0,8,23,00,00,00,4D,30,30,30
14048,1,400,0,0,8,01,00,0C,00,00,00,00,00
14048,0,301,0,0,3,B3,01,00
14048,0,404,0,0,2,24,00
14048,1,201,0,0,5,00,00,00,00,00
14068,1,203,0,0,8,00,00,00,00,00,00,00,00
14098,0,300,0,0,8,00,5A,00,5A,00,00,00,22
14098,0,301,0,0,3,6B,02,00
14098,0,300,0,0,8,00,5A,00,5A,00,00,00,33
14108,1,206,0,0,8,00,00,00,00,00,00,00,00
14118,1,401,0,0,8,37,9C,00,00,46,00,00,00
14128,1,405,0,0,8,24,00,00,00,30,30,30,30
14128,0,301,0,0,3,96,03,00
14138,1,400,0,0,8,01,00,0C,00,00,00,00,00
14148,1,201,0,0,5,00,00,00,00,00
14148,0,404,0,0,2,24,00
14148,0,300,0,0,8,00,5A,00,5A,00,00,00,44
14148,1,203,0,0,8,00,00,00,00,00,00,00,00
14168,1,402,0,0,8,4E,00,00,00,F8,AB,07,00
14198,0,301,0,0,3,03,04,00
14198,0,404,0,0,2,25,00
14198,1,206,0,0,8,00,00,00,00,00,00,00,00
14208,1,401,0,0,8,37,9C,00,00,46,00,00,00
14218,1,405,0,0,8,24,00,00,00,30,30,30,30
14238,1,400,0,0,8,01,00,0C,00,00,00,00,00
14248,1,405,0,0,8,25,00,00,00,30,30,30,30
14248,0,300,0,0,8,00,5A,00,5A,00,00,00,55
14248,0,301,0,0,3,54,05,00
14248,0,300,0,0,8,00,5A,00,5A,00,00,00,66
14268,1,201,0,0,5,00,00,00,00,00
14298,0,301,0,0,3,F5,06,00
14298,0,300,0,0,8,00,5A,00,5A,00,00,00,77
14308,1,203,0,0,8,00,00,00,00,00,00,00,00
14318,1,206,0,0,8,00,00,00,00,00,00,00,00
14328,1,401,0,0,8,37,9C,00,00,46,00,00,00
14338,1,400,0,0,8,01,00,0C,00,00,00,00,00
14338,1,201,0,0,5,00,00,00,00,00
14348,1,203,0,0,8,00,00,00,00,00,00,00,00
14348,0,301,0,0,3,B8,07,00
14348,0,404,0,0,2,25,00
14348,1,204,0,0,8,00,00,00,00,00,00,00,00
14368,1,206,0,0,8,00,00,00,00,00,00,00,00
14378,0,300,0,0,8,00,5A,00,5A,00,00,00,88
14398,0,301,0,0,3,80,08,00
14398,0,300,0,0,8,00,5A,00,5A,00,00,00,99
14408,1,202,0,0,8,E2,1B,00,00,33,99,05,00
14418,1,401,0,0,8,37,9C,00,00,46,00,00,00
14438,1,405,0,0,8,25,00,00,00,30,30,30,30
14448,1,400,0,0,8,01,00,0C,00,00,00,00,00
14448,0,301,0,0,3,88,09,00
14448,0,404,0,0,2,25,00
14448,1,201,0,0,5,00,00,00,00,00
14468,1,203,0,0,8,00,00,00,00,00,00,00,00
14478,0,300,0,0,8,00,5A,00,5A,00,00,00,AA
14498,0,301,0,0,3,C6,0A,00
14498,0,300,0,0,8,00,5A,00,5A,00,00,00,BB
14508,1,206,0,0,8,00,00,00,00,00,00,00,00
14518,1,401,0,0,8,37,9C,00,00,46,00,00,00
14538,1,405,0,0,8,25,00,00,00,30,30,30,30
14548,1,400,0,0,8,01,00,0C,00,00,00,00,00
14548,0,301,0,0,3,43,0B,00
14548,0,404,0,0,2,26,00
14548,1,201,0,0,5,00,00,00,00,00
14568,1,203,0,0,8,00,00,00,00,00,00,00,00
14598,0,300,0,0,8,00,5A,00,5A,00,00,00,CC
14598,0,301,0,0,3,B5,0C,00
14598,0,300,0,0,8,00,5A,00,5A,00,00,00,DD
14608,1,206,0,0,8,00,00,00,00,00,00,00,00
14618,1,401,0,0,8,37,9C,00,00,46,00,00,00
14628,1,405,0,0,8,26,00,00,00,30,30,30,30
14628,0,301,0,0,3,4E,0D,00
14638,1,400,0,0,8,01,00,0C,00,00,00,00,00
14648,1,201,0,0,5,00,00,00,00,00
14648,0,404,0,0,2,26,00
14648,0,300,0,0,8,00,5A,00,5A,00,00,00,EE
14648,1,203,0,0,8,00,00,00,00,00,00,00,00
14668,1,403,0,0,8,64,00,00,00,40,E3,09,00
14698,0,301,0,0,3,1D,0E,00
14698,0,404,0,0,2,27,00
14698,1,206,0,0,8,00,00,00,00,00,00,00,00
14708,1,401,0,0,8,39,9C,00,00,46,00,00,00
14718,1,405,0,0,8,26,00,00,00,30,30,30,30
14738,1,400,0,0,8,01,00,0C,00,00,00,00,00
14748,1,405,0,0,6,27,00,00,00,30,30
14748,0,300,0,0,8,00,5A,00,5A,00,00,00,FF
14748,0,301,0,0,3,E8,0F,00
14748,0,300,0,0,8,00,5A,00,5A,00,00,00,00
14768,1,201,0,0,5,00,00,00,00,00
14798,0,301,0,0,3,E2,00,00
14798,0,300,0,0,8,00,5A,00,5A,00,00,00,11
14808,1,203,0,0,8,00,00,00,00,00,00,00,00
14818,1,206,0,0,8,00,00,00,00,00,00,00,00
14838,1,401,0,0,8,39,9C,00,00,46,00,00,00
14848,1,400,0,0,8,01,00,0C,00,00,00,00,00
14848,0,301,0,0,3,B3,01,00
14848,0,404,0,0,2,27,00
14848,1,201,0,0,5,00,00,00,00,00
14868,1,203,0,0,8,00,00,00,00,00,00,00,00
14878,0,300,0,0,8,00,5A,00,5A,00,00,00,22
14898,0,301,0,0,3,6B,02,00
14898,0,300,0,0,8,00,5A,00,5A,00,00,00,33
14908,1,206,0,0,8,00,00,00,00,00,00,00,00
14918,1,401,0,0,8,39,9C,00,00,46,00,00,00
14938,1,405,0,0,6,27,00,00,00,30,30
14948,1,400,0,0,8,01,00,0C,00,00,00,00,00
14948,0,301,0,0,3,96,03,00
14948,0,404,0,0,2,27,00
14948,1,201,0,0,5,00,00,00,00,00
14968,1,203,0,0,8,00,00,00,00,00,00,00,00
14968,0,300,0,0,8,00,5A,00,5A,00,00,00,44
14998,0,301,0,0,3,03,04,00
14998,0,300,0,0,8,00,5A,00,5A,00,00,00,55
15008,1,206,0,0,8,00,00,00,00,00,00,00,00
15018,1,401,0,0,8,39,9C,00,00,46,00,00,00
15038,1,405,0,0,6,27,00,00,00,30,30
15048,1,400,0,0,8,01,00,0C,00,00,00,00,00
15048,0,301,0,0,3,54,05,00
15048,0,404,0,0,2,4C,00
15048,1,201,0,0,5,00,00,00,00,00
15068,1,203,0,0,8,00,00,00,00,00,00,00,00
15098,0,300,0,0,8,00,5A,00,5A,00,00,00,66
15098,0,301,0,0,3,F5,06,00
15098,0,300,0,0,8,00,5A,00,5A,00,00,00,77
15108,1,206,0,0,8,00,00,00,00,00,00,00,00
15118,1,401,0,0,8,39,9C,00,00,45,00,00,00
15128,1,405,0,0,8,4C,00,00,00,01,24,00,00
15128,0,301,0,0,3,B8,07,00
15138,1,400,0,0,8,01,00,0C,00,00,00,00,00
15148,1,201,0,0,5,00,00,00,00,00
15148,0,300,0,0,8,00,5A,00,5A,00,00,00,88
15148,0,301,0,0,3,80,08,00
15168,1,203,0,0,8,00,00,00,00,00,00,00,00
15198,0,404,0,0,2,4C,00
15198,0,404,0,0,2,46,00
15198,1,402,0,0,8,4E,00,00,00,F8,AB,07,00
15198,1,206,0,0,8,00,00,00,00,00,00,00,00
15208,1,401,0,0,8,39,9C,00,00,45,00,00,00
15218,1,400,0,0,8,01,00,0C,00,00,00,00,00
15238,1,405,0,0,8,4C,00,00,00,01,24,00,00
15248,1,405,0,0,5,46,00,00,00,00
15248,0,300,0,0,8,00,5A,00,5A,00,00,00,99
15248,0,301,0,0,3,88,09,00
15258,0,300,0,0,8,00,5A,00,5A,00,00,00,AA
15268,1,201,0,0,5,00,00,00,00,00
15298,0,301,0,0,3,C6,0A,00
15298,0,300,0,0,8,00,5A,00,5A,00,00,00,BB
15308,1,203,0,0,8,00,00,00,00,00,00,00,00
15318,1,206,0,0,8,00,00,00,00,00,00,00,00
15328,1,401,0,0,8,39,9C,00,00,46,00,00,00
15338,1,400,0,0,8,01,00,0C,00,00,00,00,00
15338,1,201,0,0,5,00,00,00,00,00
15348,1,203,0,0,8,00,00,00,00,00,00,00,00
15348,0,301,0,0,3,43,0B,00
15348,0,404,0,0,2,46,00
15348,1,204,0,0,8,00,00,00,00,00,00,00,00
15358,1,206,0,0,8,00,00,00,00,00,00,00,00
15368,1,202,0,0,8,E2,1C,00,00,33,99,05,00
15368,1,401,0,0,8,39,9C,00,00,46,00,00,00
15378,1,405,0,0,5,46,00,00,00,00
15388,0,300,0,0,8,00,5A,00,5A,00,00,00,CC
15388,0,301,0,0,3,B5,0C,00
15398,0,300,0,0,8,00,5A,00,5A,00,00,00,DD
15398,0,301,0,0,3,4E,0D,00
15408,1,666,0,0,8,52,08,05,00,52,95,36,02
15418,1,665,0,0,8,00,00,00,53,4C,18,53,00
15438,1,400,0,0,8,01,00,0C,00,00,00,00,00
15448,1,200,0,0,8,4E,00,F8,AB,07,00,02,00
15448,0,404,0,0,2,01,00
15448,0,404,0,0,2,46,00
15448,1,201,0,0,5,00,00,00,00,00
15448,1,203,0,0,8,00,00,00,00,00,00,00,00
15468,1,206,0,0,8,00,00,00,00,00,00,00,00
15498,0,300,0,0,8,00,5A,00,5A,00,00,00,EE
15498,0,301,0,0,3,1D,0E,00
15498,0,300,0,0,8,00,5A,00,5A,00,00,00,FF
15508,1,401,0,0,8,39,9C,00,00,46,00,00,00
15518,1,405,0,0,8,01,00,00,00,00,04,06,04
15538,1,405,0,0,5,46,00,00,00,00
15548,0,301,0,0,3,E8,0F,00
15548,1,400,0,0,8,01,00,0C,00,00,00,00,00
15548,0,300,0,0,8,00,5A,00,5A,00,00,00,00
15548,0,301,0,0,3,E2,00,00
15568,1,201,0,0,5,00,00,00,00,00
15568,0,404,0,0,2,4D,00
15568,1,203,0,0,8,00,00,00,00,00,00,00,00
15598,0,404,0,0,2,01,00
15598,0,300,0,0,8,00,5A,00,5A,00,00,00,11
15598,1,206,0,0,8,00,00,00,00,00,00,00,00
15608,1,401,0,0,8,39,9C,00,00,46,00,00,00
15618,1,400,0,0,8,01,00,0C,00,00,00,00,00
15628,1,405,0,0,8,4D,00,00,00,00,00,00,00
15628,0,301,0,0,3,B3,01,00
15638,1,405,0,0,8,01,00,00,00,00,04,06,04
15648,1,201,0,0,5,00,00,00,00,00
15648,0,404,0,0,2,A3,01
15648,0,300,0,0,8,00,5A,00,5A,00,00,00,22
15648,0,301,0,0,3,6B,02,00
15648,1,203,0,0,8,00,00,00,00,00,00,00,00
15658,0,404,0,0,2,4D,00
15658,1,403,0,0,8,64,00,00,00,40,E3,09,00
15668,1,206,0,0,8,00,00,00,00,00,00,00,00
15698,0,300,0,0,8,00,5A,00,5A,00,00,00,33
15698,0,301,0,0,3,96,03,00
15708,1,401,0,0,8,39,9C,00,00,46,00,00,00
15718,1,405,0,0,5,A3,01,00,00,06
15738,1,405,0,0,8,4D,00,00,00,00,00,00,00
15748,0,404,0,0,2,02,00
15748,1,400,0,0,8,01,00,0C,00,00,00,00,00
15748,1,201,0,0,5,00,00,00,00,00
15748,0,404,0,0,2,50,00
15748,0,300,0,0,8,00,5A,00,5A,00,00,00,44
15748,1,203,0,0,8,00,00,00,00,00,00,00,00
15768,1,206,0,0,8,00,00,00,00,00,00,00,00
15768,0,301,0,0,3,03,04,00
15788,0,404,0,0,2,80,00
15788,1,405,0,0,8,02,00,00,00,53,49,43,54
15798,0,300,0,0,8,00,5A,00,5A,00,00,00,55
15798,0,301,0,0,3,54,05,00
15808,1,401,0,0,8,39,9C,00,00,46,00,00,00
15808,0,404,0,0,2,03,00
15808,1,405,0,0,8,50,00,00,00,F1,00,F3,00
15818,0,404,0,0,2,50,00
15818,1,400,0,0,8,01,00,0C,00,00,00,00,00
15818,1,405,0,0,6,80,00,00,00,2D,2D
15828,0,300,0,0,8,00,5A,00,5A,00,00,00,66
15838,1,201,0,0,5,00,00,00,00,00
15848,0,301,0,0,3,F5,06,00
15848,1,405,0,0,7,03,0,00,00,53,44,35
15848,0,404,0,0,2,81,00
15848,1,405,0,0,8,50,00,00,00,F1,00,F3,00
15868,1,203,0,0,8,00,00,00,00,00,00,00,00
15868,0,404,0,0,2,02,00
15868,1,206,0,0,8,00,00,00,00,00,00,00,00
15898,0,404,0,0,2,04,00
15898,0,300,0,0,8,00,5A,00,5A,00,00,00,77
15898,1,401,0,0,8,39,9C,00,00,46,00,00,00
15908,1,405,0,0,7,81,0,00,00,30,45,32
15918,1,400,0,0,8,01,00,0C,00,00,00,00,00
15938,1,405,0,0,8,02,00,00,00,53,49,43,54
15948,1,405,0,0,7,04,0,00,00,16,09,02
15948,0,301,0,0,3,B8,07,00
15948,0,404,0,0,2,05,00
15948,0,300,0,0,8,00,5A,00,5A,00,00,00,88
15948,1,201,0,0,5,00,00,00,00,00
15968,1,203,0,0,8,00,00,00,00,00,00,00,00
15988,0,301,0,0,3,80,08,00
15988,0,300,0,0,8,00,5A,00,5A,00,00,00,99
15998,0,301,0,0,3,88,09,00
15998,0,404,0,0,2,05,00
15998,1,206,0,0,8,00,00,00,00,00,00,00,00
16008,1,401,0,0,8,39,9C,00,00,46,00,00,00
16018,1,405,0,0,6,05,00,00,00,0A,04
16038,0,404,0,0,2,06,00
16038,1,400,0,0,8,01,00,0C,00,00,00,00,00
16038,1,405,0,0,6,05,00,00,00,0A,04
16048,0,404,0,0,2,02,00
16048,0,300,0,0,8,00,5A,00,5A,00,00,00,AA
16048,1,201,0,0,5,00,00,00,00,00
16048,1,203,0,0,8,00,00,00,00,00,00,00,00
16068,0,301,0,0,3,C6,0A,00
16068,1,405,0,0,7,06,0,00,00,18,0A,1C
16088,0,404,0,0,2,07,00
16088,1,206,0,0,8,00,00,00,00,00,00,00,00
16098,0,300,0,0,8,00,5A,00,5A,00,00,00,BB
16098,0,301,0,0,3,43,0B,00
16108,1,401,0,0,8,39,9C,00,00,46,00,00,00
16118,1,405,0,0,8,02,00,00,00,53,49,43,54
16128,0,404,0,0,2,08,00
16128,1,400,0,0,8,01,00,0C,00,00,00,00,00
16128,1,405,0,0,7,07,0,00,00,18,0A,1E
16138,1,201,0,0,5,00,00,00,00,00
16148,0,404,0,0,2,09,00
16148,1,203,0,0,8,00,00,00,00,00,00,00,00
16148,0,300,0,0,8,00,5A,00,5A,00,00,00,CC
16148,0,301,0,0,3,B5,0C,00
16148,1,402,0,0,8,4E,00,00,00,F8,AB,07,00
16168,1,405,0,0,7,08,0,00,00,18,0A,06
16188,0,404,0,0,2,02,00
16188,1,206,0,0,8,00,00,00,00,00,00,00,00
16198,0,404,0,0,2,0C,00
16198,0,300,0,0,8,00,5A,00,5A,00,00,00,DD
16198,1,405,0,0,7,09,0,00,00,18,0A,15
16208,1,401,0,0,8,37,9C,00,00,46,00,00,00
16218,1,400,0,0,8,01,00,0C,00,00,00,00,00
16228,0,301,0,0,3,4E,0D,00
16238,1,405,0,0,8,02,00,00,00,53,49,43,54
16248,0,404,0,0,2,0A,00
16248,0,300,0,0,8,00,5A,00,5A,00,00,00,EE
16248,1,405,0,0,8,0C,00,00,00,21,00,62,62
16248,1,201,0,0,5,00,00,00,00,00
16248,0,301,0,0,3,1D,0E,00
16268,0,404,0,0,2,0D,00
16268,1,203,0,0,8,00,00,00,00,00,00,00,00
16268,1,206,0,0,8,00,00,00,00,00,00,00,00
16298,0,300,0,0,8,00,5A,00,5A,00,00,00,FF
16298,0,301,0,0,3,E8,0F,00
16308,1,405,0,0,8,0A,00,00,00,30,3A,00,00
16318,0,404,0,0,2,0A,00
16318,1,401,0,0,8,37,9C,00,00,46,00,00,00
16318,1,405,0,0,8,0D,00,00,00,CC,79,B0,5E
16328,1,400,0,0,8,01,00,0C,00,00,00,00,00
16338,0,404,0,0,2,10,00
16338,1,201,0,0,5,00,00,00,00,00
16338,1,405,0,0,8,0A,00,00,00,30,3A,00,00
16348,1,203,0,0,8,00,00,00,00,00,00,00,00
16348,0,300,0,0,8,00,5A,00,5A,00,00,00,00
16348,0,301,0,0,3,E2,00,00
16348,1,204,0,0,8,00,00,00,00,00,00,00,00
16368,0,404,0,0,2,04,00
16368,1,405,0,0,8,10,00,00,00,4E,35,34,32
16368,1,206,0,0,8,00,00,00,00,00,00,00,00
16388,0,404,0,0,2,11,00
16398,1,202,0,0,8,E2,1C,00,00,33,99,05,00
16398,0,300,0,0,8,00,5A,00,5A,00,00,00,11
16398,0,301,0,0,3,B3,01,00
16408,1,401,0,0,8,37,9C,00,00,46,00,00,00
16418,1,405,0,0,7,04,0,00,00,16,09,02
16438,0,404,0,0,2,12,00
16438,1,400,0,0,8,01,00,0C,00,00,00,00,00
16438,1,405,0,0,8,11,00,00,00,34,46,42,56
16448,0,404,0,0,2,13,00
16448,0,300,0,0,8,00,5A,00,5A,00,00,00,22
16448,1,201,0,0,5,00,00,00,00,00
16448,1,203,0,0,8,00,00,00,00,00,00,00,00
16468,0,301,0,0,3,6B,02,00
16468,1,405,0,0,8,12,00,00,00,43,32,36,43
16468,0,404,0,0,2,14,00
16468,1,206,0,0,8,00,00,00,00,00,00,00,00
16488,0,300,0,0,8,00,5A,00,5A,00,00,00,33
16498,0,301,0,0,3,96,03,00
16498,0,404,0,0,2,15,00
16498,1,405,0,0,8,13,00,00,00,37,5A,53,30
16508,1,401,0,0,8,39,9C,00,00,46,00,00,00
16518,1,400,0,0,8,01,00,0C,00,00,00,00,00
16518,0,404,0,0,2,04,00
16518,1,405,0,0,8,14,00,00,00,53,52,30,33
16538,1,405,0,0,8,15,00,00,00,00,00,00,00
16548,0,404,0,0,2,16,00
16548,1,201,0,0,5,00,00,00,00,00
16548,0,300,0,0,8,00,5A,00,5A,00,00,00,44
16548,0,301,0,0,3,03,04,00
16548,1,203,0,0,8,00,00,00,00,00,00,00,00
16568,0,404,0,0,2,17,00
16568,1,405,0,0,7,04,0,00,00,16,09,02
16568,1,206,0,0,8,00,00,00,00,00,00,00,00
16588,0,404,0,0,2,1B,00
16598,1,405,0,0,8,16,00,00,00,00,00,00,00
16598,0,300,0,0,8,00,5A,00,5A,00,00,00,55
16598,0,301,0,0,3,54,05,00
16598,0,404,0,0,2,20,00
16598,1,401,0,0,8,39,9C,00,00,46,00,00,00
16608,1,405,0,0,6,17,00,00,00,00,00
16618,0,404,0,0,2,21,00
16618,1,400,0,0,8,01,00,0C,00,00,00,00,00
16618,1,405,0,0,6,1B,00,00,00,03,01
16628,1,405,0,0,8,20,00,00,00,32,33,36,47
16638,0,404,0,0,2,04,00
16638,1,201,0,0,5,00,00,00,00,00
16638,1,405,0,0,8,21,00,00,00,35,4C,41,31
16648,0,300,0,0,8,00,5A,00,5A,00,00,00,66
16648,0,301,0,0,3,F5,06,00
16648,1,203,0,0,8,00,00,00,00,00,00,00,00
16668,0,404,0,0,2,22,00
16668,1,403,0,0,8,64,00,00,00,40,E3,09,00
16668,1,405,0,0,7,04,0,00,00,16,09,02
16688,0,404,0,0,2,23,00
16688,1,206,0,0,8,00,00,00,00,00,00,00,00
16688,0,300,0,0,8,00,5A,00,5A,00,00,00,77
16698,0,301,0,0,3,B8,07,00
16698,0,404,0,0,2,24,00
16698,1,401,0,0,8,37,9C,00,00,46,00,00,00
16708,1,405,0,0,8,22,00,00,00,30,30,34,52
16718,1,400,0,0,8,01,00,0C,00,00,00,00,00
16738,0,404,0,0,2,25,00
16738,1,405,0,0,8,23,00,00,00,4D,30,30,30
16738,1,405,0,0,8,24,00,00,00,30,30,30,30
16748,0,404,0,0,2,B0,01
16748,0,300,0,0,8,00,5A,00,5A,00,00,00,88
16748,1,201,0,0,5,00,00,00,00,00
16748,1,203,0,0,8,00,00,00,00,00,00,00,00
16768,1,405,0,0,8,25,00,00,00,30,30,30,30
16798,0,301,0,0,3,80,08,00
16798,0,404,0,0,2,26,00
16798,1,206,0,0,8,00,00,00,00,00,00,00,00
16808,1,405,0,0,6,B0,01,00,00,00,00
16818,1,401,0,0,8,37,9C,00,00,46,00,00,00
16838,0,300,0,0,8,00,5A,00,5A,00,00,00,99
16838,1,400,0,0,8,01,00,0C,00,00,00,00,00
16848,0,301,0,0,3,88,09,00
16848,0,300,0,0,8,00,5A,00,5A,00,00,00,AA
16848,0,301,0,0,3,C6,0A,00
16848,1,405,0,0,8,26,00,00,00,30,30,30,30
16868,1,201,0,0,5,00,00,00,00,00
16868,0,404,0,0,2,27,00
16868,1,203,0,0,8,00,00,00,00,00,00,00,00
16898,0,404,0,0,2,B0,01
16898,0,300,0,0,8,00,5A,00,5A,00,00,00,BB
16898,1,206,0,0,8,00,00,00,00,00,00,00,00
16908,1,401,0,0,8,37,9C,00,00,46,00,00,00
16918,1,400,0,0,8,01,00,0C,00,00,00,00,00
16938,1,405,0,0,6,27,00,00,00,30,30
16948,0,301,0,0,3,43,0B,00
16948,0,404,0,0,2,30,00
16948,1,405,0,0,6,B0,01,00,00,00,00
16948,1,201,0,0,5,00,00,00,00,00
16968,1,203,0,0,8,00,00,00,00,00,00,00,00
16978,0,300,0,0,8,00,5A,00,5A,00,00,00,CC
16978,0,301,0,0,3,B5,0C,00
16998,0,300,0,0,8,00,5A,00,5A,00,00,00,DD
16998,0,301,0,0,3,4E,0D,00
17008,1,206,0,0,8,00,00,00,00,00,00,00,00
17018,1,401,0,0,8,39,9C,00,00,46,00,00,00
17038,1,405,0,0,7,30,0,00,00,16,09,02
17048,0,404,0,0,2,31,00
17048,0,404,0,0,2,B0,01
17048,1,400,0,0,8,01,00,0C,00,00,00,00,00
17048,1,201,0,0,5,00,00,00,00,00
17048,1,203,0,0,8,00,00,00,00,00,00,00,00
17068,0,300,0,0,8,00,5A,00,5A,00,00,00,EE
17068,1,206,0,0,8,00,00,00,00,00,00,00,00
17098,0,301,0,0,3,1D,0E,00
17098,0,300,0,0,8,00,5A,00,5A,00,00,00,FF
17098,0,301,0,0,3,E8,0F,00
17108,1,405,0,0,8,31,00,00,00,86,10,04,10
17118,1,405,0,0,6,B0,01,00,00,00,00
17128,1,401,0,0,8,39,9C,00,00,47,00,00,00
17138,0,404,0,0,2,31,00
17138,1,400,0,0,8,01,00,0C,00,00,00,00,00
17138,1,201,0,0,5,00,00,00,00,00
17148,0,404,0,0,2,B1,01
17148,0,300,0,0,8,00,5A,00,5A,00,00,00,00
17148,1,203,0,0,8,00,00,00,00,00,00,00,00
17148,1,402,0,0,8,4E,00,00,00,F8,AB,07,00
17168,1,405,0,0,8,31,00,00,00,86,10,04,10
17198,0,301,0,0,3,E2,00,00
17198,0,404,0,0,2,32,00
17198,1,206,0,0,8,00,00,00,00,00,00,00,00
17208,1,405,0,0,6,B1,01,00,00,00,00
17218,1,401,0,0,8,37,9C,00,00,47,00,00,00
17238,1,400,0,0,8,01,00,0C,00,00,00,00,00
17248,0,300,0,0,8,00,5A,00,5A,00,00,00,11
17248,0,301,0,0,3,B3,01,00
17248,1,405,0,0,5,32,00,00,00,03
17268,0,300,0,0,8,00,5A,00,5A,00,00,00,22
17268,1,201,0,0,5,00,00,00,00,00
17298,0,301,0,0,3,6B,02,00
17298,0,300,0,0,8,00,5A,00,5A,00,00,00,33
17308,1,203,0,0,8,00,00,00,00,00,00,00,00
17318,1,206,0,0,8,00,00,00,00,00,00,00,00
17328,1,401,0,0,8,37,9C,00,00,46,00,00,00
17338,1,400,0,0,8,01,00,0C,00,00,00,00,00
17348,1,201,0,0,5,00,00,00,00,00
17348,0,301,0,0,3,96,03,00
17348,0,404,0,0,2,0E,00
17348,1,203,0,0,8,00,00,00,00,00,00,00,00
17348,1,204,0,0,8,00,00,00,00,00,00,00,00
17368,1,206,0,0,8,00,00,00,00,00,00,00,00
17378,0,300,0,0,8,00,5A,00,5A,00,00,00,44
17398,0,301,0,0,3,03,04,00
17398,0,300,0,0,8,00,5A,00,5A,00,00,00,55
17408,1,202,0,0,8,E2,1D,00,00,33,99,05,00
17418,1,405,0,0,5,0E,00,00,00,03
17438,0,301,0,0,3,54,05,00
17438,1,401,0,0,8,37,9C,00,00,46,00,00,00
17448,0,404,0,0,2,B1,01
17448,0,300,0,0,8,00,5A,00,5A,00,00,00,66
17448,1,400,0,0,8,01,00,0C,00,00,00,00,00
17448,1,201,0,0,5,00,00,00,00,00
17468,1,203,0,0,8,00,00,00,00,00,00,00,00
17498,0,301,0,0,3,F5,06,00
17498,0,404,0,0,2,0F,00
17498,1,206,0,0,8,00,00,00,00,00,00,00,00
17508,1,405,0,0,6,B1,01,00,00,00,00
17518,1,401,0,0,8,39,9C,00,00,46,00,00,00
17528,0,300,0,0,8,00,5A,00,5A,00,00,00,77
17538,1,400,0,0,8,01,00,0C,00,00,00,00,00
17548,0,301,0,0,3,B8,07,00
17548,0,300,0,0,8,00,5A,00,5A,00,00,00,88
17548,1,405,0,0,8,0F,00,00,00,00,00,50,46
17568,1,201,0,0,5,00,00,00,00,00
17578,0,301,0,0,3,80,08,00
17598,0,404,0,0,2,3F,00
17598,0,300,0,0,8,00,5A,00,5A,00,00,00,99
17598,1,203,0,0,8,00,00,00,00,00,00,00,00
17608,1,206,0,0,8,00,00,00,00,00,00,00,00
17618,1,401,0,0,8,39,9C,00,00,46,00,00,00
17628,1,400,0,0,8,01,00,0C,00,00,00,00,00
17638,1,405,0,0,8,3F,00,00,00,DE,04,00,00
17648,0,301,0,0,3,88,09,00
17648,0,404,0,0,2,0B,00
17648,1,201,0,0,5,00,00,00,00,00
17648,1,203,0,0,8,00,00,00,00,00,00,00,00
17668,0,300,0,0,8,00,5A,00,5A,00,00,00,AA
17668,1,403,0,0,8,64,00,00,00,40,E3,09,00
17698,0,301,0,0,3,C6,0A,00
17698,0,300,0,0,8,00,5A,00,5A,00,00,00,BB
17708,1,206,0,0,8,00,00,00,00,00,00,00,00
17718,1,405,0,0,6,0B,00,00,00,00,00
17748,1,401,0,0,8,37,9C,00,00,46,00,00,00
17748,0,301,0,0,3,43,0B,00
17748,0,404,0,0,2,41,00
17748,0,300,0,0,8,00,5A,00,5A,00,00,00,CC
17748,1,400,0,0,8,01,00,0C,00,00,00,00,00
17748,1,201,0,0,5,00,00,00,00,00
17768,1,203,0,0,8,00,00,00,00,00,00,00,00
17798,0,301,0,0,3,B5,0C,00
17798,0,404,0,0,2,43,00
17798,1,206,0,0,8,00,00,00,00,00,00,00,00
17808,1,405,0,0,5,41,00,00,00,64
17818,1,401,0,0,8,37,9C,00,00,45,00,00,00
17828,0,300,0,0,8,00,5A,00,5A,00,00,00,DD
17848,1,400,0,0,8,01,00,0C,00,00,00,00,00
17848,0,301,0,0,3,4E,0D,00
17848,0,300,0,0,8,00,5A,00,5A,00,00,00,EE
17848,1,405,0,0,5,43,00,00,00,4E
17868,0,301,0,0,3,1D,0E,00
17868,1,201,0,0,5,00,00,00,00,00
17898,0,404,0,0,2,44,00
17898,0,300,0,0,8,00,5A,00,5A,00,00,00,FF
17898,1,203,0,0,8,00,00,00,00,00,00,00,00
17908,1,206,0,0,8,00,00,00,00,00,00,00,00
17918,1,401,0,0,8,37,9C,00,00,45,00,00,00
17948,1,400,0,0,8,01,00,0C,00,00,00,00,00
17948,0,301,0,0,3,E8,0F,00
17948,0,404,0,0,2,45,00
17948,1,405,0,0,6,44,00,00,00,50,46
17948,1,201,0,0,5,00,00,00,00,00
17968,1,203,0,0,8,00,00,00,00,00,00,00,00
17978,0,300,0,0,8,00,5A,00,5A,00,00,00,00
17998,0,301,0,0,3,E2,00,00
17998,0,300,0,0,8,00,5A,00,5A,00,00,00,11
18008,1,206,0,0,8,00,00,00,00,00,00,00,00
18018,1,405,0,0,6,45,00,00,00,D8,36
18038,0,301,0,0,3,B3,01,00
18048,1,401,0,0,8,37,9C,00,00,45,00,00,00
18048,0,404,0,0,2,46,00
18048,0,300,0,0,8,00,5A,00,5A,00,00,00,22
18048,1,400,0,0,8,01,00,0C,00,00,00,00,00
18058,1,201,0,0,5,00,00,00,00,00
18078,1,203,0,0,8,00,00,00,00,00,00,00,00
18098,0,301,0,0,3,6B,02,00
18098,0,404,0,0,2,47,00
18098,1,206,0,0,8,00,00,00,00,00,00,00,00
18108,1,405,0,0,5,46,00,00,00,00
18118,1,401,0,0,8,37,9C,00,00,46,00,00,00
18128,0,300,0,0,8,00,5A,00,5A,00,00,00,33
18138,1,400,0,0,8,01,00,0C,00,00,00,00,00
18148,1,405,0,0,8,47,00,00,00,EE,9B,00,00
18148,0,301,0,0,3,96,03,00
18148,0,300,0,0,8,00,5A,00,5A,00,00,00,44
18158,1,201,0,0,5,00,00,00,00,00
18168,0,301,0,0,3,03,04,00
18178,1,203,0,0,8,00,00,00,00,00,00,00,00
18198,0,404,0,0,2,48,00
18198,0,300,0,0,8,00,5A,00,5A,00,00,00,55
18198,1,402,0,0,8,4E,00,00,00,F8,AB,07,00
18208,1,206,0,0,8,00,00,00,00,00,00,00,00
18218,1,401,0,0,8,37,9C,00,00,46,00,00,00
18248,1,400,0,0,8,01,00,0C,00,00,00,00,00
18248,0,301,0,0,3,54,05,00
18248,0,404,0,0,2,4A,00
18248,1,405,0,0,8,48,00,00,00,00,00,00,00
18258,1,201,0,0,5,00,00,00,00,00
18278,1,203,0,0,8,00,00,00,00,00,00,00,00
18278,0,300,0,0,8,00,5A,00,5A,00,00,00,66
18298,0,301,0,0,3,F5,06,00
18298,0,300,0,0,8,00,5A,00,5A,00,00,00,77
18308,1,206,0,0,8,00,00,00,00,00,00,00,00
18318,1,405,0,0,8,4A,00,00,00,06,00,00,00
18328,1,401,0,0,8,37,9C,00,00,46,00,00,00
18348,1,400,0,0,8,01,00,0C,00,00,00,00,00
18348,1,201,0,0,5,00,00,00,00,00
18348,0,301,0,0,3,B8,07,00
18348,0,404,0,0,2,4B,00
18348,1,203,0,0,8,00,00,00,00,00,00,00,00
18358,0,300,0,0,8,00,5A,00,5A,00,00,00,88
18358,1,204,0,0,8,00,00,00,00,00,00,00,00
18358,1,206,0,0,8,00,00,00,00,00,00,00,00
18368,1,202,0,0,8,E2,1D,00,00,33,99,05,00
18378,1,405,0,0,8,4B,00,00,00,A8,48,0B,63
18378,1,401,0,0,8,37,9C,00,00,46,00,00,00
18388,0,301,0,0,3,80,08,00
18398,0,300,0,0,8,00,5A,00,5A,00,00,00,99
18398,0,301,0,0,3,88,09,00
18408,1,666,0,0,8,52,08,05,00,52,95,36,02
18418,1,665,0,0,8,00,00,00,53,4C,18,53,00
18448,1,400,0,0,8,01,00,0C,00,00,00,00,00
18448,0,404,0,0,2,82,00
18448,0,404,0,0,2,4C,00
18448,1,200,0,0,8,4E,00,F8,AB,07,00,00,00
18448,1,201,0,0,5,00,00,00,00,00
18458,1,203,0,0,8,00,00,00,00,00,00,00,00
18478,1,206,0,0,8,00,00,00,00,00,00,00,00
18498,0,300,0,0,8,00,5A,00,5A,00,00,00,AA
18498,0,301,0,0,3,C6,0A,00
18508,1,405,0,0,6,82,00,00,00,01,30
18518,1,405,0,0,8,4C,00,00,00,01,24,00,00
18528,0,300,0,0,8,00,5A,00,5A,00,00,00,BB
18548,1,401,0,0,8,37,9C,00,00,46,00,00,00
18548,0,301,0,0,3,43,0B,00
18548,0,300,0,0,8,00,5A,00,5A,00,00,00,CC
18558,1,400,0,0,8,01,00,0C,00,00,00,00,00
18578,1,201,0,0,5,00,00,00,00,00
18598,0,301,0,0,3,B5,0C,00
18598,0,404,0,0,2,4D,00
18598,1,203,0,0,8,00,00,00,00,00,00,00,00
18608,1,206,0,0,8,00,00,00,00,00,00,00,00
18618,1,401,0,0,8,37,9C,00,00,46,00,00,00
18638,1,400,0,0,8,01,00,0C,00,00,00,00,00
18648,1,405,0,0,8,4D,00,00,00,00,00,00,00
18648,0,300,0,0,8,00,5A,00,5A,00,00,00,DD
18648,0,301,0,0,3,4E,0D,00
18658,1,201,0,0,5,00,00,00,00,00
18668,0,300,0,0,8,00,5A,00,5A,00,00,00,EE
18678,1,203,0,0,8,00,00,00,00,00,00,00,00
18698,0,301,0,0,3,1D,0E,00
18698,0,300,0,0,8,00,5A,00,5A,00,00,00,FF
18708,1,403,0,0,8,64,00,00,00,40,E3,09,00
18718,1,206,0,0,8,00,00,00,00,00,00,00,00
18748,1,401,0,0,8,37,9C,00,00,46,00,00,00
18748,0,301,0,0,3,E8,0F,00
18748,0,404,0,0,2,4D,00
18748,1,400,0,0,8,01,00,0C,00,00,00,00,00
18758,1,201,0,0,5,00,00,00,00,00
18778,1,203,0,0,8,00,00,00,00,00,00,00,00
18798,0,300,0,0,8,00,5A,00,5A,00,00,00,00
18798,0,301,0,0,3,E2,00,00
18808,1,206,0,0,8,00,00,00,00,00,00,00,00
18818,1,405,0,0,8,4D,00,00,00,00,00,00,00
18838,0,300,0,0,8,00,5A,00,5A,00,00,00,11
18848,1,401,0,0,8,37,9C,00,00,46,00,00,00
18848,0,301,0,0,3,B3,01,00
18848,0,300,0,0,8,00,5A,00,5A,00,00,00,22
18858,1,400,0,0,8,01,00,0C,00,00,00,00,00
18878,1,201,0,0,5,00,00,00,00,00
18898,0,301,0,0,3,6B,02,00
18898,0,404,0,0,2,4E,00
18898,1,203,0,0,8,00,00,00,00,00,00,00,00
18908,1,206,0,0,8,00,00,00,00,00,00,00,00
18918,1,401,0,0,8,37,9C,00,00,46,00,00,00
18948,1,400,0,0,8,01,00,0C,00,00,00,00,00
18948,0,300,0,0,8,00,5A,00,5A,00,00,00,33
18948,0,301,0,0,3,96,03,00
18958,1,405,0,0,8,4E,00,00,00,00,00,00,00
18978,1,201,0,0,5,00,00,00,00,00
18978,0,300,0,0,8,00,5A,00,5A,00,00,00,44
18998,0,301,0,0,3,03,04,00
18998,0,300,0,0,8,00,5A,00,5A,00,00,00,55
19008,1,203,0,0,8,00,00,00,00,00,00,00,00
19018,1,206,0,0,8,00,00,00,00,00,00,00,00
19048,1,401,0,0,8,37,9C,00,00,46,00,00,00
19048,0,301,0,0,3,54,05,00
19048,0,404,0,0,2,50,00
19048,1,400,0,0,8,01,00,0C,00,00,00,00,00
19058,1,201,0,0,5,00,00,00,00,00
19078,1,203,0,0,8,00,00,00,00,00,00,00,00
19098,0,300,0,0,8,00,5A,00,5A,00,00,00,66
19098,0,301,0,0,3,F5,06,00
19108,1,206,0,0,8,00,00,00,00,00,00,00,00
19118,1,405,0,0,8,50,00,00,00,F1,00,F3,00
19138,1,401,0,0,8,37,9C,00,00,46,00,00,00
19148,1,400,0,0,8,01,00,0C,00,00,00,00,00
19148,0,300,0,0,8,00,5A,00,5A,00,00,00,77
19148,0,301,0,0,3,B8,07,00
19148,0,300,0,0,8,00,5A,00,5A,00,00,00,88
19158,1,201,0,0,5,00,00,00,00,00
19178,1,203,0,0,8,00,00,00,00,00,00,00,00
19198,0,301,0,0,3,80,08,00
19198,0,404,0,0,2,50,00
19198,1,402,0,0,8,4E,00,00,00,F8,AB,07,00
19208,1,206,0,0,8,00,00,00,00,00,00,00,00
19218,1,401,0,0,8,37,9C,00,00,46,00,00,00
19248,1,400,0,0,8,01,00,0C,00,00,00,00,00
19248,0,300,0,0,8,00,5A,00,5A,00,00,00,99
19248,0,301,0,0,3,88,09,00
19258,1,405,0,0,8,50,00,00,00,F1,00,F3,00
19278,1,201,0,0,5,00,00,00,00,00
19278,0,300,0,0,8,00,5A,00,5A,00,00,00,AA
19298,0,301,0,0,3,C6,0A,00
19298,0,300,0,0,8,00,5A,00,5A,00,00,00,BB
19308,1,203,0,0,8,00,00,00,00,00,00,00,00
19318,1,206,0,0,8,00,00,00,00,00,00,00,00
19328,1,401,0,0,8,37,9C,00,00,46,00,00,00
19348,1,400,0,0,8,01,00,0C,00,00,00,00,00
19348,1,201,0,0,5,00,00,00,00,00
19348,0,301,0,0,3,43,0B,00
19348,0,404,0,0,2,51,00
19348,1,203,0,0,8,00,00,00,00,00,00,00,00
19358,1,204,0,0,8,00,00,00,00,00,00,00,00
19378,1,206,0,0,8,00,00,00,00,00,00,00,00
19398,0,300,0,0,8,00,5A,00,5A,00,00,00,CC
19398,0,301,0,0,3,B5,0C,00
19408,1,202,0,0,8,E2,1D,00,00,33,99,05,00
19418,1,405,0,0,8,51,00,00,00,00,00,00,00
19438,0,300,0,0,8,00,5A,00,5A,00,00,00,DD
19448,1,401,0,0,8,37,9C,00,00,46,00,00,00
19448,0,301,0,0,3,4E,0D,00
19448,0,300,0,0,8,00,5A,00,5A,00,00,00,EE
19458,1,400,0,0,8,01,00,0C,00,00,00,00,00
19478,1,201,0,0,5,00,00,00,00,00
19498,0,301,0,0,3,1D,0E,00
19498,0,404,0,0,2,54,00
19498,1,203,0,0,8,00,00,00,00,00,00,00,00
19508,1,206,0,0,8,00,00,00,00,00,00,00,00
19518,1,401,0,0,8,37,9C,00,00,46,00,00,00
19548,1,400,0,0,8,01,00,0C,00,00,00,00,00
19548,0,300,0,0,8,00,5A,00,5A,00,00,00,FF
19548,0,301,0,0,3,E8,0F,00
19558,1,405,0,0,8,54,00,00,00,F7,00,00,00
19578,0,300,0,0,8,00,5A,00,5A,00,00,00,00
19578,1,201,0,0,5,00,00,00,00,00
19598,0,301,0,0,3,E2,00,00
19598,0,300,0,0,8,00,5A,00,5A,00,00,00,11
19608,1,203,0,0,8,00,00,00,00,00,00,00,00
19618,1,206,0,0,8,00,00,00,00,00,00,00,00
19638,1,401,0,0,8,37,9C,00,00,46,00,00,00
19648,1,400,0,0,8,01,00,0C,00,00,00,00,00
19648,0,301,0,0,3,B3,01,00
19648,0,404,0,0,2,54,00
19648,1,201,0,0,5,00,00,00,00,00
19658,1,203,0,0,8,00,00,00,00,00,00,00,00
19678,1,403,0,0,8,64,00,00,00,40,E3,09,00
19698,0,300,0,0,8,00,5A,00,5A,00,00,00,22
19698,0,301,0,0,3,6B,02,00
19708,1,206,0,0,8,00,00,00,00,00,00,00,00
19718,1,405,0,0,8,54,00,00,00,F7,00,00,00
19748,1,401,0,0,8,37,9C,00,00,46,00,00,00
19748,0,300,0,0,8,00,5A,00,5A,00,00,00,33
19748,0,301,0,0,3,96,03,00
19758,0,300,0,0,8,00,5A,00,5A,00,00,00,44
19758,1,400,0,0,8,01,00,0C,00,00,00,00,00
19778,1,201,0,0,5,00,00,00,00,00
19798,0,301,0,0,3,03,04,00
19798,0,300,0,0,8,00,5A,00,5A,00,00,00,55
19808,1,203,0,0,8,00,00,00,00,00,00,00,00
19818,1,206,0,0,8,00,00,00,00,00,00,00,00
19848,1,401,0,0,8,37,9C,00,00,46,00,00,00
19848,0,301,0,0,3,54,05,00
19848,0,404,0,0,2,60,00
19848,1,400,0,0,8,01,00,0C,00,00,00,00,00
19858,1,201,0,0,5,00,00,00,00,00
19878,1,203,0,0,8,00,00,00,00,00,00,00,00
19898,0,300,0,0,8,00,5A,00,5A,00,00,00,66
19898,0,301,0,0,3,F5,06,00
19908,1,206,0,0,8,00,00,00,00,00,00,00,00
19918,1,405,0,0,6,60,00,00,00,98,0F
19948,1,401,0,0,8,37,9C,00,00,46,00,00,00
19948,0,300,0,0,8,00,5A,00,5A,00,00,00,77
19948,0,301,0,0,3,B8,07,00
19958,1,400,0,0,8,01,00,0C,00,00,00,00,00
19968,0,300,0,0,8,00,5A,00,5A,00,00,00,88
19968,0,301,0,0,3,80,08,00
19978,1,201,0,0,5,00,00,00,00,00
19998,0,300,0,0,8,00,5A,00,5A,00,00,00,99
19998,0,301,0,0,3,88,09,00
20008,1,203,0,0,8,00,00,00,00,00,00,00,00
20018,1,206,0,0,8,00,00,00,00,00,00,00,00
20048,1,401,0,0,8,37,9C,00,00,46,00,00,00
20048,0,404,0,0,2,61,00
20048,0,404,0,0,2,4A,00
20048,1,400,0,0,8,01,00,0C,00,00,00,00,00
20048,1,201,0,0,5,00,00,00,00,00
20058,1,203,0,0,8,00,00,00,00,00,00,00,00
20068,0,300,0,0,8,00,5A,00,5A,00,00,00,AA
20078,1,206,0,0,8,00,00,00,00,00,00,00,00
20098,0,301,0,0,3,C6,0A,00
20098,0,300,0,0,8,00,5A,00,5A,00,00,00,BB
20108,1,405,0,0,6,61,00,00,00,98,0F
20118,1,405,0,0,8,4A,00,00,00,06,00,00,00
20128,0,301,0,0,3,43,0B,00
20138,1,401,0,0,8,37,9C,00,00,46,00,00,00
20148,1,400,0,0,8,01,00,0C,00,00,00,00,00
20148,0,404,0,0,2,4A,00
20148,0,300,0,0,8,00,5A,00,5A,00,00,00,CC
20148,1,201,0,0,5,00,00,00,00,00
20158,1,203,0,0,8,00,00,00,00,00,00,00,00
20178,1,402,0,0,8,4E,00,00,00,F8,AB,07,00
20188,0,301,0,0,3,B5,0C,00
20198,0,404,0,0,2,62,00
20198,0,300,0,0,8,00,5A,00,5A,00,00,00,DD
20198,1,206,0,0,8,00,00,00,00,00,00,00,00
20208,1,405,0,0,8,4A,00,00,00,06,00,00,00
20218,1,401,0,0,8,37,9C,00,00,46,00,00,00
20218,0,301,0,0,3,4E,0D,00
20228,0,404,0,0,2,4A,00
20238,1,400,0,0,8,01,00,0C,00,00,00,00,00
20248,1,405,0,0,6,62,00,00,00,98,0F
20248,0,300,0,0,8,00,5A,00,5A,00,00,00,EE
20248,0,301,0,0,3,1D,0E,00
20258,1,201,0,0,5,00,00,00,00,00
20268,0,404,0,0,2,02,30
20268,1,203,0,0,8,00,00,00,00,00,00,00,00
20278,1,405,0,0,8,4A,00,00,00,06,00,00,00
20298,0,404,0,0,2,63,00
20298,0,300,0,0,8,00,5A,00,5A,00,00,00,FF
20298,1,206,0,0,8,00,00,00,00,00,00,00,00
20308,0,301,0,0,3,E8,0F,00
20308,1,401,0,0,8,37,9C,00,00,46,00,00,00
20318,1,405,0,0,7,02,48,00,00,00,00,00
20328,1,400,0,0,8,01,00,0C,00,00,00,00,00
20348,1,405,0,0,6,63,00,00,00,98,0F
20348,1,201,0,0,5,00,00,00,00,00
20348,0,404,0,0,2,64,00
20348,1,203,0,0,8,00,00,00,00,00,00,00,00
20348,0,300,0,0,8,00,5A,00,5A,00,00,00,00
20348,0,301,0,0,3,E2,00,00
20348,0,404,0,0,2,65,00
20348,1,204,0,0,8,00,00,00,00,00,00,00,00
20358,1,206,0,0,8,00,00,00,00,00,00,00,00
20368,0,404,0,0,2,66,00
20368,1,202,0,0,8,E2,1C,00,00,33,99,05,00
20378,1,405,0,0,6,64,00,00,00,98,0F
20398,0,404,0,0,2,02,30
20398,0,300,0,0,8,00,5A,00,5A,00,00,00,11
20398,0,301,0,0,3,B3,01,00
20398,1,405,0,0,6,65,00,00,00,98,0F
20408,1,401,0,0,8,37,9C,00,00,46,00,00,00
20418,1,405,0,0,6,66,00,00,00,98,0F
20428,0,404,0,0,2,67,00
20428,1,400,0,0,8,01,00,0C,00,00,00,00,00
20448,1,405,0,0,7,02,48,00,00,00,00,00
20448,0,300,0,0,8,00,5A,00,5A,00,00,00,22
20448,0,301,0,0,3,6B,02,00
20458,1,201,0,0,5,00,00,00,00,00
20468,0,404,0,0,2,68,00
20468,1,203,0,0,8,00,00,00,00,00,00,00,00
20468,0,404,0,0,2,69,00
20468,1,405,0,0,6,67,00,00,00,98,0F
20478,1,206,0,0,8,00,00,00,00,00,00,00,00
20498,0,300,0,0,8,00,5A,00,5A,00,00,00,33
20498,0,301,0,0,3,96,03,00
20498,0,404,0,0,2,6A,00
20498,1,401,0,0,8,37,9C,00,00,46,00,00,00
20508,1,405,0,0,6,68,00,00,00,96,0F
20518,1,405,0,0,6,69,00,00,00,98,0F
20528,0,404,0,0,2,02,30
20528,1,400,0,0,8,01,00,0C,00,00,00,00,00
20548,1,405,0,0,6,6A,00,00,00,00,00
20548,0,404,0,0,2,6B,00
20548,0,300,0,0,8,00,5A,00,5A,00,00,00,44
20548,1,201,0,0,5,00,00,00,00,00
20558,1,203,0,0,8,00,00,00,00,00,00,00,00
20568,0,301,0,0,3,03,04,00
20578,1,405,0,0,7,02,48,00,00,00,00,00
20598,0,404,0,0,2,6C,00
20598,0,300,0,0,8,00,5A,00,5A,00,00,00,55
20598,0,301,0,0,3,54,05,00
20598,1,206,0,0,8,00,00,00,00,00,00,00,00
20608,0,404,0,0,2,6D,00
20608,1,405,0,0,6,6B,00,00,00,00,00
20608,1,401,0,0,8,37,9C,00,00,46,00,00,00
20618,1,400,0,0,8,01,00,0C,00,00,00,00,00
20628,0,300,0,0,8,00,5A,00,5A,00,00,00,66
20638,1,405,0,0,6,6C,00,00,00,00,00
20648,1,405,0,0,6,6D,00,00,00,00,00
20648,0,301,0,0,3,F5,06,00
20648,0,404,0,0,2,6E,00
20648,1,201,0,0,5,00,00,00,00,00
20658,1,203,0,0,8,00,00,00,00,00,00,00,00
20668,0,404,0,0,2,44,00
20668,1,403,0,0,8,64,00,00,00,40,E3,09,00
20678,1,206,0,0,8,00,00,00,00,00,00,00,00
20698,0,404,0,0,2,6F,00
20698,0,300,0,0,8,00,5A,00,5A,00,00,00,77
20698,1,405,0,0,6,6E,00,00,00,00,00
20708,1,401,0,0,8,37,9C,00,00,46,00,00,00
20718,1,405,0,0,6,44,00,00,00,50,46
20718,0,301,0,0,3,B8,07,00
20718,0,404,0,0,2,00,01
20718,1,400,0,0,8,01,00,0C,00,00,00,00,00
20748,1,405,0,0,6,6F,00,00,00,00,00
20748,0,300,0,0,8,00,5A,00,5A,00,00,00,88
20748,0,301,0,0,3,80,08,00
20748,0,404,0,0,2,01,01
20748,1,201,0,0,5,00,00,00,00,00
20758,1,203,0,0,8,00,00,00,00,00,00,00,00
20768,0,404,0,0,2,44,00
20768,1,405,0,0,8,00,01,00,00,03,00,64,00
20778,1,206,0,0,8,00,00,00,00,00,00,00,00
20788,0,404,0,0,2,02,01
20788,1,405,0,0,8,01,01,00,00,00,00,00,00
20798,0,300,0,0,8,00,5A,00,5A,00,00,00,99
20798,0,301,0,0,3,88,09,00
20808,1,401,0,0,8,37,9C,00,00,46,00,00,00
20818,0,404,0,0,2,03,01
20818,1,405,0,0,6,44,00,00,00,50,46
20818,1,400,0,0,8,01,00,0C,00,00,00,00,00
20838,0,404,0,0,2,04,01
20838,1,405,0,0,8,02,01,00,00,00,00,00,00
20848,1,201,0,0,5,00,00,00,00,00
20848,0,300,0,0,8,00,5A,00,5A,00,00,00,AA
20848,0,301,0,0,3,C6,0A,00
20848,0,404,0,0,2,02,30
20848,1,405,0,0,8,03,01,00,00,00,00,00,00
20858,1,203,0,0,8,00,00,00,00,00,00,00,00
20878,1,405,0,0,8,04,01,00,00,00,00,00,00
20898,0,404,0,0,2,02,30
20898,0,404,0,0,2,01,00
20898,1,206,0,0,8,00,00,00,00,00,00,00,00
20898,1,405,0,0,7,02,48,00,00,00,00,00
20908,1,401,0,0,8,37,9C,00,00,46,00,00,00
20918,1,400,0,0,8,01,00,0C,00,00,00,00,00
20948,1,405,0,0,7,02,48,00,00,00,00,00
20948,0,300,0,0,8,00,5A,00,5A,00,00,00,BB
20948,0,301,0,0,3,43,0B,00
20958,1,405,0,0,8,01,00,00,00,00,04,06,04
20968,0,300,0,0,8,00,5A,00,5A,00,00,00,CC
20978,1,201,0,0,5,00,00,00,00,00
20998,0,301,0,0,3,B5,0C,00
20998,0,300,0,0,8,00,5A,00,5A,00,00,00,DD
21008,1,203,0,0,8,00,00,00,00,00,00,00,00
21018,1,206,0,0,8,00,00,00,00,00,00,00,00
21048,1,401,0,0,8,37,9C,00,00,46,00,00,00
21048,0,301,0,0,3,4E,0D,00
21048,0,404,0,0,2,01,00
21048,1,400,0,0,8,01,00,0C,00,00,00,00,00
21058,1,201,0,0,5,00,00,00,00,00
21078,0,300,0,0,8,00,5A,00,5A,00,00,00,EE
21078,1,203,0,0,8,00,00,00,00,00,00,00,00
21098,0,301,0,0,3,1D,0E,00
21098,0,300,0,0,8,00,5A,00,5A,00,00,00,FF
21098,0,301,0,0,3,E8,0F,00
21108,1,206,0,0,8,00,00,00,00,00,00,00,00
21118,1,405,0,0,8,01,00,00,00,00,04,06,04
21128,0,100,0,0,8,03,22,02,06,00,00,00,00
21128,1,401,0,0,8,37,9C,00,00,46,00,00,00
21138,1,400,0,0,8,01,00,0C,00,00,00,00,00
21148,1,201,0,0,5,00,00,00,00,00
21148,0,404,0,0,2,01,00
21148,0,300,0,0,8,00,5A,00,5A,00,00,00,00
21148,1,203,0,0,8,00,00,00,00,00,00,00,00
21158,1,101,0,0,8,05,62,02,06,70,08,E0,AA
21178,1,402,0,0,8,4E,00,00,00,F8,AB,07,00
21198,0,301,0,0,3,E2,00,00
21198,0,404,0,0,2,A3,01
21198,1,206,0,0,8,00,00,00,00,00,00,00,00
21208,1,405,0,0,8,01,00,00,00,00,04,06,04
21218,1,401,0,0,8,37,9C,00,00,46,00,00,00
21248,1,400,0,0,8,01,00,0C,00,00,00,00,00
21248,0,300,0,0,8,00,5A,00,5A,00,00,00,11
21248,0,301,0,0,3,B3,01,00
21248,0,300,0,0,8,00,5A,00,5A,00,00,00,22
21258,1,405,0,0,5,A3,01,00,00,06
21278,1,201,0,0,5,00,00,00,00,00
21288,0,301,0,0,3,6B,02,00
21298,0,300,0,0,8,00,5A,00,5A,00,00,00,33
21298,0,301,0,0,3,96,03,00
21308,1,203,0,0,8,00,00,00,00,00,00,00,00
21318,1,206,0,0,8,00,00,00,00,00,00,00,00
21328,1,401,0,0,8,37,9C,00,00,47,00,00,00
21348,1,400,0,0,8,01,00,0C,00,00,00,00,00
21348,1,201,0,0,5,00,00,00,00,00
21348,0,404,0,0,2,A3,01
21348,0,404,0,0,2,20,00
21348,1,203,0,0,8,00,00,00,00,00,00,00,00
21348,1,204,0,0,8,00,00,00,00,00,00,00,00
21358,1,206,0,0,8,00,00,00,00,00,00,00,00
21358,1,202,0,0,8,E2,1D,00,00,33,99,05,00
21368,1,405,0,0,5,A3,01,00,00,06
21378,1,405,0,0,8,20,00,00,00,32,33,36,47
21378,1,666,0,0,8,52,08,05,00,52,95,36,02
21398,0,300,0,0,8,00,5A,00,5A,00,00,00,44
21398,0,301,0,0,3,03,04,00
21408,1,401,0,0,8,37,9C,00,00,47,00,00,00
21408,0,300,0,0,8,00,5A,00,5A,00,00,00,55
21418,1,665,0,0,8,00,00,00,53,4C,18,53,00
21448,1,200,0,0,8,4E,00,F8,AB,07,00,01,00
21448,0,301,0,0,3,54,05,00
21448,0,300,0,0,8,00,5A,00,5A,00,00,00,66
21458,1,400,0,0,8,01,00,0C,00,00,00,00,00
21478,1,201,0,0,5,00,00,00,00,00
21498,0,301,0,0,3,F5,06,00
21498,0,404,0,0,2,20,00
21498,1,203,0,0,8,00,00,00,00,00,00,00,00
21508,1,206,0,0,8,00,00,00,00,00,00,00,00
21518,1,401,0,0,8,37,9C,00,00,47,00,00,00
21538,0,300,0,0,8,00,5A,00,5A,00,00,00,77
21548,1,400,0,0,8,01,00,0C,00,00,00,00,00
21548,0,301,0,0,3,B8,07,00
21548,0,300,0,0,8,00,5A,00,5A,00,00,00,88
21558,1,405,0,0,8,20,00,00,00,32,33,36,47
21568,0,301,0,0,3,80,08,00
21578,1,201,0,0,5,00,00,00,00,00
21598,0,404,0,0,2,20,00
21598,0,300,0,0,8,00,5A,00,5A,00,00,00,99
21598,1,203,0,0,8,00,00,00,00,00,00,00,00
21608,1,206,0,0,8,00,00,00,00,00,00,00,00
21618,1,401,0,0,8,37,9C,00,00,46,00,00,00
21638,1,400,0,0,8,01,00,0C,00,00,00,00,00
21648,1,405,0,0,8,20,00,00,00,32,33,36,47
21648,0,301,0,0,3,88,09,00
21648,0,404,0,0,2,21,00
21648,1,201,0,0,5,00,00,00,00,00
21658,1,203,0,0,8,00,00,00,00,00,00,00,00
21678,1,403,0,0,8,64,00,00,00,40,E3,09,00
21698,0,300,0,0,8,00,5A,00,5A,00,00,00,AA
21698,0,301,0,0,3,C6,0A,00
21698,0,300,0,0,8,00,5A,00,5A,00,00,00,BB
21708,1,206,0,0,8,00,00,00,00,00,00,00,00
21718,1,405,0,0,8,21,00,00,00,35,4C,41,31
21718,0,301,0,0,3,43,0B,00
21748,1,401,0,0,8,37,9C,00,00,46,00,00,00
21748,0,404,0,0,2,21,00
21748,0,300,0,0,8,00,5A,00,5A,00,00,00,CC
21748,1,400,0,0,8,01,00,0C,00,00,00,00,00
21758,1,201,0,0,5,00,00,00,00,00
21778,1,203,0,0,8,00,00,00,00,00,00,00,00
21798,0,301,0,0,3,B5,0C,00
21798,0,404,0,0,2,22,00
21798,1,206,0,0,8,00,00,00,00,00,00,00,00
21808,1,405,0,0,8,21,00,00,00,35,4C,41,31
21818,1,401,0,0,8,37,9C,00,00,46,00,00,00
21848,1,400,0,0,8,01,00,0C,00,00,00,00,00
21848,0,300,0,0,8,00,5A,00,5A,00,00,00,DD
21848,0,301,0,0,3,4E,0D,00
21848,0,300,0,0,8,00,5A,00,5A,00,00,00,EE
21858,1,405,0,0,8,22,00,00,00,30,30,34,52
21878,0,301,0,0,3,1D,0E,00
21878,1,201,0,0,5,00,00,00,00,00
21898,0,300,0,0,8,00,5A,00,5A,00,00,00,FF
21898,0,301,0,0,3,E8,0F,00
21908,1,203,0,0,8,00,00,00,00,00,00,00,00
21918,1,206,0,0,8,00,00,00,00,00,00,00,00
21948,1,401,0,0,8,37,9C,00,00,46,00,00,00
21948,0,404,0,0,2,22,00
21948,0,404,0,0,2,23,00
21948,1,400,0,0,8,01,00,0C,00,00,00,00,00
21948,1,201,0,0,5,00,00,00,00,00
21958,1,203,0,0,8,00,00,00,00,00,00,00,00
21978,1,206,0,0,8,00,00,00,00,00,00,00,00
21998,0,300,0,0,8,00,5A,00,5A,00,00,00,00
21998,0,301,0,0,3,E2,00,00
22008,0,300,0,0,8,00,5A,00,5A,00,00,00,11
22008,1,405,0,0,8,22,00,00,00,30,30,34,52
22018,1,405,0,0,8,23,00,00,00,4D,30,30,30
22038,0,301,0,0,3,B3,01,00
22048,1,401,0,0,8,39,9C,00,00,46,00,00,00
22048,0,300,0,0,8,00,5A,00,5A,00,00,00,22
22048,0,301,0,0,3,6B,02,00
22058,1,400,0,0,8,01,00,0C,00,00,00,00,00
22078,1,201,0,0,5,00,00,00,00,00
22098,0,404,0,0,2,23,00
22098,0,404,0,0,2,24,00
22098,1,203,0,0,8,00,00,00,00,00,00,00,00
22098,1,206,0,0,8,00,00,00,00,00,00,00,00
22108,1,401,0,0,8,39,9C,00,00,46,00,00,00
22118,1,400,0,0,8,01,00,0C,00,00,00,00,00
22138,1,405,0,0,8,23,00,00,00,4D,30,30,30
22148,1,405,0,0,8,24,00,00,00,30,30,30,30
22148,0,300,0,0,8,00,5A,00,5A,00,00,00,33
22148,0,301,0,0,3,96,03,00
22168,1,201,0,0,5,00,00,00,00,00
22168,0,300,0,0,8,00,5A,00,5A,00,00,00,44
22188,1,203,0,0,8,00,00,00,00,00,00,00,00
22198,0,301,0,0,3,03,04,00
22198,0,300,0,0,8,00,5A,00,5A,00,00,00,55
22208,1,402,0,0,8,4E,00,00,00,F8,AB,07,00
22218,1,206,0,0,8,00,00,00,00,00,00,00,00
22248,1,401,0,0,8,39,9C,00,00,46,00,00,00
22248,0,301,0,0,3,54,05,00
22248,0,404,0,0,2,24,00
22248,1,400,0,0,8,01,00,0C,00,00,00,00,00
22268,1,201,0,0,5,00,00,00,00,00
22288,1,203,0,0,8,00,00,00,00,00,00,00,00
22288,0,300,0,0,8,00,5A,00,5A,00,00,00,66
22298,0,301,0,0,3,F5,06,00
22298,0,300,0,0,8,00,5A,00,5A,00,00,00,77
22308,1,206,0,0,8,00,00,00,00,00,00,00,00
22318,1,405,0,0,8,24,00,00,00,30,30,30,30
22328,1,401,0,0,8,39,9C,00,00,46,00,00,00
22348,1,400,0,0,8,01,00,0C,00,00,00,00,00
22348,1,201,0,0,5,00,00,00,00,00
22348,0,301,0,0,3,B8,07,00
22348,0,404,0,0,2,24,00
22348,0,300,0,0,8,00,5A,00,5A,00,00,00,88
22348,1,203,0,0,8,00,00,00,00,00,00,00,00
22368,1,204,0,0,8,00,00,00,00,00,00,00,00
22388,1,206,0,0,8,00,00,00,00,00,00,00,00
22398,0,301,0,0,3,80,08,00
22398,0,404,0,0,2,25,00
22398,1,202,0,0,8,E2,1D,00,00,33,99,05,00
22408,1,405,0,0,8,24,00,00,00,30,30,30,30
22418,1,401,0,0,8,39,9C,00,00,46,00,00,00
22448,1,400,0,0,8,01,00,0C,00,00,00,00,00
22448,0,300,0,0,8,00,5A,00,5A,00,00,00,99
22448,0,301,0,0,3,88,09,00
22468,1,405,0,0,8,25,00,00,00,30,30,30,30
22478,0,300,0,0,8,00,5A,00,5A,00,00,00,AA
22488,1,201,0,0,5,00,00,00,00,00
22498,0,301,0,0,3,C6,0A,00
22498,0,300,0,0,8,00,5A,00,5A,00,00,00,BB
22508,1,203,0,0,8,00,00,00,00,00,00,00,00
22518,1,206,0,0,8,00,00,00,00,00,00,00,00
22548,1,401,0,0,8,37,9C,00,00,46,00,00,00
22548,0,301,0,0,3,43,0B,00
22548,0,404,0,0,2,25,00
22548,1,400,0,0,8,01,00,0C,00,00,00,00,00
22568,1,201,0,0,5,00,00,00,00,00
22588,1,203,0,0,8,00,00,00,00,00,00,00,00
22598,0,300,0,0,8,00,5A,00,5A,00,00,00,CC
22598,0,301,0,0,3,B5,0C,00
22598,0,300,0,0,8,00,5A,00,5A,00,00,00,DD
22608,1,206,0,0,8,00,00,00,00,00,00,00,00
22618,1,405,0,0,8,25,00,00,00,30,30,30,30
22628,0,301,0,0,3,4E,0D,00
22648,1,401,0,0,8,37,9C,00,00,46,00,00,00
22648,1,400,0,0,8,01,00,0C,00,00,00,00,00
22648,0,404,0,0,2,25,00
22648,0,300,0,0,8,00,5A,00,5A,00,00,00,EE
22648,1,201,0,0,5,00,00,00,00,00
22668,1,203,0,0,8,00,00,00,00,00,00,00,00
22688,1,403,0,0,8,64,00,00,00,40,E3,09,00
22698,0,301,0,0,3,1D,0E,00
22698,0,404,0,0,2,26,00
22698,1,206,0,0,8,00,00,00,00,00,00,00,00
22708,1,405,0,0,8,25,00,00,00,30,30,30,30
22718,1,401,0,0,8,37,9C,00,00,46,00,00,00
22748,1,400,0,0,8,01,00,0C,00,00,00,00,00
22748,0,300,0,0,8,00,5A,00,5A,00,00,00,FF
22748,0,301,0,0,3,E8,0F,00
22748,0,300,0,0,8,00,5A,00,5A,00,00,00,00
22768,1,405,0,0,8,26,00,00,00,30,30,30,30
22788,1,201,0,0,5,00,00,00,00,00
22788,0,301,0,0,3,E2,00,00
22798,0,300,0,0,8,00,5A,00,5A,00,00,00,11
22798,0,301,0,0,3,B3,01,00
22808,1,203,0,0,8,00,00,00,00,00,00,00,00
22818,1,206,0,0,8,00,00,00,00,00,00,00,00
22848,1,401,0,0,8,37,9C,00,00,46,00,00,00
22848,0,404,0,0,2,26,00
22848,0,404,0,0,2,27,00
22848,1,400,0,0,8,01,00,0C,00,00,00,00,00
22848,1,201,0,0,5,00,00,00,00,00
22868,1,203,0,0,8,00,00,00,00,00,00,00,00
22888,1,206,0,0,8,00,00,00,00,00,00,00,00
22898,0,300,0,0,8,00,5A,00,5A,00,00,00,22
22898,0,301,0,0,3,6B,02,00
22908,1,405,0,0,8,26,00,00,00,30,30,30,30
22908,0,300,0,0,8,00,5A,00,5A,00,00,00,33
22918,1,405,0,0,6,27,00,00,00,30,30
22948,1,401,0,0,8,37,9C,00,00,46,00,00,00
22948,0,301,0,0,3,96,03,00
22948,0,300,0,0,8,00,5A,00,5A,00,00,00,44
22948,0,301,0,0,3,03,04,00
22968,1,400,0,0,8,01,00,0C,00,00,00,00,00
22988,1,201,0,0,5,00,00,00,00,00
22998,0,404,0,0,2,27,00
22998,0,404,0,0,2,4C,00
22998,1,203,0,0,8,00,00,00,00,00,00,00,00
22998,1,206,0,0,8,00,00,00,00,00,00,00,00
23008,1,401,0,0,8,33,9C,00,00,46,00,00,00
23018,1,400,0,0,8,01,00,0C,00,00,00,00,00
23048,1,405,0,0,6,27,00,00,00,30,30
23048,0,300,0,0,8,00,5A,00,5A,00,00,00,55
23048,0,301,0,0,3,54,05,00
23068,1,405,0,0,8,4C,00,00,00,01,24,00,00
23068,0,300,0,0,8,00,5A,00,5A,00,00,00,66
23088,1,201,0,0,5,00,00,00,00,00
23098,0,301,0,0,3,F5,06,00
23098,0,300,0,0,8,00,5A,00,5A,00,00,00,77
23098,0,301,0,0,3,B8,07,00
23108,1,203,0,0,8,00,00,00,00,00,00,00,00
23118,1,206,0,0,8,00,00,00,00,00,00,00,00
23148,1,401,0,0,8,33,9C,00,00,46,00,00,00
23148,1,400,0,0,8,01,00,0C,00,00,00,00,00
23148,0,404,0,0,2,4C,00
23148,0,300,0,0,8,00,5A,00,5A,00,00,00,88
23148,1,201,0,0,5,00,00,00,00,00
23168,1,203,0,0,8,00,00,00,00,00,00,00,00
23188,1,206,0,0,8,00,00,00,00,00,00,00,00
23198,0,301,0,0,3,80,08,00
23198,0,404,0,0,2,46,00
23198,1,402,0,0,8,4E,00,00,00,F8,AB,07,00
23208,1,405,0,0,8,4C,00,00,00,01,24,00,00
23218,1,401,0,0,8,39,9C,00,00,46,00,00,00
23218,0,300,0,0,8,00,5A,00,5A,00,00,00,99
23248,1,400,0,0,8,01,00,0C,00,00,00,00,00
23248,0,301,0,0,3,88,09,00
23248,0,300,0,0,8,00,5A,00,5A,00,00,00,AA
23268,1,405,0,0,5,46,00,00,00,00
23288,0,301,0,0,3,C6,0A,00
23288,1,201,0,0,5,00,00,00,00,00
23298,0,404,0,0,2,46,00
23298,0,300,0,0,8,00,5A,00,5A,00,00,00,BB
23298,1,203,0,0,8,00,00,00,00,00,00,00,00
23308,1,206,0,0,8,00,00,00,00,00,00,00,00
23318,1,401,0,0,8,39,9C,00,00,46,00,00,00
23328,1,400,0,0,8,01,00,0C,00,00,00,00,00
23348,1,405,0,0,5,46,00,00,00,00
23348,1,201,0,0,5,00,00,00,00,00
23348,0,301,0,0,3,43,0B,00
23348,0,404,0,0,2,4D,00
23348,1,203,0,0,8,00,00,00,00,00,00,00,00
23368,1,204,0,0,8,00,00,00,00,00,00,00,00
23388,1,206,0,0,8,00,00,00,00,00,00,00,00
23398,0,300,0,0,8,00,5A,00,5A,00,00,00,CC
23398,0,301,0,0,3,B5,0C,00
23408,1,202,0,0,8,E2,1D,00,00,33,99,05,00
23418,0,300,0,0,8,00,5A,00,5A,00,00,00,DD
23418,1,405,0,0,8,4D,00,00,00,00,00,00,00
23438,0,301,0,0,3,4E,0D,00
23448,1,401,0,0,8,39,9C,00,00,46,00,00,00
23448,0,300,0,0,8,00,5A,00,5A,00,00,00,EE
23448,0,301,0,0,3,1D,0E,00
23468,1,400,0,0,8,01,00,0C,00,00,00,00,00
23488,1,201,0,0,5,00,00,00,00,00
23498,0,404,0,0,2,4D,00
23498,0,404,0,0,2,50,00
23498,1,203,0,0,8,00,00,00,00,00,00,00,00
23498,1,206,0,0,8,00,00,00,00,00,00,00,00
23508,1,401,0,0,8,37,9C,00,00,46,00,00,00
23518,1,400,0,0,8,01,00,0C,00,00,00,00,00
23548,1,405,0,0,8,4D,00,00,00,00,00,00,00
23548,0,300,0,0,8,00,5A,00,5A,00,00,00,FF
23548,0,301,0,0,3,E8,0F,00
23568,1,405,0,0,8,50,00,00,00,F1,00,F3,00
23568,0,300,0,0,8,00,5A,00,5A,00,00,00,00
23588,1,201,0,0,5,00,00,00,00,00
23598,0,301,0,0,3,E2,00,00
23598,0,300,0,0,8,00,5A,00,5A,00,00,00,11
23598,0,301,0,0,3,B3,01,00
23608,1,203,0,0,8,00,00,00,00,00,00,00,00
23618,1,206,0,0,8,00,00,00,00,00,00,00,00
23648,1,401,0,0,8,37,9C,00,00,46,00,00,00
23648,1,400,0,0,8,01,00,0C,00,00,00,00,00
23648,0,404,0,0,2,50,00
23648,0,404,0,0,2,02,00
23648,1,201,0,0,5,00,00,00,00,00
23648,1,203,0,0,8,00,00,00,00,00,00,00,00
23668,1,206,0,0,8,00,00,00,00,00,00,00,00
23688,1,403,0,0,8,64,00,00,00,40,E3,09,00
23698,0,300,0,0,8,00,5A,00,5A,00,00,00,22
23698,0,301,0,0,3,6B,02,00
23708,1,405,0,0,8,50,00,00,00,F1,00,F3,00
23718,1,405,0,0,8,02,00,00,00,53,49,43,54
23728,0,300,0,0,8,00,5A,00,5A,00,00,00,33
23748,1,401,0,0,8,37,9C,00,00,46,00,00,00
23748,0,301,0,0,3,96,03,00
23748,0,300,0,0,8,00,5A,00,5A,00,00,00,44
23748,0,301,0,0,3,03,04,00
23768,1,400,0,0,8,01,00,0C,00,00,00,00,00
23788,1,201,0,0,5,00,00,00,00,00
23798,0,404,0,0,2,02,00
23798,0,300,0,0,8,00,5A,00,5A,00,00,00,55
23798,1,203,0,0,8,00,00,00,00,00,00,00,00
23808,1,206,0,0,8,00,00,00,00,00,00,00,00
23818,1,401,0,0,8,37,9C,00,00,46,00,00,00
23848,1,400,0,0,8,01,00,0C,00,00,00,00,00
23848,0,301,0,0,3,54,05,00
23848,0,404,0,0,2,0A,00
23848,1,405,0,0,8,02,00,00,00,53,49,43,54
23868,1,201,0,0,5,00,00,00,00,00
23878,0,300,0,0,8,00,5A,00,5A,00,00,00,66
23888,1,203,0,0,8,00,00,00,00,00,00,00,00
23898,0,301,0,0,3,F5,06,00
23898,0,300,0,0,8,00,5A,00,5A,00,00,00,77
23908,1,206,0,0,8,00,00,00,00,00,00,00,00
23918,1,405,0,0,8,0A,00,00,00,30,3A,00,00
23938,0,301,0,0,3,B8,07,00
23948,1,401,0,0,8,37,9C,00,00,46,00,00,00
23948,0,404,0,0,2,0A,00
23948,0,300,0,0,8,00,5A,00,5A,00,00,00,88
23948,1,400,0,0,8,01,00,0C,00,00,00,00,00
23968,1,201,0,0,5,00,00,00,00,00
23988,1,203,0,0,8,00,00,00,00,00,00,00,00
23998,0,301,0,0,3,80,08,00
23998,0,404,0,0,2,04,00
23998,1,206,0,0,8,00,00,00,00,00,00,00,00
24008,1,405,0,0,8,0A,00,00,00,30,3A,00,00
24018,1,401,0,0,8,37,9C,00,00,46,00,00,00
24048,1,400,0,0,8,01,00,0C,00,00,00,00,00
24048,0,300,0,0,8,00,5A,00,5A,00,00,00,99
24048,0,301,0,0,3,88,09,00
24068,0,300,0,0,8,00,5A,00,5A,00,00,00,AA
24068,1,405,0,0,7,04,0,00,00,16,09,02
24088,1,201,0,0,5,00,00,00,00,00
24098,0,301,0,0,3,C6,0A,00
24098,0,300,0,0,8,00,5A,00,5A,00,00,00,BB
24098,0,301,0,0,3,43,0B,00
24108,1,203,0,0,8,00,00,00,00,00,00,00,00
24118,1,206,0,0,8,00,00,00,00,00,00,00,00
24148,1,401,0,0,8,37,9C,00,00,46,00,00,00
24148,1,400,0,0,8,01,00,0C,00,00,00,00,00
24148,0,404,0,0,2,04,00
24148,0,404,0,0,2,B0,01
24148,1,201,0,0,5,00,00,00,00,00
24148,1,203,0,0,8,00,00,00,00,00,00,00,00
24168,1,206,0,0,8,00,00,00,00,00,00,00,00
24188,1,402,0,0,8,4E,00,00,00,F8,AB,07,00
24198,0,300,0,0,8,00,5A,00,5A,00,00,00,CC
24198,0,301,0,0,3,B5,0C,00
24208,1,405,0,0,7,04,0,00,00,16,09,02
24218,1,405,0,0,6,B0,01,00,00,00,00
24218,0,300,0,0,8,00,5A,00,5A,00,00,00,DD
24248,1,401,0,0,8,35,9C,00,00,46,00,00,00
24248,0,301,0,0,3,4E,0D,00
24248,0,300,0,0,8,00,5A,00,5A,00,00,00,EE
24248,0,301,0,0,3,1D,0E,00
24268,1,400,0,0,8,01,00,0C,00,00,00,00,00
24288,1,201,0,0,5,00,00,00,00,00
24298,0,404,0,0,2,B0,01
24298,0,300,0,0,8,00,5A,00,5A,00,00,00,FF
24298,1,203,0,0,8,00,00,00,00,00,00,00,00
24308,1,206,0,0,8,00,00,00,00,00,00,00,00
24318,1,401,0,0,8,35,9C,00,00,47,00,00,00
24328,1,400,0,0,8,01,00,0C,00,00,00,00,00
24348,1,405,0,0,6,B0,01,00,00,00,00
24348,1,201,0,0,5,00,00,00,00,00
24348,0,301,0,0,3,E8,0F,00
24348,0,404,0,0,2,B1,01
24348,1,203,0,0,8,00,00,00,00,00,00,00,00
24358,1,204,0,0,8,00,00,00,00,00,00,00,00
24368,1,206,0,0,8,00,00,00,00,00,00,00,00
24368,1,202,0,0,8,E2,1C,00,00,33,99,05,00
24378,0,300,0,0,8,00,5A,00,5A,00,00,00,00
24378,1,405,0,0,6,B1,01,00,00,00,00
24388,1,666,0,0,8,52,08,05,00,52,95,36,02
24398,0,301,0,0,3,E2,00,00
24398,0,300,0,0,8,00,5A,00,5A,00,00,00,11
24408,1,401,0,0,8,35,9C,00,00,47,00,00,00
24418,1,665,0,0,8,00,00,00,53,4C,18,53,00
24448,1,200,0,0,8,4E,00,F8,AB,07,00,02,00
24448,0,301,0,0,3,B3,01,00
24448,0,404,0,0,2,B1,01
24448,1,400,0,0,8,01,00,0C,00,00,00,00,00
24468,1,201,0,0,5,00,00,00,00,00
24488,1,203,0,0,8,00,00,00,00,00,00,00,00
24498,0,300,0,0,8,00,5A,00,5A,00,00,00,22
24498,0,301,0,0,3,6B,02,00
24508,1,206,0,0,8,00,00,00,00,00,00,00,00
24518,1,405,0,0,6,B1,01,00,00,00,00
24548,1,401,0,0,8,35,9C,00,00,47,00,00,00
24548,0,300,0,0,8,00,5A,00,5A,00,00,00,33
24548,0,301,0,0,3,96,03,00
24568,1,400,0,0,8,01,00,0C,00,00,00,00,00
24588,1,201,0,0,5,00,00,00,00,00
24598,0,300,0,0,8,00,5A,00,5A,00,00,00,44
24598,0,301,0,0,3,03,04,00
24608,1,203,0,0,8,00,00,00,00,00,00,00,00
24618,1,206,0,0,8,00,00,00,00,00,00,00,00
24648,1,401,0,0,8,35,9C,00,00,47,00,00,00
24648,1,400,0,0,8,01,00,0C,00,00,00,00,00
24648,0,300,0,0,8,00,5A,00,5A,00,00,00,55
24648,0,301,0,0,3,54,05,00
24668,1,201,0,0,5,00,00,00,00,00
24688,1,203,0,0,8,00,00,00,00,00,00,00,00
24698,0,300,0,0,8,00,5A,00,5A,00,00,00,66
24698,0,301,0,0,3,F5,06,00
24708,1,206,0,0,8,00,00,00,00,00,00,00,00
24718,1,403,0,0,8,64,00,00,00,40,E3,09,00
24748,1,401,0,0,8,37,9C,00,00,47,00,00,00
24748,0,300,0,0,8,00,5A,00,5A,00,00,00,77
24748,0,301,0,0,3,B8,07,00
24768,1,400,0,0,8,01,00,0C,00,00,00,00,00
24788,1,201,0,0,5,00,00,00,00,00
24798,0,300,0,0,8,00,5A,00,5A,00,00,00,88
24798,0,301,0,0,3,80,08,00
24808,1,203,0,0,8,00,00,00,00,00,00,00,00
24818,1,206,0,0,8,00,00,00,00,00,00,00,00
24848,1,401,0,0,8,37,9C,00,00,47,00,00,00
24848,0,300,0,0,8,00,5A,00,5A,00,00,00,99
24848,0,301,0,0,3,88,09,00
24868,1,400,0,0,8,01,00,0C,00,00,00,00,00
24888,1,201,0,0,5,00,00,00,00,00
24898,0,300,0,0,8,00,5A,00,5A,00,00,00,AA
24898,0,301,0,0,3,C6,0A,00
24908,1,203,0,0,8,00,00,00,00,00,00,00,00
24918,1,206,0,0,8,00,00,00,00,00,00,00,00
24948,1,401,0,0,8,37,9C,00,00,47,00,00,00
24948,0,300,0,0,8,00,5A,00,5A,00,00,00,BB
24948,0,301,0,0,3,43,0B,00
24968,1,400,0,0,8,01,00,0C,00,00,00,00,00
24988,1,201,0,0,5,00,00,00,00,00
24998,0,300,0,0,8,00,5A,00,5A,00,00,00,CC
24998,0,301,0,0,3,B5,0C,00
25008,1,203,0,0,8,00,00,00,00,00,00,00,00
25018,1,206,0,0,8,00,00,00,00,00,00,00,00
25048,1,401,0,0,8,37,9C,00,00,46,00,00,00
25048,0,300,0,0,8,00,5A,00,5A,00,00,00,DD
25048,0,301,0,0,3,4E,0D,00
25068,1,400,0,0,8,01,00,0C,00,00,00,00,00
25088,1,201,0,0,5,00,00,00,00,00
25098,0,300,0,0,8,00,5A,00,5A,00,00,00,EE
25098,0,301,0,0,3,1D,0E,00
25108,1,203,0,0,8,00,00,00,00,00,00,00,00
25118,1,206,0,0,8,00,00,00,00,00,00,00,00
25148,1,401,0,0,8,37,9C,00,00,46,00,00,00
25148,0,300,0,0,8,00,5A,00,5A,00,00,00,FF
25148,0,301,0,0,3,E8,0F,00
25148,1,400,0,0,8,01,00,0C,00,00,00,00,00
25168,1,201,0,0,5,00,00,00,00,00
25188,1,203,0,0,8,00,00,00,00,00,00,00,00
25198,0,300,0,0,8,00,5A,00,5A,00,00,00,00
25198,0,301,0,0,3,E2,00,00
25208,1,206,0,0,8,00,00,00,00,00,00,00,00
25218,1,402,0,0,8,4E,00,00,00,F8,AB,07,00
25248,1,401,0,0,8,37,9C,00,00,46,00,00,00
25248,0,300,0,0,8,00,5A,00,5A,00,00,00,11
25248,0,301,0,0,3,B3,01,00
25268,1,400,0,0,8,01,00,0C,00,00,00,00,00
25288,1,201,0,0,5,00,00,00,00,00
25298,0,300,0,0,8,00,5A,00,5A,00,00,00,22
25298,0,301,0,0,3,6B,02,00
25308,1,203,0,0,8,00,00,00,00,00,00,00,00
25318,1,206,0,0,8,00,00,00,00,00,00,00,00
25338,1,401,0,0,8,37,9C,00,00,46,00,00,00
25348,1,400,0,0,8,01,00,0C,00,00,00,00,00
25348,1,201,0,0,5,00,00,00,00,00
25348,0,300,0,0,8,00,5A,00,5A,00,00,00,33
25348,0,301,0,0,3,96,03,00
25368,1,203,0,0,8,00,00,00,00,00,00,00,00
25388,1,204,0,0,8,00,00,00,00,00,00,00,00
25398,0,300,0,0,8,00,5A,00,5A,00,00,00,44
25398,0,301,0,0,3,03,04,00
25408,1,206,0,0,8,00,00,00,00,00,00,00,00
25418,1,202,0,0,8,E2,1C,00,00,33,99,05,00
25448,1,401,0,0,8,37,9C,00,00,46,00,00,00
25448,0,300,0,0,8,00,5A,00,5A,00,00,00,55
25448,0,301,0,0,3,54,05,00
25468,1,400,0,0,8,01,00,0C,00,00,00,00,00
25488,1,201,0,0,5,00,00,00,00,00
25498,0,300,0,0,8,00,5A,00,5A,00,00,00,66
25498,0,301,0,0,3,F5,06,00
25508,1,203,0,0,8,00,00,00,00,00,00,00,00
25518,1,206,0,0,8,00,00,00,00,00,00,00,00
25548,1,401,0,0,8,37,9C,00,00,46,00,00,00
25548,0,300,0,0,8,00,5A,00,5A,00,00,00,77
25548,0,301,0,0,3,B8,07,00
25568,1,400,0,0,8,01,00,0C,00,00,00,00,00
25588,1,201,0,0,5,00,00,00,00,00
25598,0,300,0,0,8,00,5A,00,5A,00,00,00,88
25598,0,301,0,0,3,80,08,00
25608,1,203,0,0,8,00,00,00,00,00,00,00,00
25618,1,206,0,0,8,00,00,00,00,00,00,00,00
25648,1,401,0,0,8,37,9C,00,00,46,00,00,00
25648,0,300,0,0,8,00,5A,00,5A,00,00,00,99
25648,0,301,0,0,3,88,09,00
25648,1,400,0,0,8,01,00,0C,00,00,00,00,00
25668,1,201,0,0,5,00,00,00,00,00
25688,1,203,0,0,8,00,00,00,00,00,00,00,00
25698,0,300,0,0,8,00,5A,00,5A,00,00,00,AA
25698,0,301,0,0,3,C6,0A,00
25708,1,206,0,0,8,00,00,00,00,00,00,00,00
25718,1,403,0,0,8,64,00,00,00,40,E3,09,00
25748,1,401,0,0,8,37,9C,00,00,46,00,00,00
25748,0,300,0,0,8,00,5A,00,5A,00,00,00,BB
25748,0,301,0,0,3,43,0B,00
25768,1,400,0,0,8,01,00,0C,00,00,00,00,00
25788,1,201,0,0,5,00,00,00,00,00
25798,0,300,0,0,8,00,5A,00,5A,00,00,00,CC
25798,0,301,0,0,3,B5,0C,00
25808,1,203,0,0,8,00,00,00,00,00,00,00,00
25818,1,206,0,0,8,00,00,00,00,00,00,00,00
25848,1,401,0,0,8,37,9C,00,00,46,00,00,00
25848,0,300,0,0,8,00,5A,00,5A,00,00,00,DD
25848,0,301,0,0,3,4E,0D,00
25868,1,400,0,0,8,01,00,0C,00,00,00,00,00
25888,1,201,0,0,5,00,00,00,00,00
25898,0,300,0,0,8,00,5A,00,5A,00,00,00,EE
25898,0,301,0,0,3,1D,0E,00
25908,1,203,0,0,8,00,00,00,00,00,00,00,00
25918,1,206,0,0,8,00,00,00,00,00,00,00,00
25948,1,401,0,0,8,37,9C,00,00,46,00,00,00
25948,0,300,0,0,8,00,5A,00,5A,00,00,00,FF
25948,0,301,0,0,3,E8,0F,00
25968,1,400,0,0,8,01,00,0C,00,00,00,00,00
25988,1,201,0,0,5,00,00,00,00,00
25998,0,300,0,0,8,00,5A,00,5A,00,00,00,00
25998,0,301,0,0,3,E2,00,00
26008,1,203,0,0,8,00,00,00,00,00,00,00,00
26018,1,206,0,0,8,00,00,00,00,00,00,00,00
26048,1,401,0,0,8,37,9C,00,00,46,00,00,00
26048,0,300,0,0,8,00,5A,00,5A,00,00,00,11
26048,0,301,0,0,3,B3,01,00
26068,1,400,0,0,8,01,00,0C,00,00,00,00,00
26088,1,201,0,0,5,00,00,00,00,00
26098,0,300,0,0,8,00,5A,00,5A,00,00,00,22
26098,0,301,0,0,3,6B,02,00
26108,1,203,0,0,8,00,00,00,00,00,00,00,00
26118,1,206,0,0,8,00,00,00,00,00,00,00,00
26148,1,401,0,0,8,37,9C,00,00,46,00,00,00
26148,0,300,0,0,8,00,5A,00,5A,00,00,00,33
26148,0,301,0,0,3,96,03,00
26148,1,400,0,0,8,01,00,0C,00,00,00,00,00
26168,1,201,0,0,5,00,00,00,00,00
26198,1,203,0,0,8,00,00,00,00,00,00,00,00
26198,0,300,0,0,8,00,5A,00,5A,00,00,00,44
26198,0,301,0,0,3,03,04,00
26208,1,206,0,0,8,00,00,00,00,00,00,00,00
26218,1,402,0,0,8,4E,00,00,00,F8,AB,07,00
26248,1,401,0,0,8,39,9C,00,00,46,00,00,00
26248,0,300,0,0,8,00,5A,00,5A,00,00,00,55
26248,0,301,0,0,3,54,05,00
26278,1,400,0,0,8,01,00,0C,00,00,00,00,00
26298,1,201,0,0,5,00,00,00,00,00
26298,0,300,0,0,8,00,5A,00,5A,00,00,00,66
26298,0,301,0,0,3,F5,06,00
26308,1,203,0,0,8,00,00,00,00,00,00,00,00
26318,1,206,0,0,8,00,00,00,00,00,00,00,00
26338,1,401,0,0,8,39,9C,00,00,47,00,00,00
26348,1,400,0,0,8,01,00,0C,00,00,00,00,00
26348,1,201,0,0,5,00,00,00,00,00
26348,0,300,0,0,8,00,5A,00,5A,00,00,00,77
26348,0,301,0,0,3,B8,07,00
26378,1,203,0,0,8,00,00,00,00,00,00,00,00
26398,1,204,0,0,8,00,00,00,00,00,00,00,00
26398,0,300,0,0,8,00,5A,00,5A,00,00,00,88
26398,0,301,0,0,3,80,08,00
26408,1,206,0,0,8,00,00,00,00,00,00,00,00
26418,1,202,0,0,8,E2,1D,00,00,33,99,05,00
26448,1,401,0,0,8,39,9C,00,00,47,00,00,00
26448,0,300,0,0,8,00,5A,00,5A,00,00,00,99
26448,0,301,0,0,3,88,09,00
26478,1,400,0,0,8,01,00,0C,00,00,00,00,00
26498,1,201,0,0,5,00,00,00,00,00
26498,0,300,0,0,8,00,5A,00,5A,00,00,00,AA
26498,0,301,0,0,3,C6,0A,00
26508,1,203,0,0,8,00,00,00,00,00,00,00,00
26518,1,206,0,0,8,00,00,00,00,00,00,00,00
26548,1,401,0,0,8,39,9C,00,00,46,00,00,00
26548,0,300,0,0,8,00,5A,00,5A,00,00,00,BB
26548,0,301,0,0,3,43,0B,00
26578,1,400,0,0,8,01,00,0C,00,00,00,00,00
26598,1,201,0,0,5,00,00,00,00,00
26598,0,300,0,0,8,00,5A,00,5A,00,00,00,CC
26598,0,301,0,0,3,B5,0C,00
26608,1,203,0,0,8,00,00,00,00,00,00,00,00
26618,1,206,0,0,8,00,00,00,00,00,00,00,00
26648,1,401,0,0,8,39,9C,00,00,46,00,00,00
26648,0,300,0,0,8,00,5A,00,5A,00,00,00,DD
26648,0,301,0,0,3,4E,0D,00
26658,1,400,0,0,8,01,00,0C,00,00,00,00,00
26678,1,201,0,0,5,00,00,00,00,00
26698,1,203,0,0,8,00,00,00,00,00,00,00,00
26698,0,300,0,0,8,00,5A,00,5A,00,00,00,EE
26698,0,301,0,0,3,1D,0E,00
26708,1,206,0,0,8,00,00,00,00,00,00,00,00
26718,1,403,0,0,8,64,00,00,00,40,E3,09,00
26748,1,401,0,0,8,39,9C,00,00,46,00,00,00
26748,0,300,0,0,8,00,5A,00,5A,00,00,00,FF
26748,0,301,0,0,3,E8,0F,00
26778,1,400,0,0,8,01,00,0C,00,00,00,00,00
26798,1,201,0,0,5,00,00,00,00,00
26798,0,300,0,0,8,00,5A,00,5A,00,00,00,00
26798,0,301,0,0,3,E2,00,00
26808,1,203,0,0,8,00,00,00,00,00,00,00,00
26818,1,206,0,0,8,00,00,00,00,00,00,00,00
26848,1,401,0,0,8,39,9C,00,00,46,00,00,00
26848,0,300,0,0,8,00,5A,00,5A,00,00,00,11
26848,0,301,0,0,3,B3,01,00
26878,1,400,0,0,8,01,00,0C,00,00,00,00,00
26898,1,201,0,0,5,00,00,00,00,00
26898,0,300,0,0,8,00,5A,00,5A,00,00,00,22
26898,0,301,0,0,3,6B,02,00
26908,1,203,0,0,8,00,00,00,00,00,00,00,00
26918,1,206,0,0,8,00,00,00,00,00,00,00,00
26948,1,401,0,0,8,39,9C,00,00,46,00,00,00
26948,0,300,0,0,8,00,5A,00,5A,00,00,00,33
26948,0,301,0,0,3,96,03,00
26978,1,400,0,0,8,01,00,0C,00,00,00,00,00
26998,1,201,0,0,5,00,00,00,00,00
26998,0,300,0,0,8,00,5A,00,5A,00,00,00,44
26998,0,301,0,0,3,03,04,00
27008,1,203,0,0,8,00,00,00,00,00,00,00,00
27018,1,206,0,0,8,00,00,00,00,00,00,00,00
27048,1,401,0,0,8,39,9C,00,00,46,00,00,00
27048,0,300,0,0,8,00,5A,00,5A,00,00,00,55
27048,0,301,0,0,3,54,05,00
27078,1,400,0,0,8,01,00,0C,00,00,00,00,00
27098,1,201,0,0,5,00,00,00,00,00
27098,0,300,0,0,8,00,5A,00,5A,00,00,00,66
27098,0,301,0,0,3,F5,06,00
27108,1,203,0,0,8,00,00,00,00,00,00,00,00
27118,1,206,0,0,8,00,00,00,00,00,00,00,00
27148,1,401,0,0,8,39,9C,00,00,46,00,00,00
27148,0,300,0,0,8,00,5A,00,5A,00,00,00,77
27148,0,301,0,0,3,B8,07,00
27158,1,400,0,0,8,01,00,0C,00,00,00,00,00
27178,1,201,0,0,5,00,00,00,00,00
27198,1,203,0,0,8,00,00,00,00,00,00,00,00
27198,0,300,0,0,8,00,5A,00,5A,00,00,00,88
27198,0,301,0,0,3,80,08,00
27208,1,206,0,0,8,00,00,00,00,00,00,00,00
27218,1,402,0,0,8,4E,00,00,00,F8,AB,07,00
27248,1,401,0,0,8,39,9C,00,00,46,00,00,00
27248,0,300,0,0,8,00,5A,00,5A,00,00,00,99
27248,0,301,0,0,3,88,09,00
27278,1,400,0,0,8,01,00,0C,00,00,00,00,00
27298,1,201,0,0,5,00,00,00,00,00
27298,0,300,0,0,8,00,5A,00,5A,00,00,00,AA
27298,0,301,0,0,3,C6,0A,00
27308,1,203,0,0,8,00,00,00,00,00,00,00,00
27318,1,206,0,0,8,00,00,00,00,00,00,00,00
27338,1,401,0,0,8,39,9C,00,00,46,00,00,00
27348,1,400,0,0,8,01,00,0C,00,00,00,00,00
27348,1,201,0,0,5,00,00,00,00,00
27348,0,300,0,0,8,00,5A,00,5A,00,00,00,BB
27348,0,301,0,0,3,43,0B,00
27358,1,203,0,0,8,00,00,00,00,00,00,00,00
27368,1,204,0,0,8,00,00,00,00,00,00,00,00
27378,1,206,0,0,8,00,00,00,00,00,00,00,00
27378,1,202,0,0,8,E2,1C,00,00,33,99,05,00
27398,1,666,0,0,8,52,08,05,00,52,95,36,02
27398,0,300,0,0,8,00,5A,00,5A,00,00,00,CC
27398,0,301,0,0,3,B5,0C,00
27408,1,665,0,0,8,00,00,00,53,4C,18,53,00
27418,1,401,0,0,8,39,9C,00,00,46,00,00,00
27448,1,200,0,0,8,4E,00,F8,AB,07,00,00,00
27448,0,300,0,0,8,00,5A,00,5A,00,00,00,DD
27448,0,301,0,0,3,4E,0D,00
27478,1,400,0,0,8,01,00,0C,00,00,00,00,00
27498,1,201,0,0,5,00,00,00,00,00
27498,0,300,0,0,8,00,5A,00,5A,00,00,00,EE
27498,0,301,0,0,3,1D,0E,00
27508,1,203,0,0,8,00,00,00,00,00,00,00,00
27518,1,206,0,0,8,00,00,00,00,00,00,00,00
27548,1,401,0,0,8,39,9C,00,00,46,00,00,00
27548,0,300,0,0,8,00,5A,00,5A,00,00,00,FF
27548,0,301,0,0,3,E8,0F,00
27578,1,400,0,0,8,01,00,0C,00,00,00,00,00
27598,1,201,0,0,5,00,00,00,00,00
27598,0,300,0,0,8,00,5A,00,5A,00,00,00,00
27598,0,301,0,0,3,E2,00,00
27608,1,203,0,0,8,00,00,00,00,00,00,00,00
27618,1,206,0,0,8,00,00,00,00,00,00,00,00
27648,1,401,0,0,8,39,9C,00,00,46,00,00,00
27648,0,300,0,0,8,00,5A,00,5A,00,00,00,11
27648,0,301,0,0,3,B3,01,00
27658,1,400,0,0,8,01,00,0C,00,00,00,00,00
27678,1,201,0,0,5,00,00,00,00,00
27698,1,203,0,0,8,00,00,00,00,00,00,00,00
27698,0,300,0,0,8,00,5A,00,5A,00,00,00,22
27698,0,301,0,0,3,6B,02,00
27708,1,206,0,0,8,00,00,00,00,00,00,00,00
27718,1,403,0,0,8,64,00,00,00,40,E3,09,00
27748,1,401,0,0,8,37,9C,00,00,46,00,00,00
27748,0,300,0,0,8,00,5A,00,5A,00,00,00,33
27748,0,301,0,0,3,96,03,00
27778,1,400,0,0,8,01,00,0C,00,00,00,00,00
27798,1,201,0,0,5,00,00,00,00,00
27798,0,300,0,0,8,00,5A,00,5A,00,00,00,44
27798,0,301,0,0,3,03,04,00
27808,1,203,0,0,8,00,00,00,00,00,00,00,00
27818,1,206,0,0,8,00,00,00,00,00,00,00,00
27848,1,401,0,0,8,37,9C,00,00,46,00,00,00
27848,0,300,0,0,8,00,5A,00,5A,00,00,00,55
27848,0,301,0,0,3,54,05,00
27878,1,400,0,0,8,01,00,0C,00,00,00,00,00
27898,1,201,0,0,5,00,00,00,00,00
27898,0,300,0,0,8,00,5A,00,5A,00,00,00,66
27898,0,301,0,0,3,F5,06,00
27908,1,203,0,0,8,00,00,00,00,00,00,00,00
27918,1,206,0,0,8,00,00,00,00,00,00,00,00
27948,1,401,0,0,8,37,9C,00,00,46,00,00,00
27948,0,300,0,0,8,00,5A,00,5A,00,00,00,77
27948,0,301,0,0,3,B8,07,00
27948,0,300,0,0,8,00,5A,00,5A,00,00,00,88
27978,1,400,0,0,8,01,00,0C,00,00,00,00,00
27998,1,201,0,0,5,00,00,00,00,00
27998,0,301,0,0,3,80,08,00
27998,0,404,0,0,2,4A,00
27998,1,203,0,0,8,00,00,00,00,00,00,00,00
28008,1,206,0,0,8,00,00,00,00,00,00,00,00
28018,1,401,0,0,8,37,9C,00,00,46,00,00,00
28048,1,400,0,0,8,01,00,0C,00,00,00,00,00
28048,0,300,0,0,8,00,5A,00,5A,00,00,00,99
28048,0,301,0,0,3,88,09,00
28068,0,300,0,0,8,00,5A,00,5A,00,00,00,AA
28078,1,405,0,0,8,4A,00,00,00,06,00,00,00
28098,1,201,0,0,5,00,00,00,00,00
28098,0,301,0,0,3,C6,0A,00
28098,0,300,0,0,8,00,5A,00,5A,00,00,00,BB
28098,0,301,0,0,3,43,0B,00
28108,1,203,0,0,8,00,00,00,00,00,00,00,00
28118,1,206,0,0,8,00,00,00,00,00,00,00,00
28148,1,401,0,0,8,37,9C,00,00,46,00,00,00
28148,0,404,0,0,2,4A,00
28148,0,300,0,0,8,00,5A,00,5A,00,00,00,CC
28148,1,400,0,0,8,01,00,0C,00,00,00,00,00
28158,1,201,0,0,5,00,00,00,00,00
28178,1,203,0,0,8,00,00,00,00,00,00,00,00
28198,1,206,0,0,8,00,00,00,00,00,00,00,00
28198,0,301,0,0,3,B5,0C,00
28198,0,404,0,0,2,02,30
28198,1,405,0,0,8,4A,00,00,00,06,00,00,00
28208,1,402,0,0,8,4E,00,00,00,F8,AB,07,00
28218,0,300,0,0,8,00,5A,00,5A,00,00,00,DD
28218,1,401,0,0,8,39,9C,00,00,46,00,00,00
28248,1,400,0,0,8,01,00,0C,00,00,00,00,00
28248,0,301,0,0,3,4E,0D,00
28248,0,300,0,0,8,00,5A,00,5A,00,00,00,EE
28278,1,405,0,0,7,02,48,00,00,00,00,00
28288,0,301,0,0,3,1D,0E,00
28298,1,201,0,0,5,00,00,00,00,00
28298,0,404,0,0,2,02,30
28298,0,300,0,0,8,00,5A,00,5A,00,00,00,FF
28298,1,203,0,0,8,00,00,00,00,00,00,00,00
28308,1,206,0,0,8,00,00,00,00,00,00,00,00
28318,1,401,0,0,8,39,9C,00,00,45,00,00,00
28338,1,400,0,0,8,01,00,0C,00,00,00,00,00
28348,1,405,0,0,7,02,48,00,00,00,00,00
28348,1,201,0,0,5,00,00,00,00,00
28348,0,301,0,0,3,E8,0F,00
28348,0,404,0,0,2,44,00
28348,1,203,0,0,8,00,00,00,00,00,00,00,00
28378,1,204,0,0,8,00,00,00,00,00,00,00,00
28398,1,206,0,0,8,00,00,00,00,00,00,00,00
28398,0,300,0,0,8,00,5A,00,5A,00,00,00,00
28398,0,301,0,0,3,E2,00,00
28408,1,202,0,0,8,E2,1D,00,00,33,99,05,00
28418,0,300,0,0,8,00,5A,00,5A,00,00,00,11
28418,1,405,0,0,6,44,00,00,00,50,46
28438,0,301,0,0,3,B3,01,00
28448,1,401,0,0,8,39,9C,00,00,45,00,00,00
28448,0,300,0,0,8,00,5A,00,5A,00,00,00,22
28448,0,301,0,0,3,6B,02,00
28478,1,400,0,0,8,01,00,0C,00,00,00,00,00
28498,1,201,0,0,5,00,00,00,00,00
28498,0,404,0,0,2,44,00
28498,0,404,0,0,2,01,00
28498,1,203,0,0,8,00,00,00,00,00,00,00,00
28498,1,206,0,0,8,00,00,00,00,00,00,00,00
28508,1,401,0,0,8,37,9C,00,00,46,00,00,00
28518,1,400,0,0,8,01,00,0C,00,00,00,00,00
28548,1,405,0,0,6,44,00,00,00,50,46
28548,0,300,0,0,8,00,5A,00,5A,00,00,00,33
28548,0,301,0,0,3,96,03,00
28568,0,300,0,0,8,00,5A,00,5A,00,00,00,44
28578,1,405,0,0,8,01,00,00,00,00,04,06,04
28598,0,301,0,0,3,03,04,00
28598,1,201,0,0,5,00,00,00,00,00
28598,0,300,0,0,8,00,5A,00,5A,00,00,00,55
28598,0,301,0,0,3,54,05,00
28608,1,203,0,0,8,00,00,00,00,00,00,00,00
28618,1,206,0,0,8,00,00,00,00,00,00,00,00
28648,1,401,0,0,8,37,9C,00,00,46,00,00,00
28648,0,404,0,0,2,01,00
28648,0,404,0,0,2,A3,01
28648,1,400,0,0,8,01,00,0C,00,00,00,00,00
28648,1,201,0,0,5,00,00,00,00,00
28658,1,203,0,0,8,00,00,00,00,00,00,00,00
28678,1,206,0,0,8,00,00,00,00,00,00,00,00
28698,1,405,0,0,8,01,00,00,00,00,04,06,04
28698,0,300,0,0,8,00,5A,00,5A,00,00,00,66
28698,0,301,0,0,3,F5,06,00
28708,1,405,0,0,5,A3,01,00,00,06
28718,1,403,0,0,8,64,00,00,00,40,E3,09,00
28728,0,300,0,0,8,03,5A,00,5A,32,00,32,77
28748,1,401,0,0,8,39,9C,00,00,46,00,00,00
28748,0,301,0,0,3,B8,07,00
28748,0,300,0,0,8,03,5A,00,5A,32,00,32,B8
28778,1,400,0,0,8,01,00,0C,00,00,00,00,00
28798,1,201,0,0,5,00,00,00,00,00
28798,0,301,0,0,3,80,08,00
28798,0,404,0,0,2,A3,01
28798,1,203,0,0,8,00,00,00,00,00,00,00,00
28808,1,206,0,0,8,00,00,00,00,00,00,00,00
28818,1,401,0,0,8,39,9C,00,00,46,00,00,00
28848,1,400,0,0,8,01,00,0C,00,00,00,00,00
28848,0,300,0,0,8,03,5A,00,5A,32,00,32,B9
28848,0,301,0,0,3,88,09,00
28848,0,300,0,0,8,03,5A,00,5A,32,00,32,BA
28878,1,405,0,0,5,A3,01,00,00,06
28898,1,201,0,0,5,00,00,00,00,60
28898,0,301,0,0,3,C6,0A,00
28898,0,404,0,0,2,A3,01
28898,1,203,0,0,8,00,00,00,00,00,00,00,00
28908,0,300,0,0,8,03,5A,00,5A,32,00,32,BB
28908,1,206,0,0,8,00,00,00,00,00,00,00,00
28918,1,401,0,0,8,39,9C,00,00,46,00,00,00
28948,1,400,0,0,8,01,00,0C,00,00,00,00,00
28948,0,301,0,0,3,43,0B,00
28948,0,300,0,0,8,03,5A,00,5A,32,00,32,FC
28978,1,405,0,0,5,A3,01,00,00,06
28998,1,201,0,0,5,00,00,00,00,60
28998,0,301,0,0,3,B5,0C,00
28998,0,404,0,0,2,20,00
28998,1,203,0,0,8,00,00,00,00,00,00,00,00
29008,1,206,0,0,8,00,00,00,00,00,00,00,00
29018,1,401,0,0,8,39,9C,00,00,47,00,00,00
29038,0,300,0,0,8,03,5A,00,5A,32,00,32,FD
29048,1,400,0,0,8,01,00,0C,00,00,00,00,00
29048,0,301,0,0,3,4E,0D,00
29048,0,300,0,0,8,03,5A,00,5A,32,00,32,FE
29078,1,405,0,0,8,20,00,00,00,32,33,36,47
29098,0,301,0,0,3,1D,0E,00
29098,0,404,0,0,2,20,00
29098,1,201,0,0,5,00,00,00,00,60
29098,0,300,0,0,8,03,5A,00,5A,32,00,32,FF
29098,1,203,0,0,8,00,00,00,00,00,00,00,00
29108,1,206,0,0,8,00,00,00,00,00,00,00,00
29118,1,401,0,0,8,39,9C,00,00,47,00,00,00
29148,1,400,0,0,8,01,00,0C,00,00,00,00,00
29148,0,301,0,0,3,E8,0F,00
29148,0,404,0,0,2,21,00
29148,1,405,0,0,8,20,00,00,00,32,33,36,47
29158,1,201,0,0,5,00,00,00,00,60
29178,1,203,0,0,8,00,00,00,00,00,00,00,00
29198,0,300,0,0,8,03,5A,00,5A,32,00,32,30
29198,0,301,0,0,3,E2,00,00
29198,1,206,0,0,8,00,00,00,00,00,00,00,00
29208,1,405,0,0,8,21,00,00,00,35,4C,41,31
29218,0,300,0,0,8,03,5A,64,5A,32,00,32,71
29218,1,402,0,0,8,4E,00,00,00,F8,AB,07,00
29248,1,401,0,0,8,37,9C,00,00,47,00,00,00
29248,0,301,0,0,3,B3,01,00
29248,0,300,0,0,8,03,5A,64,5A,32,00,32,72
29278,1,400,0,0,8,01,00,0C,00,00,00,00,00
29298,0,301,0,0,3,6B,02,00
29298,0,404,0,0,2,21,00
29298,1,201,0,0,5,00,00,00,00,60
29298,1,203,0,0,8,00,00,00,00,00,00,00,00
29308,1,206,0,0,8,00,00,00,00,00,00,00,00
29318,1,401,0,0,8,37,9C,00,00,47,00,00,00
29338,1,400,0,0,8,01,00,0C,00,00,00,00,00
29348,1,405,0,0,8,21,00,00,00,35,4C,41,31
29348,1,201,0,0,5,00,00,00,00,60
29348,0,300,0,0,8,03,5A,64,5A,32,00,32,73
29348,0,301,0,0,3,96,03,00
29348,0,300,0,0,8,03,5A,64,5A,32,00,32,34
29378,0,301,0,0,3,03,04,00
29378,1,203,0,0,8,00,00,00,00,00,00,00,00
29398,0,300,0,0,8,03,5A,64,5A,32,00,32,35
29398,0,301,0,0,3,54,05,00
29398,1,204,0,0,8,00,00,00,00,00,00,00,00
29408,1,206,0,0,8,00,00,00,00,00,00,00,00
29418,1,202,0,0,8,E2,1C,00,00,33,99,05,00
29448,1,401,0,0,8,37,9C,00,00,47,00,00,00
29448,0,404,0,0,2,21,00
29448,0,404,0,0,2,22,00
29448,1,400,0,0,8,01,00,0C,00,00,00,00,00
29448,1,201,0,0,5,00,00,00,00,62
29478,1,203,0,0,8,00,00,00,00,00,00,00,00
29498,0,300,0,0,8,03,5A,64,5A,32,00,32,36
29498,0,301,0,0,3,F5,06,00
29498,1,206,0,0,8,00,00,00,00,00,00,00,00
29508,0,300,0,0,8,03,5A,64,5A,32,00,32,37
29508,1,405,0,0,8,21,00,00,00,35,4C,41,31
29578,1,400,0,0,8,01,00,0C,00,00,00,00,00
29698,0,300,0,0,8,03,5A,64,5A,32,00,32,FB
29698,1,203,0,0,8,00,00,00,00,00,00,00,00
29708,1,206,0,0,8,00,00,00,00,00,00,00,00
29718,1,403,0,0,8,64,00,00,00,40,E3,09,00
29748,1,401,0,0,8,39,9C,00,00,46,00,00,00
29748,0,301,0,0,3,43,0B,00
29748,0,404,0,0,2,23,00
29748,1,400,0,0,8,01,00,0C,00,00,00,00,00
29778,1,201,0,0,5,00,00,00,00,62
29788,0,300,0,0,8,03,5A,64,5A,32,00,32,BC
29798,0,301,0,0,3,B5,0C,00
29798,0,300,0,0,8,03,5A,64,5A,32,00,32,BD
29798,1,203,0,0,8,00,00,00,00,00,00,00,00
29808,1,206,0,0,8,00,00,00,00,00,00,00,00
29848,0,300,0,0,8,03,5A,64,5A,32,00,32,BE
29848,1,400,0,0,8,01,00,0C,00,00,00,00,00
29878,1,201,0,0,5,00,00,00,00,62
29898,0,301,0,0,3,1D,0E,00
29898,0,404,0,0,2,24,00
29898,1,203,0,0,8,00,00,00,00,00,00,00,00
29898,1,206,0,0,8,00,00,00,00,00,00,00,00
29908,1,405,0,0,8,23,00,00,00,4D,30,30,30
29918,1,401,0,0,8,39,9C,00,00,47,00,00,00
29948,1,405,0,0,8,24,00,00,00,30,30,30,30
29948,0,300,0,0,8,03,5A,64,5A,32,00,32,BF
29948,0,301,0,0,3,E8,0F,00
29978,0,300,0,0,8,03,5A,64,5A,32,00,32,70
29978,1,400,0,0,8,01,00,0C,00,00,00,00,00
29998,0,301,0,0,3,E2,00,00
29998,0,300,0,0,8,03,5A,64,5A,32,00,32,71
29998,1,201,0,0,5,00,00,00,00,62
30008,1,203,0,0,8,00,00,00,00,00,00,00,00
30098,0,300,0,0,8,03,5A,64,5A,32,00,32,72
30148,1,401,0,0,8,37,9C,00,00,47,00,00,00
30198,0,404,0,0,2,25,00
30248,0,300,0,0,8,03,5A,64,5A,32,00,32,35
30308,1,203,0,0,8,00,00,00,00,00,00,00,00
30348,1,203,0,0,8,00,00,00,00,00,00,00,00
30398,0,301,0,0,3,80,08,00
30448,0,404,0,0,2,25,00
30508,1,206,0,0,8,00,00,00,00,00,00,00,00
30568,0,301,0,0,3,B5,0C,00
30618,1,401,0,0,8,37,9C,00,00,47,00,00,00
30688,0,300,0,0,8,03,5A,64,5A,32,00,32,BE
30718,1,403,0,0,8,64,00,00,00,40,E3,09,00
30798,0,404,0,0,2,4C,00
30878,0,301,0,0,3,6B,02,00
30888,1,400,0,0,8,01,00,0C,00,00,00,00,00
30948,1,400,0,0,8,01,00,0C,00,00,00,00,00
31038,0,301,0,0,3,54,05,00
31108,1,206,0,0,8,00,00,00,00,00,00,00,00
31198,0,301,0,0,3,80,08,00
31288,0,300,0,0,8,03,5A,64,5A,32,00,32,FA
31348,0,301,0,0,3,43,0B,00
31398,1,206,0,0,8,00,00,00,00,00,00,00,00
31488,1,400,0,0,8,01,00,0C,00,00,00,00,00
31548,1,400,0,0,8,01,00,0C,00,00,00,00,00
31628,0,301,0,0,3,B3,01,00
31798,0,301,0,0,3,03,04,00
31908,1,203,0,0,8,00,00,00,00,00,00,00,00
32048,0,300,0,0,8,03,5A,64,5A,32,00,32,F9
32198,0,301,0,0,3,B5,0C,00
32338,1,405,0,0,7,04,0,00,00,16,09,02
32448,0,301,0,0,3,B3,01,00
32608,1,206,0,0,8,00,00,00,00,00,00,00,00
32748,0,300,0,0,8,03,5A,64,5A,32,00,32,F8
32928,1,401,0,0,8,39,9C,00,00,47,00,00,00
33198,0,300,0,0,8,03,5A,64,5A,32,00,32,70
33588,1,400,0,0,8,01,00,0C,00,00,00,00,00
33948,1,401,0,0,8,37,9C,00,00,47,00,00,00
34328,1,206,0,0,8,00,00,00,00,00,00,00,00
34898,1,201,0,0,5,00,00,00,00,62
35748,1,401,0,0,8,39,9C,00,00,47,00,00,00
36298,1,400,0,0,8,01,00,0C,00,00,00,00,00
37398,1,203,0,0,8,00,00,00,00,00,00,00,00
37848,0,300,0,0,8,03,5A,64,5A,32,00,32,BD
38148,0,300,0,0,8,03,5A,64,5A,32,00,32,73
38408,1,204,0,0,8,00,00,00,00,00,00,00,00
38708,1,400,0,0,8,01,00,0C,00,00,00,00,00
39098,0,300,0,0,8,03,5A,64,5A,32,00,32,36
39098,0,301,0,0,3,F5,06,00
39348,0,300,0,0,8,03,5A,64,5A,32,00,32,FB
39618,1,203,0,0,8,00,00,00,00,00,00,00,00
39908,1,201,0,0,5,00,00,00,00,62
40198,0,300,0,0,8,03,5A,64,5A,32,00,32,BC
40448,0,300,0,0,8,03,5A,64,5A,32,00,32,71
40728,1,403,0,0,8,64,00,00,00,40,E3,09,00
41348,0,300,0,0,8,03,5A,64,5A,32,00,32,73
42018,1,203,0,0,8,00,00,00,00,00,00,00,00
42898,0,300,0,0,8,03,5A,64,5A,32,00,32,72
42898,0,301,0,0,3,6B,02,00
43518,1,203,0,0,8,00,00,00,00,00,00,00,00
44148,1,201,0,0,5,00,00,00,00,62
44698,0,301,0,0,3,F5,06,00
44718,1,400,0,0,8,01,00,0C,00,00,00,00,00
44718,1,206,0,0,8,00,00,00,00,00,00,00,00
44728,1,405,0,0,8,4A,00,00,00,06,00,00,00
44738,1,403,0,0,8,64,00,00,00,40,E3,09,00
44748,1,201,0,0,5,00,00,00,00,62
44748,0,300,0,0,8,03,5A,64,5A,32,00,32,37
44748,0,301,0,0,3,B8,07,00
44798,0,300,0,0,8,03,5A,64,5A,32,00,32,F8
44798,0,301,0,0,3,80,08,00
44818,1,401,0,0,8,37,9C,00,00,46,00,00,00
44818,1,203,0,0,8,00,00,00,00,00,00,00,00
44828,1,400,0,0,8,01,00,0C,00,00,00,00,00
44838,1,206,0,0,8,00,00,00,00,00,00,00,00
44848,1,201,0,0,5,00,00,00,00,62
44848,0,300,0,0,8,03,5A,64,5A,32,00,32,F9
44848,0,301,0,0,3,88,09,00
44898,0,300,0,0,8,03,5A,64,5A,32,00,32,FA
44898,0,301,0,0,3,C6,0A,00
44918,1,401,0,0,8,37,9C,00,00,46,00,00,00
44918,1,203,0,0,8,00,00,00,00,00,00,00,00
44928,1,400,0,0,8,01,00,0C,00,00,00,00,00
44938,1,206,0,0,8,00,00,00,00,00,00,00,00
44948,1,201,0,0,5,00,00,00,00,62
44948,0,300,0,0,8,03,5A,64,5A,32,00,32,FB
44948,0,301,0,0,3,43,0B,00
44998,0,300,0,0,8,03,5A,64,5A,32,00,32,BC
44998,0,301,0,0,3,B5,0C,00
45018,1,401,0,0,8,37,9C,00,00,46,00,00,00
45018,1,203,0,0,8,00,00,00,00,00,00,00,00
45028,1,400,0,0,8,01,00,0C,00,00,00,00,00
45038,1,206,0,0,8,00,00,00,00,00,00,00,00
45048,1,201,0,0,5,00,00,00,00,62
45048,0,300,0,0,8,03,5A,64,5A,32,00,32,BD
45048,0,301,0,0,3,4E,0D,00
45098,0,300,0,0,8,03,5A,64,5A,32,00,32,BE
45098,0,301,0,0,3,1D,0E,00
45118,1,401,0,0,8,39,9C,00,00,47,00,00,00
45118,1,203,0,0,8,00,00,00,00,00,00,00,00
45128,1,400,0,0,8,01,00,0C,00,00,00,00,00
45138,1,206,0,0,8,00,00,00,00,00,00,00,00
45148,1,201,0,0,5,00,00,00,00,62
45148,0,300,0,0,8,03,5A,64,5A,32,00,32,BF
45148,0,301,0,0,3,E8,0F,00
45198,1,401,0,0,8,39,9C,00,00,47,00,00,00
45198,0,300,0,0,8,03,5A,64,5A,32,00,32,70
45198,0,301,0,0,3,E2,00,00
45218,1,203,0,0,8,00,00,00,00,00,00,00,00
45218,1,400,0,0,8,01,00,0C,00,00,00,00,00
45228,1,206,0,0,8,00,00,00,00,00,00,00,00
45238,1,402,0,0,8,4E,00,00,00,F8,AB,07,00
45248,1,201,0,0,5,00,00,00,00,62
45248,0,300,0,0,8,03,5A,64,5A,32,00,32,71
45248,0,301,0,0,3,B3,01,00
45298,0,300,0,0,8,03,5A,64,5A,32,00,32,72
45298,0,301,0,0,3,6B,02,00
45318,1,401,0,0,8,39,9C,00,00,47,00,00,00
45318,1,203,0,0,8,00,00,00,00,00,00,00,00
45328,1,400,0,0,8,01,00,0C,00,00,00,00,00
45338,1,206,0,0,8,00,00,00,00,00,00,00,00
45338,1,201,0,0,5,00,00,00,00,62
45348,1,401,0,0,8,39,9C,00,00,47,00,00,00
45348,1,203,0,0,8,00,00,00,00,00,00,00,00
45348,0,300,0,0,8,03,5A,64,5A,32,00,32,73
45348,0,301,0,0,3,96,03,00
45358,1,204,0,0,8,00,00,00,00,00,00,00,00
45378,1,400,0,0,8,01,00,0C,00,00,00,00,00
45388,1,206,0,0,8,00,00,00,00,00,00,00,00
45398,0,300,0,0,8,03,5A,64,5A,32,00,32,34
45398,0,301,0,0,3,03,04,00
45418,1,202,0,0,8,E2,1D,00,00,33,99,05,00
45418,1,666,0,0,8,52,08,05,00,52,95,36,02
45428,1,665,0,0,8,00,00,00,53,4C,18,53,00
45438,1,200,0,0,8,4E,00,F8,AB,07,00,00,00
45448,1,201,0,0,5,00,00,00,00,62
45448,0,300,0,0,8,03,5A,64,5A,32,00,32,35
45448,0,301,0,0,3,54,05,00
45498,0,300,0,0,8,03,5A,64,5A,32,00,32,36
45498,0,301,0,0,3,F5,06,00
45518,1,401,0,0,8,39,9C,00,00,47,00,00,00
45518,1,203,0,0,8,00,00,00,00,00,00,00,00
45528,1,400,0,0,8,01,00,0C,00,00,00,00,00
45538,1,206,0,0,8,00,00,00,00,00,00,00,00
45548,1,201,0,0,5,00,00,00,00,62
45548,0,300,0,0,8,03,5A,64,5A,32,00,32,37
45548,0,301,0,0,3,B8,07,00
45598,0,300,0,0,8,03,5A,64,5A,32,00,32,F8
45598,0,301,0,0,3,80,08,00
45618,1,401,0,0,8,39,9C,00,00,47,00,00,00
45618,1,203,0,0,8,00,00,00,00,00,00,00,00
45628,1,400,0,0,8,01,00,0C,00,00,00,00,00
45638,1,206,0,0,8,00,00,00,00,00,00,00,00
45648,1,201,0,0,5,00,00,00,00,62
45648,0,300,0,0,8,03,5A,64,5A,32,00,32,F9
45648,0,301,0,0,3,88,09,00
45698,1,401,0,0,8,39,9C,00,00,47,00,00,00
45698,0,300,0,0,8,03,5A,64,5A,32,00,32,FA
45698,0,301,0,0,3,C6,0A,00
45718,1,203,0,0,8,00,00,00,00,00,00,00,00
45718,1,400,0,0,8,01,00,0C,00,00,00,00,00
45728,1,206,0,0,8,00,00,00,00,00,00,00,00
45738,1,403,0,0,8,64,00,00,00,40,E3,09,00
45748,1,201,0,0,5,00,00,00,00,62
45748,0,300,0,0,8,03,5A,64,5A,32,00,32,FB
45748,0,301,0,0,3,43,0B,00
45798,0,300,0,0,8,03,5A,64,5A,32,00,32,BC
45798,0,301,0,0,3,B5,0C,00
45818,1,401,0,0,8,39,9C,00,00,47,00,00,00
45818,1,203,0,0,8,00,00,00,00,00,00,00,00
45828,1,400,0,0,8,01,00,0C,00,00,00,00,00
45838,1,206,0,0,8,00,00,00,00,00,00,00,00
45848,1,201,0,0,5,00,00,00,00,62
45848,0,300,0,0,8,03,5A,64,5A,32,00,32,BD
45848,0,301,0,0,3,4E,0D,00
45898,0,300,0,0,8,03,5A,64,5A,32,00,32,BE
45898,0,301,0,0,3,1D,0E,00
45918,1,401,0,0,8,39,9C,00,00,47,00,00,00
45918,1,203,0,0,8,00,00,00,00,00,00,00,00
45928,1,400,0,0,8,01,00,0C,00,00,00,00,00
45938,1,206,0,0,8,00,00,00,00,00,00,00,00
45948,1,201,0,0,5,00,00,00,00,62
45948,0,300,0,0,8,03,5A,64,5A,32,00,32,BF
45948,0,301,0,0,3,E8,0F,00
45998,0,300,0,0,8,03,5A,64,5A,32,00,32,70
45998,0,301,0,0,3,E2,00,00
46018,1,401,0,0,8,39,9C,00,00,47,00,00,00
46018,1,203,0,0,8,00,00,00,00,00,00,00,00
46028,1,400,0,0,8,01,00,0C,00,00,00,00,00
46038,1,206,0,0,8,00,00,00,00,00,00,00,00
46048,1,201,0,0,5,00,00,00,00,62
46048,0,300,0,0,8,03,5A,64,5A,32,00,32,71
46048,0,301,0,0,3,B3,01,00
46098,0,300,0,0,8,03,5A,64,5A,32,00,32,72
46098,0,301,0,0,3,6B,02,00
46118,1,401,0,0,8,37,9C,00,00,46,00,00,00
46118,1,203,0,0,8,00,00,00,00,00,00,00,00
46128,1,400,0,0,8,01,00,0C,00,00,00,00,00
46138,1,206,0,0,8,00,00,00,00,00,00,00,00
46148,1,201,0,0,5,00,00,00,00,62
46148,0,300,0,0,8,03,5A,64,5A,32,00,32,73
46148,0,301,0,0,3,96,03,00
46198,0,300,0,0,8,03,5A,64,5A,32,00,32,34
46198,0,301,0,0,3,03,04,00
46208,1,401,0,0,8,37,9C,00,00,46,00,00,00
46218,1,203,0,0,8,00,00,00,00,00,00,00,00
46218,1,400,0,0,8,01,00,0C,00,00,00,00,00
46228,1,206,0,0,8,00,00,00,00,00,00,00,00
46238,1,402,0,0,8,4E,00,00,00,F8,AB,07,00
46248,1,201,0,0,5,00,00,00,00,62
46248,0,300,0,0,8,03,5A,64,5A,32,00,32,35
46248,0,301,0,0,3,54,05,00
46298,0,300,0,0,8,03,5A,64,5A,32,00,32,36
46298,0,301,0,0,3,F5,06,00
46318,1,401,0,0,8,39,9C,00,00,47,00,00,00
46328,1,203,0,0,8,00,00,00,00,00,00,00,00
46328,1,400,0,0,8,01,00,0C,00,00,00,00,00
46338,1,206,0,0,8,00,00,00,00,00,00,00,00
46348,1,201,0,0,5,00,00,00,00,62
46348,1,401,0,0,8,39,9C,00,00,47,00,00,00
46348,1,203,0,0,8,00,00,00,00,00,00,00,00
46348,0,300,0,0,8,03,5A,64,5A,32,00,32,37
46358,0,301,0,0,3,B8,07,00
46398,0,300,0,0,8,03,5A,64,5A,32,00,32,F8
46398,0,301,0,0,3,80,08,00
46418,1,204,0,0,8,00,00,00,00,00,00,00,00
46428,1,400,0,0,8,01,00,0C,00,00,00,00,00
46428,1,206,0,0,8,00,00,00,00,00,00,00,00
46448,1,202,0,0,8,E2,1C,00,00,33,99,05,00
46448,1,201,0,0,5,00,00,00,00,62
46448,0,300,0,0,8,03,5A,64,5A,32,00,32,F9
46448,0,301,0,0,3,88,09,00
46498,0,300,0,0,8,03,5A,64,5A,32,00,32,FA
46498,0,301,0,0,3,C6,0A,00
46518,1,401,0,0,8,39,9C,00,00,47,00,00,00
46528,1,203,0,0,8,00,00,00,00,00,00,00,00
46528,1,400,0,0,8,01,00,0C,00,00,00,00,00
46548,1,206,0,0,8,00,00,00,00,00,00,00,00
46548,1,201,0,0,5,00,00,00,00,62
46548,0,300,0,0,8,03,5A,64,5A,32,00,32,FB
46548,0,301,0,0,3,43,0B,00
46598,0,300,0,0,8,03,5A,64,5A,32,00,32,BC
46598,0,301,0,0,3,B5,0C,00
46618,1,401,0,0,8,39,9C,00,00,47,00,00,00
46628,1,203,0,0,8,00,00,00,00,00,00,00,00
46628,1,400,0,0,8,01,00,0C,00,00,00,00,00
46648,1,206,0,0,8,00,00,00,00,00,00,00,00
46648,1,201,0,0,5,00,00,00,00,62
46648,0,300,0,0,8,03,5A,64,5A,32,00,32,BD
46648,0,301,0,0,3,4E,0D,00
46698,0,300,0,0,8,03,5A,64,5A,32,00,32,BE
46698,0,301,0,0,3,1D,0E,00
46708,1,401,0,0,8,39,9C,00,00,47,00,00,00
46718,1,203,0,0,8,00,00,00,00,00,00,00,00
46728,1,400,0,0,8,01,00,0C,00,00,00,00,00
46728,1,206,0,0,8,00,00,00,00,00,00,00,00
46748,1,403,0,0,8,64,00,00,00,40,E3,09,00
46748,1,201,0,0,5,00,00,00,00,62
46748,0,300,0,0,8,03,5A,64,5A,32,00,32,BF
46748,0,301,0,0,3,E8,0F,00
46798,0,300,0,0,8,03,5A,64,5A,32,00,32,70
46798,0,301,0,0,3,E2,00,00
46818,1,401,0,0,8,37,9C,00,00,47,00,00,00
46828,1,203,0,0,8,00,00,00,00,00,00,00,00
46828,1,400,0,0,8,01,00,0C,00,00,00,00,00
46848,1,206,0,0,8,00,00,00,00,00,00,00,00
46848,1,201,0,0,5,00,00,00,00,62
46848,0,300,0,0,8,03,5A,64,5A,32,00,32,71
46848,0,301,0,0,3,B3,01,00
46898,0,300,0,0,8,03,5A,64,5A,32,00,32,72
46898,0,301,0,0,3,6B,02,00
46918,1,401,0,0,8,37,9C,00,00,47,00,00,00
46928,1,203,0,0,8,00,00,00,00,00,00,00,00
46928,1,400,0,0,8,01,00,0C,00,00,00,00,00
46948,1,206,0,0,8,00,00,00,00,00,00,00,00
46948,1,201,0,0,5,00,00,00,00,62
46948,0,300,0,0,8,03,5A,64,5A,32,00,32,73
46948,0,301,0,0,3,96,03,00
46998,0,300,0,0,8,03,5A,64,5A,32,00,32,34
46998,0,301,0,0,3,03,04,00
47018,1,401,0,0,8,37,9C,00,00,47,00,00,00
47028,1,203,0,0,8,00,00,00,00,00,00,00,00
47028,1,400,0,0,8,01,00,0C,00,00,00,00,00
47048,1,206,0,0,8,00,00,00,00,00,00,00,00
47048,1,201,0,0,5,00,00,00,00,62
47048,0,300,0,0,8,03,5A,64,5A,32,00,32,35
47048,0,301,0,0,3,54,05,00
47098,0,300,0,0,8,03,5A,64,5A,32,00,32,36
47098,0,301,0,0,3,F5,06,00
47118,1,401,0,0,8,37,9C,00,00,47,00,00,00
47128,1,203,0,0,8,00,00,00,00,00,00,00,00
47128,1,400,0,0,8,01,00,0C,00,00,00,00,00
47148,1,206,0,0,8,00,00,00,00,00,00,00,00
47148,1,201,0,0,5,00,00,00,00,62
47148,0,300,0,0,8,03,5A,64,5A,32,00,32,37
47148,0,301,0,0,3,B8,07,00
47198,0,300,0,0,8,03,5A,64,5A,32,00,32,F8
47198,0,301,0,0,3,80,08,00
47208,1,401,0,0,8,37,9C,00,00,47,00,00,00
47218,1,203,0,0,8,00,00,00,00,00,00,00,00
47228,1,400,0,0,8,01,00,0C,00,00,00,00,00
47228,1,206,0,0,8,00,00,00,00,00,00,00,00
47248,1,402,0,0,8,4E,00,00,00,F8,AB,07,00
47248,1,201,0,0,5,00,00,00,00,62
47248,0,300,0,0,8,03,5A,64,5A,32,00,32,F9
47248,0,301,0,0,3,88,09,00
47298,0,300,0,0,8,03,5A,64,5A,32,00,32,FA
47298,0,301,0,0,3,C6,0A,00
47318,1,401,0,0,8,39,9C,00,00,48,00,00,00
47328,1,203,0,0,8,00,00,00,00,00,00,00,00
47328,1,400,0,0,8,01,00,0C,00,00,00,00,00
47338,1,206,0,0,8,00,00,00,00,00,00,00,00
47348,1,201,0,0,5,00,00,00,00,62
47348,1,401,0,0,8,39,9C,00,00,48,00,00,00
47348,0,300,0,0,8,03,5A,64,5A,32,00,32,FB
47348,1,203,0,0,8,00,00,00,00,00,00,00,00
47348,0,301,0,0,3,43,0B,00
47398,0,300,0,0,8,03,5A,64,5A,32,00,32,BC
47398,0,301,0,0,3,B5,0C,00
47418,1,204,0,0,8,00,00,00,00,00,00,00,00
47428,1,400,0,0,8,01,00,0C,00,00,00,00,00
47428,1,206,0,0,8,00,00,00,00,00,00,00,00
47448,1,202,0,0,8,E2,1D,00,00,33,99,05,00
47448,1,201,0,0,5,00,00,00,00,62
47448,0,300,0,0,8,03,5A,64,5A,32,00,32,BD
47448,0,301,0,0,3,4E,0D,00
47498,0,300,0,0,8,03,5A,64,5A,32,00,32,BE
47498,0,301,0,0,3,1D,0E,00
47518,1,401,0,0,8,39,9C,00,00,48,00,00,00
47528,1,203,0,0,8,00,00,00,00,00,00,00,00
47528,1,400,0,0,8,01,00,0C,00,00,00,00,00
47548,1,206,0,0,8,00,00,00,00,00,00,00,00
47548,1,201,0,0,5,00,00,00,00,62
47548,0,300,0,0,8,03,5A,64,5A,32,00,32,BF
47548,0,301,0,0,3,E8,0F,00
47598,0,300,0,0,8,03,5A,64,5A,32,00,32,70
47598,0,301,0,0,3,E2,00,00
47618,1,401,0,0,8,39,9C,00,00,46,00,00,00
47628,1,203,0,0,8,00,00,00,00,00,00,00,00
47628,1,400,0,0,8,01,00,0C,00,00,00,00,00
47648,1,206,0,0,8,00,00,00,00,00,00,00,00
47648,1,201,0,0,5,00,00,00,00,62
47648,0,300,0,0,8,03,5A,64,5A,32,00,32,71
47648,0,301,0,0,3,B3,01,00
47698,0,300,0,0,8,03,5A,64,5A,32,00,32,72
47698,0,301,0,0,3,6B,02,00
47708,1,401,0,0,8,39,9C,00,00,46,00,00,00
47718,1,203,0,0,8,00,00,00,00,00,00,00,00
47728,1,400,0,0,8,01,00,0C,00,00,00,00,00
47728,1,206,0,0,8,00,00,00,00,00,00,00,00
47748,1,403,0,0,8,64,00,00,00,40,E3,09,00
47748,1,201,0,0,5,00,00,00,00,62
47748,0,300,0,0,8,03,5A,64,5A,32,00,32,73
47748,0,301,0,0,3,96,03,00
47798,0,300,0,0,8,03,5A,64,5A,32,00,32,34
47798,0,301,0,0,3,03,04,00
47818,1,401,0,0,8,39,9C,00,00,46,00,00,00
47828,1,203,0,0,8,00,00,00,00,00,00,00,00
47828,1,400,0,0,8,01,00,0C,00,00,00,00,00
47848,1,206,0,0,8,00,00,00,00,00,00,00,00
47848,1,201,0,0,5,00,00,00,00,62
47848,0,300,0,0,8,03,5A,64,5A,32,00,32,35
47848,0,301,0,0,3,54,05,00
47898,0,300,0,0,8,03,5A,64,5A,32,00,32,36
47898,0,301,0,0,3,F5,06,00
47918,1,401,0,0,8,39,9C,00,00,46,00,00,00
47928,1,203,0,0,8,00,00,00,00,00,00,00,00
47928,1,400,0,0,8,01,00,0C,00,00,00,00,00
47948,1,206,0,0,8,00,00,00,00,00,00,00,00
47948,1,201,0,0,5,00,00,00,00,62
47948,0,300,0,0,8,03,5A,64,5A,32,00,32,37
47958,0,301,0,0,3,B8,07,00
47998,0,300,0,0,8,03,5A,64,5A,32,00,32,F8
47998,0,301,0,0,3,80,08,00
48018,1,401,0,0,8,39,9C,00,00,46,00,00,00
48028,1,203,0,0,8,00,00,00,00,00,00,00,00
48028,1,400,0,0,8,01,00,0C,00,00,00,00,00
48048,1,206,0,0,8,00,00,00,00,00,00,00,00
48048,1,201,0,0,5,00,00,00,00,62
48048,0,300,0,0,8,03,5A,64,5A,32,00,32,F9
48048,0,301,0,0,3,88,09,00
48098,0,300,0,0,8,03,5A,64,5A,32,00,32,FA
48098,0,301,0,0,3,C6,0A,00
48118,1,401,0,0,8,37,9C,00,00,47,00,00,00
48128,1,203,0,0,8,00,00,00,00,00,00,00,00
48128,1,400,0,0,8,01,00,0C,00,00,00,00,00
48148,1,206,0,0,8,00,00,00,00,00,00,00,00
48148,1,201,0,0,5,00,00,00,00,62
48148,0,300,0,0,8,03,5A,64,5A,32,00,32,FB
48148,0,301,0,0,3,43,0B,00
48198,0,300,0,0,8,03,5A,64,5A,32,00,32,BC
48198,0,301,0,0,3,B5,0C,00
48208,1,401,0,0,8,37,9C,00,00,47,00,00,00
48218,1,203,0,0,8,00,00,00,00,00,00,00,00
48228,1,400,0,0,8,01,00,0C,00,00,00,00,00
48228,1,206,0,0,8,00,00,00,00,00,00,00,00
48248,1,402,0,0,8,4E,00,00,00,F8,AB,07,00
48248,1,201,0,0,5,00,00,00,00,62
48248,0,300,0,0,8,03,5A,64,5A,32,00,32,BD
48248,0,301,0,0,3,4E,0D,00
48298,0,300,0,0,8,03,5A,64,5A,32,00,32,BE
48298,0,301,0,0,3,1D,0E,00
48318,1,401,0,0,8,39,9C,00,00,47,00,00,00
48328,1,203,0,0,8,00,00,00,00,00,00,00,00
48328,1,400,0,0,8,01,00,0C,00,00,00,00,00
48338,1,206,0,0,8,00,00,00,00,00,00,00,00
48348,1,201,0,0,5,00,00,00,00,62
48348,1,203,0,0,8,00,00,00,00,00,00,00,00
48348,0,300,0,0,8,03,5A,64,5A,32,00,32,BF
48348,1,401,0,0,8,39,9C,00,00,47,00,00,00
48348,0,301,0,0,3,E8,0F,00
48368,1,204,0,0,8,00,00,00,00,00,00,00,00
48378,1,400,0,0,8,01,00,0C,00,00,00,00,00
48388,1,206,0,0,8,00,00,00,00,00,00,00,00
48398,0,300,0,0,8,03,5A,64,5A,32,00,32,70
48398,0,301,0,0,3,E2,00,00
48418,1,202,0,0,8,E2,1C,00,00,33,99,05,00
48428,1,666,0,0,8,52,08,05,00,52,95,36,02
48428,1,665,0,0,8,00,00,00,53,4C,18,53,00
48448,1,200,0,0,8,4E,00,F8,AB,07,00,01,00
48448,1,201,0,0,5,00,00,00,00,62
48448,0,300,0,0,8,03,5A,64,5A,32,00,32,71
48448,0,301,0,0,3,B3,01,00
48498,0,300,0,0,8,03,5A,64,5A,32,00,32,72
48498,0,301,0,0,3,6B,02,00
48518,1,203,0,0,8,00,00,00,00,00,00,00,00
48528,1,401,0,0,8,39,9C,00,00,47,00,00,00
48528,1,400,0,0,8,01,00,0C,00,00,00,00,00
48548,1,206,0,0,8,00,00,00,00,00,00,00,00
48548,0,300,0,0,8,03,5A,64,5A,32,00,32,73
48548,1,201,0,0,5,00,00,00,00,62
48548,0,301,0,0,3,96,03,00
48598,0,300,0,0,8,03,5A,64,5A,32,00,32,34
48598,0,301,0,0,3,03,04,00
48618,1,203,0,0,8,00,00,00,00,00,00,00,00
48628,1,401,0,0,8,39,9C,00,00,47,00,00,00
48628,1,400,0,0,8,01,00,0C,00,00,00,00,00
48648,1,206,0,0,8,00,00,00,00,00,00,00,00
48648,0,300,0,0,8,03,5A,64,5A,32,00,32,35
48648,1,201,0,0,5,00,00,00,00,62
48648,0,301,0,0,3,54,05,00
48698,0,300,0,0,8,03,5A,64,5A,32,00,32,36
48698,0,301,0,0,3,F5,06,00
48708,1,203,0,0,8,00,00,00,00,00,00,00,00
48718,1,401,0,0,8,39,9C,00,00,47,00,00,00
48728,1,400,0,0,8,01,00,0C,00,00,00,00,00
48728,1,206,0,0,8,00,00,00,00,00,00,00,00
48748,1,403,0,0,8,64,00,00,00,40,E3,09,00
48748,0,300,0,0,8,03,5A,64,5A,32,00,32,37
48748,1,201,0,0,5,00,00,00,00,62
48748,0,301,0,0,3,B8,07,00
48798,0,300,0,0,8,03,5A,64,5A,32,00,32,F8
48798,0,301,0,0,3,80,08,00
48818,1,203,0,0,8,00,00,00,00,00,00,00,00
48828,1,401,0,0,8,39,9C,00,00,47,00,00,00
48828,1,400,0,0,8,01,00,0C,00,00,00,00,00
48848,1,206,0,0,8,00,00,00,00,00,00,00,00
48848,0,300,0,0,8,03,5A,64,5A,32,00,32,F9
48848,1,201,0,0,5,00,00,00,00,62
48848,0,301,0,0,3,88,09,00
48898,0,300,0,0,8,03,5A,64,5A,32,00,32,FA
48898,0,301,0,0,3,C6,0A,00
48918,1,203,0,0,8,00,00,00,00,00,00,00,00
48928,1,401,0,0,8,39,9C,00,00,47,00,00,00
48928,1,400,0,0,8,01,00,0C,00,00,00,00,00
48948,1,206,0,0,8,00,00,00,00,00,00,00,00
48948,1,201,0,0,5,00,00,00,00,62
48948,0,300,0,0,8,03,5A,64,5A,32,00,32,FB
48958,0,301,0,0,3,43,0B,00
48998,0,300,0,0,8,03,5A,64,5A,32,00,32,BC
48998,0,301,0,0,3,B5,0C,00
49018,1,203,0,0,8,00,00,00,00,00,00,00,00
49028,1,401,0,0,8,39,9C,00,00,47,00,00,00
49028,1,400,0,0,8,01,00,0C,00,00,00,00,00
49048,1,206,0,0,8,00,00,00,00,00,00,00,00
49048,0,300,0,0,8,03,5A,64,5A,32,00,32,BD
49048,1,201,0,0,5,00,00,00,00,62
49048,0,301,0,0,3,4E,0D,00
49098,0,300,0,0,8,03,5A,64,5A,32,00,32,BE
49098,0,301,0,0,3,1D,0E,00
49118,1,203,0,0,8,00,00,00,00,00,00,00,00
49128,1,401,0,0,8,37,9C,00,00,46,00,00,00
49128,1,400,0,0,8,01,00,0C,00,00,00,00,00
49148,1,206,0,0,8,00,00,00,00,00,00,00,00
49148,0,300,0,0,8,03,5A,64,5A,32,00,32,BF
49148,1,201,0,0,5,00,00,00,00,62
49148,0,301,0,0,3,E8,0F,00
49198,0,300,0,0,8,03,5A,64,5A,32,00,32,70
49198,0,301,0,0,3,E2,00,00
49208,1,203,0,0,8,00,00,00,00,00,00,00,00
49218,1,401,0,0,8,37,9C,00,00,46,00,00,00
49228,1,400,0,0,8,01,00,0C,00,00,00,00,00
49228,1,206,0,0,8,00,00,00,00,00,00,00,00
49248,1,402,0,0,8,4E,00,00,00,F8,AB,07,00
49248,0,300,0,0,8,03,5A,64,5A,32,00,32,71
49248,1,201,0,0,5,00,00,00,00,62
49248,0,301,0,0,3,B3,01,00
49298,0,300,0,0,8,03,5A,64,5A,32,00,32,72
49298,0,301,0,0,3,6B,02,00
49318,1,203,0,0,8,00,00,00,00,00,00,00,00
49328,1,401,0,0,8,37,9C,00,00,47,00,00,00
49328,1,400,0,0,8,01,00,0C,00,00,00,00,00
49338,1,206,0,0,8,00,00,00,00,00,00,00,00
49348,1,201,0,0,5,00,00,00,00,62
49348,0,300,0,0,8,03,5A,64,5A,32,00,32,73
49348,1,203,0,0,8,00,00,00,00,00,00,00,00
49348,0,301,0,0,3,96,03,00
49348,1,401,0,0,8,37,9C,00,00,47,00,00,00
49398,0,300,0,0,8,03,5A,64,5A,32,00,32,34
49398,0,301,0,0,3,03,04,00
49418,1,204,0,0,8,00,00,00,00,00,00,00,00
49428,1,400,0,0,8,01,00,0C,00,00,00,00,00
49428,1,206,0,0,8,00,00,00,00,00,00,00,00
49448,1,202,0,0,8,E2,1D,00,00,33,99,05,00
49448,1,201,0,0,5,00,00,00,00,62
49458,0,300,0,0,8,03,5A,64,5A,32,00,32,35
49458,0,301,0,0,3,54,05,00
49498,0,300,0,0,8,03,5A,64,5A,32,00,32,36
49508,0,301,0,0,3,F5,06,00
49518,1,203,0,0,8,00,00,00,00,00,00,00,00
49528,1,401,0,0,8,37,9C,00,00,47,00,00,00
49528,1,400,0,0,8,01,00,0C,00,00,00,00,00
49548,1,206,0,0,8,00,00,00,00,00,00,00,00
49548,1,201,0,0,5,00,00,00,00,62
49558,0,300,0,0,8,03,5A,64,5A,32,00,32,37
49558,0,301,0,0,3,B8,07,00
49598,0,300,0,0,8,03,5A,64,5A,32,00,32,F8
49608,0,301,0,0,3,80,08,00
49618,1,203,0,0,8,00,00,00,00,00,00,00,00
49628,1,401,0,0,8,39,9C,00,00,47,00,00,00
49628,1,400,0,0,8,01,00,0C,00,00,00,00,00
49648,1,206,0,0,8,00,00,00,00,00,00,00,00
49648,1,201,0,0,5,00,00,00,00,62
49658,0,300,0,0,8,03,5A,64,5A,32,00,32,F9
49658,0,301,0,0,3,88,09,00
49698,0,300,0,0,8,03,5A,64,5A,32,00,32,FA
49708,0,301,0,0,3,C6,0A,00
49708,1,203,0,0,8,00,00,00,00,00,00,00,00
49718,1,401,0,0,8,39,9C,00,00,47,00,00,00
49728,1,400,0,0,8,01,00,0C,00,00,00,00,00
49728,1,206,0,0,8,00,00,00,00,00,00,00,00
49748,1,403,0,0,8,64,00,00,00,40,E3,09,00
49748,1,201,0,0,5,00,00,00,00,62
49758,0,300,0,0,8,03,5A,64,5A,32,00,32,FB
49758,0,301,0,0,3,43,0B,00
49798,0,300,0,0,8,03,5A,64,5A,32,00,32,BC
49808,0,301,0,0,3,B5,0C,00
49818,1,203,0,0,8,00,00,00,00,00,00,00,00
49828,1,401,0,0,8,39,9C,00,00,46,00,00,00
49828,1,400,0,0,8,01,00,0C,00,00,00,00,00
49848,1,206,0,0,8,00,00,00,00,00,00,00,00
49848,1,201,0,0,5,00,00,00,00,62
49858,0,300,0,0,8,03,5A,64,5A,32,00,32,BD
49858,0,301,0,0,3,4E,0D,00
49898,0,300,0,0,8,03,5A,64,5A,32,00,32,BE
49908,0,301,0,0,3,1D,0E,00
49918,1,203,0,0,8,00,00,00,00,00,00,00,00
49928,1,401,0,0,8,39,9C,00,00,46,00,00,00
49928,1,400,0,0,8,01,00,0C,00,00,00,00,00
49948,1,206,0,0,8,00,00,00,00,00,00,00,00
49948,1,201,0,0,5,00,00,00,00,62
49958,0,300,0,0,8,03,5A,64,5A,32,00,32,BF
49958,0,301,0,0,3,E8,0F,00
49998,0,300,0,0,8,03,5A,64,5A,32,00,32,70
50008,0,301,0,0,3,E2,00,00
50018,1,203,0,0,8,00,00,00,00,00,00,00,00
50028,1,401,0,0,8,39,9C,00,00,46,00,00,00
50028,1,400,0,0,8,01,00,0C,00,00,00,00,00
50048,1,206,0,0,8,00,00,00,00,00,00,00,00
50048,1,201,0,0,5,00,00,00,00,62
50058,0,300,0,0,8,03,5A,64,5A,32,00,32,71
50058,0,301,0,0,3,B3,01,00
50098,0,300,0,0,8,03,5A,64,5A,32,00,32,72
50108,0,301,0,0,3,6B,02,00
50118,1,203,0,0,8,00,00,00,00,00,00,00,00
50128,1,401,0,0,8,39,9C,00,00,47,00,00,00
50128,1,400,0,0,8,01,00,0C,00,00,00,00,00
50148,1,206,0,0,8,00,00,00,00,00,00,00,00
50148,1,201,0,0,5,00,00,00,00,62
50158,0,300,0,0,8,03,5A,64,5A,32,00,32,73
50158,0,301,0,0,3,96,03,00
50198,0,300,0,0,8,03,5A,64,5A,32,00,32,34
50208,0,301,0,0,3,03,04,00
50208,1,203,0,0,8,00,00,00,00,00,00,00,00
50218,1,401,0,0,8,39,9C,00,00,47,00,00,00
50228,1,206,0,0,8,00,00,00,00,00,00,00,00
50228,1,400,0,0,8,01,00,0C,00,00,00,00,00
50248,1,402,0,0,8,4E,00,00,00,F8,AB,07,00
50248,1,201,0,0,5,00,00,00,00,62
50258,0,300,0,0,8,03,5A,64,5A,32,00,32,35
50258,0,301,0,0,3,54,05,00
50298,0,300,0,0,8,03,5A,64,5A,32,00,32,36
50308,0,301,0,0,3,F5,06,00
50318,1,203,0,0,8,00,00,00,00,00,00,00,00
50328,1,401,0,0,8,37,9C,00,00,47,00,00,00
50328,1,206,0,0,8,00,00,00,00,00,00,00,00
50338,1,400,0,0,8,01,00,0C,00,00,00,00,00
50348,1,201,0,0,5,00,00,00,00,62
50348,1,203,0,0,8,00,00,00,00,00,00,00,00
50358,0,300,0,0,8,03,5A,64,5A,32,00,32,37
50358,1,401,0,0,8,37,9C,00,00,47,00,00,00
50358,0,301,0,0,3,B8,07,00
50398,0,300,0,0,8,03,5A,64,5A,32,00,32,F8
50408,0,301,0,0,3,80,08,00
50418,1,204,0,0,8,00,00,00,00,00,00,00,00
50428,1,206,0,0,8,00,00,00,00,00,00,00,00
50438,1,202,0,0,8,E2,1D,00,00,33,99,05,00
50448,1,400,0,0,8,01,00,0C,00,00,00,00,00
50458,1,201,0,0,5,00,00,00,00,62
50458,0,300,0,0,8,03,5A,64,5A,32,00,32,F9
50458,0,301,0,0,3,88,09,00
50498,0,300,0,0,8,03,5A,64,5A,32,00,32,FA
50508,0,301,0,0,3,C6,0A,00
50518,1,203,0,0,8,00,00,00,00,00,00,00,00
50528,1,401,0,0,8,37,9C,00,00,47,00,00,00
50538,1,206,0,0,8,00,00,00,00,00,00,00,00
50548,1,400,0,0,8,01,00,0C,00,00,00,00,00
50548,0,300,0,0,8,03,5A,64,5A,32,00,32,FB
50558,0,301,0,0,3,43,0B,00
50558,1,201,0,0,5,00,00,00,00,62
50598,0,300,0,0,8,03,5A,64,5A,32,00,32,BC
50608,0,301,0,0,3,B5,0C,00
50618,1,203,0,0,8,00,00,00,00,00,00,00,00
50628,1,401,0,0,8,39,9C,00,00,47,00,00,00
50638,1,206,0,0,8,00,00,00,00,00,00,00,00
50648,1,400,0,0,8,01,00,0C,00,00,00,00,00
50648,0,300,0,0,8,03,5A,64,5A,32,00,32,BD
50658,0,301,0,0,3,4E,0D,00
50658,1,201,0,0,5,00,00,00,00,62
50698,0,300,0,0,8,03,5A,64,5A,32,00,32,BE
50708,0,301,0,0,3,1D,0E,00
50718,1,203,0,0,8,00,00,00,00,00,00,00,00
50718,1,401,0,0,8,39,9C,00,00,47,00,00,00
50728,1,206,0,0,8,00,00,00,00,00,00,00,00
50738,1,400,0,0,8,01,00,0C,00,00,00,00,00
50748,1,403,0,0,8,64,00,00,00,40,E3,09,00
50748,0,300,0,0,8,03,5A,64,5A,32,00,32,BF
50758,0,301,0,0,3,E8,0F,00
50758,1,201,0,0,5,00,00,00,00,62
50798,0,300,0,0,8,03,5A,64,5A,32,00,32,70
50808,0,301,0,0,3,E2,00,00
50818,1,203,0,0,8,00,00,00,00,00,00,00,00
50828,1,401,0,0,8,37,9C,00,00,46,00,00,00
50838,1,206,0,0,8,00,00,00,00,00,00,00,00
50848,1,400,0,0,8,01,00,0C,00,00,00,00,00
50858,0,300,0,0,8,03,5A,64,5A,32,00,32,71
50858,0,301,0,0,3,B3,01,00
50858,1,201,0,0,5,00,00,00,00,62
50908,0,300,0,0,8,03,5A,64,5A,32,00,32,72
50908,0,301,0,0,3,6B,02,00
50918,1,203,0,0,8,00,00,00,00,00,00,00,00
50928,1,401,0,0,8,37,9C,00,00,46,00,00,00
50938,1,206,0,0,8,00,00,00,00,00,00,00,00
50948,1,400,0,0,8,01,00,0C,00,00,00,00,00
50958,0,300,0,0,8,03,5A,64,5A,32,00,32,73
50958,0,301,0,0,3,96,03,00
50958,1,201,0,0,5,00,00,00,00,62
51008,0,300,0,0,8,03,5A,64,5A,32,00,32,34
51008,0,301,0,0,3,03,04,00
51018,1,203,0,0,8,00,00,00,00,00,00,00,00
51028,1,401,0,0,8,37,9C,00,00,46,00,00,00
51038,1,206,0,0,8,00,00,00,00,00,00,00,00
51048,1,400,0,0,8,01,00,0C,00,00,00,00,00
51058,0,300,0,0,8,03,5A,64,5A,32,00,32,35
51058,0,301,0,0,3,54,05,00
51058,1,201,0,0,5,00,00,00,00,62
51108,0,300,0,0,8,03,5A,64,5A,32,00,32,36
51108,0,301,0,0,3,F5,06,00
51118,1,203,0,0,8,00,00,00,00,00,00,00,00
51128,1,401,0,0,8,39,9C,00,00,47,00,00,00
51138,1,206,0,0,8,00,00,00,00,00,00,00,00
51148,1,400,0,0,8,01,00,0C,00,00,00,00,00
51158,0,300,0,0,8,03,5A,64,5A,32,00,32,37
51158,0,301,0,0,3,B8,07,00
51158,1,201,0,0,5,00,00,00,00,62
51208,0,300,0,0,8,03,5A,64,5A,32,00,32,F8
51208,0,301,0,0,3,80,08,00
51218,1,203,0,0,8,00,00,00,00,00,00,00,00
51218,1,401,0,0,8,39,9C,00,00,47,00,00,00
51228,1,206,0,0,8,00,00,00,00,00,00,00,00
51238,1,400,0,0,8,01,00,0C,00,00,00,00,00
51248,1,402,0,0,8,4E,00,00,00,F8,AB,07,00
51258,0,300,0,0,8,03,5A,64,5A,32,00,32,F9
51258,0,301,0,0,3,88,09,00
51258,1,201,0,0,5,00,00,00,00,62
51308,0,300,0,0,8,03,5A,64,5A,32,00,32,FA
51308,0,301,0,0,3,C6,0A,00
51318,1,203,0,0,8,00,00,00,00,00,00,00,00
51328,1,401,0,0,8,39,9C,00,00,47,00,00,00
51338,1,206,0,0,8,00,00,00,00,00,00,00,00
51338,1,400,0,0,8,01,00,0C,00,00,00,00,00
51348,1,201,0,0,5,00,00,00,00,62
51358,0,300,0,0,8,03,5A,64,5A,32,00,32,FB
51358,1,203,0,0,8,00,00,00,00,00,00,00,00
51358,0,301,0,0,3,43,0B,00
51358,1,401,0,0,8,39,9C,00,00,47,00,00,00
51368,1,204,0,0,8,00,00,00,00,00,00,00,00
51378,1,206,0,0,8,00,00,00,00,00,00,00,00
51388,1,202,0,0,8,E2,1C,00,00,33,99,05,00
51408,0,300,0,0,8,03,5A,64,5A,32,00,32,BC
51408,0,301,0,0,3,B5,0C,00
51418,1,400,0,0,8,01,00,0C,00,00,00,00,00
51428,1,666,0,0,8,52,08,05,00,52,95,36,02
51438,1,665,0,0,8,00,00,00,53,4C,18,53,00
51448,1,200,0,0,8,4E,00,F8,AB,07,00,02,00
51458,0,300,0,0,8,03,5A,64,5A,32,00,32,BD
51458,0,301,0,0,3,4E,0D,00
51458,1,201,0,0,5,00,00,00,00,62
51508,0,300,0,0,8,03,5A,64,5A,32,00,32,BE
51508,0,301,0,0,3,1D,0E,00
51518,1,203,0,0,8,00,00,00,00,00,00,00,00
51528,1,401,0,0,8,39,9C,00,00,47,00,00,00
51538,1,206,0,0,8,00,00,00,00,00,00,00,00
51548,1,400,0,0,8,01,00,0C,00,00,00,00,00
51558,0,300,0,0,8,03,5A,64,5A,32,00,32,BF
51558,0,301,0,0,3,E8,0F,00
51558,1,201,0,0,5,00,00,00,00,62
51608,0,300,0,0,8,03,5A,64,5A,32,00,32,70
51608,0,301,0,0,3,E2,00,00
51618,1,203,0,0,8,00,00,00,00,00,00,00,00
51628,1,401,0,0,8,39,9C,00,00,47,00,00,00
51638,1,206,0,0,8,00,00,00,00,00,00,00,00
51648,1,400,0,0,8,01,00,0C,00,00,00,00,00
51658,0,300,0,0,8,03,5A,64,5A,32,00,32,71
51658,0,301,0,0,3,B3,01,00
51658,1,201,0,0,5,00,00,00,00,62
51708,0,300,0,0,8,03,5A,64,5A,32,00,32,72
51708,0,301,0,0,3,6B,02,00
51718,1,203,0,0,8,00,00,00,00,00,00,00,00
51718,1,401,0,0,8,39,9C,00,00,47,00,00,00
51728,1,206,0,0,8,00,00,00,00,00,00,00,00
51738,1,400,0,0,8,01,00,0C,00,00,00,00,00
51748,1,403,0,0,8,64,00,00,00,40,E3,09,00
51758,0,300,0,0,8,03,5A,64,5A,32,00,32,73
51758,0,301,0,0,3,96,03,00
51758,1,201,0,0,5,00,00,00,00,62
51808,0,300,0,0,8,03,5A,64,5A,32,00,32,34
51808,0,301,0,0,3,03,04,00
51818,1,203,0,0,8,00,00,00,00,00,00,00,00
51828,1,401,0,0,8,39,9C,00,00,46,00,00,00
51838,1,206,0,0,8,00,00,00,00,00,00,00,00
51848,1,400,0,0,8,01,00,0C,00,00,00,00,00
51858,0,300,0,0,8,03,5A,64,5A,32,00,32,35
51858,0,301,0,0,3,54,05,00
51858,1,201,0,0,5,00,00,00,00,62
51908,0,300,0,0,8,03,5A,64,5A,32,00,32,36
51908,0,301,0,0,3,F5,06,00
51918,1,203,0,0,8,00,00,00,00,00,00,00,00
51928,1,401,0,0,8,39,9C,00,00,46,00,00,00
51938,1,206,0,0,8,00,00,00,00,00,00,00,00
51938,0,300,0,0,8,03,5A,64,5A,32,00,32,37
51948,1,400,0,0,8,01,00,0C,00,00,00,00,00
51958,0,301,0,0,3,B8,07,00
51958,0,300,0,0,8,03,5A,64,5A,32,00,32,F8
51958,1,201,0,0,5,00,00,00,00,62
52008,0,301,0,0,3,80,08,00
52008,0,450,0,0,2,4A,00
52018,1,203,0,0,8,00,00,00,00,00,00,00,00
52028,1,401,0,0,8,39,9C,00,00,46,00,00,00
52038,1,206,0,0,8,00,00,00,00,00,00,00,00
52048,1,400,0,0,8,01,00,0C,00,00,00,00,00
52058,0,300,0,0,8,03,5A,64,5A,32,00,32,F9
52058,0,301,0,0,3,88,09,00
52058,1,201,0,0,5,00,00,00,00,62
52068,0,300,0,0,8,03,5A,64,5A,32,00,32,FA
52108,0,301,0,0,3,C6,0A,00
52108,0,300,0,0,8,03,5A,64,5A,32,00,32,FB
52118,1,203,0,0,8,00,00,00,00,00,00,00,00
52128,1,401,0,0,8,39,9C,00,00,46,00,00,00
52138,1,206,0,0,8,00,00,00,00,00,00,00,00
52148,1,400,0,0,8,01,00,0C,00,00,00,00,00
52158,0,301,0,0,3,43,0B,00
52158,0,450,0,0,2,4A,00
52158,1,201,0,0,5,00,00,00,00,62
52188,0,300,0,0,8,03,5A,64,5A,32,00,32,BC
52208,0,301,0,0,3,B5,0C,00
52208,0,300,0,0,8,03,5A,64,5A,32,00,32,BD
52218,1,203,0,0,8,00,00,00,00,00,00,00,00
52218,1,401,0,0,8,39,9C,00,00,46,00,00,00
52228,1,206,0,0,8,00,00,00,00,00,00,00,00
52238,1,400,0,0,8,01,00,0C,00,00,00,00,00
52248,1,201,0,0,5,00,00,00,00,62
52258,0,301,0,0,3,4E,0D,00
52258,0,450,0,0,2,4A,00
52258,1,402,0,0,8,4E,00,00,00,F8,AB,07,00
52308,0,300,0,0,8,03,5A,64,5A,32,00,32,BE
52308,0,301,0,0,3,1D,0E,00
52318,1,203,0,0,8,00,00,00,00,00,00,00,00
52318,0,300,0,0,8,03,5A,64,5A,32,00,32,BF
52328,1,401,0,0,8,37,9C,00,00,47,00,00,00
52338,1,206,0,0,8,00,00,00,00,00,00,00,00
52338,1,400,0,0,8,01,00,0C,00,00,00,00,00
52358,1,201,0,0,5,00,00,00,00,62
52358,0,301,0,0,3,E8,0F,00
52358,1,203,0,0,8,00,00,00,00,00,00,00,00
52358,0,300,0,0,8,03,5A,64,5A,32,00,32,70
52358,1,401,0,0,8,37,9C,00,00,47,00,00,00
52408,0,301,0,0,3,E2,00,00
52408,0,404,0,0,2,4A,00
52408,1,204,0,0,8,00,00,00,00,00,00,00,00
52418,1,206,0,0,8,00,00,00,00,00,00,00,00
52428,1,202,0,0,8,E2,1C,00,00,33,99,05,00
52438,1,400,0,0,8,01,00,0C,00,00,00,00,00
52438,0,300,0,0,8,03,5A,64,5A,32,00,32,71
52458,1,405,0,0,8,4A,00,00,00,06,00,00,00
52458,0,301,0,0,3,B3,01,00
52458,0,300,0,0,8,03,5A,64,5A,32,00,32,72
52458,1,201,0,0,5,00,00,00,00,62
52478,0,301,0,0,3,6B,02,00
52508,0,404,0,0,2,4A,00
52508,0,300,0,0,8,03,5A,64,5A,32,00,32,73
52508,1,203,0,0,8,00,00,00,00,00,00,00,00
52518,1,401,0,0,8,37,9C,00,00,47,00,00,00
52528,1,206,0,0,8,00,00,00,00,00,00,00,00
52538,1,400,0,0,8,01,00,0C,00,00,00,00,00
52558,0,301,0,0,3,96,03,00
52558,1,405,0,0,8,4A,00,00,00,06,00,00,00
52558,0,404,0,0,2,02,30
52558,1,201,0,0,5,00,00,00,00,62
52558,1,203,0,0,8,00,00,00,00,00,00,00,00
52598,0,300,0,0,8,03,5A,64,5A,32,00,32,34
52608,0,301,0,0,3,03,04,00
52608,0,300,0,0,8,03,5A,64,5A,32,00,32,35
52618,1,401,0,0,8,39,9C,00,00,46,00,00,00
52628,1,206,0,0,8,00,00,00,00,00,00,00,00
52638,1,405,0,0,7,02,48,00,00,00,00,00
52658,0,301,0,0,3,54,05,00
52658,1,400,0,0,8,01,00,0C,00,00,00,00,00
52658,0,404,0,0,2,02,30
52658,1,201,0,0,5,00,00,00,00,62
52658,1,203,0,0,8,00,00,00,00,00,00,00,00
52658,0,300,0,0,8,03,5A,64,5A,32,00,32,36
52708,0,301,0,0,3,F5,06,00
52708,0,300,0,0,8,03,5A,64,5A,32,00,32,37
52718,1,401,0,0,8,39,9C,00,00,46,00,00,00
52718,1,206,0,0,8,00,00,00,00,00,00,00,00
52728,1,405,0,0,7,02,48,00,00,00,00,00
52738,1,400,0,0,8,01,00,0C,00,00,00,00,00
52758,0,301,0,0,3,B8,07,00
52758,1,201,0,0,5,00,00,00,00,62
52758,0,404,0,0,2,44,00
52758,1,403,0,0,8,64,00,00,00,40,E3,09,00
52758,1,203,0,0,8,00,00,00,00,00,00,00,00
52788,0,300,0,0,8,03,5A,64,5A,32,00,32,F8
52808,0,301,0,0,3,80,08,00
52808,0,300,0,0,8,03,5A,64,5A,32,00,32,F9
52818,1,401,0,0,8,37,9C,00,00,47,00,00,00
52828,1,206,0,0,8,00,00,00,00,00,00,00,00
52838,1,405,0,0,6,44,00,00,00,50,46
52848,0,301,0,0,3,88,09,00
52858,0,404,0,0,2,44,00
52858,1,400,0,0,8,01,00,0C,00,00,00,00,00
52858,0,300,0,0,8,03,5A,64,5A,32,00,32,FA
52858,1,201,0,0,5,00,00,00,00,62
52858,1,203,0,0,8,00,00,00,00,00,00,00,00
52908,0,301,0,0,3,C6,0A,00
52908,0,404,0,0,2,01,00
52908,1,401,0,0,8,37,9C,00,00,47,00,00,00
52918,1,206,0,0,8,00,00,00,00,00,00,00,00
52928,1,405,0,0,6,44,00,00,00,50,46
52938,1,400,0,0,8,01,00,0C,00,00,00,00,00
52958,1,405,0,0,8,01,00,00,00,00,04,06,04
52958,0,300,0,0,8,03,5A,64,5A,32,00,32,FB
52958,0,301,0,0,3,43,0B,00
52958,1,201,0,0,5,00,00,00,00,62
52968,0,300,0,0,8,03,5A,64,5A,32,00,32,BC
53008,0,301,0,0,3,B5,0C,00
53008,0,300,0,0,8,03,5A,64,5A,32,00,32,BD
53018,1,203,0,0,8,00,00,00,00,00,00,00,00
53028,1,401,0,0,8,37,9C,00,00,47,00,00,00
53038,1,206,0,0,8,00,00,00,00,00,00,00,00
53058,0,301,0,0,3,4E,0D,00
53058,1,400,0,0,8,01,00,0C,00,00,00,00,00
53058,0,404,0,0,2,01,00
53058,1,201,0,0,5,00,00,00,00,62
53058,1,203,0,0,8,00,00,00,00,00,00,00,00
53098,0,300,0,0,8,03,5A,64,5A,32,00,32,BE
53108,0,301,0,0,3,1D,0E,00
53108,0,300,0,0,8,03,5A,64,5A,32,00,32,BF
53118,1,401,0,0,8,39,9C,00,00,47,00,00,00
53128,1,206,0,0,8,00,00,00,00,00,00,00,00
53138,1,405,0,0,8,01,00,00,00,00,04,06,04
53158,0,301,0,0,3,E8,0F,00
53158,1,400,0,0,8,01,00,0C,00,00,00,00,00
53158,0,404,0,0,2,01,00
53158,1,201,0,0,5,00,00,00,00,62
53158,0,300,0,0,8,03,5A,64,5A,32,00,32,70
53158,1,203,0,0,8,00,00,00,00,00,00,00,00
53208,0,301,0,0,3,E2,00,00
53208,0,300,0,0,8,03,5A,64,5A,32,00,32,71
53218,1,401,0,0,8,39,9C,00,00,47,00,00,00
53218,1,206,0,0,8,00,00,00,00,00,00,00,00
53228,1,405,0,0,8,01,00,00,00,00,04,06,04
53238,1,400,0,0,8,01,00,0C,00,00,00,00,00
53258,0,301,0,0,3,B3,01,00
53258,1,201,0,0,5,00,00,00,00,62
53258,0,404,0,0,2,A3,01
53258,1,402,0,0,8,4E,00,00,00,F8,AB,07,00
53258,1,203,0,0,8,00,00,00,00,00,00,00,00
53288,0,300,0,0,8,03,5A,64,5A,32,00,32,72
53308,0,301,0,0,3,6B,02,00
53308,0,300,0,0,8,03,5A,64,5A,32,00,32,73
53318,1,401,0,0,8,3B,9C,00,00,47,00,00,00
53328,1,206,0,0,8,00,00,00,00,00,00,00,00
53338,1,405,0,0,5,A3,01,00,00,06
53338,1,400,0,0,8,01,00,0C,00,00,00,00,00
53348,0,301,0,0,3,96,03,00
53358,0,404,0,0,2,A3,01
53358,1,201,0,0,5,00,00,00,00,62
53358,0,300,0,0,8,03,5A,64,5A,32,00,32,34
53358,1,203,0,0,8,00,00,00,00,00,00,00,00
53358,1,401,0,0,8,3B,9C,00,00,47,00,00,00
53358,1,204,0,0,8,00,00,00,00,00,00,00,00
53408,0,301,0,0,3,03,04,00
53408,0,404,0,0,2,20,00
53408,1,206,0,0,8,00,00,00,00,00,00,00,00
53418,1,202,0,0,8,E2,1D,00,00,33,99,05,00
53428,1,405,0,0,5,A3,01,00,00,06
53438,1,400,0,0,8,01,00,0C,00,00,00,00,00
53458,0,300,0,0,8,03,5A,64,5A,32,00,32,35
53458,1,405,0,0,8,20,00,00,00,32,33,36,47
53458,0,301,0,0,3,54,05,00
53458,1,201,0,0,5,00,00,00,00,62
53468,0,300,0,0,8,03,5A,64,5A,32,00,32,36
53508,0,301,0,0,3,F5,06,00
53508,0,300,0,0,8,03,5A,64,5A,32,00,32,37
53518,1,203,0,0,8,00,00,00,00,00,00,00,00
53528,1,401,0,0,8,3B,9C,00,00,47,00,00,00
53538,1,206,0,0,8,00,00,00,00,00,00,00,00
53558,0,301,0,0,3,B8,07,00
53558,1,400,0,0,8,01,00,0C,00,00,00,00,00
53558,0,404,0,0,2,20,00
53558,1,201,0,0,5,00,00,00,00,62
53558,1,203,0,0,8,00,00,00,00,00,00,00,00
53598,0,300,0,0,8,03,5A,64,5A,32,00,32,F8
53608,0,301,0,0,3,80,08,00
53608,0,300,0,0,8,03,5A,64,5A,32,00,32,F9
53618,1,401,0,0,8,39,9C,00,00,47,00,00,00
53628,1,206,0,0,8,00,00,00,00,00,00,00,00
53638,1,405,0,0,8,20,00,00,00,32,33,36,47
53658,0,301,0,0,3,88,09,00
53658,1,400,0,0,8,01,00,0C,00,00,00,00,00
53658,0,404,0,0,2,20,00
53658,1,201,0,0,5,00,00,00,00,62
53658,0,300,0,0,8,03,5A,64,5A,32,00,32,FA
53658,1,203,0,0,8,00,00,00,00,00,00,00,00
53708,0,301,0,0,3,C6,0A,00
53708,0,300,0,0,8,03,5A,64,5A,32,00,32,FB
53718,1,401,0,0,8,39,9C,00,00,47,00,00,00
53718,1,206,0,0,8,00,00,00,00,00,00,00,00
53728,1,405,0,0,8,20,00,00,00,32,33,36,47
53738,1,400,0,0,8,01,00,0C,00,00,00,00,00
53758,0,301,0,0,3,43,0B,00
53758,0,404,0,0,2,21,00
53758,1,201,0,0,5,00,00,00,00,62
53758,1,403,0,0,8,64,00,00,00,40,E3,09,00
53758,1,203,0,0,8,00,00,00,00,00,00,00,00
53788,0,300,0,0,8,03,5A,64,5A,32,00,32,BC
53808,0,301,0,0,3,B5,0C,00
53808,0,300,0,0,8,03,5A,64,5A,32,00,32,BD
53818,1,401,0,0,8,39,9C,00,00,46,00,00,00
53828,1,206,0,0,8,00,00,00,00,00,00,00,00
53838,1,405,0,0,8,21,00,00,00,35,4C,41,31
53848,0,301,0,0,3,4E,0D,00
53858,0,404,0,0,2,21,00
53858,0,300,0,0,8,03,5A,64,5A,32,00,32,BE
53858,1,400,0,0,8,01,00,0C,00,00,00,00,00
53858,1,201,0,0,5,00,00,00,00,62
53858,1,203,0,0,8,00,00,00,00,00,00,00,00
53908,0,301,0,0,3,1D,0E,00
53908,0,404,0,0,2,22,00
53908,1,401,0,0,8,39,9C,00,00,46,00,00,00
53918,1,206,0,0,8,00,00,00,00,00,00,00,00
53928,1,405,0,0,8,21,00,00,00,35,4C,41,31
53938,1,400,0,0,8,01,00,0C,00,00,00,00,00
53958,1,405,0,0,8,22,00,00,00,30,30,34,52
53958,0,300,0,0,8,03,5A,64,5A,32,00,32,BF
53958,0,301,0,0,3,E8,0F,00
53958,1,201,0,0,5,00,00,00,00,62
53968,0,300,0,0,8,03,5A,64,5A,32,00,32,70
54008,0,301,0,0,3,E2,00,00
54008,0,300,0,0,8,03,5A,64,5A,32,00,32,71
54018,1,203,0,0,8,00,00,00,00,00,00,00,00
54028,1,401,0,0,8,39,9C,00,00,46,00,00,00
54038,1,206,0,0,8,00,00,00,00,00,00,00,00
54058,0,301,0,0,3,B3,01,00
54058,0,404,0,0,2,22,00
54058,1,400,0,0,8,01,00,0C,00,00,00,00,00
54058,1,201,0,0,5,00,00,00,00,62
54058,1,203,0,0,8,00,00,00,00,00,00,00,00
54098,0,300,0,0,8,03,5A,64,5A,32,00,32,72
54108,0,301,0,0,3,6B,02,00
54108,0,300,0,0,8,03,5A,64,5A,32,00,32,73
54118,1,401,0,0,8,39,9C,00,00,47,00,00,00
54128,1,206,0,0,8,00,00,00,00,00,00,00,00
54138,1,405,0,0,8,22,00,00,00,30,30,34,52
54158,0,301,0,0,3,96,03,00
54158,0,404,0,0,2,22,00
54158,1,400,0,0,8,01,00,0C,00,00,00,00,00
54158,1,201,0,0,5,00,00,00,00,62
54158,0,300,0,0,8,03,5A,64,5A,32,00,32,34
54158,1,203,0,0,8,00,00,00,00,00,00,00,00
54208,0,301,0,0,3,03,04,00
54208,0,300,0,0,8,03,5A,64,5A,32,00,32,35
54218,1,401,0,0,8,39,9C,00,00,47,00,00,00
54218,1,206,0,0,8,00,00,00,00,00,00,00,00
54228,1,405,0,0,8,22,00,00,00,30,30,34,52
54238,1,400,0,0,8,01,00,0C,00,00,00,00,00
54258,0,301,0,0,3,54,05,00
54258,0,404,0,0,2,23,00
54258,1,201,0,0,5,00,00,00,00,62
54258,1,402,0,0,8,4E,00,00,00,F8,AB,07,00
54258,1,203,0,0,8,00,00,00,00,00,00,00,00
54288,0,300,0,0,8,03,5A,64,5A,32,00,32,36
54308,0,301,0,0,3,F5,06,00
54308,0,300,0,0,8,03,5A,64,5A,32,00,32,37
54318,1,401,0,0,8,37,9C,00,00,47,00,00,00
54328,1,206,0,0,8,00,00,00,00,00,00,00,00
54338,1,405,0,0,8,23,00,00,00,4D,30,30,30
54338,1,400,0,0,8,01,00,0C,00,00,00,00,00
54348,0,301,0,0,3,B8,07,00
54358,0,404,0,0,2,23,00
54358,0,300,0,0,8,03,5A,64,5A,32,00,32,F8
54358,1,201,0,0,5,00,00,00,00,62
54358,1,203,0,0,8,00,00,00,00,00,00,00,00
54358,1,204,0,0,8,00,00,00,00,00,00,00,00
54368,1,401,0,0,8,37,9C,00,00,47,00,00,00
54368,1,206,0,0,8,00,00,00,00,00,00,00,00
54378,1,202,0,0,8,E2,1E,00,00,33,99,05,00
54388,1,405,0,0,8,23,00,00,00,4D,30,30,30
54408,0,301,0,0,3,80,08,00
54408,0,404,0,0,2,24,00
54408,1,400,0,0,8,01,00,0C,00,00,00,00,00
54418,1,666,0,0,8,52,08,05,00,52,95,36,02
54428,1,665,0,0,8,00,00,00,53,4C,18,53,00
54448,1,200,0,0,8,4E,00,F8,AB,07,00,00,00
54458,0,300,0,0,8,03,5A,64,5A,32,00,32,F9
54458,0,301,0,0,3,88,09,00
54458,1,405,0,0,8,24,00,00,00,30,30,30,30
54468,1,201,0,0,5,00,00,00,00,62
54468,0,300,0,0,8,03,5A,64,5A,32,00,32,FA
54508,0,301,0,0,3,C6,0A,00
54508,0,300,0,0,8,03,5A,64,5A,32,00,32,FB
54518,1,203,0,0,8,00,00,00,00,00,00,00,00
54528,1,401,0,0,8,37,9C,00,00,47,00,00,00
54548,1,206,0,0,8,00,00,00,00,00,00,00,00
54558,0,301,0,0,3,43,0B,00
54558,0,404,0,0,2,24,00
54558,1,400,0,0,8,01,00,0C,00,00,00,00,00
54558,1,201,0,0,5,00,00,00,00,62
54568,1,203,0,0,8,00,00,00,00,00,00,00,00
54598,0,300,0,0,8,03,5A,64,5A,32,00,32,BC
54608,0,301,0,0,3,B5,0C,00
54608,0,300,0,0,8,03,5A,64,5A,32,00,32,BD
54618,1,401,0,0,8,39,9C,00,00,47,00,00,00
54628,1,206,0,0,8,00,00,00,00,00,00,00,00
54648,1,405,0,0,8,24,00,00,00,30,30,30,30
54658,0,301,0,0,3,4E,0D,00
54658,0,404,0,0,2,24,00
54658,1,400,0,0,8,01,00,0C,00,00,00,00,00
54658,1,201,0,0,5,00,00,00,00,62
54668,0,300,0,0,8,03,5A,64,5A,32,00,32,BE
54668,1,203,0,0,8,00,00,00,00,00,00,00,00
54708,0,301,0,0,3,1D,0E,00
54708,0,300,0,0,8,03,5A,64,5A,32,00,32,BF
54718,1,401,0,0,8,39,9C,00,00,47,00,00,00
54728,1,206,0,0,8,00,00,00,00,00,00,00,00
54728,1,405,0,0,8,24,00,00,00,30,30,30,30
54748,1,400,0,0,8,01,00,0C,00,00,00,00,00
54758,0,301,0,0,3,E8,0F,00
54758,0,404,0,0,2,25,00
54758,1,201,0,0,5,00,00,00,00,62
54758,1,403,0,0,8,64,00,00,00,40,E3,09,00
54768,1,203,0,0,8,00,00,00,00,00,00,00,00
54788,0,300,0,0,8,03,5A,64,5A,32,00,32,70
54808,0,301,0,0,3,E2,00,00
54808,0,300,0,0,8,03,5A,64,5A,32,00,32,71
54818,1,401,0,0,8,39,9C,00,00,47,00,00,00
54828,1,206,0,0,8,00,00,00,00,00,00,00,00
54848,1,405,0,0,8,25,00,00,00,30,30,30,30
54848,0,301,0,0,3,B3,01,00
54858,0,404,0,0,2,25,00
54858,0,300,0,0,8,03,5A,64,5A,32,00,32,72
54858,1,400,0,0,8,01,00,0C,00,00,00,00,00
54858,1,201,0,0,5,00,00,00,00,62
54868,1,203,0,0,8,00,00,00,00,00,00,00,00
54908,0,301,0,0,3,6B,02,00
54908,0,404,0,0,2,26,00
54908,1,401,0,0,8,39,9C,00,00,47,00,00,00
54918,1,206,0,0,8,00,00,00,00,00,00,00,00
54928,1,405,0,0,8,25,00,00,00,30,30,30,30
54948,1,400,0,0,8,01,00,0C,00,00,00,00,00
54958,1,405,0,0,8,26,00,00,00,30,30,30,30
54958,0,300,0,0,8,03,5A,64,5A,32,00,32,73
54958,0,301,0,0,3,96,03,00
54968,1,201,0,0,5,00,00,00,00,62
54978,0,300,0,0,8,03,5A,64,5A,32,00,32,34
55008,0,301,0,0,3,03,04,00
55008,0,300,0,0,8,03,5A,64,5A,32,00,32,35
55018,1,203,0,0,8,00,00,00,00,00,00,00,00
55028,1,401,0,0,8,39,9C,00,00,47,00,00,00
55048,1,206,0,0,8,00,00,00,00,00,00,00,00
55058,0,301,0,0,3,54,05,00
55058,0,404,0,0,2,26,00
55058,1,400,0,0,8,01,00,0C,00,00,00,00,00
55058,1,201,0,0,5,00,00,00,00,62
55068,1,203,0,0,8,00,00,00,00,00,00,00,00
55098,0,300,0,0,8,03,5A,64,5A,32,00,32,36
55108,0,301,0,0,3,F5,06,00
55108,0,300,0,0,8,03,5A,64,5A,32,00,32,37
55118,1,401,0,0,8,39,9C,00,00,47,00,00,00
55128,1,206,0,0,8,00,00,00,00,00,00,00,00
55148,1,405,0,0,8,26,00,00,00,30,30,30,30
55158,0,301,0,0,3,B8,07,00
55158,0,404,0,0,2,26,00
55158,1,400,0,0,8,01,00,0C,00,00,00,00,00
55158,1,201,0,0,5,00,00,00,00,62
55158,0,300,0,0,8,03,5A,64,5A,32,00,32,F8
55168,1,203,0,0,8,00,00,00,00,00,00,00,00
55208,0,301,0,0,3,80,08,00
55208,0,300,0,0,8,03,5A,64,5A,32,00,32,F9
55218,1,401,0,0,8,39,9C,00,00,47,00,00,00
55228,1,206,0,0,8,00,00,00,00,00,00,00,00
55228,1,405,0,0,8,26,00,00,00,30,30,30,30
55248,1,400,0,0,8,01,00,0C,00,00,00,00,00
55258,0,301,0,0,3,88,09,00
55258,0,404,0,0,2,27,00
55258,1,201,0,0,5,00,00,00,00,62
55258,1,402,0,0,8,4E,00,00,00,F8,AB,07,00
55268,1,203,0,0,8,00,00,00,00,00,00,00,00
55288,0,300,0,0,8,03,5A,64,5A,32,00,32,FA
55308,0,301,0,0,3,C6,0A,00
55308,0,300,0,0,8,03,5A,64,5A,32,00,32,FB
55318,1,401,0,0,8,39,9C,00,00,47,00,00,00
55328,1,206,0,0,8,00,00,00,00,00,00,00,00
55338,1,405,0,0,6,27,00,00,00,30,30
55348,1,400,0,0,8,01,00,0C,00,00,00,00,00
55348,0,301,0,0,3,43,0B,00
55358,0,404,0,0,2,27,00
55358,0,300,0,0,8,03,5A,64,5A,32,00,32,BC
55358,1,201,0,0,5,00,00,00,00,62
55358,1,203,0,0,8,00,00,00,00,00,00,00,00
55358,1,204,0,0,8,00,00,00,00,00,00,00,00
55368,1,401,0,0,8,39,9C,00,00,47,00,00,00
55408,0,301,0,0,3,B5,0C,00
55408,0,404,0,0,2,4C,00
55408,1,206,0,0,8,00,00,00,00,00,00,00,00
55418,1,202,0,0,8,E2,1D,00,00,33,99,05,00
55428,1,405,0,0,6,27,00,00,00,30,30
55448,1,400,0,0,8,01,00,0C,00,00,00,00,00
55458,0,300,0,0,8,03,5A,64,5A,32,00,32,BD
55458,0,301,0,0,3,4E,0D,00
55458,1,405,0,0,8,4C,00,00,00,01,24,00,00
55468,1,201,0,0,5,00,00,00,00,62
55468,0,300,0,0,8,03,5A,64,5A,32,00,32,BE
55508,0,301,0,0,3,1D,0E,00
55508,0,300,0,0,8,03,5A,64,5A,32,00,32,BF
55518,1,203,0,0,8,00,00,00,00,00,00,00,00
55528,1,401,0,0,8,39,9C,00,00,47,00,00,00
55548,1,206,0,0,8,00,00,00,00,00,00,00,00
55558,0,301,0,0,3,E8,0F,00
55558,0,404,0,0,2,4C,00
55558,1,400,0,0,8,01,00,0C,00,00,00,00,00
55558,1,201,0,0,5,00,00,00,00,62
55568,1,203,0,0,8,00,00,00,00,00,00,00,00
55598,0,300,0,0,8,03,5A,64,5A,32,00,32,70
55608,0,301,0,0,3,E2,00,00
55608,0,300,0,0,8,03,5A,64,5A,32,00,32,71
55618,1,401,0,0,8,3B,9C,00,00,47,00,00,00
55628,1,206,0,0,8,00,00,00,00,00,00,00,00
55648,1,405,0,0,8,4C,00,00,00,01,24,00,00
55658,0,301,0,0,3,B3,01,00
55658,0,404,0,0,2,4C,00
55658,1,400,0,0,8,01,00,0C,00,00,00,00,00
55658,1,201,0,0,5,00,00,00,00,62
55658,0,300,0,0,8,03,5A,64,5A,32,00,32,72
55668,1,203,0,0,8,00,00,00,00,00,00,00,00
55708,0,301,0,0,3,6B,02,00
55708,0,300,0,0,8,03,5A,64,5A,32,00,32,73
55718,1,401,0,0,8,3B,9C,00,00,47,00,00,00
55728,1,206,0,0,8,00,00,00,00,00,00,00,00
55728,1,405,0,0,8,4C,00,00,00,01,24,00,00
55748,1,400,0,0,8,01,00,0C,00,00,00,00,00
55758,0,301,0,0,3,96,03,00
55758,0,404,0,0,2,46,00
55758,1,201,0,0,5,00,00,00,00,62
55758,1,403,0,0,8,64,00,00,00,40,E3,09,00
55768,1,203,0,0,8,00,00,00,00,00,00,00,00
55788,0,300,0,0,8,03,5A,64,5A,32,00,32,34
55808,0,301,0,0,3,03,04,00
55808,0,300,0,0,8,03,5A,64,5A,32,00,32,35
55818,1,401,0,0,8,39,9C,00,00,47,00,00,00
55828,1,206,0,0,8,00,00,00,00,00,00,00,00
55848,1,405,0,0,5,46,00,00,00,00
55858,0,301,0,0,3,54,05,00
55858,0,404,0,0,2,46,00
55858,1,400,0,0,8,01,00,0C,00,00,00,00,00
55858,1,201,0,0,5,00,00,00,00,62
55868,1,203,0,0,8,00,00,00,00,00,00,00,00
55878,0,300,0,0,8,03,5A,64,5A,32,00,32,36
55908,0,301,0,0,3,F5,06,00
55908,0,300,0,0,8,03,5A,64,5A,32,00,32,37
55918,1,401,0,0,8,39,9C,00,00,47,00,00,00
55928,1,206,0,0,8,00,00,00,00,00,00,00,00
55948,1,405,0,0,5,46,00,00,00,00
55958,0,301,0,0,3,B8,07,00
55958,1,400,0,0,8,01,00,0C,00,00,00,00,00
55958,0,404,0,0,2,4D,00
55958,1,201,0,0,5,00,00,00,00,62
55968,1,203,0,0,8,00,00,00,00,00,00,00,00
55998,0,300,0,0,8,03,5A,64,5A,32,00,32,F8
56008,0,301,0,0,3,80,08,00
56008,0,300,0,0,8,03,5A,64,5A,32,00,32,F9
56018,1,401,0,0,8,39,9C,00,00,47,00,00,00
56028,1,206,0,0,8,00,00,00,00,00,00,00,00
56048,1,405,0,0,8,4D,00,00,00,00,00,00,00
56058,0,301,0,0,3,88,09,00
56058,0,404,0,0,2,4D,00
56058,1,400,0,0,8,01,00,0C,00,00,00,00,00
56058,1,201,0,0,5,00,00,00,00,62
56068,1,203,0,0,8,00,00,00,00,00,00,00,00
56068,0,300,0,0,8,03,5A,64,5A,32,00,32,FA
56108,0,301,0,0,3,C6,0A,00
56108,0,300,0,0,8,03,5A,64,5A,32,00,32,FB
56118,1,401,0,0,8,39,9C,00,00,47,00,00,00
56128,1,206,0,0,8,00,00,00,00,00,00,00,00
56148,1,405,0,0,8,4D,00,00,00,00,00,00,00
56158,0,301,0,0,3,43,0B,00
56158,0,404,0,0,2,50,00
56158,1,400,0,0,8,01,00,0C,00,00,00,00,00
56158,1,201,0,0,5,00,00,00,00,62
56168,1,203,0,0,8,00,00,00,00,00,00,00,00
56188,0,300,0,0,8,03,5A,64,5A,32,00,32,BC
56208,0,301,0,0,3,B5,0C,00
56208,0,300,0,0,8,03,5A,64,5A,32,00,32,BD
56218,1,401,0,0,8,39,9C,00,00,47,00,00,00
56228,1,206,0,0,8,00,00,00,00,00,00,00,00
56228,1,405,0,0,8,50,00,00,00,F1,00,F3,00
56248,1,400,0,0,8,01,00,0C,00,00,00,00,00
56248,0,301,0,0,3,4E,0D,00
56258,0,404,0,0,2,50,00
56258,0,300,0,0,8,03,5A,64,5A,32,00,32,BE
56258,1,201,0,0,5,00,00,00,00,62
56258,1,402,0,0,8,4E,00,00,00,F8,AB,07,00
56268,1,203,0,0,8,00,00,00,00,00,00,00,00
56308,0,301,0,0,3,1D,0E,00
56308,0,404,0,0,2,02,00
56308,1,401,0,0,8,39,9C,00,00,47,00,00,00
56318,1,206,0,0,8,00,00,00,00,00,00,00,00
56328,1,405,0,0,8,50,00,00,00,F1,00,F3,00
56338,1,400,0,0,8,01,00,0C,00,00,00,00,00
56348,1,405,0,0,8,02,00,00,00,53,49,43,54
56358,0,300,0,0,8,03,5A,64,5A,32,00,32,BF
56358,0,301,0,0,3,E8,0F,00
56358,1,201,0,0,5,00,00,00,00,62
56358,1,203,0,0,8,00,00,00,00,00,00,00,00
56368,1,204,0,0,8,00,00,00,00,00,00,00,00
56378,0,300,0,0,8,03,5A,64,5A,32,00,32,70
56408,0,301,0,0,3,E2,00,00
56408,0,300,0,0,8,03,5A,64,5A,32,00,32,71
56418,1,401,0,0,8,39,9C,00,00,47,00,00,00
56428,1,206,0,0,8,00,00,00,00,00,00,00,00
56448,1,202,0,0,8,E2,1D,00,00,33,99,05,00
56458,0,301,0,0,3,B3,01,00
56458,0,404,0,0,2,02,00
56458,1,400,0,0,8,01,00,0C,00,00,00,00,00
56458,1,201,0,0,5,00,00,00,00,62
56468,1,203,0,0,8,00,00,00,00,00,00,00,00
56498,0,300,0,0,8,03,5A,64,5A,32,00,32,72
56508,0,301,0,0,3,6B,02,00
56508,0,300,0,0,8,03,5A,64,5A,32,00,32,73
56518,1,401,0,0,8,39,9C,00,00,47,00,00,00
56528,1,206,0,0,8,00,00,00,00,00,00,00,00
56548,1,405,0,0,8,02,00,00,00,53,49,43,54
56558,0,301,0,0,3,96,03,00
56558,0,404,0,0,2,02,00
56558,1,400,0,0,8,01,00,0C,00,00,00,00,00
56558,1,201,0,0,5,00,00,00,00,62
56568,0,300,0,0,8,03,5A,64,5A,32,00,32,34
56568,1,203,0,0,8,00,00,00,00,00,00,00,00
56608,0,301,0,0,3,03,04,00
56608,0,300,0,0,8,03,5A,64,5A,32,00,32,35
56618,1,401,0,0,8,39,9C,00,00,47,00,00,00
56628,1,206,0,0,8,00,00,00,00,00,00,00,00
56648,1,405,0,0,8,02,00,00,00,53,49,43,54
56658,0,301,0,0,3,54,05,00
56658,0,404,0,0,2,0A,00
56658,1,400,0,0,8,01,00,0C,00,00,00,00,00
56658,1,201,0,0,5,00,00,00,00,62
56668,1,203,0,0,8,00,00,00,00,00,00,00,00
56698,0,300,0,0,8,03,5A,64,5A,32,00,32,36
56708,0,301,0,0,3,F5,06,00
56708,0,300,0,0,8,03,5A,64,5A,32,00,32,37
56718,1,401,0,0,8,39,9C,00,00,47,00,00,00
56728,1,206,0,0,8,00,00,00,00,00,00,00,00
56728,1,405,0,0,8,0A,00,00,00,30,3A,00,00
56748,1,400,0,0,8,01,00,0C,00,00,00,00,00
56748,0,301,0,0,3,B8,07,00
56758,0,404,0,0,2,0A,00
56758,0,300,0,0,8,03,5A,64,5A,32,00,32,F8
56758,1,201,0,0,5,00,00,00,00,62
56758,1,403,0,0,8,64,00,00,00,40,E3,09,00
56768,1,203,0,0,8,00,00,00,00,00,00,00,00
56808,0,301,0,0,3,80,08,00
56808,0,404,0,0,2,04,00
56808,1,401,0,0,8,3B,9C,00,00,47,00,00,00
56818,1,206,0,0,8,00,00,00,00,00,00,00,00
56828,1,405,0,0,8,0A,00,00,00,30,3A,00,00
56848,1,400,0,0,8,01,00,0C,00,00,00,00,00
56858,0,300,0,0,8,03,5A,64,5A,32,00,32,F9
56858,0,301,0,0,3,88,09,00
56858,1,405,0,0,7,04,0,00,00,16,09,02
56868,1,201,0,0,5,00,00,00,00,62
56878,0,300,0,0,8,03,5A,64,5A,32,00,32,FA
56908,0,301,0,0,3,C6,0A,00
56908,0,300,0,0,8,03,5A,64,5A,32,00,32,FB
56918,1,203,0,0,8,00,00,00,00,00,00,00,00
56928,1,401,0,0,8,3B,9C,00,00,47,00,00,00
56948,1,206,0,0,8,00,00,00,00,00,00,00,00
56958,0,301,0,0,3,43,0B,00
56958,0,404,0,0,2,04,00
56958,1,400,0,0,8,01,00,0C,00,00,00,00,00
56958,1,201,0,0,5,00,00,00,00,62
56968,1,203,0,0,8,00,00,00,00,00,00,00,00
57008,0,300,0,0,8,03,5A,64,5A,32,00,32,BC
57008,0,301,0,0,3,B5,0C,00
57008,0,300,0,0,8,03,5A,64,5A,32,00,32,BD
57018,1,401,0,0,8,3B,9C,00,00,47,00,00,00
57028,1,206,0,0,8,00,00,00,00,00,00,00,00
57048,1,405,0,0,7,04,0,00,00,16,09,02
57058,0,301,0,0,3,4E,0D,00
57058,0,300,0,0,8,03,5A,64,5A,32,00,32,BE
57058,1,400,0,0,8,01,00,0C,00,00,00,00,00
57068,0,301,0,0,3,1D,0E,00
57068,1,201,0,0,5,00,00,00,00,62
57108,0,404,0,0,2,04,00
57108,0,300,0,0,8,03,5A,64,5A,32,00,32,BF
57108,1,203,0,0,8,00,00,00,00,00,00,00,00
57118,1,401,0,0,8,3B,9C,00,00,47,00,00,00
57128,1,206,0,0,8,00,00,00,00,00,00,00,00
57148,1,400,0,0,8,01,00,0C,00,00,00,00,00
57158,0,301,0,0,3,E8,0F,00
57158,0,404,0,0,2,B0,01
57158,1,405,0,0,7,04,0,00,00,16,09,02
57158,1,201,0,0,5,00,00,00,00,62
57168,1,203,0,0,8,00,00,00,00,00,00,00,00
57188,0,300,0,0,8,03,5A,64,5A,32,00,32,70
57208,0,301,0,0,3,E2,00,00
57208,0,300,0,0,8,03,5A,64,5A,32,00,32,71
57218,1,401,0,0,8,3B,9C,00,00,47,00,00,00
57228,1,206,0,0,8,00,00,00,00,00,00,00,00
57228,1,405,0,0,6,B0,01,00,00,00,00
57248,1,400,0,0,8,01,00,0C,00,00,00,00,00
57248,0,301,0,0,3,B3,01,00
57258,0,404,0,0,2,B0,01
57258,0,300,0,0,8,03,5A,64,5A,32,00,32,72
57258,1,201,0,0,5,00,00,00,00,62
57258,1,402,0,0,8,4E,00,00,00,F8,AB,07,00
57268,1,203,0,0,8,00,00,00,00,00,00,00,00
57308,0,301,0,0,3,6B,02,00
57308,0,404,0,0,2,B1,01
57308,1,401,0,0,8,39,9C,00,00,47,00,00,00
57318,1,206,0,0,8,00,00,00,00,00,00,00,00
57328,1,405,0,0,6,B0,01,00,00,00,00
57338,1,400,0,0,8,01,00,0C,00,00,00,00,00
57348,1,405,0,0,6,B1,01,00,00,00,00
57358,0,300,0,0,8,03,5A,64,5A,32,00,32,73
57358,0,301,0,0,3,96,03,00
57358,1,201,0,0,5,00,00,00,00,62
57358,1,203,0,0,8,00,00,00,00,00,00,00,00
57368,1,204,0,0,8,00,00,00,00,00,00,00,00
57368,1,401,0,0,8,39,9C,00,00,47,00,00,00
57378,0,300,0,0,8,03,5A,64,5A,32,00,32,34
57378,1,206,0,0,8,00,00,00,00,00,00,00,00
57388,1,202,0,0,8,E2,1D,00,00,33,99,05,00
57408,0,301,0,0,3,03,04,00
57408,0,300,0,0,8,03,5A,64,5A,32,00,32,35
57418,1,666,0,0,8,52,08,05,00,52,95,36,02
57428,1,400,0,0,8,01,00,0C,00,00,00,00,00
57448,1,665,0,0,8,00,00,00,53,4C,18,53,00
57458,0,301,0,0,3,54,05,00
57458,0,404,0,0,2,B1,01
57458,1,200,0,0,8,4E,00,F8,AB,07,00,01,00
57458,1,201,0,0,5,00,00,00,00,62
57468,1,203,0,0,8,00,00,00,00,00,00,00,00
57498,0,300,0,0,8,03,5A,64,5A,32,00,32,36
57508,0,301,0,0,3,F5,06,00
57508,0,300,0,0,8,03,5A,64,5A,32,00,32,37
57518,1,401,0,0,8,39,9C,00,00,47,00,00,00
57528,1,405,0,0,6,B1,01,00,00,00,00
57548,1,206,0,0,8,00,00,00,00,00,00,00,00
57558,0,301,0,0,3,B8,07,00
57558,0,404,0,0,2,B1,01
57558,1,400,0,0,8,01,00,0C,00,00,00,00,00
57558,1,201,0,0,5,00,00,00,00,62
57568,1,203,0,0,8,00,00,00,00,00,00,00,00
57608,0,300,0,0,8,03,5A,64,5A,32,00,32,F8
57608,0,301,0,0,3,80,08,00
57618,1,401,0,0,8,39,9C,00,00,47,00,00,00
57628,1,405,0,0,6,B1,01,00,00,00,00
57648,1,206,0,0,8,00,00,00,00,00,00,00,00
57658,0,300,0,0,8,03,5A,64,5A,32,00,32,F9
57658,0,301,0,0,3,88,09,00
57658,1,400,0,0,8,01,00,0C,00,00,00,00,00
57668,1,201,0,0,5,00,00,00,00,62
57708,0,300,0,0,8,03,5A,64,5A,32,00,32,FA
57708,0,301,0,0,3,C6,0A,00
57718,1,203,0,0,8,00,00,00,00,00,00,00,00
57728,1,401,0,0,8,39,9C,00,00,47,00,00,00
57728,1,206,0,0,8,00,00,00,00,00,00,00,00
57748,1,400,0,0,8,01,00,0C,00,00,00,00,00
57758,0,300,0,0,8,03,5A,64,5A,32,00,32,FB
57758,0,301,0,0,3,43,0B,00
57758,1,201,0,0,5,00,00,00,00,62
57768,1,203,0,0,8,00,00,00,00,00,00,00,00
57808,0,300,0,0,8,03,5A,64,5A,32,00,32,BC
57808,0,301,0,0,3,B5,0C,00
57818,1,403,0,0,8,64,00,00,00,40,E3,09,00
57828,1,401,0,0,8,39,9C,00,00,47,00,00,00
57848,1,206,0,0,8,00,00,00,00,00,00,00,00
57858,0,300,0,0,8,03,5A,64,5A,32,00,32,BD
57858,0,301,0,0,3,4E,0D,00
57858,1,400,0,0,8,01,00,0C,00,00,00,00,00
57868,1,201,0,0,5,00,00,00,00,62
57908,0,300,0,0,8,03,5A,64,5A,32,00,32,BE
57908,0,301,0,0,3,1D,0E,00
57918,1,203,0,0,8,00,00,00,00,00,00,00,00
57928,1,401,0,0,8,39,9C,00,00,47,00,00,00
57948,1,206,0,0,8,00,00,00,00,00,00,00,00
57958,0,300,0,0,8,03,5A,64,5A,32,00,32,BF
57958,0,301,0,0,3,E8,0F,00
57958,1,400,0,0,8,01,00,0C,00,00,00,00,00
57968,1,201,0,0,5,00,00,00,00,62
58008,0,300,0,0,8,03,5A,64,5A,32,00,32,70
58008,0,301,0,0,3,E2,00,00
58018,1,203,0,0,8,00,00,00,00,00,00,00,00
58028,1,401,0,0,8,39,9C,00,00,47,00,00,00
58048,1,206,0,0,8,00,00,00,00,00,00,00,00
58058,0,300,0,0,8,03,5A,64,5A,32,00,32,71
58058,0,301,0,0,3,B3,01,00
58058,1,400,0,0,8,01,00,0C,00,00,00,00,00
58068,1,201,0,0,5,00,00,00,00,62
58108,0,300,0,0,8,03,5A,64,5A,32,00,32,72
58108,0,301,0,0,3,6B,02,00
58118,1,203,0,0,8,00,00,00,00,00,00,00,00
58128,1,401,0,0,8,39,9C,00,00,47,00,00,00
58148,1,206,0,0,8,00,00,00,00,00,00,00,00
58158,0,300,0,0,8,03,5A,64,5A,32,00,32,73
58158,0,301,0,0,3,96,03,00
58158,1,400,0,0,8,01,00,0C,00,00,00,00,00
58168,1,201,0,0,5,00,00,00,00,62
58208,0,300,0,0,8,03,5A,64,5A,32,00,32,34
58208,0,301,0,0,3,03,04,00
58218,1,203,0,0,8,00,00,00,00,00,00,00,00
58228,1,401,0,0,8,39,9C,00,00,47,00,00,00
58228,1,206,0,0,8,00,00,00,00,00,00,00,00
58248,1,400,0,0,8,01,00,0C,00,00,00,00,00
58258,0,300,0,0,8,03,5A,64,5A,32,00,32,35
58258,0,301,0,0,3,54,05,00
58258,1,201,0,0,5,00,00,00,00,62
58268,1,203,0,0,8,00,00,00,00,00,00,00,00
58308,0,300,0,0,8,03,5A,64,5A,32,00,32,36
58308,0,301,0,0,3,F5,06,00
58318,1,402,0,0,8,4E,00,00,00,F8,AB,07,00
58328,1,401,0,0,8,39,9C,00,00,47,00,00,00
58338,1,206,0,0,8,00,00,00,00,00,00,00,00
58348,1,400,0,0,8,01,00,0C,00,00,00,00,00
58358,0,300,0,0,8,03,5A,64,5A,32,00,32,37
58358,0,301,0,0,3,B8,07,00
58358,1,201,0,0,5,00,00,00,00,62
58358,1,203,0,0,8,00,00,00,00,00,00,00,00
58368,1,204,0,0,8,00,00,00,00,00,00,00,00
58408,0,300,0,0,8,03,5A,64,5A,32,00,32,F8
58408,0,301,0,0,3,80,08,00
58418,1,401,0,0,8,39,9C,00,00,47,00,00,00
58428,1,206,0,0,8,00,00,00,00,00,00,00,00
58458,1,202,0,0,8,E2,1D,00,00,33,99,05,00
58458,0,300,0,0,8,03,5A,64,5A,32,00,32,F9
58458,0,301,0,0,3,88,09,00
58458,1,400,0,0,8,01,00,0C,00,00,00,00,00
58478,1,201,0,0,5,00,00,00,00,62
58508,0,300,0,0,8,03,5A,64,5A,32,00,32,FA
58508,0,301,0,0,3,C6,0A,00
58518,1,203,0,0,8,00,00,00,00,00,00,00,00
58528,1,401,0,0,8,39,9C,00,00,47,00,00,00
58558,0,300,0,0,8,03,5A,64,5A,32,00,32,FB
58558,1,206,0,0,8,00,00,00,00,00,00,00,00
58558,0,301,0,0,3,43,0B,00
58558,1,400,0,0,8,01,00,0C,00,00,00,00,00
58578,1,201,0,0,5,00,00,00,00,62
58608,0,300,0,0,8,03,5A,64,5A,32,00,32,BC
58608,0,301,0,0,3,B5,0C,00
58618,1,203,0,0,8,00,00,00,00,00,00,00,00
58628,1,401,0,0,8,39,9C,00,00,47,00,00,00
58658,0,300,0,0,8,03,5A,64,5A,32,00,32,BD
58658,0,301,0,0,3,4E,0D,00
58658,1,206,0,0,8,00,00,00,00,00,00,00,00
58658,1,400,0,0,8,01,00,0C,00,00,00,00,00
58678,1,201,0,0,5,00,00,00,00,62
58708,0,300,0,0,8,03,5A,64,5A,32,00,32,BE
58708,0,301,0,0,3,1D,0E,00
58718,1,203,0,0,8,00,00,00,00,00,00,00,00
58728,1,401,0,0,8,39,9C,00,00,47,00,00,00
58738,1,206,0,0,8,00,00,00,00,00,00,00,00
58758,0,300,0,0,8,03,5A,64,5A,32,00,32,BF
58758,0,301,0,0,3,E8,0F,00
58758,1,400,0,0,8,01,00,0C,00,00,00,00,00
58758,1,201,0,0,5,00,00,00,00,62
58778,1,203,0,0,8,00,00,00,00,00,00,00,00
58808,0,300,0,0,8,03,5A,64,5A,32,00,32,70
58808,0,301,0,0,3,E2,00,00
58818,1,403,0,0,8,64,00,00,00,40,E3,09,00
58828,1,401,0,0,8,39,9C,00,00,47,00,00,00
58858,0,300,0,0,8,03,5A,64,5A,32,00,32,71
58858,0,301,0,0,3,B3,01,00
58858,1,206,0,0,8,00,00,00,00,00,00,00,00
58858,1,400,0,0,8,01,00,0C,00,00,00,00,00
58878,1,201,0,0,5,00,00,00,00,62
58908,0,300,0,0,8,03,5A,64,5A,32,00,32,72
58908,0,301,0,0,3,6B,02,00
58918,1,203,0,0,8,00,00,00,00,00,00,00,00
58928,1,401,0,0,8,39,9C,00,00,47,00,00,00
58958,0,300,0,0,8,03,5A,64,5A,32,00,32,73
58958,1,206,0,0,8,00,00,00,00,00,00,00,00
58958,0,301,0,0,3,96,03,00
58958,1,400,0,0,8,01,00,0C,00,00,00,00,00
58978,1,201,0,0,5,00,00,00,00,62
59008,0,300,0,0,8,03,5A,64,5A,32,00,32,34
59008,0,301,0,0,3,03,04,00
59018,1,203,0,0,8,00,00,00,00,00,00,00,00
59028,1,401,0,0,8,39,9C,00,00,47,00,00,00
59058,0,300,0,0,8,03,5A,64,5A,32,00,32,35
59058,0,301,0,0,3,54,05,00
59058,1,206,0,0,8,00,00,00,00,00,00,00,00
59058,1,400,0,0,8,01,00,0C,00,00,00,00,00
59078,1,201,0,0,5,00,00,00,00,62
59108,0,300,0,0,8,03,5A,64,5A,32,00,32,36
59108,0,301,0,0,3,F5,06,00
59118,1,203,0,0,8,00,00,00,00,00,00,00,00
59128,1,401,0,0,8,37,9C,00,00,46,00,00,00
59158,0,300,0,0,8,03,5A,64,5A,32,00,32,37
59158,0,301,0,0,3,B8,07,00
59158,1,206,0,0,8,00,00,00,00,00,00,00,00
59158,1,400,0,0,8,01,00,0C,00,00,00,00,00
59178,1,201,0,0,5,00,00,00,00,62
59208,0,300,0,0,8,03,5A,64,5A,32,00,32,F8
59208,0,301,0,0,3,80,08,00
59218,1,203,0,0,8,00,00,00,00,00,00,00,00
59228,1,401,0,0,8,37,9C,00,00,46,00,00,00
59238,1,206,0,0,8,00,00,00,00,00,00,00,00
59258,0,300,0,0,8,03,5A,64,5A,32,00,32,F9
59258,0,301,0,0,3,88,09,00
59258,1,400,0,0,8,01,00,0C,00,00,00,00,00
59258,1,201,0,0,5,00,00,00,00,62
59278,1,203,0,0,8,00,00,00,00,00,00,00,00
59308,0,300,0,0,8,03,5A,64,5A,32,00,32,FA
59308,0,301,0,0,3,C6,0A,00
59318,1,402,0,0,8,4E,00,00,00,F8,AB,07,00
59328,1,206,0,0,8,00,00,00,00,00,00,00,00
59348,1,401,0,0,8,39,9C,00,00,47,00,00,00
59358,0,300,0,0,8,03,5A,64,5A,32,00,32,FB
59358,0,301,0,0,3,43,0B,00
59358,1,400,0,0,8,01,00,0C,00,00,00,00,00
59358,1,201,0,0,5,00,00,00,00,62
59358,1,203,0,0,8,00,00,00,00,00,00,00,00
59378,1,204,0,0,8,00,00,00,00,00,00,00,00
59408,0,300,0,0,8,03,5A,64,5A,32,00,32,BC
59408,0,301,0,0,3,B5,0C,00
59418,1,206,0,0,8,00,00,00,00,00,00,00,00
59428,1,202,0,0,8,E2,1C,00,00,33,99,05,00
59458,0,300,0,0,8,03,5A,64,5A,32,00,32,BD
59458,0,301,0,0,3,4E,0D,00
59458,1,401,0,0,8,39,9C,00,00,47,00,00,00
59458,1,400,0,0,8,01,00,0C,00,00,00,00,00
59478,1,201,0,0,5,00,00,00,00,62
59508,0,300,0,0,8,03,5A,64,5A,32,00,32,BE
59508,0,301,0,0,3,1D,0E,00
59518,1,203,0,0,8,00,00,00,00,00,00,00,00
59528,1,206,0,0,8,00,00,00,00,00,00,00,00
59558,0,300,0,0,8,03,5A,64,5A,32,00,32,BF
59558,0,301,0,0,3,E8,0F,00
59558,1,401,0,0,8,39,9C,00,00,47,00,00,00
59558,1,400,0,0,8,01,00,0C,00,00,00,00,00
59578,1,201,0,0,5,00,00,00,00,62
59608,0,300,0,0,8,03,5A,64,5A,32,00,32,70
59608,0,301,0,0,3,E2,00,00
59618,1,203,0,0,8,00,00,00,00,00,00,00,00
59628,1,206,0,0,8,00,00,00,00,00,00,00,00
59658,0,300,0,0,8,03,5A,64,5A,32,00,32,71
59658,0,301,0,0,3,B3,01,00
59658,1,401,0,0,8,39,9C,00,00,46,00,00,00
59658,1,400,0,0,8,01,00,0C,00,00,00,00,00
59678,1,201,0,0,5,00,00,00,00,62
59708,0,300,0,0,8,03,5A,64,5A,32,00,32,72
59708,0,301,0,0,3,6B,02,00
59718,1,203,0,0,8,00,00,00,00,00,00,00,00
59728,1,206,0,0,8,00,00,00,00,00,00,00,00
59738,1,401,0,0,8,39,9C,00,00,46,00,00,00
59758,0,300,0,0,8,03,5A,64,5A,32,00,32,73
59758,0,301,0,0,3,96,03,00
59758,1,400,0,0,8,01,00,0C,00,00,00,00,00
59758,1,201,0,0,5,00,00,00,00,62
59778,1,203,0,0,8,00,00,00,00,00,00,00,00
59808,0,300,0,0,8,03,5A,64,5A,32,00,32,34
59808,0,301,0,0,3,03,04,00
59818,1,403,0,0,8,64,00,00,00,40,E3,09,00
59828,1,206,0,0,8,00,00,00,00,00,00,00,00
59858,0,300,0,0,8,03,5A,64,5A,32,00,32,35
59858,0,301,0,0,3,54,05,00
59858,1,401,0,0,8,39,9C,00,00,47,00,00,00
59858,1,400,0,0,8,01,00,0C,00,00,00,00,00
59878,1,201,0,0,5,00,00,00,00,62
59908,0,300,0,0,8,03,5A,64,5A,32,00,32,36
59908,0,301,0,0,3,F5,06,00
59918,1,203,0,0,8,00,00,00,00,00,00,00,00
59928,1,206,0,0,8,00,00,00,00,00,00,00,00
59938,0,300,0,0,8,03,5A,64,5A,32,00,32,37
59958,0,301,0,0,3,B8,07,00
59958,0,300,0,0,8,03,5A,64,5A,32,00,32,F8
59958,1,401,0,0,8,39,9C,00,00,47,00,00,00
59958,1,400,0,0,8,01,00,0C,00,00,00,00,00
59978,1,201,0,0,5,00,00,00,00,62
60008,0,301,0,0,3,80,08,00
60008,0,404,0,0,2,4A,00
60008,1,203,0,0,8,00,00,00,00,00,00,00,00
60018,1,206,0,0,8,00,00,00,00,00,00,00,00
60028,1,401,0,0,8,39,9C,00,00,47,00,00,00
60058,0,300,0,0,8,03,5A,64,5A,32,00,32,F9
60058,0,301,0,0,3,88,09,00
60058,1,400,0,0,8,01,00,0C,00,00,00,00,00
60058,1,405,0,0,8,4A,00,00,00,06,00,00,00
60068,0,300,0,0,8,03,5A,64,5A,32,00,32,FA
60078,1,201,0,0,5,00,00,00,00,62
60108,0,301,0,0,3,C6,0A,00
60108,0,300,0,0,8,03,5A,64,5A,32,00,32,FB
60118,1,203,0,0,8,00,00,00,00,00,00,00,00
60128,1,206,0,0,8,00,00,00,00,00,00,00,00
60158,0,301,0,0,3,43,0B,00
60158,0,404,0,0,2,4A,00
60158,1,401,0,0,8,39,9C,00,00,47,00,00,00
60158,1,400,0,0,8,01,00,0C,00,00,00,00,00
60158,1,201,0,0,5,00,00,00,00,62
60178,1,203,0,0,8,00,00,00,00,00,00,00,00
60188,0,300,0,0,8,03,5A,64,5A,32,00,32,BC
60208,0,301,0,0,3,B5,0C,00
60208,0,300,0,0,8,03,5A,64,5A,32,00,32,BD
60218,1,405,0,0,8,4A,00,00,00,06,00,00,00
60218,0,301,0,0,3,4E,0D,00
60228,1,206,0,0,8,00,00,00,00,00,00,00,00
60238,1,401,0,0,8,39,9C,00,00,47,00,00,00
60258,0,404,0,0,2,4A,00
60258,0,300,0,0,8,03,5A,64,5A,32,00,32,BE
60258,1,400,0,0,8,01,00,0C,00,00,00,00,00
60258,1,201,0,0,5,00,00,00,00,62
60258,1,203,0,0,8,00,00,00,00,00,00,00,00
60278,1,402,0,0,8,4E,00,00,00,F8,AB,07,00
60308,0,301,0,0,3,1D,0E,00
60308,0,404,0,0,2,02,30
60308,1,405,0,0,8,4A,00,00,00,06,00,00,00
60318,1,206,0,0,8,00,00,00,00,00,00,00,00
60328,1,401,0,0,8,37,9C,00,00,47,00,00,00
60348,1,400,0,0,8,01,00,0C,00,00,00,00,00
60348,0,300,0,0,8,03,5A,64,5A,32,00,32,BF
60358,0,301,0,0,3,E8,0F,00
60358,0,300,0,0,8,03,5A,64,5A,32,00,32,70
60358,1,405,0,0,7,02,48,00,00,00,00,00
60358,1,201,0,0,5,00,00,00,00,62
60358,1,203,0,0,8,00,00,00,00,00,00,00,00
60368,1,204,0,0,8,00,00,00,00,00,00,00,00
60378,0,301,0,0,3,E2,00,00
60378,1,206,0,0,8,00,00,00,00,00,00,00,00
60378,1,202,0,0,8,E2,1D,00,00,33,99,05,00
60388,1,401,0,0,8,37,9C,00,00,47,00,00,00
60408,0,404,0,0,2,02,30
60408,0,300,0,0,8,03,5A,64,5A,32,00,32,71
60408,1,666,0,0,8,52,08,05,00,52,95,36,02
60418,1,400,0,0,8,01,00,0C,00,00,00,00,00
60428,1,665,0,0,8,00,00,00,53,4C,18,53,00
60458,0,301,0,0,3,B3,01,00
60458,0,404,0,0,2,44,00
60458,1,200,0,0,8,4E,00,F8,AB,07,00,02,00
60458,1,405,0,0,7,02,48,00,00,00,00,00
60458,1,201,0,0,5,00,00,00,00,62
60478,1,203,0,0,8,00,00,00,00,00,00,00,00
60498,0,300,0,0,8,03,5A,64,5A,32,00,32,72
60508,0,301,0,0,3,6B,02,00
60508,0,300,0,0,8,03,5A,64,5A,32,00,32,73
60518,1,405,0,0,6,44,00,00,00,50,46
60528,1,206,0,0,8,00,00,00,00,00,00,00,00
60538,0,301,0,0,3,96,03,00
60558,0,404,0,0,2,44,00
60558,0,300,0,0,8,03,5A,64,5A,32,00,32,34
60558,1,401,0,0,8,37,9C,00,00,47,00,00,00
60558,1,400,0,0,8,01,00,0C,00,00,00,00,00
60558,1,201,0,0,5,00,00,00,00,62
60578,1,203,0,0,8,00,00,00,00,00,00,00,00
60608,0,301,0,0,3,03,04,00
60608,0,404,0,0,2,01,00
60608,1,405,0,0,6,44,00,00,00,50,46
60618,1,206,0,0,8,00,00,00,00,00,00,00,00
60628,1,401,0,0,8,39,9C,00,00,46,00,00,00
60658,0,300,0,0,8,03,5A,64,5A,32,00,32,35
60658,0,301,0,0,3,54,05,00
60658,1,400,0,0,8,01,00,0C,00,00,00,00,00
60658,1,405,0,0,8,01,00,00,00,00,04,06,04
60658,0,300,0,0,8,03,5A,64,5A,32,00,32,36
60678,1,201,0,0,5,00,00,00,00,62
60688,0,301,0,0,3,F5,06,00
60708,0,300,0,0,8,03,5A,64,5A,32,00,32,37
60708,0,301,0,0,3,B8,07,00
60718,1,203,0,0,8,00,00,00,00,00,00,00,00
60728,1,206,0,0,8,00,00,00,00,00,00,00,00
60738,1,401,0,0,8,39,9C,00,00,46,00,00,00
60758,0,404,0,0,2,01,00
60758,0,404,0,0,2,A3,01
60758,1,400,0,0,8,01,00,0C,00,00,00,00,00
60758,1,201,0,0,5,00,00,00,00,62
60758,1,203,0,0,8,00,00,00,00,00,00,00,00
60758,1,403,0,0,8,64,00,00,00,40,E3,09,00
60778,1,405,0,0,8,01,00,00,00,00,04,06,04
60808,0,300,0,0,8,03,5A,64,5A,32,00,32,F8
60808,0,301,0,0,3,80,08,00
60818,0,300,0,0,8,03,5A,64,5A,32,00,32,F9
60818,1,405,0,0,5,A3,01,00,00,06
60828,1,206,0,0,8,00,00,00,00,00,00,00,00
60848,0,301,0,0,3,88,09,00
60858,0,300,0,0,8,03,5A,64,5A,32,00,32,FA
60858,0,301,0,0,3,C6,0A,00
60858,1,401,0,0,8,37,9C,00,00,46,00,00,00
60858,1,400,0,0,8,01,00,0C,00,00,00,00,00
60878,1,201,0,0,5,00,00,00,00,62
60908,0,404,0,0,2,A3,01
60908,0,404,0,0,2,20,00
60908,1,203,0,0,8,00,00,00,00,00,00,00,00
60908,1,206,0,0,8,00,00,00,00,00,00,00,00
60918,1,401,0,0,8,37,9C,00,00,46,00,00,00
60928,1,400,0,0,8,01,00,0C,00,00,00,00,00
60958,0,300,0,0,8,03,5A,64,5A,32,00,32,FB
60958,0,301,0,0,3,43,0B,00
60958,1,405,0,0,5,A3,01,00,00,06
60958,1,405,0,0,8,20,00,00,00,32,33,36,47
60968,0,300,0,0,8,03,5A,64,5A,32,00,32,BC
60978,1,201,0,0,5,00,00,00,00,62
61008,0,301,0,0,3,B5,0C,00
61008,0,300,0,0,8,03,5A,64,5A,32,00,32,BD
61018,1,203,0,0,8,00,00,00,00,00,00,00,00
61028,1,206,0,0,8,00,00,00,00,00,00,00,00
61058,0,301,0,0,3,4E,0D,00
61058,0,404,0,0,2,20,00
61058,1,401,0,0,8,37,9C,00,00,46,00,00,00
61058,1,400,0,0,8,01,00,0C,00,00,00,00,00
61058,1,201,0,0,5,00,00,00,00,62
61078,1,203,0,0,8,00,00,00,00,00,00,00,00
61098,0,300,0,0,8,03,5A,64,5A,32,00,32,BE
61108,0,301,0,0,3,1D,0E,00
61108,0,300,0,0,8,03,5A,64,5A,32,00,32,BF
61118,1,405,0,0,8,20,00,00,00,32,33,36,47
61128,0,301,0,0,3,E8,0F,00
61128,1,206,0,0,8,00,00,00,00,00,00,00,00
61158,0,404,0,0,2,20,00
61158,0,300,0,0,8,03,5A,64,5A,32,00,32,70
61158,1,401,0,0,8,39,9C,00,00,47,00,00,00
61158,1,400,0,0,8,01,00,0C,00,00,00,00,00
61158,1,201,0,0,5,00,00,00,00,62
61178,1,203,0,0,8,00,00,00,00,00,00,00,00
61208,0,301,0,0,3,E2,00,00
61208,0,404,0,0,2,21,00
61208,1,405,0,0,8,20,00,00,00,32,33,36,47
61218,1,206,0,0,8,00,00,00,00,00,00,00,00
61228,1,401,0,0,8,39,9C,00,00,47,00,00,00
61238,1,400,0,0,8,01,00,0C,00,00,00,00,00
61248,0,300,0,0,8,03,5A,64,5A,32,00,32,71
61258,0,301,0,0,3,B3,01,00
61258,0,300,0,0,8,03,5A,64,5A,32,00,32,72
61258,1,405,0,0,8,21,00,00,00,35,4C,41,31
61258,1,201,0,0,5,00,00,00,00,62
61278,1,203,0,0,8,00,00,00,00,00,00,00,00
61288,0,301,0,0,3,6B,02,00
61308,0,404,0,0,2,21,00
61308,0,300,0,0,8,03,5A,64,5A,32,00,32,73
61308,1,402,0,0,8,4E,00,00,00,F8,AB,07,00
61318,1,206,0,0,8,00,00,00,00,00,00,00,00
61328,1,401,0,0,8,39,9C,00,00,47,00,00,00
61348,1,400,0,0,8,01,00,0C,00,00,00,00,00
61358,0,301,0,0,3,96,03,00
61358,0,404,0,0,2,22,00
61358,1,405,0,0,8,21,00,00,00,35,4C,41,31
61358,1,201,0,0,5,00,00,00,00,62
61358,1,203,0,0,8,00,00,00,00,00,00,00,00
61358,1,204,0,0,8,00,00,00,00,00,00,00,00
61378,1,405,0,0,8,22,00,00,00,30,30,34,52
61408,0,300,0,0,8,03,5A,64,5A,32,00,32,34
61408,0,301,0,0,3,03,04,00
61408,0,300,0,0,8,03,5A,64,5A,32,00,32,35
61418,1,206,0,0,8,00,00,00,00,00,00,00,00
61428,1,202,0,0,8,E2,1D,00,00,33,99,05,00
61458,0,301,0,0,3,54,05,00
61458,0,300,0,0,8,03,5A,64,5A,32,00,32,36
61458,1,401,0,0,8,39,9C,00,00,47,00,00,00
61458,1,400,0,0,8,01,00,0C,00,00,00,00,00
61478,1,201,0,0,5,00,00,00,00,62
61508,0,301,0,0,3,F5,06,00
61508,0,404,0,0,2,22,00
61508,1,203,0,0,8,00,00,00,00,00,00,00,00
61518,1,206,0,0,8,00,00,00,00,00,00,00,00
61528,1,401,0,0,8,39,9C,00,00,47,00,00,00
61538,0,300,0,0,8,03,5A,64,5A,32,00,32,37
61558,0,301,0,0,3,B8,07,00
61558,0,300,0,0,8,03,5A,64,5A,32,00,32,F8
61558,1,400,0,0,8,01,00,0C,00,00,00,00,00
61558,1,405,0,0,8,22,00,00,00,30,30,34,52
61568,0,301,0,0,3,80,08,00
61578,1,201,0,0,5,00,00,00,00,62
61608,0,404,0,0,2,22,00
61608,0,300,0,0,8,03,5A,64,5A,32,00,32,F9
61608,1,203,0,0,8,00,00,00,00,00,00,00,00
61618,1,206,0,0,8,00,00,00,00,00,00,00,00
61628,1,401,0,0,8,39,9C,00,00,47,00,00,00
61658,0,301,0,0,3,88,09,00
61658,0,404,0,0,2,23,00
61658,1,400,0,0,8,01,00,0C,00,00,00,00,00
61658,1,405,0,0,8,22,00,00,00,30,30,34,52
61658,1,201,0,0,5,00,00,00,00,62
61678,1,203,0,0,8,00,00,00,00,00,00,00,00
61698,0,300,0,0,8,03,5A,64,5A,32,00,32,FA
61708,0,301,0,0,3,C6,0A,00
61708,0,300,0,0,8,03,5A,64,5A,32,00,32,FB
61718,1,405,0,0,8,23,00,00,00,4D,30,30,30
61718,0,301,0,0,3,43,0B,00
61728,1,206,0,0,8,00,00,00,00,00,00,00,00
61738,1,401,0,0,8,39,9C,00,00,47,00,00,00
61758,0,404,0,0,2,23,00
61758,0,300,0,0,8,03,5A,64,5A,32,00,32,BC
61758,1,400,0,0,8,01,00,0C,00,00,00,00,00
61758,1,201,0,0,5,00,00,00,00,62
61758,1,203,0,0,8,00,00,00,00,00,00,00,00
61778,1,403,0,0,8,64,00,00,00,40,E3,09,00
61808,0,301,0,0,3,B5,0C,00
61808,0,404,0,0,2,24,00
61808,1,405,0,0,8,23,00,00,00,4D,30,30,30
61818,1,206,0,0,8,00,00,00,00,00,00,00,00
61828,1,401,0,0,8,3B,9C,00,00,47,00,00,00
61848,0,300,0,0,8,03,5A,64,5A,32,00,32,BD
61858,0,301,0,0,3,4E,0D,00
61858,0,300,0,0,8,03,5A,64,5A,32,00,32,BE
61858,1,400,0,0,8,01,00,0C,00,00,00,00,00
61858,1,405,0,0,8,24,00,00,00,30,30,30,30
61878,0,301,0,0,3,1D,0E,00
61878,1,201,0,0,5,00,00,00,00,62
61908,0,404,0,0,2,24,00
61908,0,300,0,0,8,03,5A,64,5A,32,00,32,BF
61908,1,203,0,0,8,00,00,00,00,00,00,00,00
61918,1,206,0,0,8,00,00,00,00,00,00,00,00
61928,1,401,0,0,8,3B,9C,00,00,47,00,00,00
61958,0,301,0,0,3,E8,0F,00
61958,0,404,0,0,2,25,00
61958,1,400,0,0,8,01,00,0C,00,00,00,00,00
61958,1,405,0,0,8,24,00,00,00,30,30,30,30
61958,1,201,0,0,5,00,00,00,00,62
61978,1,203,0,0,8,00,00,00,00,00,00,00,00
62008,0,300,0,0,8,03,5A,64,5A,32,00,32,70
62008,0,301,0,0,3,E2,00,00
62008,0,300,0,0,8,03,5A,64,5A,32,00,32,71
62018,1,405,0,0,8,25,00,00,00,30,30,30,30
62028,1,206,0,0,8,00,00,00,00,00,00,00,00
62038,0,301,0,0,3,B3,01,00
62058,0,300,0,0,8,03,5A,64,5A,32,00,32,72
62058,0,301,0,0,3,6B,02,00
62058,1,401,0,0,8,3B,9C,00,00,47,00,00,00
62058,1,400,0,0,8,01,00,0C,00,00,00,00,00
62078,1,201,0,0,5,00,00,00,00,62
62108,0,404,0,0,2,25,00
62108,0,404,0,0,2,26,00
62108,1,203,0,0,8,00,00,00,00,00,00,00,00
62108,1,206,0,0,8,00,00,00,00,00,00,00,00
62118,1,401,0,0,8,39,9C,00,00,46,00,00,00
62128,1,400,0,0,8,01,00,0C,00,00,00,00,00
62158,0,300,0,0,8,03,5A,64,5A,32,00,32,73
62158,0,301,0,0,3,96,03,00
62158,1,405,0,0,8,25,00,00,00,30,30,30,30
62158,1,405,0,0,8,26,00,00,00,30,30,30,30
62168,0,300,0,0,8,03,5A,64,5A,32,00,32,34
62178,1,201,0,0,5,00,00,00,00,62
62188,0,301,0,0,3,03,04,00
62208,0,300,0,0,8,03,5A,64,5A,32,00,32,35
62208,0,301,0,0,3,54,05,00
62218,1,203,0,0,8,00,00,00,00,00,00,00,00
62228,1,206,0,0,8,00,00,00,00,00,00,00,00
62238,1,401,0,0,8,39,9C,00,00,46,00,00,00
62258,0,404,0,0,2,26,00
62258,0,404,0,0,2,27,00
62258,1,400,0,0,8,01,00,0C,00,00,00,00,00
62258,1,201,0,0,5,00,00,00,00,62
62258,1,203,0,0,8,00,00,00,00,00,00,00,00
62258,1,402,0,0,8,4E,00,00,00,F8,AB,07,00
62278,1,405,0,0,8,26,00,00,00,30,30,30,30
62308,0,300,0,0,8,03,5A,64,5A,32,00,32,36
62308,0,301,0,0,3,F5,06,00
62318,1,405,0,0,6,27,00,00,00,30,30
62318,0,300,0,0,8,03,5A,64,5A,32,00,32,37
62328,1,206,0,0,8,00,00,00,00,00,00,00,00
62348,1,401,0,0,8,39,9C,00,00,47,00,00,00
62348,0,301,0,0,3,B8,07,00
62358,0,300,0,0,8,03,5A,64,5A,32,00,32,F8
62358,0,301,0,0,3,80,08,00
62358,1,400,0,0,8,01,00,0C,00,00,00,00,00
62358,1,201,0,0,5,00,00,00,00,62
62358,1,203,0,0,8,00,00,00,00,00,00,00,00
62378,1,204,0,0,8,00,00,00,00,00,00,00,00
62408,0,404,0,0,2,27,00
62408,0,404,0,0,2,4C,00
62408,1,206,0,0,8,00,00,00,00,00,00,00,00
62408,1,202,0,0,8,E2,1D,00,00,33,99,05,00
62418,1,401,0,0,8,39,9C,00,00,47,00,00,00
62428,1,400,0,0,8,01,00,0C,00,00,00,00,00
62458,0,300,0,0,8,03,5A,64,5A,32,00,32,F9
62458,0,301,0,0,3,88,09,00
62458,1,405,0,0,6,27,00,00,00,30,30
62458,1,405,0,0,8,4C,00,00,00,01,24,00,00
62478,0,300,0,0,8,03,5A,64,5A,32,00,32,FA
62478,1,201,0,0,5,00,00,00,00,62
62508,0,301,0,0,3,C6,0A,00
62508,0,300,0,0,8,03,5A,64,5A,32,00,32,FB
62518,1,203,0,0,8,00,00,00,00,00,00,00,00
62528,1,206,0,0,8,00,00,00,00,00,00,00,00
62558,0,301,0,0,3,43,0B,00
62558,0,404,0,0,2,4C,00
62558,1,401,0,0,8,39,9C,00,00,47,00,00,00
62558,1,400,0,0,8,01,00,0C,00,00,00,00,00
62568,1,201,0,0,5,00,00,00,00,62
62588,1,203,0,0,8,00,00,00,00,00,00,00,00
62598,0,300,0,0,8,03,5A,64,5A,32,00,32,BC
62608,0,301,0,0,3,B5,0C,00
62608,0,300,0,0,8,03,5A,64,5A,32,00,32,BD
62618,1,405,0,0,8,4C,00,00,00,01,24,00,00
62628,1,206,0,0,8,00,00,00,00,00,00,00,00
62638,0,301,0,0,3,4E,0D,00
62658,0,404,0,0,2,4C,00
62658,0,300,0,0,8,03,5A,64,5A,32,00,32,BE
62658,1,401,0,0,8,39,9C,00,00,47,00,00,00
62658,1,400,0,0,8,01,00,0C,00,00,00,00,00
62668,1,201,0,0,5,00,00,00,00,62
62688,1,203,0,0,8,00,00,00,00,00,00,00,00
62708,0,301,0,0,3,1D,0E,00
62708,0,404,0,0,2,46,00
62708,1,405,0,0,8,4C,00,00,00,01,24,00,00
62718,1,206,0,0,8,00,00,00,00,00,00,00,00
62728,1,401,0,0,8,39,9C,00,00,47,00,00,00
62748,1,400,0,0,8,01,00,0C,00,00,00,00,00
62748,0,300,0,0,8,03,5A,64,5A,32,00,32,BF
62758,0,301,0,0,3,E8,0F,00
62758,0,300,0,0,8,03,5A,64,5A,32,00,32,70
62758,1,405,0,0,5,46,00,00,00,00
62768,1,201,0,0,5,00,00,00,00,62
62788,1,203,0,0,8,00,00,00,00,00,00,00,00
62788,0,301,0,0,3,E2,00,00
62808,0,404,0,0,2,46,00
62808,0,300,0,0,8,03,5A,64,5A,32,00,32,71
62808,1,403,0,0,8,64,00,00,00,40,E3,09,00
62818,1,206,0,0,8,00,00,00,00,00,00,00,00
62828,1,401,0,0,8,37,9C,00,00,47,00,00,00
62858,0,301,0,0,3,B3,01,00
62858,0,404,0,0,2,4D,00
62858,1,400,0,0,8,01,00,0C,00,00,00,00,00
62858,1,405,0,0,5,46,00,00,00,00
62868,1,201,0,0,5,00,00,00,00,62
62888,1,203,0,0,8,00,00,00,00,00,00,00,00
62908,0,300,0,0,8,03,5A,64,5A,32,00,32,72
62908,0,301,0,0,3,6B,02,00
62908,0,300,0,0,8,03,5A,64,5A,32,00,32,73
62918,1,405,0,0,8,4D,00,00,00,00,00,00,00
62928,1,206,0,0,8,00,00,00,00,00,00,00,00
62948,0,301,0,0,3,96,03,00
62958,0,300,0,0,8,03,5A,64,5A,32,00,32,34
62958,0,301,0,0,3,03,04,00
62958,1,401,0,0,8,37,9C,00,00,47,00,00,00
62968,1,400,0,0,8,01,00,0C,00,00,00,00,00
62988,1,201,0,0,5,00,00,00,00,62
63008,0,404,0,0,2,4D,00
63008,0,404,0,0,2,50,00
63008,1,203,0,0,8,00,00,00,00,00,00,00,00
63008,1,206,0,0,8,00,00,00,00,00,00,00,00
63018,1,401,0,0,8,37,9C,00,00,47,00,00,00
63028,1,400,0,0,8,01,00,0C,00,00,00,00,00
63058,0,300,0,0,8,03,5A,64,5A,32,00,32,35
63058,0,301,0,0,3,54,05,00
63058,1,405,0,0,8,4D,00,00,00,00,00,00,00
63068,1,405,0,0,8,50,00,00,00,F1,00,F3,00
63068,0,300,0,0,8,03,5A,64,5A,32,00,32,36
63088,1,201,0,0,5,00,00,00,00,62
63098,0,301,0,0,3,F5,06,00
63108,0,300,0,0,8,03,5A,64,5A,32,00,32,37
63108,0,301,0,0,3,B8,07,00
63118,1,203,0,0,8,00,00,00,00,00,00,00,00
63128,1,206,0,0,8,00,00,00,00,00,00,00,00
63158,0,404,0,0,2,50,00
63158,0,404,0,0,2,02,00
63158,1,401,0,0,8,39,9C,00,00,47,00,00,00
63158,1,400,0,0,8,01,00,0C,00,00,00,00,00
63158,1,201,0,0,5,00,00,00,00,62
63168,1,203,0,0,8,00,00,00,00,00,00,00,00
63188,1,405,0,0,8,50,00,00,00,F1,00,F3,00
63208,0,300,0,0,8,03,5A,64,5A,32,00,32,F8
63208,0,301,0,0,3,80,08,00
63218,1,405,0,0,8,02,00,00,00,53,49,43,54
63218,0,300,0,0,8,03,5A,64,5A,32,00,32,F9
63228,1,206,0,0,8,00,00,00,00,00,00,00,00
63248,1,401,0,0,8,39,9C,00,00,47,00,00,00
63258,0,301,0,0,3,88,09,00
63258,0,300,0,0,8,03,5A,64,5A,32,00,32,FA
63258,1,400,0,0,8,01,00,0C,00,00,00,00,00
63258,0,301,0,0,3,C6,0A,00
63268,1,201,0,0,5,00,00,00,00,62
63288,1,203,0,0,8,00,00,00,00,00,00,00,00
63308,0,404,0,0,2,02,00
63308,0,300,0,0,8,03,5A,64,5A,32,00,32,FB
63308,1,402,0,0,8,4E,00,00,00,F8,AB,07,00
63318,1,206,0,0,8,00,00,00,00,00,00,00,00
63328,1,401,0,0,8,39,9C,00,00,47,00,00,00
63348,1,400,0,0,8,01,00,0C,00,00,00,00,00
63358,0,301,0,0,3,43,0B,00
63358,0,404,0,0,2,0A,00
63358,1,405,0,0,8,02,00,00,00,53,49,43,54
63358,1,201,0,0,5,00,00,00,00,62
63358,1,203,0,0,8,00,00,00,00,00,00,00,00
63368,1,204,0,0,8,00,00,00,00,00,00,00,00
63368,1,405,0,0,8,0A,00,00,00,30,3A,00,00
63378,0,300,0,0,8,03,5A,64,5A,32,00,32,BC
63378,1,206,0,0,8,00,00,00,00,00,00,00,00
63388,1,202,0,0,8,E2,1C,00,00,33,99,05,00
63388,1,401,0,0,8,39,9C,00,00,47,00,00,00
63408,0,301,0,0,3,B5,0C,00
63408,0,300,0,0,8,03,5A,64,5A,32,00,32,BD
63418,1,666,0,0,8,52,08,05,00,52,95,36,02
63428,1,665,0,0,8,00,00,00,53,4C,18,53,00
63458,0,301,0,0,3,4E,0D,00
63458,0,404,0,0,2,0A,00
63458,1,400,0,0,8,01,00,0C,00,00,00,00,00
63458,1,200,0,0,8,4E,00,F8,AB,07,00,00,00
63468,1,201,0,0,5,00,00,00,00,62
63488,1,203,0,0,8,00,00,00,00,00,00,00,00
63498,0,300,0,0,8,03,5A,64,5A,32,00,32,BE
63508,0,301,0,0,3,1D,0E,00
63508,0,300,0,0,8,03,5A,64,5A,32,00,32,BF
63518,1,405,0,0,8,0A,00,00,00,30,3A,00,00
63528,1,206,0,0,8,00,00,00,00,00,00,00,00
63538,0,301,0,0,3,E8,0F,00
63558,0,404,0,0,2,0A,00
63558,0,300,0,0,8,03,5A,64,5A,32,00,32,70
63558,1,401,0,0,8,39,9C,00,00,47,00,00,00
63558,1,400,0,0,8,01,00,0C,00,00,00,00,00
63568,1,201,0,0,5,00,00,00,00,62
63588,1,203,0,0,8,00,00,00,00,00,00,00,00
63608,0,301,0,0,3,E2,00,00
63608,0,404,0,0,2,04,00
63608,1,405,0,0,8,0A,00,00,00,30,3A,00,00
63618,1,206,0,0,8,00,00,00,00,00,00,00,00
63628,1,401,0,0,8,39,9C,00,00,47,00,00,00
63658,0,300,0,0,8,03,5A,64,5A,32,00,32,71
63658,0,301,0,0,3,B3,01,00
63658,1,400,0,0,8,01,00,0C,00,00,00,00,00
63658,0,300,0,0,8,03,5A,64,5A,32,00,32,72
63668,1,405,0,0,7,04,0,00,00,16,09,02
63688,1,201,0,0,5,00,00,00,00,62
63688,0,301,0,0,3,6B,02,00
63708,0,300,0,0,8,03,5A,64,5A,32,00,32,73
63708,0,301,0,0,3,96,03,00
63718,1,203,0,0,8,00,00,00,00,00,00,00,00
63728,1,206,0,0,8,00,00,00,00,00,00,00,00
63748,1,401,0,0,8,39,9C,00,00,47,00,00,00
63758,0,404,0,0,2,04,00
63758,0,404,0,0,2,B0,01
63758,1,400,0,0,8,01,00,0C,00,00,00,00,00
63758,1,201,0,0,5,00,00,00,00,62
63758,1,203,0,0,8,00,00,00,00,00,00,00,00
63768,1,403,0,0,8,64,00,00,00,40,E3,09,00
63788,1,405,0,0,7,04,0,00,00,16,09,02
63808,0,300,0,0,8,03,5A,64,5A,32,00,32,34
63808,0,301,0,0,3,03,04,00
63818,0,300,0,0,8,03,5A,64,5A,32,00,32,35
63818,1,405,0,0,6,B0,01,00,00,00,00
63828,1,206,0,0,8,00,00,00,00,00,00,00,00
63848,0,301,0,0,3,54,05,00
63858,0,300,0,0,8,03,5A,64,5A,32,00,32,36
63858,0,301,0,0,3,F5,06,00
63858,1,401,0,0,8,39,9C,00,00,47,00,00,00
63868,1,400,0,0,8,01,00,0C,00,00,00,00,00
63888,1,201,0,0,5,00,00,00,00,62
63908,0,404,0,0,2,B0,01
63908,0,404,0,0,2,B1,01
63908,1,203,0,0,8,00,00,00,00,00,00,00,00
63908,1,206,0,0,8,00,00,00,00,00,00,00,00
63918,1,401,0,0,8,39,9C,00,00,47,00,00,00
63928,1,400,0,0,8,01,00,0C,00,00,00,00,00
63958,0,300,0,0,8,03,5A,64,5A,32,00,32,37
63958,0,301,0,0,3,B8,07,00
63958,1,405,0,0,6,B0,01,00,00,00,00
63968,1,405,0,0,6,B1,01,00,00,00,00
63968,0,300,0,0,8,03,5A,64,5A,32,00,32,F8
63988,1,201,0,0,5,00,00,00,00,62
64008,0,301,0,0,3,80,08,00
64008,0,300,0,0,8,03,5A,64,5A,32,00,32,F9
64018,1,203,0,0,8,00,00,00,00,00,00,00,00
64028,1,206,0,0,8,00,00,00,00,00,00,00,00
64058,0,301,0,0,3,88,09,00
64058,0,404,0,0,2,B1,01
64058,1,401,0,0,8,39,9C,00,00,47,00,00,00
64058,1,400,0,0,8,01,00,0C,00,00,00,00,00
64068,1,201,0,0,5,00,00,00,00,62
64088,1,203,0,0,8,00,00,00,00,00,00,00,00
64098,0,300,0,0,8,03,5A,64,5A,32,00,32,FA
64108,0,301,0,0,3,C6,0A,00
64108,0,300,0,0,8,03,5A,64,5A,32,00,32,FB
64118,1,405,0,0,6,B1,01,00,00,00,00
64128,1,206,0,0,8,00,00,00,00,00,00,00,00
64158,0,301,0,0,3,43,0B,00
64158,0,404,0,0,2,B1,01
64158,1,401,0,0,8,39,9C,00,00,47,00,00,00
64158,1,400,0,0,8,01,00,0C,00,00,00,00,00
64168,1,201,0,0,5,00,00,00,00,62
64188,1,203,0,0,8,00,00,00,00,00,00,00,00
64208,0,300,0,0,8,03,5A,64,5A,32,00,32,BC
64208,0,301,0,0,3,B5,0C,00
64218,1,405,0,0,6,B1,01,00,00,00,00
64228,1,206,0,0,8,00,00,00,00,00,00,00,00
64248,1,401,0,0,8,39,9C,00,00,47,00,00,00
64258,0,300,0,0,8,03,5A,64,5A,32,00,32,BD
64258,0,301,0,0,3,4E,0D,00
64258,1,400,0,0,8,01,00,0C,00,00,00,00,00
64268,1,201,0,0,5,00,00,00,00,62
64288,1,203,0,0,8,00,00,00,00,00,00,00,00
64308,0,300,0,0,8,03,5A,64,5A,32,00,32,BE
64308,0,301,0,0,3,1D,0E,00
64318,1,402,0,0,8,4E,00,00,00,F8,AB,07,00
64328,1,206,0,0,8,00,00,00,00,00,00,00,00
64348,1,401,0,0,8,39,9C,00,00,46,00,00,00
64358,0,300,0,0,8,03,5A,64,5A,32,00,32,BF
64358,0,301,0,0,3,E8,0F,00
64358,1,400,0,0,8,01,00,0C,00,00,00,00,00
64358,1,201,0,0,5,00,00,00,00,62
64368,1,203,0,0,8,00,00,00,00,00,00,00,00
64388,1,204,0,0,8,00,00,00,00,00,00,00,00
64408,0,300,0,0,8,03,5A,64,5A,32,00,32,70
64408,0,301,0,0,3,E2,00,00
64418,1,206,0,0,8,00,00,00,00,00,00,00,00
64428,1,202,0,0,8,E2,1D,00,00,33,99,05,00
64458,0,300,0,0,8,03,5A,64,5A,32,00,32,71
64458,0,301,0,0,3,B3,01,00
64458,1,401,0,0,8,39,9C,00,00,46,00,00,00
64468,1,400,0,0,8,01,00,0C,00,00,00,00,00
64488,1,201,0,0,5,00,00,00,00,62
64508,0,300,0,0,8,03,5A,64,5A,32,00,32,72
64508,0,301,0,0,3,6B,02,00
64518,1,203,0,0,8,00,00,00,00,00,00,00,00
64528,1,206,0,0,8,00,00,00,00,00,00,00,00
64558,0,300,0,0,8,03,5A,64,5A,32,00,32,73
64558,0,301,0,0,3,96,03,00
64558,1,401,0,0,8,39,9C,00,00,47,00,00,00
64568,1,400,0,0,8,01,00,0C,00,00,00,00,00
64588,1,201,0,0,5,00,00,00,00,62
64608,0,300,0,0,8,03,5A,64,5A,32,00,32,34
64608,0,301,0,0,3,03,04,00
64618,1,203,0,0,8,00,00,00,00,00,00,00,00
64628,1,206,0,0,8,00,00,00,00,00,00,00,00
64658,0,300,0,0,8,03,5A,64,5A,32,00,32,35
64658,0,301,0,0,3,54,05,00
64658,1,401,0,0,8,39,9C,00,00,47,00,00,00
64668,1,400,0,0,8,01,00,0C,00,00,00,00,00
64688,1,201,0,0,5,00,00,00,00,62
64708,0,300,0,0,8,03,5A,64,5A,32,00,32,36
64708,0,301,0,0,3,F5,06,00
64718,1,203,0,0,8,00,00,00,00,00,00,00,00
64728,1,206,0,0,8,00,00,00,00,00,00,00,00
64748,1,401,0,0,8,39,9C,00,00,47,00,00,00
64758,0,300,0,0,8,03,5A,64,5A,32,00,32,37
64758,0,301,0,0,3,B8,07,00
64758,1,400,0,0,8,01,00,0C,00,00,00,00,00
64768,1,201,0,0,5,00,00,00,00,62
64788,1,203,0,0,8,00,00,00,00,00,00,00,00
64808,0,300,0,0,8,03,5A,64,5A,32,00,32,F8
64808,0,301,0,0,3,80,08,00
64818,1,403,0,0,8,64,00,00,00,40,E3,09,00
64828,1,206,0,0,8,00,00,00,00,00,00,00,00
64858,0,300,0,0,8,03,5A,64,5A,32,00,32,F9
64858,0,301,0,0,3,88,09,00
64858,1,401,0,0,8,37,9C,00,00,47,00,00,00
64868,1,400,0,0,8,01,00,0C,00,00,00,00,00
64888,1,201,0,0,5,00,00,00,00,62
64908,0,300,0,0,8,03,5A,64,5A,32,00,32,FA
64908,0,301,0,0,3,C6,0A,00
64918,1,203,0,0,8,00,00,00,00,00,00,00,00
64928,1,206,0,0,8,00,00,00,00,00,00,00,00
64958,0,300,0,0,8,03,5A,64,5A,32,00,32,FB
64958,0,301,0,0,3,43,0B,00
64958,1,401,0,0,8,37,9C,00,00,47,00,00,00
64968,1,400,0,0,8,01,00,0C,00,00,00,00,00
64988,1,201,0,0,5,00,00,00,00,62
65008,0,300,0,0,8,03,5A,64,5A,32,00,32,BC
65008,0,301,0,0,3,B5,0C,00
65018,1,203,0,0,8,00,00,00,00,00,00,00,00
65028,1,206,0,0,8,00,00,00,00,00,00,00,00
65058,0,300,0,0,8,03,5A,64,5A,32,00,32,BD
65058,0,301,0,0,3,4E,0D,00
65058,1,401,0,0,8,37,9C,00,00,47,00,00,00
65068,1,400,0,0,8,01,00,0C,00,00,00,00,00
65088,1,201,0,0,5,00,00,00,00,62
65108,0,300,0,0,8,03,5A,64,5A,32,00,32,BE
65108,0,301,0,0,3,1D,0E,00
65118,1,203,0,0,8,00,00,00,00,00,00,00,00
65128,1,206,0,0,8,00,00,00,00,00,00,00,00
65158,0,300,0,0,8,03,5A,64,5A,32,00,32,BF
65158,0,301,0,0,3,E8,0F,00
65158,1,401,0,0,8,39,9C,00,00,47,00,00,00
65168,1,400,0,0,8,01,00,0C,00,00,00,00,00
65188,1,201,0,0,5,00,00,00,00,62
65208,0,300,0,0,8,03,5A,64,5A,32,00,32,70
65208,0,301,0,0,3,E2,00,00
65218,1,203,0,0,8,00,00,00,00,00,00,00,00
65228,1,206,0,0,8,00,00,00,00,00,00,00,00
65248,1,401,0,0,8,39,9C,00,00,47,00,00,00
65258,0,300,0,0,8,03,5A,64,5A,32,00,32,71
65258,0,301,0,0,3,B3,01,00
65258,1,400,0,0,8,01,00,0C,00,00,00,00,00
65268,1,201,0,0,5,00,00,00,00,62
65288,1,203,0,0,8,00,00,00,00,00,00,00,00
65308,0,300,0,0,8,03,5A,64,5A,32,00,32,72
65308,0,301,0,0,3,6B,02,00
65318,1,402,0,0,8,4E,00,00,00,F8,AB,07,00
65328,1,206,0,0,8,00,00,00,00,00,00,00,00
65348,1,401,0,0,8,39,9C,00,00,47,00,00,00
65358,0,300,0,0,8,03,5A,64,5A,32,00,32,73
65358,0,301,0,0,3,96,03,00
65358,1,400,0,0,8,01,00,0C,00,00,00,00,00
65358,1,201,0,0,5,00,00,00,00,62
65368,1,203,0,0,8,00,00,00,00,00,00,00,00
65388,1,204,0,0,8,00,00,00,00,00,00,00,00
65408,0,300,0,0,8,03,5A,64,5A,32,00,32,34
65408,0,301,0,0,3,03,04,00
65418,1,206,0,0,8,00,00,00,00,00,00,00,00
65428,1,202,0,0,8,E2,1D,00,00,33,99,05,00
65458,0,300,0,0,8,03,5A,64,5A,32,00,32,35
65458,0,301,0,0,3,54,05,00
65458,1,401,0,0,8,39,9C,00,00,47,00,00,00
65468,1,400,0,0,8,01,00,0C,00,00,00,00,00
65488,1,201,0,0,5,00,00,00,00,62
65508,0,300,0,0,8,03,5A,64,5A,32,00,32,36
65508,0,301,0,0,3,F5,06,00
65518,1,203,0,0,8,00,00,00,00,00,00,00,00
65528,1,206,0,0,8,00,00,00,00,00,00,00,00
65558,0,300,0,0,8,03,5A,64,5A,32,00,32,37
65558,0,301,0,0,3,B8,07,00
65558,1,401,0,0,8,39,9C,00,00,46,00,00,00
65568,1,400,0,0,8,01,00,0C,00,00,00,00,00
65588,1,201,0,0,5,00,00,00,00,62
65608,0,300,0,0,8,03,5A,64,5A,32,00,32,F8
65608,0,301,0,0,3,80,08,00
65618,1,203,0,0,8,00,00,00,00,00,00,00,00
65628,1,206,0,0,8,00,00,00,00,00,00,00,00
65658,0,300,0,0,8,03,5A,64,5A,32,00,32,F9
65658,0,301,0,0,3,88,09,00
65658,1,401,0,0,8,39,9C,00,00,46,00,00,00
65668,1,400,0,0,8,01,00,0C,00,00,00,00,00
65688,1,201,0,0,5,00,00,00,00,62
65708,0,300,0,0,8,03,5A,64,5A,32,00,32,FA
65708,0,301,0,0,3,C6,0A,00
65718,1,203,0,0,8,00,00,00,00,00,00,00,00
65728,1,206,0,0,8,00,00,00,00,00,00,00,00
65748,1,401,0,0,8,39,9C,00,00,46,00,00,00
65758,0,300,0,0,8,03,5A,64,5A,32,00,32,FB
65758,0,301,0,0,3,43,0B,00
65758,1,400,0,0,8,01,00,0C,00,00,00,00,00
65768,1,201,0,0,5,00,00,00,00,62
65788,1,203,0,0,8,00,00,00,00,00,00,00,00
65808,0,300,0,0,8,03,5A,64,5A,32,00,32,BC
65808,0,301,0,0,3,B5,0C,00
65818,1,403,0,0,8,64,00,00,00,40,E3,09,00
65828,1,206,0,0,8,00,00,00,00,00,00,00,00
65858,0,300,0,0,8,03,5A,64,5A,32,00,32,BD
65858,0,301,0,0,3,4E,0D,00
65858,1,401,0,0,8,3B,9C,00,00,47,00,00,00
65868,1,400,0,0,8,01,00,0C,00,00,00,00,00
65888,1,201,0,0,5,00,00,00,00,62
65908,0,300,0,0,8,03,5A,64,5A,32,00,32,BE
65908,0,301,0,0,3,1D,0E,00
65918,1,203,0,0,8,00,00,00,00,00,00,00,00
65928,1,206,0,0,8,00,00,00,00,00,00,00,00
65958,0,300,0,0,8,03,5A,64,5A,32,00,32,BF
65958,0,301,0,0,3,E8,0F,00
65958,1,401,0,0,8,3B,9C,00,00,47,00,00,00
65968,1,400,0,0,8,01,00,0C,00,00,00,00,00
65988,1,201,0,0,5,00,00,00,00,62
66008,0,300,0,0,8,03,5A,64,5A,32,00,32,70
66008,0,301,0,0,3,E2,00,00
66018,1,203,0,0,8,00,00,00,00,00,00,00,00
66028,1,206,0,0,8,00,00,00,00,00,00,00,00
66058,0,300,0,0,8,03,5A,64,5A,32,00,32,71
66058,0,301,0,0,3,B3,01,00
66058,1,401,0,0,8,3B,9C,00,00,47,00,00,00
66068,1,400,0,0,8,01,00,0C,00,00,00,00,00
66088,1,201,0,0,5,00,00,00,00,62
66108,0,300,0,0,8,03,5A,64,5A,32,00,32,72
66108,0,301,0,0,3,6B,02,00
66118,1,203,0,0,8,00,00,00,00,00,00,00,00
66128,1,206,0,0,8,00,00,00,00,00,00,00,00
66158,0,300,0,0,8,03,5A,64,5A,32,00,32,73
66158,0,301,0,0,3,96,03,00
66158,1,401,0,0,8,39,9C,00,00,47,00,00,00
66168,1,400,0,0,8,01,00,0C,00,00,00,00,00
66188,1,201,0,0,5,00,00,00,00,62
66208,0,300,0,0,8,03,5A,64,5A,32,00,32,34
66208,0,301,0,0,3,03,04,00
66218,1,203,0,0,8,00,00,00,00,00,00,00,00
66228,1,206,0,0,8,00,00,00,00,00,00,00,00
66248,1,401,0,0,8,39,9C,00,00,47,00,00,00
66258,0,300,0,0,8,03,5A,64,5A,32,00,32,35
66258,0,301,0,0,3,54,05,00
66258,1,400,0,0,8,01,00,0C,00,00,00,00,00
66268,1,201,0,0,5,00,00,00,00,62
66288,1,203,0,0,8,00,00,00,00,00,00,00,00
66308,0,300,0,0,8,03,5A,64,5A,32,00,32,36
66308,0,301,0,0,3,F5,06,00
66318,1,402,0,0,8,4E,00,00,00,F8,AB,07,00
66338,1,206,0,0,8,00,00,00,00,00,00,00,00
66348,1,401,0,0,8,37,9C,00,00,47,00,00,00
66358,0,300,0,0,8,03,5A,64,5A,32,00,32,37
66358,0,301,0,0,3,B8,07,00
66358,1,400,0,0,8,01,00,0C,00,00,00,00,00
66358,1,201,0,0,5,00,00,00,00,62
66368,1,203,0,0,8,00,00,00,00,00,00,00,00
66368,1,204,0,0,8,00,00,00,00,00,00,00,00
66378,1,206,0,0,8,00,00,00,00,00,00,00,00
66388,1,202,0,0,8,E2,1D,00,00,33,99,05,00
66398,1,666,0,0,8,52,08,05,00,52,95,36,02
66408,0,300,0,0,8,03,5A,64,5A,32,00,32,F8
66408,0,301,0,0,3,80,08,00
66418,1,401,0,0,8,37,9C,00,00,47,00,00,00
66438,1,665,0,0,8,00,00,00,53,4C,18,53,00
66458,0,300,0,0,8,03,5A,64,5A,32,00,32,F9
66458,0,301,0,0,3,88,09,00
66458,1,400,0,0,8,01,00,0C,00,00,00,00,00
66468,1,200,0,0,8,4E,00,F8,AB,07,00,01,00
66488,1,201,0,0,5,00,00,00,00,62
66508,0,300,0,0,8,03,5A,64,5A,32,00,32,FA
66508,0,301,0,0,3,C6,0A,00
66518,1,203,0,0,8,00,00,00,00,00,00,00,00
66538,1,206,0,0,8,00,00,00,00,00,00,00,00
66558,0,300,0,0,8,03,5A,64,5A,32,00,32,FB
66558,0,301,0,0,3,43,0B,00
66558,1,401,0,0,8,37,9C,00,00,47,00,00,00
66568,1,400,0,0,8,01,00,0C,00,00,00,00,00
66588,1,201,0,0,5,00,00,00,00,62
66608,0,300,0,0,8,03,5A,64,5A,32,00,32,BC
66608,0,301,0,0,3,B5,0C,00
66618,1,203,0,0,8,00,00,00,00,00,00,00,00
66638,1,206,0,0,8,00,00,00,00,00,00,00,00
66658,0,300,0,0,8,03,5A,64,5A,32,00,32,BD
66658,0,301,0,0,3,4E,0D,00
66658,1,401,0,0,8,37,9C,00,00,47,00,00,00
66668,1,400,0,0,8,01,00,0C,00,00,00,00,00
66698,1,201,0,0,5,00,00,00,00,62
66708,0,300,0,0,8,03,5A,64,5A,32,00,32,BE
66708,0,301,0,0,3,1D,0E,00
66718,1,203,0,0,8,00,00,00,00,00,00,00,00
66738,1,206,0,0,8,00,00,00,00,00,00,00,00
66758,1,401,0,0,8,37,9C,00,00,47,00,00,00
66758,0,300,0,0,8,03,5A,64,5A,32,00,32,BF
66758,0,301,0,0,3,E8,0F,00
66758,1,400,0,0,8,01,00,0C,00,00,00,00,00
66778,1,201,0,0,5,00,00,00,00,62
66798,1,203,0,0,8,00,00,00,00,00,00,00,00
66808,0,300,0,0,8,03,5A,64,5A,32,00,32,70
66808,0,301,0,0,3,E2,00,00
66818,1,403,0,0,8,64,00,00,00,40,E3,09,00
66838,1,206,0,0,8,00,00,00,00,00,00,00,00
66858,0,300,0,0,8,03,5A,64,5A,32,00,32,71
66858,0,301,0,0,3,B3,01,00
66858,1,401,0,0,8,39,9C,00,00,47,00,00,00
66878,1,400,0,0,8,01,00,0C,00,00,00,00,00
66898,1,201,0,0,5,00,00,00,00,62
66908,0,300,0,0,8,03,5A,64,5A,32,00,32,72
66908,0,301,0,0,3,6B,02,00
66918,1,203,0,0,8,00,00,00,00,00,00,00,00
66938,1,206,0,0,8,00,00,00,00,00,00,00,00
66958,0,300,0,0,8,03,5A,64,5A,32,00,32,73
66958,0,301,0,0,3,96,03,00
66958,1,401,0,0,8,39,9C,00,00,47,00,00,00
66978,1,400,0,0,8,01,00,0C,00,00,00,00,00
66998,1,201,0,0,5,00,00,00,00,62
67008,0,300,0,0,8,03,5A,64,5A,32,00,32,34
67008,0,301,0,0,3,03,04,00
67018,1,203,0,0,8,00,00,00,00,00,00,00,00
67038,1,206,0,0,8,00,00,00,00,00,00,00,00
67058,0,300,0,0,8,03,5A,64,5A,32,00,32,35
67058,0,301,0,0,3,54,05,00
67058,1,401,0,0,8,39,9C,00,00,46,00,00,00
67078,1,400,0,0,8,01,00,0C,00,00,00,00,00
67098,1,201,0,0,5,00,00,00,00,62
67108,0,300,0,0,8,03,5A,64,5A,32,00,32,36
67108,0,301,0,0,3,F5,06,00
67118,1,203,0,0,8,00,00,00,00,00,00,00,00
67138,1,206,0,0,8,00,00,00,00,00,00,00,00
67158,0,300,0,0,8,03,5A,64,5A,32,00,32,37
67158,0,301,0,0,3,B8,07,00
67158,1,401,0,0,8,37,9C,00,00,46,00,00,00
67178,1,400,0,0,8,01,00,0C,00,00,00,00,00
67198,1,201,0,0,5,00,00,00,00,62
67208,0,300,0,0,8,03,5A,64,5A,32,00,32,F8
67208,0,301,0,0,3,80,08,00
67218,1,203,0,0,8,00,00,00,00,00,00,00,00
67238,1,206,0,0,8,00,00,00,00,00,00,00,00
67258,0,300,0,0,8,03,5A,64,5A,32,00,32,F9
67258,0,301,0,0,3,88,09,00
67258,1,401,0,0,8,37,9C,00,00,46,00,00,00
67258,1,400,0,0,8,01,00,0C,00,00,00,00,00
67278,1,201,0,0,5,00,00,00,00,62
67298,1,203,0,0,8,00,00,00,00,00,00,00,00
67308,0,300,0,0,8,03,5A,64,5A,32,00,32,FA
67308,0,301,0,0,3,C6,0A,00
67318,1,402,0,0,8,4E,00,00,00,F8,AB,07,00
67338,1,206,0,0,8,00,00,00,00,00,00,00,00
67348,1,401,0,0,8,39,9C,00,00,47,00,00,00
67358,0,300,0,0,8,03,5A,64,5A,32,00,32,FB
67358,0,301,0,0,3,43,0B,00
67358,1,400,0,0,8,01,00,0C,00,00,00,00,00
67358,1,201,0,0,5,00,00,00,00,62
67378,1,203,0,0,8,00,00,00,00,00,00,00,00
67398,1,204,0,0,8,00,00,00,00,00,00,00,00
67408,0,300,0,0,8,03,5A,64,5A,32,00,32,BC
67408,0,301,0,0,3,B5,0C,00
67418,1,206,0,0,8,00,00,00,00,00,00,00,00
67438,1,202,0,0,8,E2,1D,00,00,33,99,05,00
67458,0,300,0,0,8,03,5A,64,5A,32,00,32,BD
67458,0,301,0,0,3,4E,0D,00
67458,1,401,0,0,8,39,9C,00,00,47,00,00,00
67478,1,400,0,0,8,01,00,0C,00,00,00,00,00
67498,1,201,0,0,5,00,00,00,00,62
67508,0,300,0,0,8,03,5A,64,5A,32,00,32,BE
67508,0,301,0,0,3,1D,0E,00
67518,1,203,0,0,8,00,00,00,00,00,00,00,00
67538,1,206,0,0,8,00,00,00,00,00,00,00,00
67558,0,300,0,0,8,03,5A,64,5A,32,00,32,BF
67558,0,301,0,0,3,E8,0F,00
67558,1,401,0,0,8,39,9C,00,00,47,00,00,00
67578,1,400,0,0,8,01,00,0C,00,00,00,00,00
67598,1,201,0,0,5,00,00,00,00,62
67608,0,300,0,0,8,03,5A,64,5A,32,00,32,70
67608,0,301,0,0,3,E2,00,00
67618,1,203,0,0,8,00,00,00,00,00,00,00,00
67638,1,206,0,0,8,00,00,00,00,00,00,00,00
67658,0,300,0,0,8,03,5A,64,5A,32,00,32,71
67658,0,301,0,0,3,B3,01,00
67658,1,401,0,0,8,37,9C,00,00,47,00,00,00
67678,1,400,0,0,8,01,00,0C,00,00,00,00,00
67698,1,201,0,0,5,00,00,00,00,62
67708,0,300,0,0,8,03,5A,64,5A,32,00,32,72
67708,0,301,0,0,3,6B,02,00
67718,1,203,0,0,8,00,00,00,00,00,00,00,00
67738,1,206,0,0,8,00,00,00,00,00,00,00,00
67758,0,300,0,0,8,03,5A,64,5A,32,00,32,73
67758,0,301,0,0,3,96,03,00
67758,1,401,0,0,8,37,9C,00,00,47,00,00,00
67758,1,400,0,0,8,01,00,0C,00,00,00,00,00
67778,1,201,0,0,5,00,00,00,00,62
67798,1,203,0,0,8,00,00,00,00,00,00,00,00
67808,0,300,0,0,8,03,5A,64,5A,32,00,32,34
67808,0,301,0,0,3,03,04,00
67818,1,403,0,0,8,64,00,00,00,40,E3,09,00
67838,1,206,0,0,8,00,00,00,00,00,00,00,00
67858,0,300,0,0,8,03,5A,64,5A,32,00,32,35
67858,0,301,0,0,3,54,05,00
67858,1,401,0,0,8,37,9C,00,00,47,00,00,00
67878,1,400,0,0,8,01,00,0C,00,00,00,00,00
67898,1,201,0,0,5,00,00,00,00,62
67908,0,300,0,0,8,03,5A,64,5A,32,00,32,36
67908,0,301,0,0,3,F5,06,00
67918,1,203,0,0,8,00,00,00,00,00,00,00,00
67938,1,206,0,0,8,00,00,00,00,00,00,00,00
67948,0,300,0,0,8,03,5A,64,5A,32,00,32,37
67958,0,301,0,0,3,B8,07,00
67958,0,300,0,0,8,03,5A,64,5A,32,00,32,F8
67958,1,401,0,0,8,37,9C,00,00,47,00,00,00
67978,1,400,0,0,8,01,00,0C,00,00,00,00,00
67998,1,201,0,0,5,00,00,00,00,62
68008,0,301,0,0,3,80,08,00
68008,0,404,0,0,2,4A,00
68008,1,203,0,0,8,00,00,00,00,00,00,00,00
68018,1,206,0,0,8,00,00,00,00,00,00,00,00
68038,1,401,0,0,8,37,9C,00,00,47,00,00,00
68058,0,300,0,0,8,03,5A,64,5A,32,00,32,F9
68058,0,301,0,0,3,88,09,00
68058,1,400,0,0,8,01,00,0C,00,00,00,00,00
68068,0,300,0,0,8,03,5A,64,5A,32,00,32,FA
68078,1,405,0,0,8,4A,00,00,00,06,00,00,00
68098,1,201,0,0,5,00,00,00,00,62
68098,0,301,0,0,3,C6,0A,00
68108,0,300,0,0,8,03,5A,64,5A,32,00,32,FB
68108,0,301,0,0,3,43,0B,00
68118,1,203,0,0,8,00,00,00,00,00,00,00,00
68138,1,206,0,0,8,00,00,00,00,00,00,00,00
68158,0,404,0,0,2,4A,00
68158,0,404,0,0,2,02,30
68158,1,401,0,0,8,37,9C,00,00,47,00,00,00
68158,1,400,0,0,8,01,00,0C,00,00,00,00,00
68158,1,201,0,0,5,00,00,00,00,62
68178,1,203,0,0,8,00,00,00,00,00,00,00,00
68198,1,405,0,0,8,4A,00,00,00,06,00,00,00
68208,0,300,0,0,8,03,5A,64,5A,32,00,32,BC
68208,0,301,0,0,3,B5,0C,00
68218,0,300,0,0,8,03,5A,64,5A,32,00,32,BD
68218,1,405,0,0,7,02,48,00,00,00,00,00
68238,1,206,0,0,8,00,00,00,00,00,00,00,00
68258,0,301,0,0,3,4E,0D,00
68258,0,300,0,0,8,03,5A,64,5A,32,00,32,BE
68258,1,401,0,0,8,37,9C,00,00,47,00,00,00
68258,1,400,0,0,8,01,00,0C,00,00,00,00,00
68258,0,301,0,0,3,1D,0E,00
68278,1,201,0,0,5,00,00,00,00,62
68298,1,203,0,0,8,00,00,00,00,00,00,00,00
68308,0,404,0,0,2,02,30
68308,0,300,0,0,8,03,5A,64,5A,32,00,32,BF
68308,1,402,0,0,8,4E,00,00,00,F8,AB,07,00
68318,1,206,0,0,8,00,00,00,00,00,00,00,00
68338,1,401,0,0,8,37,9C,00,00,47,00,00,00
68348,1,400,0,0,8,01,00,0C,00,00,00,00,00
68358,0,301,0,0,3,E8,0F,00
68358,0,404,0,0,2,44,00
68358,1,405,0,0,7,02,48,00,00,00,00,00
68358,1,201,0,0,5,00,00,00,00,62
68358,1,203,0,0,8,00,00,00,00,00,00,00,00
68378,1,204,0,0,8,00,00,00,00,00,00,00,00
68378,0,300,0,0,8,03,5A,64,5A,32,00,32,70
68398,1,405,0,0,6,44,00,00,00,50,46
68408,0,301,0,0,3,E2,00,00
68408,0,300,0,0,8,03,5A,64,5A,32,00,32,71
68418,0,301,0,0,3,B3,01,00
68418,1,206,0,0,8,00,00,00,00,00,00,00,00
68438,1,202,0,0,8,E2,1D,00,00,33,99,05,00
68458,0,404,0,0,2,44,00
68458,0,300,0,0,8,03,5A,64,5A,32,00,32,72
68458,1,401,0,0,8,37,9C,00,00,47,00,00,00
68458,1,400,0,0,8,01,00,0C,00,00,00,00,00
68478,1,201,0,0,5,00,00,00,00,62
68498,1,203,0,0,8,00,00,00,00,00,00,00,00
68508,0,301,0,0,3,6B,02,00
68508,0,404,0,0,2,01,00
68508,1,405,0,0,6,44,00,00,00,50,46
68518,1,206,0,0,8,00,00,00,00,00,00,00,00
68538,1,401,0,0,8,37,9C,00,00,47,00,00,00
68538,0,300,0,0,8,03,5A,64,5A,32,00,32,73
68558,0,301,0,0,3,96,03,00
68558,0,300,0,0,8,03,5A,64,5A,32,00,32,34
68558,1,400,0,0,8,01,00,0C,00,00,00,00,00
68578,1,405,0,0,8,01,00,00,00,00,04,06,04
68598,0,301,0,0,3,03,04,00
68598,1,201,0,0,5,00,00,00,00,62
68608,0,404,0,0,2,01,00
68608,0,300,0,0,8,03,5A,64,5A,32,00,32,35
68608,1,203,0,0,8,00,00,00,00,00,00,00,00
68618,1,206,0,0,8,00,00,00,00,00,00,00,00
68638,1,401,0,0,8,37,9C,00,00,47,00,00,00
68658,0,301,0,0,3,54,05,00
68658,0,404,0,0,2,A3,01
68658,1,400,0,0,8,01,00,0C,00,00,00,00,00
68658,1,405,0,0,8,01,00,00,00,00,04,06,04
68678,1,201,0,0,5,00,00,00,00,62
68698,1,203,0,0,8,00,00,00,00,00,00,00,00
68708,0,300,0,0,8,03,5A,64,5A,32,00,32,36
68708,0,301,0,0,3,F5,06,00
68718,1,405,0,0,5,A3,01,00,00,06
68728,0,300,0,0,8,03,5A,64,5A,32,00,32,37
68738,1,206,0,0,8,00,00,00,00,00,00,00,00
68748,0,301,0,0,3,B8,07,00
68758,0,300,0,0,8,03,5A,64,5A,32,00,32,F8
68758,0,301,0,0,3,80,08,00
68758,1,401,0,0,8,37,9C,00,00,47,00,00,00
68758,1,400,0,0,8,01,00,0C,00,00,00,00,00
68778,1,201,0,0,5,00,00,00,00,62
68798,1,203,0,0,8,00,00,00,00,00,00,00,00
68808,0,404,0,0,2,A3,01
68808,0,404,0,0,2,20,00
68808,1,206,0,0,8,00,00,00,00,00,00,00,00
68808,1,403,0,0,8,64,00,00,00,40,E3,09,00
68818,1,401,0,0,8,39,9C,00,00,46,00,00,00
68838,1,400,0,0,8,01,00,0C,00,00,00,00,00
68858,0,300,0,0,8,03,5A,64,5A,32,00,32,F9
68858,0,301,0,0,3,88,09,00
68858,1,405,0,0,5,A3,01,00,00,06
68878,1,405,0,0,8,20,00,00,00,32,33,36,47
68878,0,300,0,0,8,03,5A,64,5A,32,00,32,FA
68898,1,201,0,0,5,00,00,00,00,62
68908,0,301,0,0,3,C6,0A,00
68908,0,300,0,0,8,03,5A,64,5A,32,00,32,FB
68908,0,301,0,0,3,43,0B,00
68918,1,203,0,0,8,00,00,00,00,00,00,00,00
68938,1,206,0,0,8,00,00,00,00,00,00,00,00
68958,0,404,0,0,2,20,00
68958,0,300,0,0,8,03,5A,64,5A,32,00,32,BC
68958,1,401,0,0,8,39,9C,00,00,46,00,00,00
68958,1,400,0,0,8,01,00,0C,00,00,00,00,00
68978,1,201,0,0,5,00,00,00,00,62
68998,1,203,0,0,8,00,00,00,00,00,00,00,00
69008,0,301,0,0,3,B5,0C,00
69008,0,404,0,0,2,21,00
69008,1,405,0,0,8,20,00,00,00,32,33,36,47
69018,1,206,0,0,8,00,00,00,00,00,00,00,00
69038,1,401,0,0,8,39,9C,00,00,47,00,00,00
69038,0,300,0,0,8,03,5A,64,5A,32,00,32,BD
69058,0,301,0,0,3,4E,0D,00
69058,0,300,0,0,8,03,5A,64,5A,32,00,32,BE
69058,1,400,0,0,8,01,00,0C,00,00,00,00,00
69078,1,405,0,0,8,21,00,00,00,35,4C,41,31
69098,0,301,0,0,3,1D,0E,00
69098,1,201,0,0,5,00,00,00,00,62
69108,0,404,0,0,2,21,00
69108,0,300,0,0,8,03,5A,64,5A,32,00,32,BF
69108,1,203,0,0,8,00,00,00,00,00,00,00,00
69118,1,206,0,0,8,00,00,00,00,00,00,00,00
69138,1,401,0,0,8,37,9C,00,00,47,00,00,00
69158,0,301,0,0,3,E8,0F,00
69158,0,404,0,0,2,22,00
69158,1,400,0,0,8,01,00,0C,00,00,00,00,00
69158,1,405,0,0,8,21,00,00,00,35,4C,41,31
69178,1,201,0,0,5,00,00,00,00,62
69198,1,203,0,0,8,00,00,00,00,00,00,00,00
69208,0,300,0,0,8,03,5A,64,5A,32,00,32,70
69208,0,301,0,0,3,E2,00,00
69218,0,300,0,0,8,03,5A,64,5A,32,00,32,71
69218,1,405,0,0,8,22,00,00,00,30,30,34,52
69238,1,206,0,0,8,00,00,00,00,00,00,00,00
69248,0,301,0,0,3,B3,01,00
69258,0,300,0,0,8,03,5A,64,5A,32,00,32,72
69258,0,301,0,0,3,6B,02,00
69258,1,401,0,0,8,37,9C,00,00,47,00,00,00
69258,1,400,0,0,8,01,00,0C,00,00,00,00,00
69278,1,201,0,0,5,00,00,00,00,62
69298,1,203,0,0,8,00,00,00,00,00,00,00,00
69308,0,404,0,0,2,22,00
69308,0,404,0,0,2,23,00
69308,1,206,0,0,8,00,00,00,00,00,00,00,00
69308,1,402,0,0,8,4E,00,00,00,F8,AB,07,00
69318,1,401,0,0,8,37,9C,00,00,47,00,00,00
69338,1,400,0,0,8,01,00,0C,00,00,00,00,00
69348,1,405,0,0,8,22,00,00,00,30,30,34,52
69358,0,300,0,0,8,03,5A,64,5A,32,00,32,73
69358,0,301,0,0,3,96,03,00
69358,1,405,0,0,8,23,00,00,00,4D,30,30,30
69358,1,201,0,0,5,00,00,00,00,62
69368,1,203,0,0,8,00,00,00,00,00,00,00,00
69378,0,300,0,0,8,03,5A,64,5A,32,00,32,34
69378,1,204,0,0,8,00,00,00,00,00,00,00,00
69378,1,206,0,0,8,00,00,00,00,00,00,00,00
69398,1,202,0,0,8,E2,1C,00,00,33,99,05,00
69398,1,666,0,0,8,52,08,05,00,52,95,36,02
69408,0,301,0,0,3,03,04,00
69408,0,300,0,0,8,03,5A,64,5A,32,00,32,35
69418,1,401,0,0,8,37,9C,00,00,47,00,00,00
69438,1,665,0,0,8,00,00,00,53,4C,18,53,00
69458,0,301,0,0,3,54,05,00
69458,0,404,0,0,2,23,00
69458,1,200,0,0,8,4E,00,F8,AB,07,00,02,00
69458,1,400,0,0,8,01,00,0C,00,00,00,00,00
69478,1,201,0,0,5,00,00,00,00,62
69498,1,203,0,0,8,00,00,00,00,00,00,00,00
69508,0,300,0,0,8,03,5A,64,5A,32,00,32,36
69508,0,301,0,0,3,F5,06,00
69508,0,300,0,0,8,03,5A,64,5A,32,00,32,37
69518,1,405,0,0,8,23,00,00,00,4D,30,30,30
69538,0,301,0,0,3,B8,07,00
69538,1,206,0,0,8,00,00,00,00,00,00,00,00
69558,0,300,0,0,8,03,5A,64,5A,32,00,32,F8
69558,0,301,0,0,3,80,08,00
69558,1,401,0,0,8,37,9C,00,00,47,00,00,00
69578,1,400,0,0,8,01,00,0C,00,00,00,00,00
69598,1,201,0,0,5,00,00,00,00,62
69608,0,404,0,0,2,23,00
69608,0,404,0,0,2,24,00
69608,1,203,0,0,8,00,00,00,00,00,00,00,00
69608,1,206,0,0,8,00,00,00,00,00,00,00,00
69618,1,401,0,0,8,37,9C,00,00,47,00,00,00
69638,1,400,0,0,8,01,00,0C,00,00,00,00,00
69658,0,300,0,0,8,03,5A,64,5A,32,00,32,F9
69658,0,301,0,0,3,88,09,00
69658,1,405,0,0,8,23,00,00,00,4D,30,30,30
69668,0,300,0,0,8,03,5A,64,5A,32,00,32,FA
69678,1,405,0,0,8,24,00,00,00,30,30,30,30
69688,0,301,0,0,3,C6,0A,00
69698,1,201,0,0,5,00,00,00,00,62
69708,0,300,0,0,8,03,5A,64,5A,32,00,32,FB
69708,0,301,0,0,3,43,0B,00
69718,1,203,0,0,8,00,00,00,00,00,00,00,00
69738,1,206,0,0,8,00,00,00,00,00,00,00,00
69758,0,404,0,0,2,24,00
69758,0,404,0,0,2,25,00
69758,1,401,0,0,8,37,9C,00,00,47,00,00,00
69758,1,400,0,0,8,01,00,0C,00,00,00,00,00
69758,1,201,0,0,5,00,00,00,00,62
69758,1,203,0,0,8,00,00,00,00,00,00,00,00
69778,1,405,0,0,8,24,00,00,00,30,30,30,30
69798,1,405,0,0,8,25,00,00,00,30,30,30,30
69808,0,300,0,0,8,03,5A,64,5A,32,00,32,BC
69808,0,301,0,0,3,B5,0C,00
69818,0,300,0,0,8,03,5A,64,5A,32,00,32,BD
69818,1,206,0,0,8,00,00,00,00,00,00,00,00
69838,1,403,0,0,8,64,00,00,00,40,E3,09,00
69858,0,301,0,0,3,4E,0D,00
69858,0,300,0,0,8,03,5A,64,5A,32,00,32,BE
69858,1,401,0,0,8,39,9C,00,00,47,00,00,00
69878,1,400,0,0,8,01,00,0C,00,00,00,00,00
69898,1,201,0,0,5,00,00,00,00,62
69908,0,301,0,0,3,1D,0E,00
69908,0,404,0,0,2,25,00
69908,1,203,0,0,8,00,00,00,00,00,00,00,00
69918,1,206,0,0,8,00,00,00,00,00,00,00,00
69938,1,401,0,0,8,39,9C,00,00,47,00,00,00
69938,0,300,0,0,8,03,5A,64,5A,32,00,32,BF
69958,0,301,0,0,3,E8,0F,00
69958,0,300,0,0,8,03,5A,64,5A,32,00,32,70
69958,1,400,0,0,8,01,00,0C,00,00,00,00,00
69978,1,405,0,0,8,25,00,00,00,30,30,30,30
69998,1,201,0,0,5,00,00,00,00,62
69998,0,301,0,0,3,E2,00,00
70008,0,404,0,0,2,25,00
70008,0,300,0,0,8,03,5A,64,5A,32,00,32,71
70008,1,203,0,0,8,00,00,00,00,00,00,00,00
70018,1,206,0,0,8,00,00,00,00,00,00,00,00
70038,1,401,0,0,8,39,9C,00,00,47,00,00,00
70058,0,301,0,0,3,B3,01,00
70058,0,404,0,0,2,26,00
70058,1,400,0,0,8,01,00,0C,00,00,00,00,00
70058,1,405,0,0,8,25,00,00,00,30,30,30,30
70078,1,201,0,0,5,00,00,00,00,62
70098,1,203,0,0,8,00,00,00,00,00,00,00,00
70108,0,300,0,0,8,03,5A,64,5A,32,00,32,72
70108,0,301,0,0,3,6B,02,00
70118,1,405,0,0,8,26,00,00,00,30,30,30,30
70128,0,300,0,0,8,03,5A,64,5A,32,00,32,73
70138,1,206,0,0,8,00,00,00,00,00,00,00,00
70158,0,301,0,0,3,96,03,00
70158,0,300,0,0,8,03,5A,64,5A,32,00,32,34
70158,1,401,0,0,8,39,9C,00,00,47,00,00,00
70178,1,400,0,0,8,01,00,0C,00,00,00,00,00
70198,1,201,0,0,5,00,00,00,00,62
70208,0,301,0,0,3,03,04,00
70208,0,404,0,0,2,26,00
70208,1,203,0,0,8,00,00,00,00,00,00,00,00
70218,1,206,0,0,8,00,00,00,00,00,00,00,00
70238,1,401,0,0,8,39,9C,00,00,47,00,00,00
70248,0,300,0,0,8,03,5A,64,5A,32,00,32,35
70258,0,301,0,0,3,54,05,00
70258,0,300,0,0,8,03,5A,64,5A,32,00,32,36
70258,1,400,0,0,8,01,00,0C,00,00,00,00,00
70258,1,405,0,0,8,26,00,00,00,30,30,30,30
70278,1,201,0,0,5,00,00,00,00,62
70288,0,301,0,0,3,F5,06,00
70298,1,203,0,0,8,00,00,00,00,00,00,00,00
70308,0,404,0,0,2,26,00
70308,0,300,0,0,8,03,5A,64,5A,32,00,32,37
70308,1,206,0,0,8,00,00,00,00,00,00,00,00
70318,1,402,0,0,8,4E,00,00,00,F8,AB,07,00
70338,1,401,0,0,8,39,9C,00,00,47,00,00,00
70348,1,400,0,0,8,01,00,0C,00,00,00,00,00
70358,0,301,0,0,3,B8,07,00
70358,0,404,0,0,2,27,00
70358,1,405,0,0,8,26,00,00,00,30,30,30,30
70358,1,201,0,0,5,00,00,00,00,62
70358,1,203,0,0,8,00,00,00,00,00,00,00,00
70378,1,204,0,0,8,00,00,00,00,00,00,00,00
70398,1,405,0,0,6,27,00,00,00,30,30
70408,0,300,0,0,8,03,5A,64,5A,32,00,32,F8
70408,0,301,0,0,3,80,08,00
70408,0,300,0,0,8,03,5A,64,5A,32,00,32,F9
70418,1,206,0,0,8,00,00,00,00,00,00,00,00
70438,1,202,0,0,8,E2,1D,00,00,33,99,05,00
70458,0,301,0,0,3,88,09,00
70458,0,300,0,0,8,03,5A,64,5A,32,00,32,FA
70458,1,401,0,0,8,39,9C,00,00,47,00,00,00
70478,1,400,0,0,8,01,00,0C,00,00,00,00,00
70498,1,201,0,0,5,00,00,00,00,62
70508,0,301,0,0,3,C6,0A,00
70508,0,404,0,0,2,27,00
70508,1,203,0,0,8,00,00,00,00,00,00,00,00
70518,1,206,0,0,8,00,00,00,00,00,00,00,00
70538,0,300,0,0,8,03,5A,64,5A,32,00,32,FB
70538,1,401,0,0,8,39,9C,00,00,47,00,00,00
70558,0,301,0,0,3,43,0B,00
70558,0,300,0,0,8,03,5A,64,5A,32,00,32,BC
70558,1,400,0,0,8,01,00,0C,00,00,00,00,00
70578,1,405,0,0,6,27,00,00,00,30,30
70598,0,301,0,0,3,B5,0C,00
70598,1,201,0,0,5,00,00,00,00,62
70608,0,404,0,0,2,27,00
70608,0,300,0,0,8,03,5A,64,5A,32,00,32,BD
70608,1,203,0,0,8,00,00,00,00,00,00,00,00
70618,1,206,0,0,8,00,00,00,00,00,00,00,00
70638,1,401,0,0,8,39,9C,00,00,47,00,00,00
70658,0,301,0,0,3,4E,0D,00
70658,0,404,0,0,2,4C,00
70658,1,400,0,0,8,01,00,0C,00,00,00,00,00
70658,1,405,0,0,6,27,00,00,00,30,30
70678,1,201,0,0,5,00,00,00,00,62
70698,1,203,0,0,8,00,00,00,00,00,00,00,00
70708,0,300,0,0,8,03,5A,64,5A,32,00,32,BE
70708,0,301,0,0,3,1D,0E,00
70718,0,300,0,0,8,03,5A,64,5A,32,00,32,BF
70718,1,405,0,0,8,4C,00,00,00,01,24,00,00
70738,1,206,0,0,8,00,00,00,00,00,00,00,00
70758,0,301,0,0,3,E8,0F,00
70758,0,300,0,0,8,03,5A,64,5A,32,00,32,70
70758,0,301,0,0,3,E2,00,00
70758,1,401,0,0,8,39,9C,00,00,47,00,00,00
70758,1,400,0,0,8,01,00,0C,00,00,00,00,00
70778,1,201,0,0,5,00,00,00,00,62
70798,1,203,0,0,8,00,00,00,00,00,00,00,00
70808,0,404,0,0,2,4C,00
70808,0,300,0,0,8,03,5A,64,5A,32,00,32,71
70808,1,206,0,0,8,00,00,00,00,00,00,00,00
70818,1,403,0,0,8,64,00,00,00,40,E3,09,00
70838,1,401,0,0,8,39,9C,00,00,47,00,00,00
70858,0,301,0,0,3,B3,01,00
70858,0,404,0,0,2,46,00
70858,1,400,0,0,8,01,00,0C,00,00,00,00,00
70858,1,405,0,0,8,4C,00,00,00,01,24,00,00
70878,0,300,0,0,8,03,5A,64,5A,32,00,32,72
70888,1,201,0,0,5,00,00,00,00,62
70908,1,203,0,0,8,00,00,00,00,00,00,00,00
70908,0,301,0,0,3,6B,02,00
70908,0,300,0,0,8,03,5A,64,5A,32,00,32,73
70918,1,405,0,0,5,46,00,00,00,00
70938,1,206,0,0,8,00,00,00,00,00,00,00,00
70938,0,301,0,0,3,96,03,00
70958,0,404,0,0,2,46,00
70958,0,300,0,0,8,03,5A,64,5A,32,00,32,34
70958,1,401,0,0,8,39,9C,00,00,47,00,00,00
70958,1,400,0,0,8,01,00,0C,00,00,00,00,00
70988,1,201,0,0,5,00,00,00,00,62
71008,1,203,0,0,8,00,00,00,00,00,00,00,00
71008,0,301,0,0,3,03,04,00
71008,0,404,0,0,2,4D,00
71008,1,405,0,0,5,46,00,00,00,00
71018,1,206,0,0,8,00,00,00,00,00,00,00,00
71038,1,401,0,0,8,39,9C,00,00,47,00,00,00
71058,0,300,0,0,8,03,5A,64,5A,32,00,32,35
71058,0,301,0,0,3,54,05,00
71058,1,400,0,0,8,01,00,0C,00,00,00,00,00
71068,0,300,0,0,8,03,5A,64,5A,32,00,32,36
71088,1,405,0,0,8,4D,00,00,00,00,00,00,00
71098,0,301,0,0,3,F5,06,00
71108,1,201,0,0,5,00,00,00,00,62
71108,0,300,0,0,8,03,5A,64,5A,32,00,32,37
71108,0,301,0,0,3,B8,07,00
71118,1,203,0,0,8,00,00,00,00,00,00,00,00
71138,1,206,0,0,8,00,00,00,00,00,00,00,00
71158,0,404,0,0,2,4D,00
71158,0,404,0,0,2,50,00
71158,1,401,0,0,8,39,9C,00,00,47,00,00,00
71158,1,400,0,0,8,01,00,0C,00,00,00,00,00
71158,1,201,0,0,5,00,00,00,00,62
71188,1,203,0,0,8,00,00,00,00,00,00,00,00
71208,0,300,0,0,8,03,5A,64,5A,32,00,32,F8
71208,1,405,0,0,8,4D,00,00,00,00,00,00,00
71208,0,301,0,0,3,80,08,00
71218,1,405,0,0,8,50,00,00,00,F1,00,F3,00
71228,0,300,0,0,8,03,5A,64,5A,32,00,32,F9
71238,1,206,0,0,8,00,00,00,00,00,00,00,00
71248,0,301,0,0,3,88,09,00
71258,0,300,0,0,8,03,5A,64,5A,32,00,32,FA
71258,0,301,0,0,3,C6,0A,00
71258,1,401,0,0,8,39,9C,00,00,47,00,00,00
71268,1,400,0,0,8,01,00,0C,00,00,00,00,00
71288,1,201,0,0,5,00,00,00,00,62
71308,0,404,0,0,2,50,00
71308,1,203,0,0,8,00,00,00,00,00,00,00,00
71308,0,404,0,0,2,02,00
71308,1,206,0,0,8,00,00,00,00,00,00,00,00
71308,1,402,0,0,8,4E,00,00,00,F8,AB,07,00
71318,1,401,0,0,8,3B,9C,00,00,47,00,00,00
71338,1,400,0,0,8,01,00,0C,00,00,00,00,00
71348,1,405,0,0,8,50,00,00,00,F1,00,F3,00
71358,0,300,0,0,8,03,5A,64,5A,32,00,32,FB
71358,0,301,0,0,3,43,0B,00
71358,1,405,0,0,8,02,00,00,00,53,49,43,54
71358,1,201,0,0,5,00,00,00,00,62
71378,0,300,0,0,8,03,5A,64,5A,32,00,32,BC
71388,1,203,0,0,8,00,00,00,00,00,00,00,00
71408,0,301,0,0,3,B5,0C,00
71408,0,300,0,0,8,03,5A,64,5A,32,00,32,BD
71408,1,204,0,0,8,00,00,00,00,00,00,00,00
71418,1,206,0,0,8,00,00,00,00,00,00,00,00
71438,1,202,0,0,8,E2,1D,00,00,33,99,05,00
71458,0,301,0,0,3,4E,0D,00
71458,0,404,0,0,2,02,00
71458,1,401,0,0,8,3B,9C,00,00,47,00,00,00
71458,1,400,0,0,8,01,00,0C,00,00,00,00,00
71488,1,201,0,0,5,00,00,00,00,62
71498,0,300,0,0,8,03,5A,64,5A,32,00,32,BE
71508,0,301,0,0,3,1D,0E,00
71508,0,300,0,0,8,03,5A,64,5A,32,00,32,BF
71508,1,203,0,0,8,00,00,00,00,00,00,00,00
71518,1,405,0,0,8,02,00,00,00,53,49,43,54
71538,1,206,0,0,8,00,00,00,00,00,00,00,00
71538,0,301,0,0,3,E8,0F,00
71558,0,404,0,0,2,02,00
71558,0,300,0,0,8,03,5A,64,5A,32,00,32,70
71558,1,401,0,0,8,3B,9C,00,00,47,00,00,00
71558,1,400,0,0,8,01,00,0C,00,00,00,00,00
71588,1,201,0,0,5,00,00,00,00,62
71608,0,301,0,0,3,E2,00,00
71608,0,404,0,0,2,0A,00
71608,1,203,0,0,8,00,00,00,00,00,00,00,00
71608,1,405,0,0,8,02,00,00,00,53,49,43,54
71618,1,206,0,0,8,00,00,00,00,00,00,00,00
71638,1,401,0,0,8,3B,9C,00,00,47,00,00,00
71658,0,300,0,0,8,03,5A,64,5A,32,00,32,71
71658,0,301,0,0,3,B3,01,00
71658,1,400,0,0,8,01,00,0C,00,00,00,00,00
71658,0,300,0,0,8,03,5A,64,5A,32,00,32,72
71688,1,405,0,0,8,0A,00,00,00,30,3A,00,00
71698,0,301,0,0,3,6B,02,00
71708,0,300,0,0,8,03,5A,64,5A,32,00,32,73
71708,0,301,0,0,3,96,03,00
71708,1,201,0,0,5,00,00,00,00,62
71718,1,203,0,0,8,00,00,00,00,00,00,00,00
71738,1,206,0,0,8,00,00,00,00,00,00,00,00
71758,0,404,0,0,2,0A,00
71758,0,404,0,0,2,04,00
71758,1,401,0,0,8,3B,9C,00,00,47,00,00,00
71758,1,400,0,0,8,01,00,0C,00,00,00,00,00
71758,1,201,0,0,5,00,00,00,00,62
71768,1,203,0,0,8,00,00,00,00,00,00,00,00
71788,1,405,0,0,8,0A,00,00,00,30,3A,00,00
71808,0,300,0,0,8,03,5A,64,5A,32,00,32,34
71808,0,301,0,0,3,03,04,00
71808,1,405,0,0,7,04,0,00,00,16,09,02
71818,0,300,0,0,8,03,5A,64,5A,32,00,32,35
71818,1,206,0,0,8,00,00,00,00,00,00,00,00
71838,1,403,0,0,8,64,00,00,00,40,E3,09,00
71858,0,301,0,0,3,54,05,00
71858,0,300,0,0,8,03,5A,64,5A,32,00,32,36
71858,1,401,0,0,8,3B,9C,00,00,47,00,00,00
71888,1,400,0,0,8,01,00,0C,00,00,00,00,00
71908,0,301,0,0,3,F5,06,00
71908,0,404,0,0,2,04,00
71908,1,201,0,0,5,00,00,00,00,62
71908,1,203,0,0,8,00,00,00,00,00,00,00,00
71918,1,206,0,0,8,00,00,00,00,00,00,00,00
71938,1,401,0,0,8,3B,9C,00,00,47,00,00,00
71938,0,300,0,0,8,03,5A,64,5A,32,00,32,37
71958,0,301,0,0,3,B8,07,00
71958,0,300,0,0,8,03,5A,64,5A,32,00,32,F8
71958,1,405,0,0,7,04,0,00,00,16,09,02
71968,0,301,0,0,3,80,08,00
71988,1,400,0,0,8,01,00,0C,00,00,00,00,00
72008,0,404,0,0,2,04,00
72008,0,300,0,0,8,03,5A,64,5A,32,00,32,F9
72008,1,201,0,0,5,00,00,00,00,62
72008,1,203,0,0,8,00,00,00,00,00,00,00,00
72018,1,206,0,0,8,00,00,00,00,00,00,00,00
72038,1,401,0,0,8,3B,9C,00,00,47,00,00,00
72058,0,301,0,0,3,88,09,00
72058,0,404,0,0,2,B0,01
72058,1,405,0,0,7,04,0,00,00,16,09,02
72058,1,400,0,0,8,01,00,0C,00,00,00,00,00
72088,1,201,0,0,5,00,00,00,00,62
72098,0,300,0,0,8,03,5A,64,5A,32,00,32,FA
72108,0,301,0,0,3,C6,0A,00
72108,0,300,0,0,8,03,5A,64,5A,32,00,32,FB
72108,1,203,0,0,8,00,00,00,00,00,00,00,00
72118,1,405,0,0,6,B0,01,00,00,00,00
72128,0,301,0,0,3,43,0B,00
72138,1,206,0,0,8,00,00,00,00,00,00,00,00
72158,0,404,0,0,2,B0,01
72158,0,300,0,0,8,03,5A,64,5A,32,00,32,BC
72158,1,401,0,0,8,3D,9C,00,00,47,00,00,00
72158,1,400,0,0,8,01,00,0C,00,00,00,00,00
72188,1,201,0,0,5,00,00,00,00,62
72208,0,301,0,0,3,B5,0C,00
72208,0,404,0,0,2,B1,01
72208,1,203,0,0,8,00,00,00,00,00,00,00,00
72208,1,405,0,0,6,B0,01,00,00,00,00
72218,1,206,0,0,8,00,00,00,00,00,00,00,00
72238,1,401,0,0,8,3D,9C,00,00,47,00,00,00
72248,0,300,0,0,8,03,5A,64,5A,32,00,32,BD
72258,0,301,0,0,3,4E,0D,00
72258,0,300,0,0,8,03,5A,64,5A,32,00,32,BE
72258,1,405,0,0,6,B1,01,00,00,00,00
72268,1,400,0,0,8,01,00,0C,00,00,00,00,00
72288,1,201,0,0,5,00,00,00,00,62
72308,0,301,0,0,3,1D,0E,00
72308,0,404,0,0,2,B1,01
72308,1,203,0,0,8,00,00,00,00,00,00,00,00
72308,1,206,0,0,8,00,00,00,00,00,00,00,00
72318,1,402,0,0,8,4E,00,00,00,F8,AB,07,00
72338,1,401,0,0,8,3B,9C,00,00,47,00,00,00
72348,1,405,0,0,6,B1,01,00,00,00,00
72358,0,300,0,0,8,03,5A,64,5A,32,00,32,BF
72358,0,301,0,0,3,E8,0F,00
72358,1,400,0,0,8,01,00,0C,00,00,00,00,00
72358,1,201,0,0,5,00,00,00,00,62
72368,1,203,0,0,8,00,00,00,00,00,00,00,00
72378,1,204,0,0,8,00,00,00,00,00,00,00,00
72388,1,206,0,0,8,00,00,00,00,00,00,00,00
72398,1,202,0,0,8,E2,1D,00,00,33,99,05,00
72408,0,300,0,0,8,03,5A,64,5A,32,00,32,70
72408,0,301,0,0,3,E2,00,00
72408,1,666,0,0,8,52,08,05,00,52,95,36,02
72418,1,665,0,0,8,00,00,00,53,4C,18,53,00
72438,1,401,0,0,8,3B,9C,00,00,47,00,00,00
72458,0,300,0,0,8,03,5A,64,5A,32,00,32,71
72458,0,301,0,0,3,B3,01,00
72458,1,200,0,0,8,4E,00,F8,AB,07,00,00,00
72488,1,400,0,0,8,01,00,0C,00,00,00,00,00
72508,0,300,0,0,8,03,5A,64,5A,32,00,32,72
72508,0,301,0,0,3,6B,02,00
72508,1,201,0,0,5,00,00,00,00,62
72518,1,203,0,0,8,00,00,00,00,00,00,00,00
72538,1,206,0,0,8,00,00,00,00,00,00,00,00
72558,0,300,0,0,8,03,5A,64,5A,32,00,32,73
72558,0,301,0,0,3,96,03,00
72558,1,401,0,0,8,3B,9C,00,00,47,00,00,00
72588,1,400,0,0,8,01,00,0C,00,00,00,00,00
72608,0,300,0,0,8,03,5A,64,5A,32,00,32,34
72608,0,301,0,0,3,03,04,00
72608,1,201,0,0,5,00,00,00,00,62
72618,1,203,0,0,8,00,00,00,00,00,00,00,00
72638,1,206,0,0,8,00,00,00,00,00,00,00,00
72658,0,300,0,0,8,03,5A,64,5A,32,00,32,35
72658,0,301,0,0,3,54,05,00
72658,1,401,0,0,8,39,9C,00,00,47,00,00,00
72688,1,400,0,0,8,01,00,0C,00,00,00,00,00
72708,0,300,0,0,8,03,5A,64,5A,32,00,32,36
72708,0,301,0,0,3,F5,06,00
72708,1,201,0,0,5,00,00,00,00,62
72718,1,203,0,0,8,00,00,00,00,00,00,00,00
72738,1,206,0,0,8,00,00,00,00,00,00,00,00
72758,0,300,0,0,8,03,5A,64,5A,32,00,32,37
72758,0,301,0,0,3,B8,07,00
72758,1,401,0,0,8,39,9C,00,00,47,00,00,00
72768,1,400,0,0,8,01,00,0C,00,00,00,00,00
72788,1,201,0,0,5,00,00,00,00,62
72808,0,300,0,0,8,03,5A,64,5A,32,00,32,F8
72808,0,301,0,0,3,80,08,00
72808,1,203,0,0,8,00,00,00,00,00,00,00,00
72818,1,206,0,0,8,00,00,00,00,00,00,00,00
72838,1,403,0,0,8,64,00,00,00,40,E3,09,00
72858,0,300,0,0,8,03,5A,64,5A,32,00,32,F9
72858,0,301,0,0,3,88,09,00
72858,1,401,0,0,8,39,9C,00,00,47,00,00,00
72888,1,400,0,0,8,01,00,0C,00,00,00,00,00
72908,0,300,0,0,8,03,5A,64,5A,32,00,32,FA
72908,0,301,0,0,3,C6,0A,00
72908,1,201,0,0,5,00,00,00,00,62
72918,1,203,0,0,8,00,00,00,00,00,00,00,00
72938,1,206,0,0,8,00,00,00,00,00,00,00,00
72958,0,300,0,0,8,03,5A,64,5A,32,00,32,FB
72958,0,301,0,0,3,43,0B,00
72958,1,401,0,0,8,39,9C,00,00,47,00,00,00
72988,1,400,0,0,8,01,00,0C,00,00,00,00,00
73008,0,300,0,0,8,03,5A,64,5A,32,00,32,BC
73008,0,301,0,0,3,B5,0C,00
73008,1,201,0,0,5,00,00,00,00,62
73018,1,203,0,0,8,00,00,00,00,00,00,00,00
73038,1,206,0,0,8,00,00,00,00,00,00,00,00
73058,0,300,0,0,8,03,5A,64,5A,32,00,32,BD
73058,0,301,0,0,3,4E,0D,00
73058,1,401,0,0,8,39,9C,00,00,47,00,00,00
73088,1,400,0,0,8,01,00,0C,00,00,00,00,00
73108,0,300,0,0,8,03,5A,64,5A,32,00,32,BE
73108,0,301,0,0,3,1D,0E,00
73108,1,201,0,0,5,00,00,00,00,62
73118,1,203,0,0,8,00,00,00,00,00,00,00,00
73138,1,206,0,0,8,00,00,00,00,00,00,00,00
73158,0,300,0,0,8,03,5A,64,5A,32,00,32,BF
73158,0,301,0,0,3,E8,0F,00
73158,1,401,0,0,8,39,9C,00,00,47,00,00,00
73188,1,400,0,0,8,01,00,0C,00,00,00,00,00
73208,0,300,0,0,8,03,5A,64,5A,32,00,32,70
73208,0,301,0,0,3,E2,00,00
73208,1,201,0,0,5,00,00,00,00,62
73218,1,203,0,0,8,00,00,00,00,00,00,00,00
73238,1,206,0,0,8,00,00,00,00,00,00,00,00
73258,0,300,0,0,8,03,5A,64,5A,32,00,32,71
73258,0,301,0,0,3,B3,01,00
73258,1,401,0,0,8,39,9C,00,00,47,00,00,00
73268,1,400,0,0,8,01,00,0C,00,00,00,00,00
73288,1,201,0,0,5,00,00,00,00,62
73308,0,300,0,0,8,03,5A,64,5A,32,00,32,72
73308,0,301,0,0,3,6B,02,00
73308,1,203,0,0,8,00,00,00,00,00,00,00,00
73318,1,206,0,0,8,00,00,00,00,00,00,00,00
73338,1,402,0,0,8,4E,00,00,00,F8,AB,07,00
73348,1,401,0,0,8,39,9C,00,00,47,00,00,00
73358,0,300,0,0,8,03,5A,64,5A,32,00,32,73
73358,0,301,0,0,3,96,03,00
73358,1,400,0,0,8,01,00,0C,00,00,00,00,00
73358,1,201,0,0,5,00,00,00,00,62
73388,1,203,0,0,8,00,00,00,00,00,00,00,00
73408,0,300,0,0,8,03,5A,64,5A,32,00,32,34
73408,0,301,0,0,3,03,04,00
73408,1,204,0,0,8,00,00,00,00,00,00,00,00
73418,1,206,0,0,8,00,00,00,00,00,00,00,00
73438,1,202,0,0,8,E2,1D,00,00,33,99,05,00
73458,0,300,0,0,8,03,5A,64,5A,32,00,32,35
73458,0,301,0,0,3,54,05,00
73458,1,401,0,0,8,39,9C,00,00,47,00,00,00
73488,1,400,0,0,8,01,00,0C,00,00,00,00,00
73508,0,300,0,0,8,03,5A,64,5A,32,00,32,36
73508,0,301,0,0,3,F5,06,00
73508,1,201,0,0,5,00,00,00,00,62
73518,1,203,0,0,8,00,00,00,00,00,00,00,00
73538,1,206,0,0,8,00,00,00,00,00,00,00,00
73558,0,300,0,0,8,03,5A,64,5A,32,00,32,37
73558,0,301,0,0,3,B8,07,00
73558,1,401,0,0,8,39,9C,00,00,47,00,00,00
73588,1,400,0,0,8,01,00,0C,00,00,00,00,00
73608,0,300,0,0,8,03,5A,64,5A,32,00,32,F8
73608,0,301,0,0,3,80,08,00
73608,1,201,0,0,5,00,00,00,00,62
73618,1,203,0,0,8,00,00,00,00,00,00,00,00
73638,1,206,0,0,8,00,00,00,00,00,00,00,00
73658,0,300,0,0,8,03,5A,64,5A,32,00,32,F9
73658,0,301,0,0,3,88,09,00
73658,1,401,0,0,8,39,9C,00,00,47,00,00,00
73688,1,400,0,0,8,01,00,0C,00,00,00,00,00
73708,0,300,0,0,8,03,5A,64,5A,32,00,32,FA
73708,0,301,0,0,3,C6,0A,00
73708,1,201,0,0,5,00,00,00,00,62
73728,1,203,0,0,8,00,00,00,00,00,00,00,00
73738,1,206,0,0,8,00,00,00,00,00,00,00,00
73758,0,300,0,0,8,03,5A,64,5A,32,00,32,FB
73758,0,301,0,0,3,43,0B,00
73758,1,401,0,0,8,39,9C,00,00,47,00,00,00
73768,1,400,0,0,8,01,00,0C,00,00,00,00,00
73788,1,201,0,0,5,00,00,00,00,62
73808,0,300,0,0,8,03,5A,64,5A,32,00,32,BC
73808,0,301,0,0,3,B5,0C,00
73808,1,203,0,0,8,00,00,00,00,00,00,00,00
73828,1,206,0,0,8,00,00,00,00,00,00,00,00
73838,1,403,0,0,8,64,00,00,00,40,E3,09,00
73858,0,300,0,0,8,03,5A,64,5A,32,00,32,BD
73858,0,301,0,0,3,4E,0D,00
73858,1,401,0,0,8,3B,9C,00,00,46,00,00,00
73888,1,400,0,0,8,01,00,0C,00,00,00,00,00
73908,0,300,0,0,8,03,5A,64,5A,32,00,32,BE
73908,0,301,0,0,3,1D,0E,00
73908,1,201,0,0,5,00,00,00,00,62
73928,1,203,0,0,8,00,00,00,00,00,00,00,00
73938,1,206,0,0,8,00,00,00,00,00,00,00,00
73958,0,300,0,0,8,03,5A,64,5A,32,00,32,BF
73958,0,301,0,0,3,E8,0F,00
73958,1,401,0,0,8,3B,9C,00,00,46,00,00,00
73988,1,400,0,0,8,01,00,0C,00,00,00,00,00
74008,0,300,0,0,8,03,5A,64,5A,32,00,32,70
74008,0,301,0,0,3,E2,00,00
74008,1,201,0,0,5,00,00,00,00,62
74028,1,203,0,0,8,00,00,00,00,00,00,00,00
74038,1,206,0,0,8,00,00,00,00,00,00,00,00
74058,0,300,0,0,8,03,5A,64,5A,32,00,32,71
74058,0,301,0,0,3,B3,01,00
74058,1,401,0,0,8,3B,9C,00,00,47,00,00,00
74088,1,400,0,0,8,01,00,0C,00,00,00,00,00
74108,0,300,0,0,8,03,5A,64,5A,32,00,32,72
74108,0,301,0,0,3,6B,02,00
74108,1,201,0,0,5,00,00,00,00,62
74128,1,203,0,0,8,00,00,00,00,00,00,00,00
74138,1,206,0,0,8,00,00,00,00,00,00,00,00
74158,0,300,0,0,8,03,5A,64,5A,32,00,32,73
74158,0,301,0,0,3,96,03,00
74158,1,401,0,0,8,3B,9C,00,00,47,00,00,00
74188,1,400,0,0,8,01,00,0C,00,00,00,00,00
74208,0,300,0,0,8,03,5A,64,5A,32,00,32,34
74208,0,301,0,0,3,03,04,00
74208,1,201,0,0,5,00,00,00,00,62
74228,1,203,0,0,8,00,00,00,00,00,00,00,00
74238,1,206,0,0,8,00,00,00,00,00,00,00,00
74258,0,300,0,0,8,03,5A,64,5A,32,00,32,35
74258,0,301,0,0,3,54,05,00
74258,1,401,0,0,8,3B,9C,00,00,47,00,00,00
74268,1,400,0,0,8,01,00,0C,00,00,00,00,00
74288,1,201,0,0,5,00,00,00,00,62
74308,0,300,0,0,8,03,5A,64,5A,32,00,32,36
74308,0,301,0,0,3,F5,06,00
74308,1,203,0,0,8,00,00,00,00,00,00,00,00
74328,1,206,0,0,8,00,00,00,00,00,00,00,00
74338,1,402,0,0,8,4E,00,00,00,F8,AB,07,00
74348,1,401,0,0,8,3B,9C,00,00,47,00,00,00
74358,0,300,0,0,8,03,5A,64,5A,32,00,32,37
74358,0,301,0,0,3,B8,07,00
74358,1,400,0,0,8,01,00,0C,00,00,00,00,00
74358,1,201,0,0,5,00,00,00,00,62
74388,1,203,0,0,8,00,00,00,00,00,00,00,00
74408,0,300,0,0,8,03,5A,64,5A,32,00,32,F8
74408,0,301,0,0,3,80,08,00
74408,1,204,0,0,8,00,00,00,00,00,00,00,00
74428,1,206,0,0,8,00,00,00,00,00,00,00,00
74438,1,202,0,0,8,E2,1D,00,00,33,99,05,00
74458,0,300,0,0,8,03,5A,64,5A,32,00,32,F9
74458,0,301,0,0,3,88,09,00
74458,1,401,0,0,8,3B,9C,00,00,47,00,00,00
74488,1,400,0,0,8,01,00,0C,00,00,00,00,00
74508,0,300,0,0,8,03,5A,64,5A,32,00,32,FA
74508,0,301,0,0,3,C6,0A,00
74508,1,201,0,0,5,00,00,00,00,62
74528,1,203,0,0,8,00,00,00,00,00,00,00,00
74538,1,206,0,0,8,00,00,00,00,00,00,00,00
74558,0,300,0,0,8,03,5A,64,5A,32,00,32,FB
74558,0,301,0,0,3,43,0B,00
74558,1,401,0,0,8,3B,9C,00,00,47,00,00,00
74588,1,400,0,0,8,01,00,0C,00,00,00,00,00
74608,0,300,0,0,8,03,5A,64,5A,32,00,32,BC
74608,0,301,0,0,3,B5,0C,00
74608,1,201,0,0,5,00,00,00,00,62
74628,1,203,0,0,8,00,00,00,00,00,00,00,00
74638,1,206,0,0,8,00,00,00,00,00,00,00,00
74658,0,300,0,0,8,03,5A,64,5A,32,00,32,BD
74658,0,301,0,0,3,4E,0D,00
74658,1,401,0,0,8,3B,9C,00,00,47,00,00,00
74688,1,400,0,0,8,01,00,0C,00,00,00,00,00
74708,0,300,0,0,8,03,5A,64,5A,32,00,32,BE
74708,0,301,0,0,3,1D,0E,00
74708,1,201,0,0,5,00,00,00,00,62
74728,1,203,0,0,8,00,00,00,00,00,00,00,00
74738,1,206,0,0,8,00,00,00,00,00,00,00,00
74758,0,300,0,0,8,03,5A,64,5A,32,00,32,BF
74758,0,301,0,0,3,E8,0F,00
74758,1,401,0,0,8,3B,9C,00,00,47,00,00,00
74768,1,400,0,0,8,01,00,0C,00,00,00,00,00
74788,1,201,0,0,5,00,00,00,00,62
74808,0,300,0,0,8,03,5A,64,5A,32,00,32,70
74808,0,301,0,0,3,E2,00,00
74808,1,203,0,0,8,00,00,00,00,00,00,00,00
74828,1,206,0,0,8,00,00,00,00,00,00,00,00
74838,1,403,0,0,8,64,00,00,00,40,E3,09,00
74858,0,300,0,0,8,03,5A,64,5A,32,00,32,71
74858,0,301,0,0,3,B3,01,00
74858,1,401,0,0,8,39,9C,00,00,47,00,00,00
74888,1,400,0,0,8,01,00,0C,00,00,00,00,00
74908,0,300,0,0,8,03,5A,64,5A,32,00,32,72
74908,0,301,0,0,3,6B,02,00
74908,1,201,0,0,5,00,00,00,00,62
74928,1,203,0,0,8,00,00,00,00,00,00,00,00
74938,1,206,0,0,8,00,00,00,00,00,00,00,00
74958,0,300,0,0,8,03,5A,64,5A,32,00,32,73
74958,0,301,0,0,3,96,03,00
74958,1,401,0,0,8,39,9C,00,00,47,00,00,00
74998,1,400,0,0,8,01,00,0C,00,00,00,00,00
75008,0,300,0,0,8,03,5A,64,5A,32,00,32,34
75008,0,301,0,0,3,03,04,00
75018,1,201,0,0,5,00,00,00,00,62
75028,1,203,0,0,8,00,00,00,00,00,00,00,00
75038,1,206,0,0,8,00,00,00,00,00,00,00,00
75058,0,300,0,0,8,03,5A,64,5A,32,00,32,35
75058,0,301,0,0,3,54,05,00
75058,1,401,0,0,8,39,9C,00,00,47,00,00,00
75098,1,400,0,0,8,01,00,0C,00,00,00,00,00
75108,0,300,0,0,8,03,5A,64,5A,32,00,32,36
75108,0,301,0,0,3,F5,06,00
75118,1,201,0,0,5,00,00,00,00,62
75128,1,203,0,0,8,00,00,00,00,00,00,00,00
75138,1,206,0,0,8,00,00,00,00,00,00,00,00
75158,0,300,0,0,8,03,5A,64,5A,32,00,32,37
75158,0,301,0,0,3,B8,07,00
75158,1,401,0,0,8,3B,9C,00,00,47,00,00,00
75198,1,400,0,0,8,01,00,0C,00,00,00,00,00
75208,0,300,0,0,8,03,5A,64,5A,32,00,32,F8
75208,0,301,0,0,3,80,08,00
75218,1,201,0,0,5,00,00,00,00,62
75228,1,203,0,0,8,00,00,00,00,00,00,00,00
75238,1,206,0,0,8,00,00,00,00,00,00,00,00
75258,0,300,0,0,8,03,5A,64,5A,32,00,32,F9
75258,0,301,0,0,3,88,09,00
75258,1,401,0,0,8,3B,9C,00,00,47,00,00,00
75278,1,400,0,0,8,01,00,0C,00,00,00,00,00
75298,1,201,0,0,5,00,00,00,00,62
75308,0,300,0,0,8,03,5A,64,5A,32,00,32,FA
75308,0,301,0,0,3,C6,0A,00
75318,1,203,0,0,8,00,00,00,00,00,00,00,00
75328,1,206,0,0,8,00,00,00,00,00,00,00,00
75338,1,402,0,0,8,4E,00,00,00,F8,AB,07,00
75348,1,401,0,0,8,39,9C,00,00,47,00,00,00
75358,0,300,0,0,8,03,5A,64,5A,32,00,32,FB
75358,0,301,0,0,3,43,0B,00
75358,1,400,0,0,8,01,00,0C,00,00,00,00,00
75358,1,201,0,0,5,00,00,00,00,62
75368,1,203,0,0,8,00,00,00,00,00,00,00,00
75388,1,204,0,0,8,00,00,00,00,00,00,00,00
75398,1,206,0,0,8,00,00,00,00,00,00,00,00
75398,1,202,0,0,8,E2,1D,00,00,33,99,05,00
75408,0,300,0,0,8,03,5A,64,5A,32,00,32,BC
75408,0,301,0,0,3,B5,0C,00
75418,1,666,0,0,8,52,08,05,00,52,95,36,02
75428,1,665,0,0,8,00,00,00,53,4C,18,53,00
75438,1,401,0,0,8,39,9C,00,00,47,00,00,00
75458,0,300,0,0,8,03,5A,64,5A,32,00,32,BD
75458,0,301,0,0,3,4E,0D,00
75458,1,200,0,0,8,4E,00,F8,AB,07,00,01,00
75498,1,400,0,0,8,01,00,0C,00,00,00,00,00
75508,0,300,0,0,8,03,5A,64,5A,32,00,32,BE
75508,0,301,0,0,3,1D,0E,00
75518,1,201,0,0,5,00,00,00,00,62
75528,1,203,0,0,8,00,00,00,00,00,00,00,00
75538,1,206,0,0,8,00,00,00,00,00,00,00,00
75558,0,300,0,0,8,03,5A,64,5A,32,00,32,BF
75558,0,301,0,0,3,E8,0F,00
75558,1,401,0,0,8,39,9C,00,00,47,00,00,00
75598,1,400,0,0,8,01,00,0C,00,00,00,00,00
75608,0,300,0,0,8,03,5A,64,5A,32,00,32,70
75608,0,301,0,0,3,E2,00,00
75618,1,201,0,0,5,00,00,00,00,62
75628,1,203,0,0,8,00,00,00,00,00,00,00,00
75638,1,206,0,0,8,00,00,00,00,00,00,00,00
75658,0,300,0,0,8,03,5A,64,5A,32,00,32,71
75658,0,301,0,0,3,B3,01,00
75658,1,401,0,0,8,3B,9C,00,00,47,00,00,00
75698,1,400,0,0,8,01,00,0C,00,00,00,00,00
75708,0,300,0,0,8,03,5A,64,5A,32,00,32,72
75708,0,301,0,0,3,6B,02,00
75718,1,201,0,0,5,00,00,00,00,62
75728,1,203,0,0,8,00,00,00,00,00,00,00,00
75738,1,206,0,0,8,00,00,00,00,00,00,00,00
75758,0,300,0,0,8,03,5A,64,5A,32,00,32,73
75758,0,301,0,0,3,96,03,00
75758,1,401,0,0,8,3B,9C,00,00,47,00,00,00
75778,1,400,0,0,8,01,00,0C,00,00,00,00,00
75798,1,201,0,0,5,00,00,00,00,62
75808,0,300,0,0,8,03,5A,64,5A,32,00,32,34
75808,0,301,0,0,3,03,04,00
75818,1,203,0,0,8,00,00,00,00,00,00,00,00
75828,1,206,0,0,8,00,00,00,00,00,00,00,00
75838,1,403,0,0,8,64,00,00,00,40,E3,09,00
75858,0,300,0,0,8,03,5A,64,5A,32,00,32,35
75858,0,301,0,0,3,54,05,00
75858,1,401,0,0,8,39,9C,00,00,47,00,00,00
75898,1,400,0,0,8,01,00,0C,00,00,00,00,00
75908,0,300,0,0,8,03,5A,64,5A,32,00,32,36
75908,0,301,0,0,3,F5,06,00
75918,1,201,0,0,5,00,00,00,00,62
75928,1,203,0,0,8,00,00,00,00,00,00,00,00
75938,1,206,0,0,8,00,00,00,00,00,00,00,00
75938,0,300,0,0,8,03,5A,64,5A,32,00,32,37
75958,0,301,0,0,3,B8,07,00
75958,0,300,0,0,8,03,5A,64,5A,32,00,32,F8
75958,1,401,0,0,8,39,9C,00,00,47,00,00,00
75998,1,400,0,0,8,01,00,0C,00,00,00,00,00
76008,0,301,0,0,3,80,08,00
76008,0,404,0,0,2,4A,00
76008,1,201,0,0,5,00,00,00,00,62
76018,1,203,0,0,8,00,00,00,00,00,00,00,00
76028,1,206,0,0,8,00,00,00,00,00,00,00,00
76038,1,401,0,0,8,39,9C,00,00,47,00,00,00
76058,0,300,0,0,8,03,5A,64,5A,32,00,32,F9
76058,0,301,0,0,3,88,09,00
76058,1,405,0,0,8,4A,00,00,00,06,00,00,00
76068,0,300,0,0,8,03,5A,64,5A,32,00,32,FA
76098,1,400,0,0,8,01,00,0C,00,00,00,00,00
76108,0,301,0,0,3,C6,0A,00
76108,0,300,0,0,8,03,5A,64,5A,32,00,32,FB
76118,1,201,0,0,5,00,00,00,00,62
76128,1,203,0,0,8,00,00,00,00,00,00,00,00
76138,1,206,0,0,8,00,00,00,00,00,00,00,00
76158,0,301,0,0,3,43,0B,00
76158,0,404,0,0,2,4A,00
76158,1,401,0,0,8,39,9C,00,00,47,00,00,00
76158,1,400,0,0,8,01,00,0C,00,00,00,00,00
76188,0,300,0,0,8,03,5A,64,5A,32,00,32,BC
76198,1,201,0,0,5,00,00,00,00,62
76208,0,301,0,0,3,B5,0C,00
76208,0,300,0,0,8,03,5A,64,5A,32,00,32,BD
76218,1,203,0,0,8,00,00,00,00,00,00,00,00
76228,1,405,0,0,8,4A,00,00,00,06,00,00,00
76238,1,206,0,0,8,00,00,00,00,00,00,00,00
76248,0,301,0,0,3,4E,0D,00
76258,0,404,0,0,2,4A,00
76258,0,300,0,0,8,03,5A,64,5A,32,00,32,BE
76258,1,401,0,0,8,39,9C,00,00,47,00,00,00
76258,1,400,0,0,8,01,00,0C,00,00,00,00,00
76278,1,201,0,0,5,00,00,00,00,62
76298,1,203,0,0,8,00,00,00,00,00,00,00,00
76308,0,301,0,0,3,1D,0E,00
76308,0,404,0,0,2,02,30
76308,1,405,0,0,8,4A,00,00,00,06,00,00,00
76318,1,206,0,0,8,00,00,00,00,00,00,00,00
76328,1,402,0,0,8,4E,00,00,00,F8,AB,07,00
76338,1,401,0,0,8,39,9C,00,00,47,00,00,00
76348,1,405,0,0,7,02,48,00,00,00,00,00
76358,0,300,0,0,8,03,5A,64,5A,32,00,32,BF
76358,0,301,0,0,3,E8,0F,00
76358,1,400,0,0,8,01,00,0C,00,00,00,00,00
76358,1,201,0,0,5,00,00,00,00,62
76378,0,300,0,0,8,03,5A,64,5A,32,00,32,70
76398,1,203,0,0,8,00,00,00,00,00,00,00,00
76408,0,301,0,0,3,E2,00,00
76408,0,300,0,0,8,03,5A,64,5A,32,00,32,71
76418,1,204,0,0,8,00,00,00,00,00,00,00,00
76428,1,206,0,0,8,00,00,00,00,00,00,00,00
76438,1,202,0,0,8,E2,1D,00,00,33,99,05,00
76458,0,301,0,0,3,B3,01,00
76458,0,404,0,0,2,02,30
76458,1,401,0,0,8,39,9C,00,00,47,00,00,00
76458,1,400,0,0,8,01,00,0C,00,00,00,00,00
76498,1,201,0,0,5,00,00,00,00,62
76508,0,300,0,0,8,03,5A,64,5A,32,00,32,72
76508,0,301,0,0,3,6B,02,00
76518,1,203,0,0,8,00,00,00,00,00,00,00,00
76528,1,405,0,0,7,02,48,00,00,00,00,00
76538,1,206,0,0,8,00,00,00,00,00,00,00,00
76538,0,300,0,0,8,03,5A,64,5A,32,00,32,73
76558,0,301,0,0,3,96,03,00
76558,0,300,0,0,8,03,5A,64,5A,32,00,32,34
76558,1,401,0,0,8,39,9C,00,00,47,00,00,00
76598,1,400,0,0,8,01,00,0C,00,00,00,00,00
76608,0,301,0,0,3,03,04,00
76608,0,404,0,0,2,02,30
76608,1,201,0,0,5,00,00,00,00,62
76618,1,203,0,0,8,00,00,00,00,00,00,00,00
76628,1,206,0,0,8,00,00,00,00,00,00,00,00
76638,1,401,0,0,8,3B,9C,00,00,47,00,00,00
76658,0,300,0,0,8,03,5A,64,5A,32,00,32,35
76658,0,301,0,0,3,54,05,00
76658,0,300,0,0,8,03,5A,64,5A,32,00,32,36
76658,1,405,0,0,7,02,48,00,00,00,00,00
76698,1,400,0,0,8,01,00,0C,00,00,00,00,00
76708,0,301,0,0,3,F5,06,00
76708,0,300,0,0,8,03,5A,64,5A,32,00,32,37
76718,1,201,0,0,5,00,00,00,00,62
76728,1,203,0,0,8,00,00,00,00,00,00,00,00
76738,1,206,0,0,8,00,00,00,00,00,00,00,00
76758,0,301,0,0,3,B8,07,00
76758,0,404,0,0,2,44,00
76758,1,401,0,0,8,3B,9C,00,00,47,00,00,00
76758,1,400,0,0,8,01,00,0C,00,00,00,00,00
76778,1,201,0,0,5,00,00,00,00,62
76798,1,203,0,0,8,00,00,00,00,00,00,00,00
76808,0,300,0,0,8,03,5A,64,5A,32,00,32,F8
76808,0,301,0,0,3,80,08,00
76818,0,300,0,0,8,03,5A,64,5A,32,00,32,F9
76818,1,405,0,0,6,44,00,00,00,50,46
76828,1,206,0,0,8,00,00,00,00,00,00,00,00
76838,1,403,0,0,8,64,00,00,00,40,E3,09,00
76848,0,301,0,0,3,88,09,00
76858,0,300,0,0,8,03,5A,64,5A,32,00,32,FA
76858,0,301,0,0,3,C6,0A,00
76858,1,401,0,0,8,3B,9C,00,00,47,00,00,00
76898,1,400,0,0,8,01,00,0C,00,00,00,00,00
76908,0,404,0,0,2,44,00
76908,0,404,0,0,2,01,00
76908,1,201,0,0,5,00,00,00,00,62
76908,1,203,0,0,8,00,00,00,00,00,00,00,00
76918,1,206,0,0,8,00,00,00,00,00,00,00,00
76928,1,401,0,0,8,3B,9C,00,00,47,00,00,00
76938,1,405,0,0,6,44,00,00,00,50,46
76958,0,300,0,0,8,03,5A,64,5A,32,00,32,FB
76958,0,301,0,0,3,43,0B,00
76958,1,405,0,0,8,01,00,00,00,00,04,06,04
76998,1,400,0,0,8,01,00,0C,00,00,00,00,00
77008,0,300,0,0,8,03,5A,64,5A,32,00,32,BC
77008,0,301,0,0,3,B5,0C,00
77008,0,300,0,0,8,03,5A,64,5A,32,00,32,BD
77018,1,201,0,0,5,00,00,00,00,62
77028,1,203,0,0,8,00,00,00,00,00,00,00,00
77038,1,206,0,0,8,00,00,00,00,00,00,00,00
77058,0,301,0,0,3,4E,0D,00
77058,0,300,0,0,8,03,5A,64,5A,32,00,32,BE
77058,1,401,0,0,8,3B,9C,00,00,47,00,00,00
77098,1,400,0,0,8,01,00,0C,00,00,00,00,00
77108,0,301,0,0,3,1D,0E,00
77108,0,404,0,0,2,01,00
77108,1,201,0,0,5,00,00,00,00,62
77118,1,203,0,0,8,00,00,00,00,00,00,00,00
77128,1,206,0,0,8,00,00,00,00,00,00,00,00
77128,0,300,0,0,8,03,5A,64,5A,32,00,32,BF
77138,1,401,0,0,8,3D,9C,00,00,47,00,00,00
77158,0,301,0,0,3,E8,0F,00
77158,0,300,0,0,8,03,5A,64,5A,32,00,32,70
77158,1,405,0,0,8,01,00,00,00,00,04,06,04
77188,0,301,0,0,3,E2,00,00
77198,1,400,0,0,8,01,00,0C,00,00,00,00,00
77208,0,404,0,0,2,01,00
77208,0,300,0,0,8,03,5A,64,5A,32,00,32,71
77208,1,201,0,0,5,00,00,00,00,62
77218,1,203,0,0,8,00,00,00,00,00,00,00,00
77228,1,206,0,0,8,00,00,00,00,00,00,00,00
77238,1,401,0,0,8,3D,9C,00,00,47,00,00,00
77258,0,301,0,0,3,B3,01,00
77258,0,404,0,0,2,A3,01
77258,1,405,0,0,8,01,00,00,00,00,04,06,04
77258,1,400,0,0,8,01,00,0C,00,00,00,00,00
77278,1,201,0,0,5,00,00,00,00,62
77298,1,203,0,0,8,00,00,00,00,00,00,00,00
77308,0,300,0,0,8,03,5A,64,5A,32,00,32,72
77308,0,301,0,0,3,6B,02,00
77318,1,405,0,0,5,A3,01,00,00,06
77328,1,206,0,0,8,00,00,00,00,00,00,00,00
77338,1,402,0,0,8,4E,00,00,00,F8,AB,07,00
77348,0,300,0,0,8,03,5A,64,5A,32,00,32,73
77348,1,401,0,0,8,39,9C,00,00,47,00,00,00
77358,0,301,0,0,3,96,03,00
77358,0,300,0,0,8,03,5A,64,5A,32,00,32,34
77358,1,400,0,0,8,01,00,0C,00,00,00,00,00
77358,1,201,0,0,5,00,00,00,00,62
77398,1,203,0,0,8,00,00,00,00,00,00,00,00
77408,0,301,0,0,3,03,04,00
77408,0,404,0,0,2,A3,01
77408,1,204,0,0,8,00,00,00,00,00,00,00,00
77418,1,206,0,0,8,00,00,00,00,00,00,00,00
77428,1,202,0,0,8,E2,1D,00,00,33,99,05,00
77438,1,401,0,0,8,39,9C,00,00,47,00,00,00
77458,0,300,0,0,8,03,5A,64,5A,32,00,32,35
77458,0,301,0,0,3,54,05,00
77458,1,405,0,0,5,A3,01,00,00,06
77498,1,400,0,0,8,01,00,0C,00,00,00,00,00
77498,0,300,0,0,8,03,5A,64,5A,32,00,32,36
77508,0,301,0,0,3,F5,06,00
77508,0,300,0,0,8,03,5A,64,5A,32,00,32,37
77518,1,201,0,0,5,00,00,00,00,62
77528,1,203,0,0,8,00,00,00,00,00,00,00,00
77538,1,206,0,0,8,00,00,00,00,00,00,00,00
77558,0,301,0,0,3,B8,07,00
77558,0,404,0,0,2,A3,01
77558,1,401,0,0,8,39,9C,00,00,47,00,00,00
77558,1,400,0,0,8,01,00,0C,00,00,00,00,00
77598,1,201,0,0,5,00,00,00,00,62
77608,0,300,0,0,8,03,5A,64,5A,32,00,32,F8
77608,0,301,0,0,3,80,08,00
77618,1,203,0,0,8,00,00,00,00,00,00,00,00
77628,1,405,0,0,5,A3,01,00,00,06
77628,0,300,0,0,8,03,5A,64,5A,32,00,32,F9
77638,1,206,0,0,8,00,00,00,00,00,00,00,00
77658,0,301,0,0,3,88,09,00
77658,0,300,0,0,8,03,5A,64,5A,32,00,32,FA
77658,1,401,0,0,8,39,9C,00,00,47,00,00,00
77698,1,400,0,0,8,01,00,0C,00,00,00,00,00
77708,0,301,0,0,3,C6,0A,00
77708,0,404,0,0,2,20,00
77708,1,201,0,0,5,00,00,00,00,62
77718,1,203,0,0,8,00,00,00,00,00,00,00,00
77728,1,206,0,0,8,00,00,00,00,00,00,00,00
77738,1,401,0,0,8,39,9C,00,00,47,00,00,00
77758,0,300,0,0,8,03,5A,64,5A,32,00,32,FB
77758,0,301,0,0,3,43,0B,00
77758,1,405,0,0,8,20,00,00,00,32,33,36,47
77778,1,400,0,0,8,01,00,0C,00,00,00,00,00
77788,0,300,0,0,8,03,5A,64,5A,32,00,32,BC
77798,1,201,0,0,5,00,00,00,00,62
77808,0,301,0,0,3,B5,0C,00
77808,0,300,0,0,8,03,5A,64,5A,32,00,32,BD
77818,1,203,0,0,8,00,00,00,00,00,00,00,00
77828,1,206,0,0,8,00,00,00,00,00,00,00,00
77838,1,403,0,0,8,64,00,00,00,40,E3,09,00
77858,0,301,0,0,3,4E,0D,00
77858,0,404,0,0,2,20,00
77858,1,401,0,0,8,39,9C,00,00,47,00,00,00
77858,1,400,0,0,8,01,00,0C,00,00,00,00,00
77898,1,201,0,0,5,00,00,00,00,62
77908,0,300,0,0,8,03,5A,64,5A,32,00,32,BE
77908,0,301,0,0,3,1D,0E,00
77908,0,300,0,0,8,03,5A,64,5A,32,00,32,BF
77918,1,203,0,0,8,00,00,00,00,00,00,00,00
77928,1,405,0,0,8,20,00,00,00,32,33,36,47
77938,1,206,0,0,8,00,00,00,00,00,00,00,00
77948,0,301,0,0,3,E8,0F,00
77958,0,300,0,0,8,03,5A,64,5A,32,00,32,70
77958,0,301,0,0,3,E2,00,00
77958,1,401,0,0,8,39,9C,00,00,47,00,00,00
77998,1,400,0,0,8,01,00,0C,00,00,00,00,00
78008,0,404,0,0,2,20,00
78008,0,404,0,0,2,21,00
78008,1,201,0,0,5,00,00,00,00,62
78008,1,203,0,0,8,00,00,00,00,00,00,00,00
78018,1,206,0,0,8,00,00,00,00,00,00,00,00
78028,1,401,0,0,8,39,9C,00,00,47,00,00,00
78038,1,405,0,0,8,20,00,00,00,32,33,36,47
78058,0,300,0,0,8,03,5A,64,5A,32,00,32,71
78058,0,301,0,0,3,B3,01,00
78058,1,405,0,0,8,21,00,00,00,35,4C,41,31
78068,0,300,0,0,8,03,5A,64,5A,32,00,32,72
78098,1,400,0,0,8,01,00,0C,00,00,00,00,00
78108,0,301,0,0,3,6B,02,00
78108,0,300,0,0,8,03,5A,64,5A,32,00,32,73
78118,1,201,0,0,5,00,00,00,00,62
78128,1,203,0,0,8,00,00,00,00,00,00,00,00
78138,1,206,0,0,8,00,00,00,00,00,00,00,00
78158,0,301,0,0,3,96,03,00
78158,0,404,0,0,2,21,00
78158,1,401,0,0,8,39,9C,00,00,47,00,00,00
78158,1,400,0,0,8,01,00,0C,00,00,00,00,00
78188,0,300,0,0,8,03,5A,64,5A,32,00,32,34
78198,1,201,0,0,5,00,00,00,00,62
78208,0,301,0,0,3,03,04,00
78208,0,300,0,0,8,03,5A,64,5A,32,00,32,35
78218,1,203,0,0,8,00,00,00,00,00,00,00,00
78228,1,405,0,0,8,21,00,00,00,35,4C,41,31
78238,1,206,0,0,8,00,00,00,00,00,00,00,00
78258,0,301,0,0,3,54,05,00
78258,0,404,0,0,2,21,00
78258,1,401,0,0,8,39,9C,00,00,47,00,00,00
78258,0,300,0,0,8,03,5A,64,5A,32,00,32,36
78258,1,400,0,0,8,01,00,0C,00,00,00,00,00
78278,1,201,0,0,5,00,00,00,00,62
78298,1,203,0,0,8,00,00,00,00,00,00,00,00
78308,0,301,0,0,3,F5,06,00
78308,0,300,0,0,8,03,5A,64,5A,32,00,32,37
78318,1,405,0,0,8,21,00,00,00,35,4C,41,31
78328,1,206,0,0,8,00,00,00,00,00,00,00,00
78338,1,402,0,0,8,4E,00,00,00,F8,AB,07,00
78348,1,401,0,0,8,3B,9C,00,00,46,00,00,00
78358,0,301,0,0,3,B8,07,00
78358,0,404,0,0,2,22,00
78358,1,400,0,0,8,01,00,0C,00,00,00,00,00
78358,1,201,0,0,5,00,00,00,00,62
78358,1,203,0,0,8,00,00,00,00,00,00,00,00
78368,1,204,0,0,8,00,00,00,00,00,00,00,00
78378,0,300,0,0,8,03,5A,64,5A,32,00,32,F8
78388,1,405,0,0,8,22,00,00,00,30,30,34,52
78398,1,206,0,0,8,00,00,00,00,00,00,00,00
78398,1,202,0,0,8,E2,1D,00,00,33,99,05,00
78408,0,301,0,0,3,80,08,00
78408,0,300,0,0,8,03,5A,64,5A,32,00,32,F9
78418,0,301,0,0,3,88,09,00
78418,1,666,0,0,8,52,08,05,00,52,95,36,02
78428,1,665,0,0,8,00,00,00,53,4C,18,53,00
78438,1,200,0,0,8,4E,00,F8,AB,07,00,02,00
78458,0,404,0,0,2,22,00
78458,0,300,0,0,8,03,5A,64,5A,32,00,32,FA
78458,1,401,0,0,8,3B,9C,00,00,46,00,00,00
78458,1,400,0,0,8,01,00,0C,00,00,00,00,00
78498,1,201,0,0,5,00,00,00,00,62
78508,0,301,0,0,3,C6,0A,00
78508,0,404,0,0,2,23,00
78508,1,203,0,0,8,00,00,00,00,00,00,00,00
78518,1,405,0,0,8,22,00,00,00,30,30,34,52
78528,1,206,0,0,8,00,00,00,00,00,00,00,00
78538,0,300,0,0,8,03,5A,64,5A,32,00,32,FB
78538,1,401,0,0,8,3B,9C,00,00,47,00,00,00
78558,0,301,0,0,3,43,0B,00
78558,0,300,0,0,8,03,5A,64,5A,32,00,32,BC
78558,1,405,0,0,8,23,00,00,00,4D,30,30,30
78568,0,301,0,0,3,B5,0C,00
78598,1,400,0,0,8,01,00,0C,00,00,00,00,00
78608,0,404,0,0,2,23,00
78608,0,300,0,0,8,03,5A,64,5A,32,00,32,BD
78608,1,201,0,0,5,00,00,00,00,62
78618,1,203,0,0,8,00,00,00,00,00,00,00,00
78628,1,206,0,0,8,00,00,00,00,00,00,00,00
78638,1,401,0,0,8,39,9C,00,00,47,00,00,00
78658,0,301,0,0,3,4E,0D,00
78658,0,404,0,0,2,24,00
78658,1,405,0,0,8,23,00,00,00,4D,30,30,30
78658,1,400,0,0,8,01,00,0C,00,00,00,00,00
78688,0,300,0,0,8,03,5A,64,5A,32,00,32,BE
78698,1,201,0,0,5,00,00,00,00,62
78708,0,301,0,0,3,1D,0E,00
78708,0,300,0,0,8,03,5A,64,5A,32,00,32,BF
78718,1,203,0,0,8,00,00,00,00,00,00,00,00
78728,1,405,0,0,8,24,00,00,00,30,30,30,30
78738,1,206,0,0,8,00,00,00,00,00,00,00,00
78748,0,301,0,0,3,E8,0F,00
78758,0,404,0,0,2,24,00
78758,0,300,0,0,8,03,5A,64,5A,32,00,32,70
78758,1,401,0,0,8,39,9C,00,00,47,00,00,00
78758,1,400,0,0,8,01,00,0C,00,00,00,00,00
78778,1,201,0,0,5,00,00,00,00,62
78798,1,203,0,0,8,00,00,00,00,00,00,00,00
78808,0,301,0,0,3,E2,00,00
78808,0,404,0,0,2,25,00
78808,1,405,0,0,8,24,00,00,00,30,30,30,30
78818,1,206,0,0,8,00,00,00,00,00,00,00,00
78828,1,403,0,0,8,64,00,00,00,40,E3,09,00
78838,1,401,0,0,8,39,9C,00,00,47,00,00,00
78858,0,300,0,0,8,03,5A,64,5A,32,00,32,71
78858,0,301,0,0,3,B3,01,00
78858,1,405,0,0,8,25,00,00,00,30,30,30,30
78878,0,300,0,0,8,03,5A,64,5A,32,00,32,72
78898,1,400,0,0,8,01,00,0C,00,00,00,00,00
78908,0,301,0,0,3,6B,02,00
78908,0,300,0,0,8,03,5A,64,5A,32,00,32,73
78918,1,201,0,0,5,00,00,00,00,62
78928,1,203,0,0,8,00,00,00,00,00,00,00,00
78938,1,206,0,0,8,00,00,00,00,00,00,00,00
78958,0,301,0,0,3,96,03,00
78958,0,404,0,0,2,25,00
78958,1,401,0,0,8,39,9C,00,00,47,00,00,00
78958,1,400,0,0,8,01,00,0C,00,00,00,00,00
78998,0,300,0,0,8,03,5A,64,5A,32,00,32,34
78998,1,201,0,0,5,00,00,00,00,62
79008,0,301,0,0,3,03,04,00
79008,0,300,0,0,8,03,5A,64,5A,32,00,32,35
79018,1,203,0,0,8,00,00,00,00,00,00,00,00
79028,1,405,0,0,8,25,00,00,00,30,30,30,30
79038,1,206,0,0,8,00,00,00,00,00,00,00,00
79038,0,301,0,0,3,54,05,00
79058,0,404,0,0,2,25,00
79058,0,300,0,0,8,03,5A,64,5A,32,00,32,36
79058,1,401,0,0,8,39,9C,00,00,47,00,00,00
79058,1,400,0,0,8,01,00,0C,00,00,00,00,00
79108,1,201,0,0,5,00,00,00,00,62
79108,0,301,0,0,3,F5,06,00
79108,0,404,0,0,2,26,00
79108,1,203,0,0,8,00,00,00,00,00,00,00,00
79128,1,405,0,0,8,25,00,00,00,30,30,30,30
79128,1,206,0,0,8,00,00,00,00,00,00,00,00
79138,1,401,0,0,8,39,9C,00,00,47,00,00,00
79158,0,300,0,0,8,03,5A,64,5A,32,00,32,37
79158,0,301,0,0,3,B8,07,00
79158,0,300,0,0,8,03,5A,64,5A,32,00,32,F8
79158,1,405,0,0,8,26,00,00,00,30,30,30,30
79198,0,301,0,0,3,80,08,00
79208,1,400,0,0,8,01,00,0C,00,00,00,00,00
79208,0,300,0,0,8,03,5A,64,5A,32,00,32,F9
79208,0,301,0,0,3,88,09,00
79228,1,201,0,0,5,00,00,00,00,62
79228,1,203,0,0,8,00,00,00,00,00,00,00,00
79238,1,206,0,0,8,00,00,00,00,00,00,00,00
79258,0,404,0,0,2,26,00
79258,0,404,0,0,2,27,00
79258,1,401,0,0,8,39,9C,00,00,47,00,00,00
79258,1,400,0,0,8,01,00,0C,00,00,00,00,00
79258,1,201,0,0,5,00,00,00,00,62
79288,1,203,0,0,8,00,00,00,00,00,00,00,00
79308,1,405,0,0,8,26,00,00,00,30,30,30,30
79308,0,300,0,0,8,03,5A,64,5A,32,00,32,FA
79308,0,301,0,0,3,C6,0A,00
79318,0,300,0,0,8,03,5A,64,5A,32,00,32,FB
79328,1,405,0,0,6,27,00,00,00,30,30
79328,1,206,0,0,8,00,00,00,00,00,00,00,00
79338,1,402,0,0,8,4E,00,00,00,F8,AB,07,00
79348,1,401,0,0,8,37,9C,00,00,47,00,00,00
79348,0,301,0,0,3,43,0B,00
79358,0,300,0,0,8,03,5A,64,5A,32,00,32,BC
79358,0,301,0,0,3,B5,0C,00
79358,1,400,0,0,8,01,00,0C,00,00,00,00,00
79358,1,201,0,0,5,00,00,00,00,62
79408,1,203,0,0,8,00,00,00,00,00,00,00,00
79408,0,404,0,0,2,27,00
79408,1,204,0,0,8,00,00,00,00,00,00,00,00
79408,0,404,0,0,2,4C,00
79408,1,206,0,0,8,00,00,00,00,00,00,00,00
79428,1,202,0,0,8,E2,1E,00,00,33,99,05,00
79428,1,401,0,0,8,37,9C,00,00,47,00,00,00
79438,1,405,0,0,6,27,00,00,00,30,30
79458,0,300,0,0,8,03,5A,64,5A,32,00,32,BD
79458,0,301,0,0,3,4E,0D,00
79458,1,405,0,0,8,4C,00,00,00,01,24,00,00
79468,0,300,0,0,8,03,5A,64,5A,32,00,32,BE
79508,1,400,0,0,8,01,00,0C,00,00,00,00,00
79508,0,301,0,0,3,1D,0E,00
79508,0,300,0,0,8,03,5A,64,5A,32,00,32,BF
79528,1,201,0,0,5,00,00,00,00,62
79528,1,203,0,0,8,00,00,00,00,00,00,00,00
79538,1,206,0,0,8,00,00,00,00,00,00,00,00
79558,0,301,0,0,3,E8,0F,00
79558,0,404,0,0,2,4C,00
79558,1,401,0,0,8,37,9C,00,00,47,00,00,00
79558,1,400,0,0,8,01,00,0C,00,00,00,00,00
79598,0,300,0,0,8,03,5A,64,5A,32,00,32,70
79608,0,301,0,0,3,E2,00,00
79608,1,201,0,0,5,00,00,00,00,62
79608,0,300,0,0,8,03,5A,64,5A,32,00,32,71
79628,1,203,0,0,8,00,00,00,00,00,00,00,00
79628,1,405,0,0,8,4C,00,00,00,01,24,00,00
79628,0,301,0,0,3,B3,01,00
79638,1,206,0,0,8,00,00,00,00,00,00,00,00
79658,0,404,0,0,2,4C,00
79658,0,300,0,0,8,03,5A,64,5A,32,00,32,72
79658,1,401,0,0,8,39,9C,00,00,47,00,00,00
79658,1,400,0,0,8,01,00,0C,00,00,00,00,00
79708,0,301,0,0,3,6B,02,00
79708,0,404,0,0,2,46,00
79708,1,201,0,0,5,00,00,00,00,62
79708,1,203,0,0,8,00,00,00,00,00,00,00,00
79728,1,405,0,0,8,4C,00,00,00,01,24,00,00
79728,1,206,0,0,8,00,00,00,00,00,00,00,00
79738,1,401,0,0,8,39,9C,00,00,47,00,00,00
79748,0,300,0,0,8,03,5A,64,5A,32,00,32,73
79758,0,301,0,0,3,96,03,00
79758,0,300,0,0,8,03,5A,64,5A,32,00,32,34
79758,1,405,0,0,5,46,00,00,00,00
79788,0,301,0,0,3,03,04,00
79788,1,400,0,0,8,01,00,0C,00,00,00,00,00
79808,0,404,0,0,2,46,00
79808,0,300,0,0,8,03,5A,64,5A,32,00,32,35
79808,1,201,0,0,5,00,00,00,00,62
79808,1,203,0,0,8,00,00,00,00,00,00,00,00
79828,1,206,0,0,8,00,00,00,00,00,00,00,00
79828,1,403,0,0,8,64,00,00,00,40,E3,09,00
79838,1,401,0,0,8,37,9C,00,00,47,00,00,00
79858,0,301,0,0,3,54,05,00
79858,0,404,0,0,2,4D,00
79858,1,405,0,0,5,46,00,00,00,00
79858,1,400,0,0,8,01,00,0C,00,00,00,00,00
79908,0,300,0,0,8,03,5A,64,5A,32,00,32,36
79908,0,301,0,0,3,F5,06,00
79908,1,201,0,0,5,00,00,00,00,62
79908,0,300,0,0,8,03,5A,64,5A,32,00,32,37
79928,1,203,0,0,8,00,00,00,00,00,00,00,00
79928,1,405,0,0,8,4D,00,00,00,00,00,00,00
79938,1,206,0,0,8,00,00,00,00,00,00,00,00
79938,0,301,0,0,3,B8,07,00
79958,0,300,0,0,8,03,5A,64,5A,32,00,32,F8
79958,0,301,0,0,3,80,08,00
79958,1,401,0,0,8,37,9C,00,00,47,00,00,00
80008,0,404,0,0,2,4D,00
80008,0,404,0,0,2,50,00
80008,1,201,0,0,5,00,00,00,00,62
80008,1,400,0,0,8,01,00,0C,00,00,00,00,00
80008,1,203,0,0,8,00,00,00,00,00,00,00,00
80028,1,206,0,0,8,00,00,00,00,00,00,00,00
80028,1,405,0,0,8,4D,00,00,00,00,00,00,00
80038,1,405,0,0,8,50,00,00,00,F1,00,F3,00
80058,0,300,0,0,8,03,5A,64,5A,32,00,32,F9
80058,0,301,0,0,3,88,09,00
80058,1,401,0,0,8,37,9C,00,00,47,00,00,00
80068,0,300,0,0,8,03,5A,64,5A,32,00,32,FA
80108,0,301,0,0,3,C6,0A,00
80108,0,300,0,0,8,03,5A,64,5A,32,00,32,FB
80108,1,201,0,0,5,00,00,00,00,62
80128,1,400,0,0,8,01,00,0C,00,00,00,00,00
80128,1,203,0,0,8,00,00,00,00,00,00,00,00
80138,1,206,0,0,8,00,00,00,00,00,00,00,00
80158,0,301,0,0,3,43,0B,00
80158,0,404,0,0,2,50,00
80158,1,401,0,0,8,37,9C,00,00,47,00,00,00
80158,1,201,0,0,5,00,00,00,00,62
80188,0,300,0,0,8,03,5A,64,5A,32,00,32,BC
80208,0,301,0,0,3,B5,0C,00
80208,0,300,0,0,8,03,5A,64,5A,32,00,32,BD
80208,1,400,0,0,8,01,00,0C,00,00,00,00,00
80228,1,203,0,0,8,00,00,00,00,00,00,00,00
80228,1,405,0,0,8,50,00,00,00,F1,00,F3,00
80238,1,206,0,0,8,00,00,00,00,00,00,00,00
80248,0,301,0,0,3,4E,0D,00
80258,0,404,0,0,2,50,00
80258,0,300,0,0,8,03,5A,64,5A,32,00,32,BE
80258,1,401,0,0,8,37,9C,00,00,47,00,00,00
80258,1,201,0,0,5,00,00,00,00,62
80288,1,400,0,0,8,01,00,0C,00,00,00,00,00
80308,0,301,0,0,3,1D,0E,00
80308,0,404,0,0,2,02,00
80308,1,203,0,0,8,00,00,00,00,00,00,00,00
80308,1,405,0,0,8,50,00,00,00,F1,00,F3,00
80328,1,206,0,0,8,00,00,00,00,00,00,00,00
80328,1,402,0,0,8,4E,00,00,00,F8,AB,07,00
80338,1,405,0,0,8,02,00,00,00,53,49,43,54
80348,0,300,0,0,8,03,5A,64,5A,32,00,32,BF
80348,1,401,0,0,8,39,9C,00,00,47,00,00,00
80358,0,301,0,0,3,E8,0F,00
80358,0,300,0,0,8,03,5A,64,5A,32,00,32,70
80358,1,201,0,0,5,00,00,00,00,62
80358,1,400,0,0,8,01,00,0C,00,00,00,00,00
80408,0,301,0,0,3,E2,00,00
80408,0,404,0,0,2,0A,00
80408,1,203,0,0,8,00,00,00,00,00,00,00,00
80408,1,204,0,0,8,00,00,00,00,00,00,00,00
80428,1,206,0,0,8,00,00,00,00,00,00,00,00
80428,1,202,0,0,8,E2,1D,00,00,33,99,05,00
80438,1,405,0,0,8,0A,00,00,00,30,3A,00,00
80448,0,300,0,0,8,03,5A,64,5A,32,00,32,71
80458,0,301,0,0,3,B3,01,00
80458,0,300,0,0,8,03,5A,64,5A,32,00,32,72
80458,1,401,0,0,8,39,9C,00,00,47,00,00,00
80508,0,301,0,0,3,6B,02,00
80508,0,404,0,0,2,04,00
80508,1,201,0,0,5,00,00,00,00,62
80508,1,400,0,0,8,01,00,0C,00,00,00,00,00
80528,1,203,0,0,8,00,00,00,00,00,00,00,00
80528,1,206,0,0,8,00,00,00,00,00,00,00,00
80538,1,405,0,0,7,04,0,00,00,16,09,02
80558,0,300,0,0,8,03,5A,64,5A,32,00,32,73
80558,0,301,0,0,3,96,03,00
80558,1,401,0,0,8,39,9C,00,00,46,00,00,00
80568,0,300,0,0,8,03,5A,64,5A,32,00,32,34
80608,0,301,0,0,3,03,04,00
80608,0,300,0,0,8,03,5A,64,5A,32,00,32,35
80608,1,201,0,0,5,00,00,00,00,62
80628,1,400,0,0,8,01,00,0C,00,00,00,00,00
80628,1,203,0,0,8,00,00,00,00,00,00,00,00
80638,1,206,0,0,8,00,00,00,00,00,00,00,00
80658,0,301,0,0,3,54,05,00
80658,0,404,0,0,2,04,00
80658,1,401,0,0,8,3B,9C,00,00,46,00,00,00
80658,1,201,0,0,5,00,00,00,00,62
80688,0,300,0,0,8,03,5A,64,5A,32,00,32,36
80708,0,301,0,0,3,F5,06,00
80708,0,300,0,0,8,03,5A,64,5A,32,00,32,37
80708,1,400,0,0,8,01,00,0C,00,00,00,00,00
80728,1,203,0,0,8,00,00,00,00,00,00,00,00
80728,1,405,0,0,7,04,0,00,00,16,09,02
80738,1,206,0,0,8,00,00,00,00,00,00,00,00
80758,0,301,0,0,3,B8,07,00
80758,0,404,0,0,2,04,00
80758,1,401,0,0,8,3B,9C,00,00,46,00,00,00
80758,0,300,0,0,8,03,5A,64,5A,32,00,32,F8
80758,1,201,0,0,5,00,00,00,00,62
80788,1,400,0,0,8,01,00,0C,00,00,00,00,00
80808,0,301,0,0,3,80,08,00
80808,0,300,0,0,8,03,5A,64,5A,32,00,32,F9
80808,1,203,0,0,8,00,00,00,00,00,00,00,00
80828,1,405,0,0,7,04,0,00,00,16,09,02
80828,1,206,0,0,8,00,00,00,00,00,00,00,00
80838,1,403,0,0,8,64,00,00,00,40,E3,09,00
80858,0,301,0,0,3,88,09,00
80858,0,404,0,0,2,B0,01
80858,1,401,0,0,8,3B,9C,00,00,47,00,00,00
80858,1,201,0,0,5,00,00,00,00,62
80878,0,300,0,0,8,03,5A,64,5A,32,00,32,FA
80908,0,301,0,0,3,C6,0A,00
80908,0,300,0,0,8,03,5A,64,5A,32,00,32,FB
80908,1,400,0,0,8,01,00,0C,00,00,00,00,00
80928,1,203,0,0,8,00,00,00,00,00,00,00,00
80928,1,405,0,0,6,B0,01,00,00,00,00
80938,1,206,0,0,8,00,00,00,00,00,00,00,00
80938,0,301,0,0,3,43,0B,00
80958,0,404,0,0,2,B0,01
80958,0,300,0,0,8,03,5A,64,5A,32,00,32,BC
80958,1,401,0,0,8,3B,9C,00,00,47,00,00,00
80958,1,201,0,0,5,00,00,00,00,62
81008,0,301,0,0,3,B5,0C,00
81008,0,404,0,0,2,B1,01
81008,1,400,0,0,8,01,00,0C,00,00,00,00,00
81008,1,203,0,0,8,00,00,00,00,00,00,00,00
81028,1,405,0,0,6,B0,01,00,00,00,00
81028,1,206,0,0,8,00,00,00,00,00,00,00,00
81038,1,405,0,0,6,B1,01,00,00,00,00
81058,0,300,0,0,8,03,5A,64,5A,32,00,32,BD
81058,0,301,0,0,3,4E,0D,00
81058,1,401,0,0,8,3B,9C,00,00,47,00,00,00
81108,0,300,0,0,8,03,5A,64,5A,32,00,32,BE
81108,0,301,0,0,3,1D,0E,00
81108,1,201,0,0,5,00,00,00,00,62
81128,1,400,0,0,8,01,00,0C,00,00,00,00,00
81128,1,203,0,0,8,00,00,00,00,00,00,00,00
81138,1,206,0,0,8,00,00,00,00,00,00,00,00
81158,0,300,0,0,8,03,5A,64,5A,32,00,32,BF
81158,0,301,0,0,3,E8,0F,00
81158,1,401,0,0,8,39,9C,00,00,47,00,00,00
81208,0,300,0,0,8,03,5A,64,5A,32,00,32,70
81208,0,301,0,0,3,E2,00,00
81208,1,201,0,0,5,00,00,00,00,62
81228,1,400,0,0,8,01,00,0C,00,00,00,00,00
81228,1,203,0,0,8,00,00,00,00,00,00,00,00
81238,1,206,0,0,8,00,00,00,00,00,00,00,00
81258,0,300,0,0,8,03,5A,64,5A,32,00,32,71
81258,0,301,0,0,3,B3,01,00
81258,1,401,0,0,8,39,9C,00,00,47,00,00,00
81288,1,201,0,0,5,00,00,00,00,62
81308,0,300,0,0,8,03,5A,64,5A,32,00,32,72
81308,0,301,0,0,3,6B,02,00
81308,1,400,0,0,8,01,00,0C,00,00,00,00,00
81328,1,203,0,0,8,00,00,00,00,00,00,00,00
81328,1,206,0,0,8,00,00,00,00,00,00,00,00
81338,1,402,0,0,8,4E,00,00,00,F8,AB,07,00
81348,1,401,0,0,8,39,9C,00,00,47,00,00,00
81358,0,300,0,0,8,03,5A,64,5A,32,00,32,73
81358,0,301,0,0,3,96,03,00
81358,1,201,0,0,5,00,00,00,00,62
81358,1,400,0,0,8,01,00,0C,00,00,00,00,00
81378,1,203,0,0,8,00,00,00,00,00,00,00,00
81388,1,204,0,0,8,00,00,00,00,00,00,00,00
81398,1,206,0,0,8,00,00,00,00,00,00,00,00
81408,0,300,0,0,8,03,5A,64,5A,32,00,32,34
81408,0,301,0,0,3,03,04,00
81408,1,202,0,0,8,E2,1D,00,00,33,99,05,00
81428,1,666,0,0,8,52,08,05,00,52,95,36,02
81428,1,665,0,0,8,00,00,00,53,4C,18,53,00
81438,1,200,0,0,8,4E,00,F8,AB,07,00,00,00
81458,0,300,0,0,8,03,5A,64,5A,32,00,32,35
81458,0,301,0,0,3,54,05,00
81458,1,401,0,0,8,39,9C,00,00,47,00,00,00
81508,0,300,0,0,8,03,5A,64,5A,32,00,32,36
81508,0,301,0,0,3,F5,06,00
81508,1,201,0,0,5,00,00,00,00,62
81528,1,400,0,0,8,01,00,0C,00,00,00,00,00
81528,1,203,0,0,8,00,00,00,00,00,00,00,00
81538,1,206,0,0,8,00,00,00,00,00,00,00,00
81558,0,300,0,0,8,03,5A,64,5A,32,00,32,37
81558,0,301,0,0,3,B8,07,00
81558,1,401,0,0,8,39,9C,00,00,47,00,00,00
81608,0,300,0,0,8,03,5A,64,5A,32,00,32,F8
81608,0,301,0,0,3,80,08,00
81608,1,201,0,0,5,00,00,00,00,62
81628,1,400,0,0,8,01,00,0C,00,00,00,00,00
81628,1,203,0,0,8,00,00,00,00,00,00,00,00
81638,1,206,0,0,8,00,00,00,00,00,00,00,00
81658,0,300,0,0,8,03,5A,64,5A,32,00,32,F9
81658,0,301,0,0,3,88,09,00
81658,1,401,0,0,8,39,9C,00,00,47,00,00,00
81708,0,300,0,0,8,03,5A,64,5A,32,00,32,FA
81708,0,301,0,0,3,C6,0A,00
81708,1,201,0,0,5,00,00,00,00,62
81728,1,400,0,0,8,01,00,0C,00,00,00,00,00
81728,1,203,0,0,8,00,00,00,00,00,00,00,00
81738,1,206,0,0,8,00,00,00,00,00,00,00,00
81758,0,300,0,0,8,03,5A,64,5A,32,00,32,FB
81758,0,301,0,0,3,43,0B,00
81758,1,401,0,0,8,39,9C,00,00,47,00,00,00
81788,1,201,0,0,5,00,00,00,00,62
81808,0,300,0,0,8,03,5A,64,5A,32,00,32,BC
81808,0,301,0,0,3,B5,0C,00
81808,1,400,0,0,8,01,00,0C,00,00,00,00,00
81828,1,203,0,0,8,00,00,00,00,00,00,00,00
81828,1,206,0,0,8,00,00,00,00,00,00,00,00
81838,1,403,0,0,8,64,00,00,00,40,E3,09,00
81858,0,300,0,0,8,03,5A,64,5A,32,00,32,BD
81858,0,301,0,0,3,4E,0D,00
81858,1,401,0,0,8,39,9C,00,00,47,00,00,00
81908,0,300,0,0,8,03,5A,64,5A,32,00,32,BE
81908,0,301,0,0,3,1D,0E,00
81908,1,201,0,0,5,00,00,00,00,62
81928,1,400,0,0,8,01,00,0C,00,00,00,00,00
81928,1,203,0,0,8,00,00,00,00,00,00,00,00
81938,1,206,0,0,8,00,00,00,00,00,00,00,00
81958,0,300,0,0,8,03,5A,64,5A,32,00,32,BF
81958,0,301,0,0,3,E8,0F,00
81958,1,401,0,0,8,39,9C,00,00,47,00,00,00
82008,0,300,0,0,8,03,5A,64,5A,32,00,32,70
82008,0,301,0,0,3,E2,00,00
82008,1,201,0,0,5,00,00,00,00,62
82028,1,400,0,0,8,01,00,0C,00,00,00,00,00
82028,1,203,0,0,8,00,00,00,00,00,00,00,00
82038,1,206,0,0,8,00,00,00,00,00,00,00,00
82058,0,300,0,0,8,03,5A,64,5A,32,00,32,71
82058,0,301,0,0,3,B3,01,00
82058,1,401,0,0,8,39,9C,00,00,47,00,00,00
82108,0,300,0,0,8,03,5A,64,5A,32,00,32,72
82108,0,301,0,0,3,6B,02,00
82108,1,201,0,0,5,00,00,00,00,62
82128,1,400,0,0,8,01,00,0C,00,00,00,00,00
82128,1,203,0,0,8,00,00,00,00,00,00,00,00
82138,1,206,0,0,8,00,00,00,00,00,00,00,00
82158,0,300,0,0,8,03,5A,64,5A,32,00,32,73
82158,0,301,0,0,3,96,03,00
82158,1,401,0,0,8,37,9C,00,00,47,00,00,00
82208,0,300,0,0,8,03,5A,64,5A,32,00,32,34
82208,0,301,0,0,3,03,04,00
82208,1,201,0,0,5,00,00,00,00,62
82228,1,400,0,0,8,01,00,0C,00,00,00,00,00
82228,1,203,0,0,8,00,00,00,00,00,00,00,00
82238,1,206,0,0,8,00,00,00,00,00,00,00,00
82258,0,300,0,0,8,03,5A,64,5A,32,00,32,35
82258,0,301,0,0,3,54,05,00
82258,1,401,0,0,8,37,9C,00,00,47,00,00,00
82288,1,201,0,0,5,00,00,00,00,62
82308,0,300,0,0,8,03,5A,64,5A,32,00,32,36
82308,0,301,0,0,3,F5,06,00
82308,1,400,0,0,8,01,00,0C,00,00,00,00,00
82328,1,203,0,0,8,00,00,00,00,00,00,00,00
82328,1,206,0,0,8,00,00,00,00,00,00,00,00
82338,1,402,0,0,8,4E,00,00,00,F8,AB,07,00
82348,1,401,0,0,8,37,9C,00,00,47,00,00,00
82358,0,300,0,0,8,03,5A,64,5A,32,00,32,37
82358,0,301,0,0,3,B8,07,00
82358,1,201,0,0,5,00,00,00,00,62
82358,1,400,0,0,8,01,00,0C,00,00,00,00,00
82408,0,300,0,0,8,03,5A,64,5A,32,00,32,F8
82408,0,301,0,0,3,80,08,00
82408,1,203,0,0,8,00,00,00,00,00,00,00,00
82428,1,204,0,0,8,00,00,00,00,00,00,00,00
82428,1,206,0,0,8,00,00,00,00,00,00,00,00
82438,1,202,0,0,8,E2,1D,00,00,33,99,05,00
82458,0,300,0,0,8,03,5A,64,5A,32,00,32,F9
82458,0,301,0,0,3,88,09,00
82458,1,401,0,0,8,37,9C,00,00,47,00,00,00
82508,0,300,0,0,8,03,5A,64,5A,32,00,32,FA
82508,0,301,0,0,3,C6,0A,00
82508,1,201,0,0,5,00,00,00,00,62
82528,1,400,0,0,8,01,00,0C,00,00,00,00,00
82528,1,203,0,0,8,00,00,00,00,00,00,00,00
82538,1,206,0,0,8,00,00,00,00,00,00,00,00
82558,0,300,0,0,8,03,5A,64,5A,32,00,32,FB
82558,0,301,0,0,3,43,0B,00
82558,1,401,0,0,8,37,9C,00,00,47,00,00,00
82608,0,300,0,0,8,03,5A,64,5A,32,00,32,BC
82608,0,301,0,0,3,B5,0C,00
82608,1,201,0,0,5,00,00,00,00,62
82628,1,400,0,0,8,01,00,0C,00,00,00,00,00
82628,1,203,0,0,8,00,00,00,00,00,00,00,00
82638,1,206,0,0,8,00,00,00,00,00,00,00,00
82658,0,300,0,0,8,03,5A,64,5A,32,00,32,BD
82658,0,301,0,0,3,4E,0D,00
82658,1,401,0,0,8,39,9C,00,00,47,00,00,00
82708,0,300,0,0,8,03,5A,64,5A,32,00,32,BE
82708,0,301,0,0,3,1D,0E,00
82708,1,201,0,0,5,00,00,00,00,62
82728,1,400,0,0,8,01,00,0C,00,00,00,00,00
82728,1,203,0,0,8,00,00,00,00,00,00,00,00
82738,1,206,0,0,8,00,00,00,00,00,00,00,00
82758,0,300,0,0,8,03,5A,64,5A,32,00,32,BF
82758,0,301,0,0,3,E8,0F,00
82758,1,401,0,0,8,39,9C,00,00,47,00,00,00
82788,1,201,0,0,5,00,00,00,00,62
82808,0,300,0,0,8,03,5A,64,5A,32,00,32,70
82808,0,301,0,0,3,E2,00,00
82808,1,400,0,0,8,01,00,0C,00,00,00,00,00
82828,1,203,0,0,8,00,00,00,00,00,00,00,00
82828,1,206,0,0,8,00,00,00,00,00,00,00,00
82838,1,403,0,0,8,64,00,00,00,40,E3,09,00
82858,0,300,0,0,8,03,5A,64,5A,32,00,32,71
82858,0,301,0,0,3,B3,01,00
82858,1,401,0,0,8,37,9C,00,00,46,00,00,00
82908,0,300,0,0,8,03,5A,64,5A,32,00,32,72
82908,0,301,0,0,3,6B,02,00
82908,1,201,0,0,5,00,00,00,00,62
82928,1,400,0,0,8,01,00,0C,00,00,00,00,00
82928,1,203,0,0,8,00,00,00,00,00,00,00,00
82938,1,206,0,0,8,00,00,00,00,00,00,00,00
82958,0,300,0,0,8,03,5A,64,5A,32,00,32,73
82958,0,301,0,0,3,96,03,00
82958,1,401,0,0,8,37,9C,00,00,46,00,00,00
83008,0,300,0,0,8,03,5A,64,5A,32,00,32,34
83008,0,301,0,0,3,03,04,00
83008,1,201,0,0,5,00,00,00,00,62
83028,1,400,0,0,8,01,00,0C,00,00,00,00,00
83028,1,203,0,0,8,00,00,00,00,00,00,00,00
83038,1,206,0,0,8,00,00,00,00,00,00,00,00
83058,0,300,0,0,8,03,5A,64,5A,32,00,32,35
83058,0,301,0,0,3,54,05,00
83058,1,401,0,0,8,37,9C,00,00,47,00,00,00
83108,0,300,0,0,8,03,5A,64,5A,32,00,32,36
83108,0,301,0,0,3,F5,06,00
83108,1,201,0,0,5,00,00,00,00,62
83128,1,400,0,0,8,01,00,0C,00,00,00,00,00
83138,1,203,0,0,8,00,00,00,00,00,00,00,00
83138,1,206,0,0,8,00,00,00,00,00,00,00,00
83158,0,300,0,0,8,03,5A,64,5A,32,00,32,37
83158,0,301,0,0,3,B8,07,00
83158,1,401,0,0,8,39,9C,00,00,47,00,00,00
83208,0,300,0,0,8,03,5A,64,5A,32,00,32,F8
83208,0,301,0,0,3,80,08,00
83218,1,201,0,0,5,00,00,00,00,62
83228,1,400,0,0,8,01,00,0C,00,00,00,00,00
83238,1,203,0,0,8,00,00,00,00,00,00,00,00
83238,1,206,0,0,8,00,00,00,00,00,00,00,00
83258,0,300,0,0,8,03,5A,64,5A,32,00,32,F9
83258,0,301,0,0,3,88,09,00
83258,1,401,0,0,8,39,9C,00,00,47,00,00,00
83298,1,201,0,0,5,00,00,00,00,62
83308,0,300,0,0,8,03,5A,64,5A,32,00,32,FA
83308,0,301,0,0,3,C6,0A,00
83318,1,400,0,0,8,01,00,0C,00,00,00,00,00
83328,1,203,0,0,8,00,00,00,00,00,00,00,00
83338,1,206,0,0,8,00,00,00,00,00,00,00,00
83338,1,402,0,0,8,4E,00,00,00,F8,AB,07,00
83348,1,401,0,0,8,3B,9C,00,00,47,00,00,00
83358,0,300,0,0,8,03,5A,64,5A,32,00,32,FB
83358,0,301,0,0,3,43,0B,00
83358,1,201,0,0,5,00,00,00,00,62
83358,1,400,0,0,8,01,00,0C,00,00,00,00,00
83408,0,300,0,0,8,03,5A,64,5A,32,00,32,BC
83408,0,301,0,0,3,B5,0C,00
83418,1,203,0,0,8,00,00,00,00,00,00,00,00
83428,1,204,0,0,8,00,00,00,00,00,00,00,00
83438,1,206,0,0,8,00,00,00,00,00,00,00,00
83438,1,202,0,0,8,E2,1D,00,00,33,99,05,00
83458,0,300,0,0,8,03,5A,64,5A,32,00,32,BD
83458,0,301,0,0,3,4E,0D,00
83458,1,401,0,0,8,3B,9C,00,00,47,00,00,00
83508,0,300,0,0,8,03,5A,64,5A,32,00,32,BE
83508,0,301,0,0,3,1D,0E,00
83518,1,201,0,0,5,00,00,00,00,62
83528,1,400,0,0,8,01,00,0C,00,00,00,00,00
83538,1,203,0,0,8,00,00,00,00,00,00,00,00
83538,1,206,0,0,8,00,00,00,00,00,00,00,00
83558,0,300,0,0,8,03,5A,64,5A,32,00,32,BF
83558,0,301,0,0,3,E8,0F,00
83558,1,401,0,0,8,3B,9C,00,00,47,00,00,00
83608,0,300,0,0,8,03,5A,64,5A,32,00,32,70
83608,0,301,0,0,3,E2,00,00
83618,1,201,0,0,5,00,00,00,00,62
83628,1,400,0,0,8,01,00,0C,00,00,00,00,00
83638,1,203,0,0,8,00,00,00,00,00,00,00,00
83638,1,206,0,0,8,00,00,00,00,00,00,00,00
83658,0,300,0,0,8,03,5A,64,5A,32,00,32,71
83658,0,301,0,0,3,B3,01,00
83658,1,401,0,0,8,3B,9C,00,00,47,00,00,00
83708,0,300,0,0,8,03,5A,64,5A,32,00,32,72
83708,0,301,0,0,3,6B,02,00
83718,1,201,0,0,5,00,00,00,00,62
83728,1,400,0,0,8,01,00,0C,00,00,00,00,00
83738,1,203,0,0,8,00,00,00,00,00,00,00,00
83738,1,206,0,0,8,00,00,00,00,00,00,00,00
83758,0,300,0,0,8,03,5A,64,5A,32,00,32,73
83758,0,301,0,0,3,96,03,00
83758,1,401,0,0,8,3B,9C,00,00,46,00,00,00
83798,1,201,0,0,5,00,00,00,00,62
83808,0,300,0,0,8,03,5A,64,5A,32,00,32,34
83808,0,301,0,0,3,03,04,00
83818,1,400,0,0,8,01,00,0C,00,00,00,00,00
83828,1,203,0,0,8,00,00,00,00,00,00,00,00
83838,1,206,0,0,8,00,00,00,00,00,00,00,00
83838,1,403,0,0,8,64,00,00,00,40,E3,09,00
83858,0,300,0,0,8,03,5A,64,5A,32,00,32,35
83858,0,301,0,0,3,54,05,00
83858,1,401,0,0,8,3B,9C,00,00,46,00,00,00
83908,0,300,0,0,8,03,5A,64,5A,32,00,32,36
83908,0,301,0,0,3,F5,06,00
83918,1,201,0,0,5,00,00,00,00,62
83928,1,400,0,0,8,01,00,0C,00,00,00,00,00
83938,1,203,0,0,8,00,00,00,00,00,00,00,00
83938,1,206,0,0,8,00,00,00,00,00,00,00,00
83938,0,300,0,0,8,03,5A,64,5A,32,00,32,37
83958,0,301,0,0,3,B8,07,00
83958,0,300,0,0,8,03,5A,64,5A,32,00,32,F8
83958,1,401,0,0,8,3B,9C,00,00,46,00,00,00
84008,0,301,0,0,3,80,08,00
84008,0,404,0,0,2,4A,00
84008,1,201,0,0,5,00,00,00,00,62
84018,1,400,0,0,8,01,00,0C,00,00,00,00,00
84028,1,203,0,0,8,00,00,00,00,00,00,00,00
84038,1,206,0,0,8,00,00,00,00,00,00,00,00
84038,1,405,0,0,8,4A,00,00,00,06,00,00,00
84058,0,300,0,0,8,03,5A,64,5A,32,00,32,F9
84058,0,301,0,0,3,88,09,00
84058,1,401,0,0,8,3B,9C,00,00,47,00,00,00
84068,0,300,0,0,8,03,5A,64,5A,32,00,32,FA
84108,0,301,0,0,3,C6,0A,00
84108,0,300,0,0,8,03,5A,64,5A,32,00,32,FB
84118,1,201,0,0,5,00,00,00,00,62
84128,1,400,0,0,8,01,00,0C,00,00,00,00,00
84138,1,203,0,0,8,00,00,00,00,00,00,00,00
84138,1,206,0,0,8,00,00,00,00,00,00,00,00
84158,0,301,0,0,3,43,0B,00
84158,0,404,0,0,2,4A,00
84158,1,401,0,0,8,39,9C,00,00,47,00,00,00
84158,1,201,0,0,5,00,00,00,00,62
84198,0,300,0,0,8,03,5A,64,5A,32,00,32,BC
84208,0,301,0,0,3,B5,0C,00
84208,0,300,0,0,8,03,5A,64,5A,32,00,32,BD
84218,1,400,0,0,8,01,00,0C,00,00,00,00,00
84228,1,203,0,0,8,00,00,00,00,00,00,00,00
84238,1,405,0,0,8,4A,00,00,00,06,00,00,00
84238,1,206,0,0,8,00,00,00,00,00,00,00,00
84248,0,301,0,0,3,4E,0D,00
84258,0,404,0,0,2,4A,00
84258,0,300,0,0,8,03,5A,64,5A,32,00,32,BE
84258,1,401,0,0,8,39,9C,00,00,47,00,00,00
84258,1,201,0,0,5,00,00,00,00,62
84298,1,400,0,0,8,01,00,0C,00,00,00,00,00
84308,0,301,0,0,3,1D,0E,00
84308,0,404,0,0,2,02,30
84308,1,203,0,0,8,00,00,00,00,00,00,00,00
84318,1,405,0,0,8,4A,00,00,00,06,00,00,00
84328,1,206,0,0,8,00,00,00,00,00,00,00,00
84338,1,402,0,0,8,4E,00,00,00,F8,AB,07,00
84338,1,405,0,0,7,02,48,00,00,00,00,00
84348,1,401,0,0,8,39,9C,00,00,47,00,00,00
84348,0,300,0,0,8,03,5A,64,5A,32,00,32,BF
84358,0,301,0,0,3,E8,0F,00
84358,0,300,0,0,8,03,5A,64,5A,32,00,32,70
84358,1,201,0,0,5,00,00,00,00,62
84358,1,400,0,0,8,01,00,0C,00,00,00,00,00
84378,1,203,0,0,8,00,00,00,00,00,00,00,00
84388,1,204,0,0,8,00,00,00,00,00,00,00,00
84398,1,206,0,0,8,00,00,00,00,00,00,00,00
84408,0,301,0,0,3,E2,00,00
84408,0,404,0,0,2,44,00
84408,1,202,0,0,8,E2,1D,00,00,33,99,05,00
84418,1,666,0,0,8,52,08,05,00,52,95,36,02
84428,1,665,0,0,8,00,00,00,53,4C,18,53,00
84438,1,200,0,0,8,4E,00,F8,AB,07,00,01,00
84438,1,405,0,0,6,44,00,00,00,50,46
84438,0,300,0,0,8,03,5A,64,5A,32,00,32,71
84458,0,301,0,0,3,B3,01,00
84458,0,300,0,0,8,03,5A,64,5A,32,00,32,72
84458,1,401,0,0,8,39,9C,00,00,47,00,00,00
84508,0,301,0,0,3,6B,02,00
84508,0,404,0,0,2,01,00
84508,1,201,0,0,5,00,00,00,00,62
84518,1,400,0,0,8,01,00,0C,00,00,00,00,00
84528,1,203,0,0,8,00,00,00,00,00,00,00,00
84538,1,206,0,0,8,00,00,00,00,00,00,00,00
84538,1,405,0,0,8,01,00,00,00,00,04,06,04
84558,0,300,0,0,8,03,5A,64,5A,32,00,32,73
84558,0,301,0,0,3,96,03,00
84558,1,401,0,0,8,39,9C,00,00,46,00,00,00
84568,0,300,0,0,8,03,5A,64,5A,32,00,32,34
84608,0,301,0,0,3,03,04,00
84608,0,300,0,0,8,03,5A,64,5A,32,00,32,35
84618,1,201,0,0,5,00,00,00,00,62
84628,1,400,0,0,8,01,00,0C,00,00,00,00,00
84638,1,203,0,0,8,00,00,00,00,00,00,00,00
84638,1,206,0,0,8,00,00,00,00,00,00,00,00
84658,0,301,0,0,3,54,05,00
84658,0,404,0,0,2,01,00
84658,1,401,0,0,8,3B,9C,00,00,46,00,00,00
84658,1,201,0,0,5,00,00,00,00,62
84688,0,300,0,0,8,03,5A,64,5A,32,00,32,36
84708,0,301,0,0,3,F5,06,00
84708,0,300,0,0,8,03,5A,64,5A,32,00,32,37
84718,1,400,0,0,8,01,00,0C,00,00,00,00,00
84728,1,203,0,0,8,00,00,00,00,00,00,00,00
84738,1,405,0,0,8,01,00,00,00,00,04,06,04
84738,1,206,0,0,8,00,00,00,00,00,00,00,00
84748,0,301,0,0,3,B8,07,00
84758,0,404,0,0,2,01,00
84758,0,300,0,0,8,03,5A,64,5A,32,00,32,F8
84758,1,401,0,0,8,3B,9C,00,00,46,00,00,00
84758,1,201,0,0,5,00,00,00,00,62
84798,1,400,0,0,8,01,00,0C,00,00,00,00,00
84808,0,301,0,0,3,80,08,00
84808,0,404,0,0,2,A3,01
84808,1,203,0,0,8,00,00,00,00,00,00,00,00
84818,1,405,0,0,8,01,00,00,00,00,04,06,04
84828,1,206,0,0,8,00,00,00,00,00,00,00,00
84838,1,403,0,0,8,64,00,00,00,40,E3,09,00
84838,1,405,0,0,5,A3,01,00,00,06
84848,0,300,0,0,8,03,5A,64,5A,32,00,32,F9
84858,0,301,0,0,3,88,09,00
84858,0,300,0,0,8,03,5A,64,5A,32,00,32,FA
84858,1,401,0,0,8,3B,9C,00,00,46,00,00,00
84908,0,301,0,0,3,C6,0A,00
84908,0,404,0,0,2,20,00
84908,1,201,0,0,5,00,00,00,00,62
84918,1,400,0,0,8,01,00,0C,00,00,00,00,00
84928,1,203,0,0,8,00,00,00,00,00,00,00,00
84938,1,206,0,0,8,00,00,00,00,00,00,00,00
84938,1,405,0,0,8,20,00,00,00,32,33,36,47
84958,0,300,0,0,8,03,5A,64,5A,32,00,32,FB
84958,0,301,0,0,3,43,0B,00
84958,1,401,0,0,8,3B,9C,00,00,46,00,00,00
84978,0,300,0,0,8,03,5A,64,5A,32,00,32,BC
85008,0,301,0,0,3,B5,0C,00
85008,0,300,0,0,8,03,5A,64,5A,32,00,32,BD
85018,1,201,0,0,5,00,00,00,00,62
85028,1,400,0,0,8,01,00,0C,00,00,00,00,00
85038,1,203,0,0,8,00,00,00,00,00,00,00,00
85038,1,206,0,0,8,00,00,00,00,00,00,00,00
85058,0,301,0,0,3,4E,0D,00
85058,0,404,0,0,2,20,00
85058,1,401,0,0,8,3B,9C,00,00,47,00,00,00
85058,1,201,0,0,5,00,00,00,00,62
85098,0,300,0,0,8,03,5A,64,5A,32,00,32,BE
85108,0,301,0,0,3,1D,0E,00
85108,0,300,0,0,8,03,5A,64,5A,32,00,32,BF
85118,1,400,0,0,8,01,00,0C,00,00,00,00,00
85128,1,203,0,0,8,00,00,00,00,00,00,00,00
85138,1,405,0,0,8,20,00,00,00,32,33,36,47
85138,1,206,0,0,8,00,00,00,00,00,00,00,00
85158,0,301,0,0,3,E8,0F,00
85158,0,404,0,0,2,20,00
85158,1,401,0,0,8,39,9C,00,00,47,00,00,00
85158,0,300,0,0,8,03,5A,64,5A,32,00,32,70
85158,1,201,0,0,5,00,00,00,00,62
85208,0,301,0,0,3,E2,00,00
85208,0,300,0,0,8,03,5A,64,5A,32,00,32,71
85218,1,400,0,0,8,01,00,0C,00,00,00,00,00
85228,1,203,0,0,8,00,00,00,00,00,00,00,00
85238,1,405,0,0,8,20,00,00,00,32,33,36,47
85238,1,206,0,0,8,00,00,00,00,00,00,00,00
85258,0,301,0,0,3,B3,01,00
85258,0,404,0,0,2,21,00
85258,1,401,0,0,8,39,9C,00,00,47,00,00,00
85258,1,201,0,0,5,00,00,00,00,62
85288,0,300,0,0,8,03,5A,64,5A,32,00,32,72
85298,1,400,0,0,8,01,00,0C,00,00,00,00,00
85308,0,301,0,0,3,6B,02,00
85308,0,300,0,0,8,03,5A,64,5A,32,00,32,73
85318,1,203,0,0,8,00,00,00,00,00,00,00,00
85328,1,405,0,0,8,21,00,00,00,35,4C,41,31
85338,1,206,0,0,8,00,00,00,00,00,00,00,00
85338,1,402,0,0,8,4E,00,00,00,F8,AB,07,00
85348,0,301,0,0,3,96,03,00
85348,1,401,0,0,8,3B,9C,00,00,47,00,00,00
85358,0,404,0,0,2,21,00
85358,0,300,0,0,8,03,5A,64,5A,32,00,32,34
85358,1,201,0,0,5,00,00,00,00,62
85358,1,400,0,0,8,01,00,0C,00,00,00,00,00
85358,1,203,0,0,8,00,00,00,00,00,00,00,00
85408,0,301,0,0,3,03,04,00
85408,0,404,0,0,2,22,00
85408,1,204,0,0,8,00,00,00,00,00,00,00,00
85418,1,405,0,0,8,21,00,00,00,35,4C,41,31
85428,1,206,0,0,8,00,00,00,00,00,00,00,00
85438,1,202,0,0,8,E2,1D,00,00,33,99,05,00
85438,1,405,0,0,8,22,00,00,00,30,30,34,52
85458,0,300,0,0,8,03,5A,64,5A,32,00,32,35
85458,0,301,0,0,3,54,05,00
85458,1,401,0,0,8,3B,9C,00,00,47,00,00,00
85468,0,300,0,0,8,03,5A,64,5A,32,00,32,36
85508,0,301,0,0,3,F5,06,00
85508,0,300,0,0,8,03,5A,64,5A,32,00,32,37
85518,1,201,0,0,5,00,00,00,00,62
85528,1,203,0,0,8,00,00,00,00,00,00,00,00
85538,1,400,0,0,8,01,00,0C,00,00,00,00,00
85538,1,206,0,0,8,00,00,00,00,00,00,00,00
85558,0,301,0,0,3,B8,07,00
85558,0,404,0,0,2,22,00
85558,1,401,0,0,8,3B,9C,00,00,46,00,00,00
85558,1,201,0,0,5,00,00,00,00,62
85598,0,300,0,0,8,03,5A,64,5A,32,00,32,F8
85608,0,301,0,0,3,80,08,00
85608,0,300,0,0,8,03,5A,64,5A,32,00,32,F9
85618,1,203,0,0,8,00,00,00,00,00,00,00,00
85628,1,400,0,0,8,01,00,0C,00,00,00,00,00
85638,1,405,0,0,8,22,00,00,00,30,30,34,52
85638,1,206,0,0,8,00,00,00,00,00,00,00,00
85658,0,301,0,0,3,88,09,00
85658,0,404,0,0,2,22,00
85658,1,401,0,0,8,39,9C,00,00,46,00,00,00
85658,0,300,0,0,8,03,5A,64,5A,32,00,32,FA
85658,1,201,0,0,5,00,00,00,00,62
85708,0,301,0,0,3,C6,0A,00
85708,0,300,0,0,8,03,5A,64,5A,32,00,32,FB
85718,1,203,0,0,8,00,00,00,00,00,00,00,00
85728,1,400,0,0,8,01,00,0C,00,00,00,00,00
85738,1,405,0,0,8,22,00,00,00,30,30,34,52
85738,1,206,0,0,8,00,00,00,00,00,00,00,00
85758,0,301,0,0,3,43,0B,00
85758,0,404,0,0,2,23,00
85758,1,401,0,0,8,39,9C,00,00,46,00,00,00
85758,1,201,0,0,5,00,00,00,00,62
85788,0,300,0,0,8,03,5A,64,5A,32,00,32,BC
85798,1,203,0,0,8,00,00,00,00,00,00,00,00
85808,0,301,0,0,3,B5,0C,00
85808,0,300,0,0,8,03,5A,64,5A,32,00,32,BD
85818,1,400,0,0,8,01,00,0C,00,00,00,00,00
85828,1,405,0,0,8,23,00,00,00,4D,30,30,30
85838,1,206,0,0,8,00,00,00,00,00,00,00,00
85838,1,403,0,0,8,64,00,00,00,40,E3,09,00
85848,0,301,0,0,3,4E,0D,00
85858,0,404,0,0,2,23,00
85858,0,300,0,0,8,03,5A,64,5A,32,00,32,BE
85858,1,401,0,0,8,39,9C,00,00,46,00,00,00
85858,1,201,0,0,5,00,00,00,00,62
85908,0,301,0,0,3,1D,0E,00
85908,0,404,0,0,2,24,00
85908,1,203,0,0,8,00,00,00,00,00,00,00,00
85918,1,400,0,0,8,01,00,0C,00,00,00,00,00
85928,1,405,0,0,8,23,00,00,00,4D,30,30,30
85938,1,206,0,0,8,00,00,00,00,00,00,00,00
85938,1,405,0,0,8,24,00,00,00,30,30,30,30
85958,0,300,0,0,8,03,5A,64,5A,32,00,32,BF
85958,0,301,0,0,3,E8,0F,00
85958,1,401,0,0,8,39,9C,00,00,46,00,00,00
85968,0,300,0,0,8,03,5A,64,5A,32,00,32,70
86008,0,301,0,0,3,E2,00,00
86008,0,300,0,0,8,03,5A,64,5A,32,00,32,71
86018,1,201,0,0,5,00,00,00,00,62
86028,1,203,0,0,8,00,00,00,00,00,00,00,00
86038,1,400,0,0,8,01,00,0C,00,00,00,00,00
86038,1,206,0,0,8,00,00,00,00,00,00,00,00
86058,0,301,0,0,3,B3,01,00
86058,0,404,0,0,2,24,00
86058,1,401,0,0,8,39,9C,00,00,47,00,00,00
86058,1,201,0,0,5,00,00,00,00,62
86098,0,300,0,0,8,03,5A,64,5A,32,00,32,72
86108,0,301,0,0,3,6B,02,00
86108,0,300,0,0,8,03,5A,64,5A,32,00,32,73
86118,1,203,0,0,8,00,00,00,00,00,00,00,00
86128,1,400,0,0,8,01,00,0C,00,00,00,00,00
86138,1,405,0,0,8,24,00,00,00,30,30,30,30
86138,1,206,0,0,8,00,00,00,00,00,00,00,00
86158,0,301,0,0,3,96,03,00
86158,0,404,0,0,2,24,00
86158,1,401,0,0,8,39,9C,00,00,47,00,00,00
86158,0,300,0,0,8,03,5A,64,5A,32,00,32,34
86158,1,201,0,0,5,00,00,00,00,62
86208,0,301,0,0,3,03,04,00
86208,0,300,0,0,8,03,5A,64,5A,32,00,32,35
86218,1,203,0,0,8,00,00,00,00,00,00,00,00
86228,1,400,0,0,8,01,00,0C,00,00,00,00,00
86238,1,405,0,0,8,24,00,00,00,30,30,30,30
86238,1,206,0,0,8,00,00,00,00,00,00,00,00
86258,0,301,0,0,3,54,05,00
86258,0,404,0,0,2,25,00
86258,1,401,0,0,8,39,9C,00,00,47,00,00,00
86258,1,201,0,0,5,00,00,00,00,62
86288,0,300,0,0,8,03,5A,64,5A,32,00,32,36
86298,1,203,0,0,8,00,00,00,00,00,00,00,00
86308,0,301,0,0,3,F5,06,00
86308,0,300,0,0,8,03,5A,64,5A,32,00,32,37
86318,1,400,0,0,8,01,00,0C,00,00,00,00,00
86328,1,405,0,0,8,25,00,00,00,30,30,30,30
86338,1,206,0,0,8,00,00,00,00,00,00,00,00
86338,1,402,0,0,8,4E,00,00,00,F8,AB,07,00
86348,0,301,0,0,3,B8,07,00
86348,1,401,0,0,8,39,9C,00,00,47,00,00,00
86358,0,404,0,0,2,25,00
86358,0,300,0,0,8,03,5A,64,5A,32,00,32,F8
86358,1,201,0,0,5,00,00,00,00,62
86358,1,203,0,0,8,00,00,00,00,00,00,00,00
86368,1,400,0,0,8,01,00,0C,00,00,00,00,00
86408,0,301,0,0,3,80,08,00
86408,0,404,0,0,2,26,00
86408,1,204,0,0,8,00,00,00,00,00,00,00,00
86418,1,405,0,0,8,25,00,00,00,30,30,30,30
86428,1,206,0,0,8,00,00,00,00,00,00,00,00
86438,1,202,0,0,8,E2,1D,00,00,33,99,05,00
86438,1,405,0,0,8,26,00,00,00,30,30,30,30
86458,0,300,0,0,8,03,5A,64,5A,32,00,32,F9
86458,0,301,0,0,3,88,09,00
86458,1,401,0,0,8,39,9C,00,00,47,00,00,00
86468,0,300,0,0,8,03,5A,64,5A,32,00,32,FA
86508,0,301,0,0,3,C6,0A,00
86508,0,300,0,0,8,03,5A,64,5A,32,00,32,FB
86518,1,201,0,0,5,00,00,00,00,62
86528,1,203,0,0,8,00,00,00,00,00,00,00,00
86538,1,400,0,0,8,01,00,0C,00,00,00,00,00
86538,1,206,0,0,8,00,00,00,00,00,00,00,00
86558,0,301,0,0,3,43,0B,00
86558,0,404,0,0,2,26,00
86558,1,401,0,0,8,39,9C,00,00,47,00,00,00
86558,1,201,0,0,5,00,00,00,00,62
86598,0,300,0,0,8,03,5A,64,5A,32,00,32,BC
86608,0,301,0,0,3,B5,0C,00
86608,0,300,0,0,8,03,5A,64,5A,32,00,32,BD
86618,1,203,0,0,8,00,00,00,00,00,00,00,00
86628,1,400,0,0,8,01,00,0C,00,00,00,00,00
86638,1,405,0,0,8,26,00,00,00,30,30,30,30
86638,1,206,0,0,8,00,00,00,00,00,00,00,00
86658,0,301,0,0,3,4E,0D,00
86658,0,404,0,0,2,26,00
86658,1,401,0,0,8,39,9C,00,00,47,00,00,00
86658,0,300,0,0,8,03,5A,64,5A,32,00,32,BE
86658,1,201,0,0,5,00,00,00,00,62
86708,0,301,0,0,3,1D,0E,00
86708,0,300,0,0,8,03,5A,64,5A,32,00,32,BF
86718,1,203,0,0,8,00,00,00,00,00,00,00,00
86728,1,400,0,0,8,01,00,0C,00,00,00,00,00
86738,1,405,0,0,8,26,00,00,00,30,30,30,30
86738,1,206,0,0,8,00,00,00,00,00,00,00,00
86758,0,301,0,0,3,E8,0F,00
86758,0,404,0,0,2,27,00
86758,1,401,0,0,8,39,9C,00,00,47,00,00,00
86758,1,201,0,0,5,00,00,00,00,62
86788,0,300,0,0,8,03,5A,64,5A,32,00,32,70
86798,1,203,0,0,8,00,00,00,00,00,00,00,00
86808,0,301,0,0,3,E2,00,00
86808,0,300,0,0,8,03,5A,64,5A,32,00,32,71
86818,1,400,0,0,8,01,00,0C,00,00,00,00,00
86828,1,405,0,0,6,27,00,00,00,30,30
86838,1,206,0,0,8,00,00,00,00,00,00,00,00
86838,1,403,0,0,8,64,00,00,00,40,E3,09,00
86848,0,301,0,0,3,B3,01,00
86858,0,404,0,0,2,27,00
86858,0,300,0,0,8,03,5A,64,5A,32,00,32,72
86858,1,401,0,0,8,39,9C,00,00,47,00,00,00
86858,1,201,0,0,5,00,00,00,00,62
86908,0,301,0,0,3,6B,02,00
86908,0,404,0,0,2,4C,00
86908,1,203,0,0,8,00,00,00,00,00,00,00,00
86918,1,400,0,0,8,01,00,0C,00,00,00,00,00
86928,1,405,0,0,6,27,00,00,00,30,30
86938,1,206,0,0,8,00,00,00,00,00,00,00,00
86938,1,405,0,0,8,4C,00,00,00,01,24,00,00
86958,0,300,0,0,8,03,5A,64,5A,32,00,32,73
86958,0,301,0,0,3,96,03,00
86958,1,401,0,0,8,39,9C,00,00,47,00,00,00
86968,0,300,0,0,8,03,5A,64,5A,32,00,32,34
87008,0,301,0,0,3,03,04,00
87008,0,300,0,0,8,03,5A,64,5A,32,00,32,35
87018,1,201,0,0,5,00,00,00,00,62
87028,1,203,0,0,8,00,00,00,00,00,00,00,00
87038,1,400,0,0,8,01,00,0C,00,00,00,00,00
87038,1,206,0,0,8,00,00,00,00,00,00,00,00
87058,0,301,0,0,3,54,05,00
87058,0,404,0,0,2,4C,00
87058,1,401,0,0,8,39,9C,00,00,47,00,00,00
87058,1,201,0,0,5,00,00,00,00,62
87098,0,300,0,0,8,03,5A,64,5A,32,00,32,36
87108,0,301,0,0,3,F5,06,00
87108,0,300,0,0,8,03,5A,64,5A,32,00,32,37
87118,1,203,0,0,8,00,00,00,00,00,00,00,00
87128,1,400,0,0,8,01,00,0C,00,00,00,00,00
87138,1,405,0,0,8,4C,00,00,00,01,24,00,00
87138,1,206,0,0,8,00,00,00,00,00,00,00,00
87158,0,301,0,0,3,B8,07,00
87158,0,404,0,0,2,4C,00
87158,1,401,0,0,8,39,9C,00,00,47,00,00,00
87158,1,201,0,0,5,00,00,00,00,62
87168,0,300,0,0,8,03,5A,64,5A,32,00,32,F8
87208,0,301,0,0,3,80,08,00
87208,0,300,0,0,8,03,5A,64,5A,32,00,32,F9
87218,1,203,0,0,8,00,00,00,00,00,00,00,00
87228,1,400,0,0,8,01,00,0C,00,00,00,00,00
87238,1,405,0,0,8,4C,00,00,00,01,24,00,00
87238,1,206,0,0,8,00,00,00,00,00,00,00,00
87258,0,301,0,0,3,88,09,00
87258,0,404,0,0,2,46,00
87258,1,401,0,0,8,39,9C,00,00,47,00,00,00
87268,1,201,0,0,5,00,00,00,00,62
87288,0,300,0,0,8,03,5A,64,5A,32,00,32,FA
87308,1,203,0,0,8,00,00,00,00,00,00,00,00
87308,0,301,0,0,3,C6,0A,00
87308,0,300,0,0,8,03,5A,64,5A,32,00,32,FB
87328,1,400,0,0,8,01,00,0C,00,00,00,00,00
87328,1,405,0,0,5,46,00,00,00,00
87338,1,206,0,0,8,00,00,00,00,00,00,00,00
87348,1,402,0,0,8,4E,00,00,00,F8,AB,07,00
87348,0,301,0,0,3,43,0B,00
87348,1,401,0,0,8,39,9C,00,00,47,00,00,00
87358,0,404,0,0,2,46,00
87358,0,300,0,0,8,03,5A,64,5A,32,00,32,BC
87358,1,201,0,0,5,00,00,00,00,62
87368,1,203,0,0,8,00,00,00,00,00,00,00,00
87368,1,400,0,0,8,01,00,0C,00,00,00,00,00
87378,1,204,0,0,8,00,00,00,00,00,00,00,00
87388,1,405,0,0,5,46,00,00,00,00
87398,1,206,0,0,8,00,00,00,00,00,00,00,00
87408,0,301,0,0,3,B5,0C,00
87408,0,404,0,0,2,4D,00
87408,1,202,0,0,8,E2,1D,00,00,33,99,05,00
87428,1,666,0,0,8,52,08,05,00,52,95,36,02
87428,1,665,0,0,8,00,00,00,53,4C,18,53,00
87438,1,200,0,0,8,4E,00,F8,AB,07,00,02,00
87448,1,405,0,0,8,4D,00,00,00,00,00,00,00
87458,0,300,0,0,8,03,5A,64,5A,32,00,32,BD
87458,0,301,0,0,3,4E,0D,00
87468,1,401,0,0,8,39,9C,00,00,47,00,00,00
87478,0,300,0,0,8,03,5A,64,5A,32,00,32,BE
87508,0,301,0,0,3,1D,0E,00
87508,0,300,0,0,8,03,5A,64,5A,32,00,32,BF
87528,1,201,0,0,5,00,00,00,00,62
87528,1,203,0,0,8,00,00,00,00,00,00,00,00
87538,1,400,0,0,8,01,00,0C,00,00,00,00,00
87548,1,206,0,0,8,00,00,00,00,00,00,00,00
87558,0,301,0,0,3,E8,0F,00
87558,0,404,0,0,2,4D,00
87558,1,401,0,0,8,39,9C,00,00,46,00,00,00
87568,1,201,0,0,5,00,00,00,00,62
87598,0,300,0,0,8,03,5A,64,5A,32,00,32,70
87608,0,301,0,0,3,E2,00,00
87608,0,300,0,0,8,03,5A,64,5A,32,00,32,71
87628,1,203,0,0,8,00,00,00,00,00,00,00,00
87628,1,400,0,0,8,01,00,0C,00,00,00,00,00
87638,1,405,0,0,8,4D,00,00,00,00,00,00,00
87648,1,206,0,0,8,00,00,00,00,00,00,00,00
87658,0,301,0,0,3,B3,01,00
87658,0,404,0,0,2,4D,00
87658,1,401,0,0,8,39,9C,00,00,46,00,00,00
87658,0,300,0,0,8,03,5A,64,5A,32,00,32,72
87668,1,201,0,0,5,00,00,00,00,62
87708,0,301,0,0,3,6B,02,00
87708,0,300,0,0,8,03,5A,64,5A,32,00,32,73
87728,1,203,0,0,8,00,00,00,00,00,00,00,00
87728,1,400,0,0,8,01,00,0C,00,00,00,00,00
87738,1,405,0,0,8,4D,00,00,00,00,00,00,00
87748,1,206,0,0,8,00,00,00,00,00,00,00,00
87758,0,301,0,0,3,96,03,00
87758,0,404,0,0,2,50,00
87758,1,401,0,0,8,39,9C,00,00,46,00,00,00
87768,1,201,0,0,5,00,00,00,00,62
87788,0,300,0,0,8,03,5A,64,5A,32,00,32,34
87808,1,203,0,0,8,00,00,00,00,00,00,00,00
87808,0,301,0,0,3,03,04,00
87808,0,300,0,0,8,03,5A,64,5A,32,00,32,35
87828,1,400,0,0,8,01,00,0C,00,00,00,00,00
87828,1,405,0,0,8,50,00,00,00,F0,00,F3,00
87838,1,206,0,0,8,00,00,00,00,00,00,00,00
87848,1,403,0,0,8,64,00,00,00,40,E3,09,00
87848,0,301,0,0,3,54,05,00
87858,0,404,0,0,2,50,00
87858,0,300,0,0,8,03,5A,64,5A,32,00,32,36
87858,1,401,0,0,8,39,9C,00,00,46,00,00,00
87868,1,201,0,0,5,00,00,00,00,62
87908,0,301,0,0,3,F5,06,00
87908,0,404,0,0,2,02,00
87908,1,203,0,0,8,00,00,00,00,00,00,00,00
87928,1,400,0,0,8,01,00,0C,00,00,00,00,00
87928,1,405,0,0,8,50,00,00,00,F0,00,F3,00
87938,1,206,0,0,8,00,00,00,00,00,00,00,00
87948,1,405,0,0,8,02,00,00,00,53,49,43,54
87958,0,300,0,0,8,03,5A,64,5A,32,00,32,37
87958,0,301,0,0,3,B8,07,00
87968,1,401,0,0,8,39,9C,00,00,46,00,00,00
87968,0,300,0,0,8,03,5A,64,5A,32,00,32,F8
88008,0,301,0,0,3,80,08,00
88008,0,300,0,0,8,03,5A,64,5A,32,00,32,F9
88028,1,201,0,0,5,00,00,00,00,62
88028,1,203,0,0,8,00,00,00,00,00,00,00,00
88038,1,400,0,0,8,01,00,0C,00,00,00,00,00
88048,1,206,0,0,8,00,00,00,00,00,00,00,00
88058,0,301,0,0,3,88,09,00
88058,0,404,0,0,2,02,00
88058,1,401,0,0,8,39,9C,00,00,47,00,00,00
88068,1,201,0,0,5,00,00,00,00,62
88098,0,300,0,0,8,03,5A,64,5A,32,00,32,FA
88108,0,301,0,0,3,C6,0A,00
88108,0,300,0,0,8,03,5A,64,5A,32,00,32,FB
88128,1,203,0,0,8,00,00,00,00,00,00,00,00
88128,1,400,0,0,8,01,00,0C,00,00,00,00,00
88138,1,405,0,0,8,02,00,00,00,53,49,43,54
88148,1,206,0,0,8,00,00,00,00,00,00,00,00
88158,0,301,0,0,3,43,0B,00
88158,0,404,0,0,2,02,00
88158,1,401,0,0,8,39,9C,00,00,47,00,00,00
88158,0,300,0,0,8,03,5A,64,5A,32,00,32,BC
88168,1,201,0,0,5,00,00,00,00,62
88208,0,301,0,0,3,B5,0C,00
88208,0,300,0,0,8,03,5A,64,5A,32,00,32,BD
88228,1,203,0,0,8,00,00,00,00,00,00,00,00
88228,1,400,0,0,8,01,00,0C,00,00,00,00,00
88238,1,405,0,0,8,02,00,00,00,53,49,43,54
88248,1,206,0,0,8,00,00,00,00,00,00,00,00
88258,0,301,0,0,3,4E,0D,00
88258,0,404,0,0,2,0A,00
88258,1,401,0,0,8,39,9C,00,00,47,00,00,00
88268,1,201,0,0,5,00,00,00,00,62
88288,0,300,0,0,8,03,5A,64,5A,32,00,32,BE
88308,0,301,0,0,3,1D,0E,00
88308,1,203,0,0,8,00,00,00,00,00,00,00,00
88308,0,300,0,0,8,03,5A,64,5A,32,00,32,BF
88328,1,400,0,0,8,01,00,0C,00,00,00,00,00
88328,1,405,0,0,8,0A,00,00,00,30,3A,00,00
88338,1,206,0,0,8,00,00,00,00,00,00,00,00
88348,1,402,0,0,8,4E,00,00,00,F8,AB,07,00
88348,0,301,0,0,3,E8,0F,00
88348,1,401,0,0,8,39,9C,00,00,47,00,00,00
88358,0,404,0,0,2,0A,00
88358,0,300,0,0,8,03,5A,64,5A,32,00,32,70
88358,1,201,0,0,5,00,00,00,00,62
88368,1,203,0,0,8,00,00,00,00,00,00,00,00
88368,1,400,0,0,8,01,00,0C,00,00,00,00,00
88408,0,301,0,0,3,E2,00,00
88408,0,404,0,0,2,04,00
88408,1,204,0,0,8,00,00,00,00,00,00,00,00
88428,1,405,0,0,8,0A,00,00,00,30,3A,00,00
88428,1,206,0,0,8,00,00,00,00,00,00,00,00
88438,1,202,0,0,8,E2,1C,00,00,33,99,05,00
88448,1,405,0,0,7,04,0,00,00,16,09,02
88458,0,300,0,0,8,03,5A,64,5A,32,00,32,71
88458,0,301,0,0,3,B3,01,00
88468,1,401,0,0,8,39,9C,00,00,47,00,00,00
88468,0,300,0,0,8,03,5A,64,5A,32,00,32,72
88508,0,301,0,0,3,6B,02,00
88508,0,300,0,0,8,03,5A,64,5A,32,00,32,73
88528,1,201,0,0,5,00,00,00,00,62
88528,1,203,0,0,8,00,00,00,00,00,00,00,00
88538,1,400,0,0,8,01,00,0C,00,00,00,00,00
88548,1,206,0,0,8,00,00,00,00,00,00,00,00
88558,0,301,0,0,3,96,03,00
88558,0,404,0,0,2,04,00
88558,1,401,0,0,8,39,9C,00,00,47,00,00,00
88568,1,201,0,0,5,00,00,00,00,62
88598,0,300,0,0,8,03,5A,64,5A,32,00,32,34
88608,0,301,0,0,3,03,04,00
88608,0,300,0,0,8,03,5A,64,5A,32,00,32,35
88628,1,203,0,0,8,00,00,00,00,00,00,00,00
88628,1,400,0,0,8,01,00,0C,00,00,00,00,00
88638,1,405,0,0,7,04,0,00,00,16,09,02
88648,1,206,0,0,8,00,00,00,00,00,00,00,00
88658,0,301,0,0,3,54,05,00
88658,0,404,0,0,2,04,00
88658,1,401,0,0,8,39,9C,00,00,47,00,00,00
88658,0,300,0,0,8,03,5A,64,5A,32,00,32,36
88668,1,201,0,0,5,00,00,00,00,62
88708,0,301,0,0,3,F5,06,00
88708,0,300,0,0,8,03,5A,64,5A,32,00,32,37
88728,1,203,0,0,8,00,00,00,00,00,00,00,00
88728,1,400,0,0,8,01,00,0C,00,00,00,00,00
88738,1,405,0,0,7,04,0,00,00,16,09,02
88748,1,206,0,0,8,00,00,00,00,00,00,00,00
88758,0,301,0,0,3,B8,07,00
88758,0,404,0,0,2,B0,01
88758,1,401,0,0,8,39,9C,00,00,46,00,00,00
88768,1,201,0,0,5,00,00,00,00,62
88788,0,300,0,0,8,03,5A,64,5A,32,00,32,F8
88808,0,301,0,0,3,80,08,00
88808,0,300,0,0,8,03,5A,64,5A,32,00,32,F9
88808,1,203,0,0,8,00,00,00,00,00,00,00,00
88828,1,400,0,0,8,01,00,0C,00,00,00,00,00
88828,1,405,0,0,6,B0,01,00,00,00,00
88838,1,206,0,0,8,00,00,00,00,00,00,00,00
88848,0,301,0,0,3,88,09,00
88848,1,403,0,0,8,64,00,00,00,40,E3,09,00
88858,0,404,0,0,2,B0,01
88858,0,300,0,0,8,03,5A,64,5A,32,00,32,FA
88858,1,401,0,0,8,39,9C,00,00,46,00,00,00
88868,1,201,0,0,5,00,00,00,00,62
88908,0,301,0,0,3,C6,0A,00
88908,0,404,0,0,2,B1,01
88908,1,203,0,0,8,00,00,00,00,00,00,00,00
88928,1,400,0,0,8,01,00,0C,00,00,00,00,00
88928,1,405,0,0,6,B0,01,00,00,00,00
88938,1,206,0,0,8,00,00,00,00,00,00,00,00
88948,1,405,0,0,6,B1,01,00,00,00,00
88958,0,300,0,0,8,03,5A,64,5A,32,00,32,FB
88958,0,301,0,0,3,43,0B,00
88968,1,401,0,0,8,39,9C,00,00,46,00,00,00
88968,0,300,0,0,8,03,5A,64,5A,32,00,32,BC
89008,0,301,0,0,3,B5,0C,00
89008,0,300,0,0,8,03,5A,64,5A,32,00,32,BD
89028,1,201,0,0,5,00,00,00,00,62
89028,1,203,0,0,8,00,00,00,00,00,00,00,00
89038,1,400,0,0,8,01,00,0C,00,00,00,00,00
89048,1,206,0,0,8,00,00,00,00,00,00,00,00
89058,0,301,0,0,3,4E,0D,00
89058,0,404,0,0,2,B1,01
89058,1,401,0,0,8,39,9C,00,00,47,00,00,00
89068,1,201,0,0,5,00,00,00,00,62
89098,0,300,0,0,8,03,5A,64,5A,32,00,32,BE
89108,0,301,0,0,3,1D,0E,00
89108,0,300,0,0,8,03,5A,64,5A,32,00,32,BF
89128,1,203,0,0,8,00,00,00,00,00,00,00,00
89128,1,400,0,0,8,01,00,0C,00,00,00,00,00
89138,1,405,0,0,6,B1,01,00,00,00,00
89148,1,206,0,0,8,00,00,00,00,00,00,00,00
89158,0,301,0,0,3,E8,0F,00
89158,0,404,0,0,2,B1,01
89158,1,401,0,0,8,39,9C,00,00,47,00,00,00
89168,1,201,0,0,5,00,00,00,00,62
89208,0,300,0,0,8,03,5A,64,5A,32,00,32,70
89208,0,301,0,0,3,E2,00,00
89228,1,203,0,0,8,00,00,00,00,00,00,00,00
89228,1,400,0,0,8,01,00,0C,00,00,00,00,00
89238,1,405,0,0,6,B1,01,00,00,00,00
89248,1,206,0,0,8,00,00,00,00,00,00,00,00
89258,0,300,0,0,8,03,5A,64,5A,32,00,32,71
89258,0,301,0,0,3,B3,01,00
89268,1,201,0,0,5,00,00,00,00,62
89308,0,300,0,0,8,03,5A,64,5A,32,00,32,72
89308,0,301,0,0,3,6B,02,00
89308,1,401,0,0,8,39,9C,00,00,47,00,00,00
89328,1,203,0,0,8,00,00,00,00,00,00,00,00
89328,1,400,0,0,8,01,00,0C,00,00,00,00,00
89338,1,206,0,0,8,00,00,00,00,00,00,00,00
89348,1,402,0,0,8,4E,00,00,00,F8,AB,07,00
89348,1,201,0,0,5,00,00,00,00,62
89358,0,300,0,0,8,03,5A,64,5A,32,00,32,73
89358,0,301,0,0,3,96,03,00
89368,1,401,0,0,8,39,9C,00,00,47,00,00,00
89368,1,203,0,0,8,00,00,00,00,00,00,00,00
89408,0,300,0,0,8,03,5A,64,5A,32,00,32,34
89408,0,301,0,0,3,03,04,00
89428,1,400,0,0,8,01,00,0C,00,00,00,00,00
89428,1,204,0,0,8,00,00,00,00,00,00,00,00
89438,1,206,0,0,8,00,00,00,00,00,00,00,00
89448,1,202,0,0,8,E2,1D,00,00,33,99,05,00
89458,0,300,0,0,8,03,5A,64,5A,32,00,32,35
89458,0,301,0,0,3,54,05,00
89468,1,201,0,0,5,00,00,00,00,62
89508,0,300,0,0,8,03,5A,64,5A,32,00,32,36
89508,0,301,0,0,3,F5,06,00
89528,1,401,0,0,8,39,9C,00,00,47,00,00,00
89528,1,203,0,0,8,00,00,00,00,00,00,00,00
89538,1,400,0,0,8,01,00,0C,00,00,00,00,00
89548,1,206,0,0,8,00,00,00,00,00,00,00,00
89558,0,300,0,0,8,03,5A,64,5A,32,00,32,37
89558,0,301,0,0,3,B8,07,00
89568,1,201,0,0,5,00,00,00,00,62
89608,0,300,0,0,8,03,5A,64,5A,32,00,32,F8
89608,0,301,0,0,3,80,08,00
89628,1,401,0,0,8,39,9C,00,00,47,00,00,00
89628,1,203,0,0,8,00,00,00,00,00,00,00,00
89638,1,400,0,0,8,01,00,0C,00,00,00,00,00
89648,1,206,0,0,8,00,00,00,00,00,00,00,00
89658,0,300,0,0,8,03,5A,64,5A,32,00,32,F9
89658,0,301,0,0,3,88,09,00
89668,1,201,0,0,5,00,00,00,00,62
89708,0,300,0,0,8,03,5A,64,5A,32,00,32,FA
89708,0,301,0,0,3,C6,0A,00
89728,1,401,0,0,8,37,9C,00,00,47,00,00,00
89728,1,203,0,0,8,00,00,00,00,00,00,00,00
89738,1,400,0,0,8,01,00,0C,00,00,00,00,00
89748,1,206,0,0,8,00,00,00,00,00,00,00,00
89758,0,300,0,0,8,03,5A,64,5A,32,00,32,FB
89758,0,301,0,0,3,43,0B,00
89768,1,201,0,0,5,00,00,00,00,62
89808,0,300,0,0,8,03,5A,64,5A,32,00,32,BC
89808,0,301,0,0,3,B5,0C,00
89808,1,401,0,0,8,37,9C,00,00,47,00,00,00
89828,1,203,0,0,8,00,00,00,00,00,00,00,00
89828,1,400,0,0,8,01,00,0C,00,00,00,00,00
89838,1,206,0,0,8,00,00,00,00,00,00,00,00
89848,1,403,0,0,8,64,00,00,00,40,E3,09,00
89858,0,300,0,0,8,03,5A,64,5A,32,00,32,BD
89858,0,301,0,0,3,4E,0D,00
89868,1,201,0,0,5,00,00,00,00,62
89908,0,300,0,0,8,03,5A,64,5A,32,00,32,BE
89908,0,301,0,0,3,1D,0E,00
89928,1,401,0,0,8,3B,9C,00,00,47,00,00,00
89928,1,203,0,0,8,00,00,00,00,00,00,00,00
89938,1,400,0,0,8,01,00,0C,00,00,00,00,00
89948,1,206,0,0,8,00,00,00,00,00,00,00,00
89958,0,300,0,0,8,03,5A,64,5A,32,00,32,BF
89958,0,301,0,0,3,E8,0F,00
89968,1,201,0,0,5,00,00,00,00,62
90008,0,300,0,0,8,03,5A,64,5A,32,00,32,70
90008,0,301,0,0,3,E2,00,00
90028,1,401,0,0,8,3B,9C,00,00,47,00,00,00
90028,1,203,0,0,8,00,00,00,00,00,00,00,00
90038,1,400,0,0,8,01,00,0C,00,00,00,00,00
90048,1,206,0,0,8,00,00,00,00,00,00,00,00
90058,0,300,0,0,8,03,5A,64,5A,32,00,32,71
90058,0,301,0,0,3,B3,01,00
90068,1,201,0,0,5,00,00,00,00,62
90108,0,300,0,0,8,03,5A,64,5A,32,00,32,72
90108,0,301,0,0,3,6B,02,00
90128,1,401,0,0,8,3B,9C,00,00,47,00,00,00
90128,1,203,0,0,8,00,00,00,00,00,00,00,00
90138,1,400,0,0,8,01,00,0C,00,00,00,00,00
90148,1,206,0,0,8,00,00,00,00,00,00,00,00
90158,0,300,0,0,8,03,5A,64,5A,32,00,32,73
90158,0,301,0,0,3,96,03,00
90168,1,201,0,0,5,00,00,00,00,62
90208,0,300,0,0,8,03,5A,64,5A,32,00,32,34
90208,0,301,0,0,3,03,04,00
90228,1,401,0,0,8,39,9C,00,00,47,00,00,00
90228,1,203,0,0,8,00,00,00,00,00,00,00,00
90238,1,400,0,0,8,01,00,0C,00,00,00,00,00
90248,1,206,0,0,8,00,00,00,00,00,00,00,00
90258,0,300,0,0,8,03,5A,64,5A,32,00,32,35
90258,0,301,0,0,3,54,05,00
90268,1,201,0,0,5,00,00,00,00,62
90308,0,300,0,0,8,03,5A,64,5A,32,00,32,36
90308,0,301,0,0,3,F5,06,00
90308,1,401,0,0,8,39,9C,00,00,47,00,00,00
90328,1,203,0,0,8,00,00,00,00,00,00,00,00
90328,1,400,0,0,8,01,00,0C,00,00,00,00,00
90338,1,206,0,0,8,00,00,00,00,00,00,00,00
90348,1,402,0,0,8,4E,00,00,00,F8,AB,07,00
90348,1,201,0,0,5,00,00,00,00,62
90358,0,300,0,0,8,03,5A,64,5A,32,00,32,37
90358,0,301,0,0,3,B8,07,00
90368,1,401,0,0,8,39,9C,00,00,47,00,00,00
90368,1,203,0,0,8,00,00,00,00,00,00,00,00
90378,1,400,0,0,8,01,00,0C,00,00,00,00,00
90388,1,204,0,0,8,00,00,00,00,00,00,00,00
90398,1,206,0,0,8,00,00,00,00,00,00,00,00
90408,0,300,0,0,8,03,5A,64,5A,32,00,32,F8
90408,0,301,0,0,3,80,08,00
90428,1,202,0,0,8,E2,1D,00,00,33,99,05,00
90428,1,666,0,0,8,52,08,05,00,52,95,36,02
90438,1,665,0,0,8,00,00,00,53,4C,18,53,00
90448,1,200,0,0,8,4E,00,F8,AB,07,00,00,00
90458,0,300,0,0,8,03,5A,64,5A,32,00,32,F9
90458,0,301,0,0,3,88,09,00
90468,1,201,0,0,5,00,00,00,00,62
90508,0,300,0,0,8,03,5A,64,5A,32,00,32,FA
90508,0,301,0,0,3,C6,0A,00
90528,1,401,0,0,8,39,9C,00,00,47,00,00,00
90528,1,203,0,0,8,00,00,00,00,00,00,00,00
90538,1,400,0,0,8,01,00,0C,00,00,00,00,00
90548,1,206,0,0,8,00,00,00,00,00,00,00,00
90558,0,300,0,0,8,03,5A,64,5A,32,00,32,FB
90558,0,301,0,0,3,43,0B,00
90568,1,201,0,0,5,00,00,00,00,62
90608,0,300,0,0,8,03,5A,64,5A,32,00,32,BC
90608,0,301,0,0,3,B5,0C,00
90628,1,401,0,0,8,39,9C,00,00,47,00,00,00
90628,1,203,0,0,8,00,00,00,00,00,00,00,00
90638,1,400,0,0,8,01,00,0C,00,00,00,00,00
90648,1,206,0,0,8,00,00,00,00,00,00,00,00
90658,0,300,0,0,8,03,5A,64,5A,32,00,32,BD
90658,0,301,0,0,3,4E,0D,00
90668,1,201,0,0,5,00,00,00,00,62
90708,0,300,0,0,8,03,5A,64,5A,32,00,32,BE
90708,0,301,0,0,3,1D,0E,00
90728,1,401,0,0,8,39,9C,00,00,47,00,00,00
90728,1,203,0,0,8,00,00,00,00,00,00,00,00
90738,1,400,0,0,8,01,00,0C,00,00,00,00,00
90748,1,206,0,0,8,00,00,00,00,00,00,00,00
90758,0,300,0,0,8,03,5A,64,5A,32,00,32,BF
90758,0,301,0,0,3,E8,0F,00
90768,1,201,0,0,5,00,00,00,00,62
90808,0,300,0,0,8,03,5A,64,5A,32,00,32,70
90808,0,301,0,0,3,E2,00,00
90808,1,401,0,0,8,39,9C,00,00,47,00,00,00
90828,1,203,0,0,8,00,00,00,00,00,00,00,00
90828,1,400,0,0,8,01,00,0C,00,00,00,00,00
90838,1,206,0,0,8,00,00,00,00,00,00,00,00
90848,1,403,0,0,8,64,00,00,00,40,E3,09,00
90858,0,300,0,0,8,03,5A,64,5A,32,00,32,71
90858,0,301,0,0,3,B3,01,00
90868,1,201,0,0,5,00,00,00,00,62
90908,0,300,0,0,8,03,5A,64,5A,32,00,32,72
90908,0,301,0,0,3,6B,02,00
90928,1,401,0,0,8,37,9C,00,00,47,00,00,00
90928,1,203,0,0,8,00,00,00,00,00,00,00,00
90938,1,400,0,0,8,01,00,0C,00,00,00,00,00
90948,1,206,0,0,8,00,00,00,00,00,00,00,00
90958,0,300,0,0,8,03,5A,64,5A,32,00,32,73
90958,0,301,0,0,3,96,03,00
90968,1,201,0,0,5,00,00,00,00,62
91008,0,300,0,0,8,03,5A,64,5A,32,00,32,34
91008,0,301,0,0,3,03,04,00
91028,1,401,0,0,8,37,9C,00,00,47,00,00,00
91028,1,203,0,0,8,00,00,00,00,00,00,00,00
91038,1,400,0,0,8,01,00,0C,00,00,00,00,00
91048,1,206,0,0,8,00,00,00,00,00,00,00,00
91058,0,300,0,0,8,03,5A,64,5A,32,00,32,35
91058,0,301,0,0,3,54,05,00
91068,1,201,0,0,5,00,00,00,00,62
91108,0,300,0,0,8,03,5A,64,5A,32,00,32,36
91108,0,301,0,0,3,F5,06,00
91128,1,401,0,0,8,37,9C,00,00,47,00,00,00
91128,1,203,0,0,8,00,00,00,00,00,00,00,00
91138,1,400,0,0,8,01,00,0C,00,00,00,00,00
91148,1,206,0,0,8,00,00,00,00,00,00,00,00
91158,0,300,0,0,8,03,5A,64,5A,32,00,32,37
91158,0,301,0,0,3,B8,07,00
91168,1,201,0,0,5,00,00,00,00,62
91208,0,300,0,0,8,03,5A,64,5A,32,00,32,F8
91208,0,301,0,0,3,80,08,00
91228,1,401,0,0,8,39,9C,00,00,47,00,00,00
91228,1,203,0,0,8,00,00,00,00,00,00,00,00
91238,1,400,0,0,8,01,00,0C,00,00,00,00,00
91248,1,206,0,0,8,00,00,00,00,00,00,00,00
91258,0,300,0,0,8,03,5A,64,5A,32,00,32,F9
91258,0,301,0,0,3,88,09,00
91268,1,201,0,0,5,00,00,00,00,62
91308,0,300,0,0,8,03,5A,64,5A,32,00,32,FA
91308,0,301,0,0,3,C6,0A,00
91308,1,401,0,0,8,39,9C,00,00,47,00,00,00
91328,1,203,0,0,8,00,00,00,00,00,00,00,00
91328,1,400,0,0,8,01,00,0C,00,00,00,00,00
91338,1,206,0,0,8,00,00,00,00,00,00,00,00
91348,1,402,0,0,8,4E,00,00,00,F8,AB,07,00
91348,1,201,0,0,5,00,00,00,00,62
91358,0,300,0,0,8,03,5A,64,5A,32,00,32,FB
91358,0,301,0,0,3,43,0B,00
91368,1,401,0,0,8,39,9C,00,00,47,00,00,00
91368,1,203,0,0,8,00,00,00,00,00,00,00,00
91408,0,300,0,0,8,03,5A,64,5A,32,00,32,BC
91408,0,301,0,0,3,B5,0C,00
91428,1,204,0,0,8,00,00,00,00,00,00,00,00
91438,1,400,0,0,8,01,00,0C,00,00,00,00,00
91438,1,206,0,0,8,00,00,00,00,00,00,00,00
91458,1,202,0,0,8,E2,1E,00,00,33,99,05,00
91458,0,300,0,0,8,03,5A,64,5A,32,00,32,BD
91458,0,301,0,0,3,4E,0D,00
91468,1,201,0,0,5,00,00,00,00,62
91508,0,300,0,0,8,03,5A,64,5A,32,00,32,BE
91508,0,301,0,0,3,1D,0E,00
91528,1,401,0,0,8,39,9C,00,00,47,00,00,00
91538,1,203,0,0,8,00,00,00,00,00,00,00,00
91538,1,400,0,0,8,01,00,0C,00,00,00,00,00
91558,1,206,0,0,8,00,00,00,00,00,00,00,00
91558,0,300,0,0,8,03,5A,64,5A,32,00,32,BF
91558,0,301,0,0,3,E8,0F,00
91568,1,201,0,0,5,00,00,00,00,62
91608,0,300,0,0,8,03,5A,64,5A,32,00,32,70
91608,0,301,0,0,3,E2,00,00
91628,1,401,0,0,8,39,9C,00,00,46,00,00,00
91638,1,203,0,0,8,00,00,00,00,00,00,00,00
91638,1,400,0,0,8,01,00,0C,00,00,00,00,00
91658,1,206,0,0,8,00,00,00,00,00,00,00,00
91658,0,300,0,0,8,03,5A,64,5A,32,00,32,71
91658,0,301,0,0,3,B3,01,00
91668,1,201,0,0,5,00,00,00,00,62
91708,0,300,0,0,8,03,5A,64,5A,32,00,32,72
91708,0,301,0,0,3,6B,02,00
91728,1,401,0,0,8,39,9C,00,00,46,00,00,00
91738,1,203,0,0,8,00,00,00,00,00,00,00,00
91738,1,400,0,0,8,01,00,0C,00,00,00,00,00
91758,1,206,0,0,8,00,00,00,00,00,00,00,00
91758,0,300,0,0,8,03,5A,64,5A,32,00,32,73
91758,0,301,0,0,3,96,03,00
91768,1,201,0,0,5,00,00,00,00,62
91808,0,300,0,0,8,03,5A,64,5A,32,00,32,34
91808,0,301,0,0,3,03,04,00
91818,1,401,0,0,8,39,9C,00,00,47,00,00,00
91828,1,203,0,0,8,00,00,00,00,00,00,00,00
91838,1,400,0,0,8,01,00,0C,00,00,00,00,00
91838,1,206,0,0,8,00,00,00,00,00,00,00,00
91858,1,403,0,0,8,64,00,00,00,40,E3,09,00
91858,0,300,0,0,8,03,5A,64,5A,32,00,32,35
91858,0,301,0,0,3,54,05,00
91868,1,201,0,0,5,00,00,00,00,62
91908,0,300,0,0,8,03,5A,64,5A,32,00,32,36
91908,0,301,0,0,3,F5,06,00
91928,1,401,0,0,8,3B,9C,00,00,47,00,00,00
91938,1,203,0,0,8,00,00,00,00,00,00,00,00
91938,1,400,0,0,8,01,00,0C,00,00,00,00,00
91938,0,300,0,0,8,03,5A,64,5A,32,00,32,37
91958,1,206,0,0,8,00,00,00,00,00,00,00,00
91958,0,301,0,0,3,B8,07,00
91958,0,300,0,0,8,03,5A,64,5A,32,00,32,F8
91968,1,201,0,0,5,00,00,00,00,62
92008,0,301,0,0,3,80,08,00
92008,0,404,0,0,2,4A,00
92008,1,401,0,0,8,3B,9C,00,00,47,00,00,00
92028,1,203,0,0,8,00,00,00,00,00,00,00,00
92038,1,400,0,0,8,01,00,0C,00,00,00,00,00
92038,1,206,0,0,8,00,00,00,00,00,00,00,00
92058,1,405,0,0,8,4A,00,00,00,06,00,00,00
92058,0,300,0,0,8,03,5A,64,5A,32,00,32,F9
92058,0,301,0,0,3,88,09,00
92068,1,201,0,0,5,00,00,00,00,62
92068,0,300,0,0,8,03,5A,64,5A,32,00,32,FA
92108,0,301,0,0,3,C6,0A,00
92108,0,300,0,0,8,03,5A,64,5A,32,00,32,FB
92128,1,401,0,0,8,3B,9C,00,00,47,00,00,00
92138,1,203,0,0,8,00,00,00,00,00,00,00,00
92138,1,400,0,0,8,01,00,0C,00,00,00,00,00
92158,1,206,0,0,8,00,00,00,00,00,00,00,00
92158,0,301,0,0,3,43,0B,00
92158,0,404,0,0,2,4A,00
92158,1,201,0,0,5,00,00,00,00,62
92168,1,401,0,0,8,37,9C,00,00,47,00,00,00
92188,0,300,0,0,8,03,5A,64,5A,32,00,32,BC
92208,0,301,0,0,3,B5,0C,00
92208,0,300,0,0,8,03,5A,64,5A,32,00,32,BD
92228,1,203,0,0,8,00,00,00,00,00,00,00,00
92238,1,400,0,0,8,01,00,0C,00,00,00,00,00
92238,1,405,0,0,8,4A,00,00,00,06,00,00,00
92248,0,301,0,0,3,4E,0D,00
92258,1,206,0,0,8,00,00,00,00,00,00,00,00
92258,0,404,0,0,2,4A,00
92258,0,300,0,0,8,03,5A,64,5A,32,00,32,BE
92258,1,201,0,0,5,00,00,00,00,62
92268,1,401,0,0,8,37,9C,00,00,47,00,00,00
92308,0,301,0,0,3,1D,0E,00
92308,0,404,0,0,2,02,30
92308,1,203,0,0,8,00,00,00,00,00,00,00,00
92318,1,400,0,0,8,01,00,0C,00,00,00,00,00
92328,1,405,0,0,8,4A,00,00,00,06,00,00,00
92338,1,206,0,0,8,00,00,00,00,00,00,00,00
92338,1,405,0,0,7,02,48,00,00,00,00,00
92348,0,300,0,0,8,03,5A,64,5A,32,00,32,BF
92348,1,402,0,0,8,4E,00,00,00,F8,AB,07,00
92358,1,201,0,0,5,00,00,00,00,62
92358,0,301,0,0,3,E8,0F,00
92358,0,300,0,0,8,03,5A,64,5A,32,00,32,70
92368,1,401,0,0,8,39,9C,00,00,47,00,00,00
92368,1,203,0,0,8,00,00,00,00,00,00,00,00
92408,0,301,0,0,3,E2,00,00
92408,0,404,0,0,2,44,00
92408,1,204,0,0,8,00,00,00,00,00,00,00,00
92428,1,400,0,0,8,01,00,0C,00,00,00,00,00
92438,1,206,0,0,8,00,00,00,00,00,00,00,00
92438,1,202,0,0,8,E2,1D,00,00,33,99,05,00
92458,1,405,0,0,6,44,00,00,00,50,46
92458,0,300,0,0,8,03,5A,64,5A,32,00,32,71
92458,0,301,0,0,3,B3,01,00
92468,1,201,0,0,5,00,00,00,00,62
92478,0,300,0,0,8,03,5A,64,5A,32,00,32,72
92508,0,301,0,0,3,6B,02,00
92508,0,300,0,0,8,03,5A,64,5A,32,00,32,73
92528,1,401,0,0,8,39,9C,00,00,47,00,00,00
92538,1,203,0,0,8,00,00,00,00,00,00,00,00
92538,1,400,0,0,8,01,00,0C,00,00,00,00,00
92558,1,206,0,0,8,00,00,00,00,00,00,00,00
92558,0,301,0,0,3,96,03,00
92558,0,404,0,0,2,44,00
92558,1,201,0,0,5,00,00,00,00,62
92568,1,401,0,0,8,39,9C,00,00,47,00,00,00
92598,0,300,0,0,8,03,5A,64,5A,32,00,32,34
92608,0,301,0,0,3,03,04,00
92608,0,300,0,0,8,03,5A,64,5A,32,00,32,35
92628,1,203,0,0,8,00,00,00,00,00,00,00,00
92638,1,400,0,0,8,01,00,0C,00,00,00,00,00
92638,1,405,0,0,6,44,00,00,00,50,46
92658,1,206,0,0,8,00,00,00,00,00,00,00,00
92658,0,301,0,0,3,54,05,00
92658,0,404,0,0,2,44,00
92658,1,201,0,0,5,00,00,00,00,62
92658,0,300,0,0,8,03,5A,64,5A,32,00,32,36
92668,1,401,0,0,8,39,9C,00,00,47,00,00,00
92708,0,301,0,0,3,F5,06,00
92708,0,300,0,0,8,03,5A,64,5A,32,00,32,37
92728,1,203,0,0,8,00,00,00,00,00,00,00,00
92738,1,400,0,0,8,01,00,0C,00,00,00,00,00
92738,1,405,0,0,6,44,00,00,00,50,46
92758,1,206,0,0,8,00,00,00,00,00,00,00,00
92758,0,301,0,0,3,B8,07,00
92758,0,404,0,0,2,01,00
92758,1,201,0,0,5,00,00,00,00,62
92768,1,401,0,0,8,39,9C,00,00,47,00,00,00
92788,0,300,0,0,8,03,5A,64,5A,32,00,32,F8
92808,0,301,0,0,3,80,08,00
92808,0,300,0,0,8,03,5A,64,5A,32,00,32,F9
92818,1,203,0,0,8,00,00,00,00,00,00,00,00
92828,1,400,0,0,8,01,00,0C,00,00,00,00,00
92838,1,405,0,0,8,01,00,00,00,00,04,06,04
92838,1,206,0,0,8,00,00,00,00,00,00,00,00
92848,0,301,0,0,3,88,09,00
92858,1,403,0,0,8,64,00,00,00,40,E3,09,00
92858,0,404,0,0,2,01,00
92858,0,300,0,0,8,03,5A,64,5A,32,00,32,FA
92858,1,201,0,0,5,00,00,00,00,62
92868,1,401,0,0,8,39,9C,00,00,47,00,00,00
92908,0,301,0,0,3,C6,0A,00
92908,0,404,0,0,2,A3,01
92908,1,203,0,0,8,00,00,00,00,00,00,00,00
92928,1,400,0,0,8,01,00,0C,00,00,00,00,00
92938,1,405,0,0,8,01,00,00,00,00,04,06,04
92938,1,206,0,0,8,00,00,00,00,00,00,00,00
92958,1,405,0,0,5,A3,01,00,00,06
92958,0,300,0,0,8,03,5A,64,5A,32,00,32,FB
92958,0,301,0,0,3,43,0B,00
92968,1,201,0,0,5,00,00,00,00,62
92968,0,300,0,0,8,03,5A,64,5A,32,00,32,BC
93008,0,301,0,0,3,B5,0C,00
93008,0,300,0,0,8,03,5A,64,5A,32,00,32,BD
93028,1,401,0,0,8,39,9C,00,00,47,00,00,00
93038,1,203,0,0,8,00,00,00,00,00,00,00,00
93038,1,400,0,0,8,01,00,0C,00,00,00,00,00
93058,0,301,0,0,3,4E,0D,00
93058,1,206,0,0,8,00,00,00,00,00,00,00,00
93058,0,404,0,0,2,A3,01
93058,1,201,0,0,5,00,00,00,00,62
93068,1,401,0,0,8,39,9C,00,00,46,00,00,00
93098,0,300,0,0,8,03,5A,64,5A,32,00,32,BE
93108,0,301,0,0,3,1D,0E,00
93108,0,300,0,0,8,03,5A,64,5A,32,00,32,BF
93128,1,203,0,0,8,00,00,00,00,00,00,00,00
93138,1,400,0,0,8,01,00,0C,00,00,00,00,00
93138,1,405,0,0,5,A3,01,00,00,06
93158,0,301,0,0,3,E8,0F,00
93158,1,206,0,0,8,00,00,00,00,00,00,00,00
93158,0,404,0,0,2,A3,01
93158,1,201,0,0,5,00,00,00,00,62
93158,0,300,0,0,8,03,5A,64,5A,32,00,32,70
93168,1,401,0,0,8,3B,9C,00,00,46,00,00,00
93208,0,301,0,0,3,E2,00,00
93208,0,300,0,0,8,03,5A,64,5A,32,00,32,71
93228,1,203,0,0,8,00,00,00,00,00,00,00,00
93238,1,400,0,0,8,01,00,0C,00,00,00,00,00
93238,1,405,0,0,5,A3,01,00,00,06
93258,0,301,0,0,3,B3,01,00
93258,0,404,0,0,2,20,00
93258,1,206,0,0,8,00,00,00,00,00,00,00,00
93258,1,201,0,0,5,00,00,00,00,62
93268,1,401,0,0,8,3B,9C,00,00,47,00,00,00
93288,0,300,0,0,8,03,5A,64,5A,32,00,32,72
93308,0,301,0,0,3,6B,02,00
93308,0,300,0,0,8,03,5A,64,5A,32,00,32,73
93318,1,203,0,0,8,00,00,00,00,00,00,00,00
93328,1,400,0,0,8,01,00,0C,00,00,00,00,00
93338,1,405,0,0,8,20,00,00,00,32,33,36,47
93338,1,206,0,0,8,00,00,00,00,00,00,00,00
93348,0,301,0,0,3,96,03,00
93348,1,402,0,0,8,4E,00,00,00,F8,AB,07,00
93358,0,404,0,0,2,20,00
93358,0,300,0,0,8,03,5A,64,5A,32,00,32,34
93358,1,201,0,0,5,00,00,00,00,62
93358,1,401,0,0,8,39,9C,00,00,47,00,00,00
93368,1,203,0,0,8,00,00,00,00,00,00,00,00
93368,1,204,0,0,8,00,00,00,00,00,00,00,00
93378,1,400,0,0,8,01,00,0C,00,00,00,00,00
93388,1,405,0,0,8,20,00,00,00,32,33,36,47
93398,1,206,0,0,8,00,00,00,00,00,00,00,00
93408,0,301,0,0,3,03,04,00
93408,0,404,0,0,2,21,00
93408,1,202,0,0,8,E2,1D,00,00,33,99,05,00
93428,1,666,0,0,8,52,08,05,00,52,95,36,02
93438,1,665,0,0,8,00,00,00,53,4C,18,53,00
93438,1,200,0,0,8,4E,00,F8,AB,07,00,01,00
93458,0,300,0,0,8,03,5A,64,5A,32,00,32,35
93458,0,301,0,0,3,54,05,00
93458,1,405,0,0,8,21,00,00,00,35,4C,41,31
93468,1,201,0,0,5,00,00,00,00,62
93468,0,300,0,0,8,03,5A,64,5A,32,00,32,36
93508,0,301,0,0,3,F5,06,00
93508,0,300,0,0,8,03,5A,64,5A,32,00,32,37
93528,1,401,0,0,8,39,9C,00,00,47,00,00,00
93538,1,203,0,0,8,00,00,00,00,00,00,00,00
93538,1,400,0,0,8,01,00,0C,00,00,00,00,00
93558,0,301,0,0,3,B8,07,00
93558,0,404,0,0,2,21,00
93558,1,206,0,0,8,00,00,00,00,00,00,00,00
93558,1,201,0,0,5,00,00,00,00,62
93568,1,401,0,0,8,39,9C,00,00,47,00,00,00
93598,0,300,0,0,8,03,5A,64,5A,32,00,32,F8
93608,0,301,0,0,3,80,08,00
93608,0,300,0,0,8,03,5A,64,5A,32,00,32,F9
93628,1,203,0,0,8,00,00,00,00,00,00,00,00
93638,1,405,0,0,8,21,00,00,00,35,4C,41,31
93638,1,400,0,0,8,01,00,0C,00,00,00,00,00
93658,0,301,0,0,3,88,09,00
93658,0,404,0,0,2,21,00
93658,1,206,0,0,8,00,00,00,00,00,00,00,00
93658,0,300,0,0,8,03,5A,64,5A,32,00,32,FA
93658,1,201,0,0,5,00,00,00,00,62
93668,1,401,0,0,8,39,9C,00,00,47,00,00,00
93708,0,301,0,0,3,C6,0A,00
93708,0,300,0,0,8,03,5A,64,5A,32,00,32,FB
93728,1,203,0,0,8,00,00,00,00,00,00,00,00
93738,1,405,0,0,8,21,00,00,00,35,4C,41,31
93738,1,400,0,0,8,01,00,0C,00,00,00,00,00
93758,0,301,0,0,3,43,0B,00
93758,0,404,0,0,2,22,00
93758,1,206,0,0,8,00,00,00,00,00,00,00,00
93758,1,201,0,0,5,00,00,00,00,62
93768,1,401,0,0,8,39,9C,00,00,47,00,00,00
93788,0,300,0,0,8,03,5A,64,5A,32,00,32,BC
93808,0,301,0,0,3,B5,0C,00
93808,0,300,0,0,8,03,5A,64,5A,32,00,32,BD
93818,1,203,0,0,8,00,00,00,00,00,00,00,00
93828,1,405,0,0,8,22,00,00,00,30,30,34,52
93838,1,400,0,0,8,01,00,0C,00,00,00,00,00
93838,1,206,0,0,8,00,00,00,00,00,00,00,00
93848,0,301,0,0,3,4E,0D,00
93858,0,404,0,0,2,22,00
93858,0,300,0,0,8,03,5A,64,5A,32,00,32,BE
93858,1,403,0,0,8,64,00,00,00,40,E3,09,00
93858,1,201,0,0,5,00,00,00,00,62
93868,1,401,0,0,8,39,9C,00,00,47,00,00,00
93908,0,301,0,0,3,1D,0E,00
93908,0,404,0,0,2,23,00
93908,1,203,0,0,8,00,00,00,00,00,00,00,00
93928,1,405,0,0,8,22,00,00,00,30,30,34,52
93938,1,400,0,0,8,01,00,0C,00,00,00,00,00
93938,1,206,0,0,8,00,00,00,00,00,00,00,00
93958,0,300,0,0,8,03,5A,64,5A,32,00,32,BF
93958,0,301,0,0,3,E8,0F,00
93958,1,405,0,0,8,23,00,00,00,4D,30,30,30
93968,1,201,0,0,5,00,00,00,00,62
93968,0,300,0,0,8,03,5A,64,5A,32,00,32,70
94008,0,301,0,0,3,E2,00,00
94008,0,300,0,0,8,03,5A,64,5A,32,00,32,71
94028,1,401,0,0,8,39,9C,00,00,47,00,00,00
94038,1,203,0,0,8,00,00,00,00,00,00,00,00
94038,1,400,0,0,8,01,00,0C,00,00,00,00,00
94058,0,301,0,0,3,B3,01,00
94058,0,404,0,0,2,23,00
94058,1,206,0,0,8,00,00,00,00,00,00,00,00
94058,1,201,0,0,5,00,00,00,00,62
94068,1,401,0,0,8,39,9C,00,00,46,00,00,00
94098,0,300,0,0,8,03,5A,64,5A,32,00,32,72
94108,0,301,0,0,3,6B,02,00
94108,0,300,0,0,8,03,5A,64,5A,32,00,32,73
94128,1,203,0,0,8,00,00,00,00,00,00,00,00
94138,1,405,0,0,8,23,00,00,00,4D,30,30,30
94138,1,400,0,0,8,01,00,0C,00,00,00,00,00
94158,0,301,0,0,3,96,03,00
94158,0,404,0,0,2,23,00
94158,1,206,0,0,8,00,00,00,00,00,00,00,00
94158,0,300,0,0,8,03,5A,64,5A,32,00,32,34
94158,1,201,0,0,5,00,00,00,00,62
94168,1,401,0,0,8,39,9C,00,00,46,00,00,00
94208,0,301,0,0,3,03,04,00
94208,0,300,0,0,8,03,5A,64,5A,32,00,32,35
94228,1,203,0,0,8,00,00,00,00,00,00,00,00
94238,1,405,0,0,8,23,00,00,00,4D,30,30,30
94238,1,400,0,0,8,01,00,0C,00,00,00,00,00
94258,0,301,0,0,3,54,05,00
94258,0,404,0,0,2,24,00
94258,1,206,0,0,8,00,00,00,00,00,00,00,00
94258,1,201,0,0,5,00,00,00,00,62
94268,1,401,0,0,8,39,9C,00,00,47,00,00,00
94288,0,300,0,0,8,03,5A,64,5A,32,00,32,36
94308,0,301,0,0,3,F5,06,00
94308,0,300,0,0,8,03,5A,64,5A,32,00,32,37
94318,1,203,0,0,8,00,00,00,00,00,00,00,00
94328,1,405,0,0,8,24,00,00,00,30,30,30,30
94338,1,400,0,0,8,01,00,0C,00,00,00,00,00
94338,1,206,0,0,8,00,00,00,00,00,00,00,00
94348,0,301,0,0,3,B8,07,00
94358,1,402,0,0,8,4E,00,00,00,F8,AB,07,00
94358,0,404,0,0,2,24,00
94358,0,300,0,0,8,03,5A,64,5A,32,00,32,F8
94358,1,201,0,0,5,00,00,00,00,62
94358,1,401,0,0,8,3B,9C,00,00,47,00,00,00
94368,1,203,0,0,8,00,00,00,00,00,00,00,00
94368,1,204,0,0,8,00,00,00,00,00,00,00,00
94408,0,301,0,0,3,80,08,00
94408,0,404,0,0,2,25,00
94408,1,405,0,0,8,24,00,00,00,30,30,30,30
94428,1,400,0,0,8,01,00,0C,00,00,00,00,00
94438,1,206,0,0,8,00,00,00,00,00,00,00,00
94438,1,202,0,0,8,E2,1D,00,00,33,99,05,00
94458,0,300,0,0,8,03,5A,64,5A,32,00,32,F9
94458,0,301,0,0,3,88,09,00
94458,1,405,0,0,8,25,00,00,00,30,30,30,30
94468,1,201,0,0,5,00,00,00,00,62
94468,0,300,0,0,8,03,5A,64,5A,32,00,32,FA
94508,0,301,0,0,3,C6,0A,00
94508,0,300,0,0,8,03,5A,64,5A,32,00,32,FB
94528,1,401,0,0,8,3B,9C,00,00,47,00,00,00
94538,1,203,0,0,8,00,00,00,00,00,00,00,00
94538,1,400,0,0,8,01,00,0C,00,00,00,00,00
94558,0,301,0,0,3,43,0B,00
94558,0,404,0,0,2,25,00
94558,1,206,0,0,8,00,00,00,00,00,00,00,00
94558,1,201,0,0,5,00,00,00,00,62
94568,1,401,0,0,8,3B,9C,00,00,46,00,00,00
94598,0,300,0,0,8,03,5A,64,5A,32,00,32,BC
94608,0,301,0,0,3,B5,0C,00
94608,0,300,0,0,8,03,5A,64,5A,32,00,32,BD
94628,1,203,0,0,8,00,00,00,00,00,00,00,00
94638,1,405,0,0,8,25,00,00,00,30,30,30,30
94638,1,400,0,0,8,01,00,0C,00,00,00,00,00
94658,0,301,0,0,3,4E,0D,00
94658,0,404,0,0,2,25,00
94658,1,206,0,0,8,00,00,00,00,00,00,00,00
94658,1,201,0,0,5,00,00,00,00,62
94668,0,300,0,0,8,03,5A,64,5A,32,00,32,BE
94668,1,401,0,0,8,39,9C,00,00,46,00,00,00
94708,0,301,0,0,3,1D,0E,00
94708,0,300,0,0,8,03,5A,64,5A,32,00,32,BF
94728,1,203,0,0,8,00,00,00,00,00,00,00,00
94738,1,405,0,0,8,25,00,00,00,30,30,30,30
94738,1,400,0,0,8,01,00,0C,00,00,00,00,00
94758,0,301,0,0,3,E8,0F,00
94758,0,404,0,0,2,26,00
94758,1,206,0,0,8,00,00,00,00,00,00,00,00
94758,1,201,0,0,5,00,00,00,00,62
94768,1,401,0,0,8,39,9C,00,00,47,00,00,00
94788,0,300,0,0,8,03,5A,64,5A,32,00,32,70
94808,0,301,0,0,3,E2,00,00
94808,0,300,0,0,8,03,5A,64,5A,32,00,32,71
94818,1,203,0,0,8,00,00,00,00,00,00,00,00
94828,1,405,0,0,8,26,00,00,00,30,30,30,30
94838,1,400,0,0,8,01,00,0C,00,00,00,00,00
94838,1,206,0,0,8,00,00,00,00,00,00,00,00
94848,0,301,0,0,3,B3,01,00
94858,0,404,0,0,2,26,00
94858,0,300,0,0,8,03,5A,64,5A,32,00,32,72
94858,1,403,0,0,8,64,00,00,00,40,E3,09,00
94858,1,201,0,0,5,00,00,00,00,62
94868,1,401,0,0,8,39,9C,00,00,47,00,00,00
94908,0,301,0,0,3,6B,02,00
94908,0,404,0,0,2,27,00
94908,1,203,0,0,8,00,00,00,00,00,00,00,00
94928,1,405,0,0,8,26,00,00,00,30,30,30,30
94938,1,400,0,0,8,01,00,0C,00,00,00,00,00
94938,1,206,0,0,8,00,00,00,00,00,00,00,00
94958,0,300,0,0,8,03,5A,64,5A,32,00,32,73
94958,0,301,0,0,3,96,03,00
94958,1,405,0,0,6,27,00,00,00,30,30
94968,1,201,0,0,5,00,00,00,00,62
94978,0,300,0,0,8,03,5A,64,5A,32,00,32,34
95008,0,301,0,0,3,03,04,00
95008,0,300,0,0,8,03,5A,64,5A,32,00,32,35
95028,1,401,0,0,8,39,9C,00,00,47,00,00,00
95038,1,203,0,0,8,00,00,00,00,00,00,00,00
95038,1,400,0,0,8,01,00,0C,00,00,00,00,00
95058,0,301,0,0,3,54,05,00
95058,0,404,0,0,2,27,00
95058,1,206,0,0,8,00,00,00,00,00,00,00,00
95058,1,201,0,0,5,00,00,00,00,62
95068,1,203,0,0,8,00,00,00,00,00,00,00,00
95098,0,300,0,0,8,03,5A,64,5A,32,00,32,36
95108,0,301,0,0,3,F5,06,00
95108,0,300,0,0,8,03,5A,64,5A,32,00,32,37
95128,1,401,0,0,8,39,9C,00,00,47,00,00,00
95138,1,405,0,0,6,27,00,00,00,30,30
95138,1,400,0,0,8,01,00,0C,00,00,00,00,00
95158,0,301,0,0,3,B8,07,00
95158,0,404,0,0,2,27,00
95158,1,206,0,0,8,00,00,00,00,00,00,00,00
95158,0,300,0,0,8,03,5A,64,5A,32,00,32,F8
95158,1,201,0,0,5,00,00,00,00,62
95168,1,203,0,0,8,00,00,00,00,00,00,00,00
95208,0,301,0,0,3,80,08,00
95208,0,300,0,0,8,03,5A,64,5A,32,00,32,F9
95228,1,401,0,0,8,39,9C,00,00,47,00,00,00
95238,1,405,0,0,6,27,00,00,00,30,30
95238,1,400,0,0,8,01,00,0C,00,00,00,00,00
95258,0,301,0,0,3,88,09,00
95258,0,404,0,0,2,4C,00
95258,1,206,0,0,8,00,00,00,00,00,00,00,00
95258,1,201,0,0,5,00,00,00,00,62
95268,1,203,0,0,8,00,00,00,00,00,00,00,00
95288,0,300,0,0,8,03,5A,64,5A,32,00,32,FA
95308,0,301,0,0,3,C6,0A,00
95308,0,300,0,0,8,03,5A,64,5A,32,00,32,FB
95318,1,401,0,0,8,39,9C,00,00,47,00,00,00
95328,1,405,0,0,8,4C,00,00,00,01,24,00,00
95338,1,400,0,0,8,01,00,0C,00,00,00,00,00
95338,1,206,0,0,8,00,00,00,00,00,00,00,00
95348,0,301,0,0,3,43,0B,00
95358,1,402,0,0,8,4E,00,00,00,F8,AB,07,00
95358,0,404,0,0,2,4C,00
95358,0,300,0,0,8,03,5A,64,5A,32,00,32,BC
95358,1,201,0,0,5,00,00,00,00,62
95358,1,203,0,0,8,00,00,00,00,00,00,00,00
95368,1,401,0,0,8,39,9C,00,00,47,00,00,00
95368,1,204,0,0,8,00,00,00,00,00,00,00,00
95408,0,301,0,0,3,B5,0C,00
95408,0,404,0,0,2,46,00
95408,1,405,0,0,8,4C,00,00,00,01,24,00,00
95428,1,400,0,0,8,01,00,0C,00,00,00,00,00
95438,1,206,0,0,8,00,00,00,00,00,00,00,00
95438,1,202,0,0,8,E2,1C,00,00,33,99,05,00
95458,0,300,0,0,8,03,5A,64,5A,32,00,32,BD
95458,0,301,0,0,3,4E,0D,00
95458,1,405,0,0,5,46,00,00,00,00
95468,1,201,0,0,5,00,00,00,00,62
95468,0,300,0,0,8,03,5A,64,5A,32,00,32,BE
95508,0,301,0,0,3,1D,0E,00
95508,0,300,0,0,8,03,5A,64,5A,32,00,32,BF
95528,1,203,0,0,8,00,00,00,00,00,00,00,00
95538,1,401,0,0,8,39,9C,00,00,47,00,00,00
95538,1,400,0,0,8,01,00,0C,00,00,00,00,00
95558,0,301,0,0,3,E8,0F,00
95558,0,404,0,0,2,46,00
95558,1,206,0,0,8,00,00,00,00,00,00,00,00
95558,1,201,0,0,5,00,00,00,00,62
95568,1,203,0,0,8,00,00,00,00,00,00,00,00
95598,0,300,0,0,8,03,5A,64,5A,32,00,32,70
95608,0,301,0,0,3,E2,00,00
95608,0,300,0,0,8,03,5A,64,5A,32,00,32,71
95628,1,401,0,0,8,39,9C,00,00,47,00,00,00
95638,1,405,0,0,5,46,00,00,00,00
95638,1,400,0,0,8,01,00,0C,00,00,00,00,00
95658,0,301,0,0,3,B3,01,00
95658,0,404,0,0,2,46,00
95658,1,206,0,0,8,00,00,00,00,00,00,00,00
95658,0,300,0,0,8,03,5A,64,5A,32,00,32,72
95658,1,201,0,0,5,00,00,00,00,62
95668,1,203,0,0,8,00,00,00,00,00,00,00,00
95708,0,301,0,0,3,6B,02,00
95708,0,300,0,0,8,03,5A,64,5A,32,00,32,73
95728,1,401,0,0,8,39,9C,00,00,47,00,00,00
95738,1,405,0,0,5,46,00,00,00,00
95738,1,400,0,0,8,01,00,0C,00,00,00,00,00
95758,0,301,0,0,3,96,03,00
95758,0,404,0,0,2,4D,00
95758,1,206,0,0,8,00,00,00,00,00,00,00,00
95758,1,201,0,0,5,00,00,00,00,62
95768,1,203,0,0,8,00,00,00,00,00,00,00,00
95788,0,300,0,0,8,03,5A,64,5A,32,00,32,34
95808,0,301,0,0,3,03,04,00
95808,0,300,0,0,8,03,5A,64,5A,32,00,32,35
95828,1,401,0,0,8,39,9C,00,00,47,00,00,00
95828,1,405,0,0,8,4D,00,00,00,00,00,00,00
95838,1,400,0,0,8,01,00,0C,00,00,00,00,00
95848,1,206,0,0,8,00,00,00,00,00,00,00,00
95848,0,301,0,0,3,54,05,00
95858,0,404,0,0,2,4D,00
95858,0,300,0,0,8,03,5A,64,5A,32,00,32,36
95858,1,403,0,0,8,64,00,00,00,40,E3,09,00
95868,1,201,0,0,5,00,00,00,00,62
95868,1,203,0,0,8,00,00,00,00,00,00,00,00
95908,0,301,0,0,3,F5,06,00
95908,0,404,0,0,2,50,00
95908,1,401,0,0,8,39,9C,00,00,47,00,00,00
95928,1,405,0,0,8,4D,00,00,00,00,00,00,00
95938,1,400,0,0,8,01,00,0C,00,00,00,00,00
95948,1,206,0,0,8,00,00,00,00,00,00,00,00
95958,0,300,0,0,8,03,5A,64,5A,32,00,32,37
95958,0,301,0,0,3,B8,07,00
95968,1,405,0,0,8,50,00,00,00,F0,00,F2,00
95968,1,201,0,0,5,00,00,00,00,62
95968,0,300,0,0,8,03,5A,64,5A,32,00,32,F8
96008,0,301,0,0,3,80,08,00
96008,0,300,0,0,8,03,5A,64,5A,32,00,32,F9
96028,1,203,0,0,8,00,00,00,00,00,00,00,00
96038,1,401,0,0,8,39,9C,00,00,47,00,00,00
96048,1,400,0,0,8,01,00,0C,00,00,00,00,00
96058,0,301,0,0,3,88,09,00
96058,0,404,0,0,2,50,00
96058,1,206,0,0,8,00,00,00,00,00,00,00,00
96068,1,201,0,0,5,00,00,00,00,62
96068,1,203,0,0,8,00,00,00,00,00,00,00,00
96098,0,300,0,0,8,03,5A,64,5A,32,00,32,FA
96108,0,301,0,0,3,C6,0A,00
96108,0,300,0,0,8,03,5A,64,5A,32,00,32,FB
96128,1,401,0,0,8,39,9C,00,00,47,00,00,00
96138,1,405,0,0,8,50,00,00,00,F0,00,F2,00
96148,1,400,0,0,8,01,00,0C,00,00,00,00,00
96158,0,301,0,0,3,43,0B,00
96158,0,404,0,0,2,50,00
96158,1,206,0,0,8,00,00,00,00,00,00,00,00
96158,0,300,0,0,8,03,5A,64,5A,32,00,32,BC
96168,1,201,0,0,5,00,00,00,00,62
96168,1,203,0,0,8,00,00,00,00,00,00,00,00
96208,0,301,0,0,3,B5,0C,00
96208,0,300,0,0,8,03,5A,64,5A,32,00,32,BD
96228,1,401,0,0,8,39,9C,00,00,47,00,00,00
96238,1,405,0,0,8,50,00,00,00,F0,00,F2,00
96248,1,400,0,0,8,01,00,0C,00,00,00,00,00
96258,0,301,0,0,3,4E,0D,00
96258,0,404,0,0,2,02,00
96258,1,206,0,0,8,00,00,00,00,00,00,00,00
96268,1,201,0,0,5,00,00,00,00,62
96268,1,203,0,0,8,00,00,00,00,00,00,00,00
96288,0,300,0,0,8,03,5A,64,5A,32,00,32,BE
96308,0,301,0,0,3,1D,0E,00
96308,0,300,0,0,8,03,5A,64,5A,32,00,32,BF
96328,1,401,0,0,8,39,9C,00,00,47,00,00,00
96328,1,405,0,0,8,02,00,00,00,53,49,43,54
96338,1,400,0,0,8,01,00,0C,00,00,00,00,00
96348,1,206,0,0,8,00,00,00,00,00,00,00,00
96348,0,301,0,0,3,E8,0F,00
96358,1,402,0,0,8,4E,00,00,00,F8,AB,07,00
96358,0,404,0,0,2,02,00
96358,0,300,0,0,8,03,5A,64,5A,32,00,32,70
96358,1,201,0,0,5,00,00,00,00,62
96368,1,203,0,0,8,00,00,00,00,00,00,00,00
96368,1,401,0,0,8,39,9C,00,00,47,00,00,00
96368,1,204,0,0,8,00,00,00,00,00,00,00,00
96378,1,405,0,0,8,02,00,00,00,53,49,43,54
96388,1,400,0,0,8,01,00,0C,00,00,00,00,00
96398,1,206,0,0,8,00,00,00,00,00,00,00,00
96408,0,301,0,0,3,E2,00,00
96408,0,404,0,0,2,0A,00
96408,1,202,0,0,8,E2,1D,00,00,33,99,05,00
96428,1,666,0,0,8,52,08,05,00,52,95,36,02
96438,1,665,0,0,8,00,00,00,53,4C,18,53,00
96448,1,200,0,0,8,4E,00,F8,AB,07,00,02,00
96458,0,300,0,0,8,03,5A,64,5A,32,00,32,71
96458,0,301,0,0,3,B3,01,00
96468,1,405,0,0,8,0A,00,00,00,30,3A,00,00
96468,1,201,0,0,5,00,00,00,00,62
96468,0,300,0,0,8,03,5A,64,5A,32,00,32,72
96508,0,301,0,0,3,6B,02,00
96508,0,300,0,0,8,03,5A,64,5A,32,00,32,73
96528,1,203,0,0,8,00,00,00,00,00,00,00,00
96538,1,401,0,0,8,39,9C,00,00,47,00,00,00
96548,1,400,0,0,8,01,00,0C,00,00,00,00,00
96558,0,301,0,0,3,96,03,00
96558,0,404,0,0,2,0A,00
96558,1,206,0,0,8,00,00,00,00,00,00,00,00
96568,1,201,0,0,5,00,00,00,00,62
96568,1,203,0,0,8,00,00,00,00,00,00,00,00
96598,0,300,0,0,8,03,5A,64,5A,32,00,32,34
96608,0,301,0,0,3,03,04,00
96608,0,300,0,0,8,03,5A,64,5A,32,00,32,35
96628,1,401,0,0,8,39,9C,00,00,47,00,00,00
96638,1,405,0,0,8,0A,00,00,00,30,3A,00,00
96648,1,400,0,0,8,01,00,0C,00,00,00,00,00
96658,0,301,0,0,3,54,05,00
96658,0,404,0,0,2,0A,00
96658,1,206,0,0,8,00,00,00,00,00,00,00,00
96658,0,300,0,0,8,03,5A,64,5A,32,00,32,36
96668,1,201,0,0,5,00,00,00,00,62
96668,1,203,0,0,8,00,00,00,00,00,00,00,00
96708,0,301,0,0,3,F5,06,00
96708,0,300,0,0,8,03,5A,64,5A,32,00,32,37
96728,1,401,0,0,8,3B,9C,00,00,47,00,00,00
96738,1,405,0,0,8,0A,00,00,00,30,3A,00,00
96748,1,400,0,0,8,01,00,0C,00,00,00,00,00
96758,0,301,0,0,3,B8,07,00
96758,0,404,0,0,2,04,00
96758,1,206,0,0,8,00,00,00,00,00,00,00,00
96768,1,201,0,0,5,00,00,00,00,62
96768,1,203,0,0,8,00,00,00,00,00,00,00,00
96788,0,300,0,0,8,03,5A,64,5A,32,00,32,F8
96808,0,301,0,0,3,80,08,00
96808,0,300,0,0,8,03,5A,64,5A,32,00,32,F9
96828,1,401,0,0,8,3B,9C,00,00,47,00,00,00
96828,1,405,0,0,7,04,0,00,00,16,09,02
96838,1,400,0,0,8,01,00,0C,00,00,00,00,00
96848,1,206,0,0,8,00,00,00,00,00,00,00,00
96848,0,301,0,0,3,88,09,00
96858,0,404,0,0,2,04,00
96858,0,300,0,0,8,03,5A,64,5A,32,00,32,FA
96858,1,403,0,0,8,64,00,00,00,40,E3,09,00
96868,1,201,0,0,5,00,00,00,00,62
96868,1,203,0,0,8,00,00,00,00,00,00,00,00
96908,0,301,0,0,3,C6,0A,00
96908,0,404,0,0,2,B0,01
96908,1,401,0,0,8,39,9C,00,00,47,00,00,00
96928,1,405,0,0,7,04,0,00,00,16,09,02
96938,1,400,0,0,8,01,00,0C,00,00,00,00,00
96948,1,206,0,0,8,00,00,00,00,00,00,00,00
96958,0,300,0,0,8,03,5A,64,5A,32,00,32,FB
96958,0,301,0,0,3,43,0B,00
96968,1,405,0,0,6,B0,01,00,00,00,00
96968,1,201,0,0,5,00,00,00,00,62
96968,0,300,0,0,8,03,5A,64,5A,32,00,32,BC
97008,0,301,0,0,3,B5,0C,00
97008,0,300,0,0,8,03,5A,64,5A,32,00,32,BD
97028,1,203,0,0,8,00,00,00,00,00,00,00,00
97038,1,401,0,0,8,39,9C,00,00,47,00,00,00
97048,1,400,0,0,8,01,00,0C,00,00,00,00,00
97058,0,301,0,0,3,4E,0D,00
97058,0,404,0,0,2,B0,01
97058,1,206,0,0,8,00,00,00,00,00,00,00,00
97068,1,201,0,0,5,00,00,00,00,62
97068,1,203,0,0,8,00,00,00,00,00,00,00,00
97098,0,300,0,0,8,03,5A,64,5A,32,00,32,BE
97108,0,301,0,0,3,1D,0E,00
97108,0,300,0,0,8,03,5A,64,5A,32,00,32,BF
97128,1,401,0,0,8,39,9C,00,00,47,00,00,00
97138,1,405,0,0,6,B0,01,00,00,00,00
97148,1,206,0,0,8,00,00,00,00,00,00,00,00
97158,0,301,0,0,3,E8,0F,00
97158,0,404,0,0,2,B0,01
97158,1,400,0,0,8,01,00,0C,00,00,00,00,00
97168,0,300,0,0,8,03,5A,64,5A,32,00,32,70
97168,1,201,0,0,5,00,00,00,00,62
97168,1,203,0,0,8,00,00,00,00,00,00,00,00
97208,0,301,0,0,3,E2,00,00
97208,0,300,0,0,8,03,5A,64,5A,32,00,32,71
97228,1,401,0,0,8,39,9C,00,00,47,00,00,00
97238,1,405,0,0,6,B0,01,00,00,00,00
97248,1,206,0,0,8,00,00,00,00,00,00,00,00
97258,0,301,0,0,3,B3,01,00
97258,0,404,0,0,2,B1,01
97258,1,400,0,0,8,01,00,0C,00,00,00,00,00
97268,1,201,0,0,5,00,00,00,00,62
97268,1,203,0,0,8,00,00,00,00,00,00,00,00
97288,0,300,0,0,8,03,5A,64,5A,32,00,32,72
97308,0,301,0,0,3,6B,02,00
97308,0,300,0,0,8,03,5A,64,5A,32,00,32,73
97328,1,401,0,0,8,39,9C,00,00,47,00,00,00
97328,1,405,0,0,6,B1,01,00,00,00,00
97338,1,206,0,0,8,00,00,00,00,00,00,00,00
97348,1,400,0,0,8,01,00,0C,00,00,00,00,00
97358,1,402,0,0,8,4E,00,00,00,F8,AB,07,00
97358,0,301,0,0,3,96,03,00
97358,0,404,0,0,2,B1,01
97358,1,201,0,0,5,00,00,00,00,62
97368,1,203,0,0,8,00,00,00,00,00,00,00,00
97368,1,401,0,0,8,3B,9C,00,00,47,00,00,00
97368,1,204,0,0,8,00,00,00,00,00,00,00,00
97408,0,300,0,0,8,03,5A,64,5A,32,00,32,34
97408,0,301,0,0,3,03,04,00
97428,1,405,0,0,6,B1,01,00,00,00,00
97438,1,206,0,0,8,00,00,00,00,00,00,00,00
97448,1,202,0,0,8,E2,1D,00,00,33,99,05,00
97458,0,300,0,0,8,03,5A,64,5A,32,00,32,35
97458,0,301,0,0,3,54,05,00
97468,1,400,0,0,8,01,00,0C,00,00,00,00,00
97468,1,201,0,0,5,00,00,00,00,62
97508,0,300,0,0,8,03,5A,64,5A,32,00,32,36
97508,0,301,0,0,3,F5,06,00
97528,1,203,0,0,8,00,00,00,00,00,00,00,00
97538,1,401,0,0,8,3B,9C,00,00,47,00,00,00
97548,1,206,0,0,8,00,00,00,00,00,00,00,00
97558,0,300,0,0,8,03,5A,64,5A,32,00,32,37
97558,0,301,0,0,3,B8,07,00
97568,1,400,0,0,8,01,00,0C,00,00,00,00,00
97568,1,201,0,0,5,00,00,00,00,62
97608,0,300,0,0,8,03,5A,64,5A,32,00,32,F8
97608,0,301,0,0,3,80,08,00
97628,1,203,0,0,8,00,00,00,00,00,00,00,00
97638,1,401,0,0,8,3B,9C,00,00,47,00,00,00
97648,1,206,0,0,8,00,00,00,00,00,00,00,00
97658,0,300,0,0,8,03,5A,64,5A,32,00,32,F9
97658,0,301,0,0,3,88,09,00
97668,1,400,0,0,8,01,00,0C,00,00,00,00,00
97668,1,201,0,0,5,00,00,00,00,62
97708,0,300,0,0,8,03,5A,64,5A,32,00,32,FA
97708,0,301,0,0,3,C6,0A,00
97728,1,203,0,0,8,00,00,00,00,00,00,00,00
97738,1,401,0,0,8,3B,9C,00,00,47,00,00,00
97748,1,206,0,0,8,00,00,00,00,00,00,00,00
97758,0,300,0,0,8,03,5A,64,5A,32,00,32,FB
97758,0,301,0,0,3,43,0B,00
97768,1,400,0,0,8,01,00,0C,00,00,00,00,00
97768,1,201,0,0,5,00,00,00,00,62
97808,0,300,0,0,8,03,5A,64,5A,32,00,32,BC
97808,0,301,0,0,3,B5,0C,00
97828,1,203,0,0,8,00,00,00,00,00,00,00,00
97828,1,401,0,0,8,3B,9C,00,00,47,00,00,00
97838,1,206,0,0,8,00,00,00,00,00,00,00,00
97848,1,400,0,0,8,01,00,0C,00,00,00,00,00
97858,0,300,0,0,8,03,5A,64,5A,32,00,32,BD
97858,0,301,0,0,3,4E,0D,00
97868,1,403,0,0,8,64,00,00,00,40,E3,09,00
97868,1,201,0,0,5,00,00,00,00,62
97908,0,300,0,0,8,03,5A,64,5A,32,00,32,BE
97908,0,301,0,0,3,1D,0E,00
97928,1,203,0,0,8,00,00,00,00,00,00,00,00
97938,1,401,0,0,8,39,9C,00,00,47,00,00,00
97948,1,206,0,0,8,00,00,00,00,00,00,00,00
97958,0,300,0,0,8,03,5A,64,5A,32,00,32,BF
97958,0,301,0,0,3,E8,0F,00
97968,1,400,0,0,8,01,00,0C,00,00,00,00,00
97968,1,201,0,0,5,00,00,00,00,62
98008,0,300,0,0,8,03,5A,64,5A,32,00,32,70
98008,0,301,0,0,3,E2,00,00
98028,1,203,0,0,8,00,00,00,00,00,00,00,00
98038,1,401,0,0,8,39,9C,00,00,47,00,00,00
98048,1,206,0,0,8,00,00,00,00,00,00,00,00
98058,0,300,0,0,8,03,5A,64,5A,32,00,32,71
98058,0,301,0,0,3,B3,01,00
98068,1,400,0,0,8,01,00,0C,00,00,00,00,00
98068,1,201,0,0,5,00,00,00,00,62
98108,0,300,0,0,8,03,5A,64,5A,32,00,32,72
98108,0,301,0,0,3,6B,02,00
98128,1,203,0,0,8,00,00,00,00,00,00,00,00
98138,1,401,0,0,8,39,9C,00,00,47,00,00,00
98148,1,206,0,0,8,00,00,00,00,00,00,00,00
98158,0,300,0,0,8,03,5A,64,5A,32,00,32,73
98158,0,301,0,0,3,96,03,00
98168,1,400,0,0,8,01,00,0C,00,00,00,00,00
98168,1,201,0,0,5,00,00,00,00,62
98208,0,300,0,0,8,03,5A,64,5A,32,00,32,34
98208,0,301,0,0,3,03,04,00
98228,1,203,0,0,8,00,00,00,00,00,00,00,00
98238,1,401,0,0,8,39,9C,00,00,47,00,00,00
98248,1,206,0,0,8,00,00,00,00,00,00,00,00
98258,0,300,0,0,8,03,5A,64,5A,32,00,32,35
98258,0,301,0,0,3,54,05,00
98268,1,400,0,0,8,01,00,0C,00,00,00,00,00
98268,1,201,0,0,5,00,00,00,00,62
98308,0,300,0,0,8,03,5A,64,5A,32,00,32,36
98308,0,301,0,0,3,F5,06,00
98328,1,203,0,0,8,00,00,00,00,00,00,00,00
98328,1,401,0,0,8,39,9C,00,00,47,00,00,00
98338,1,206,0,0,8,00,00,00,00,00,00,00,00
98348,1,400,0,0,8,01,00,0C,00,00,00,00,00
98358,1,402,0,0,8,4E,00,00,00,F8,AB,07,00
98358,0,300,0,0,8,03,5A,64,5A,32,00,32,37
98358,0,301,0,0,3,B8,07,00
98368,1,201,0,0,5,00,00,00,00,62
98368,1,203,0,0,8,00,00,00,00,00,00,00,00
98368,1,401,0,0,8,3B,9C,00,00,47,00,00,00
98408,0,300,0,0,8,03,5A,64,5A,32,00,32,F8
98408,0,301,0,0,3,80,08,00
98428,1,204,0,0,8,00,00,00,00,00,00,00,00
98438,1,206,0,0,8,00,00,00,00,00,00,00,00
98448,1,202,0,0,8,E2,1C,00,00,33,99,05,00
98458,0,300,0,0,8,03,5A,64,5A,32,00,32,F9
98458,0,301,0,0,3,88,09,00
98468,1,400,0,0,8,01,00,0C,00,00,00,00,00
98468,1,201,0,0,5,00,00,00,00,62
98508,0,300,0,0,8,03,5A,64,5A,32,00,32,FA
98508,0,301,0,0,3,C6,0A,00
98528,1,203,0,0,8,00,00,00,00,00,00,00,00
98538,1,401,0,0,8,3B,9C,00,00,47,00,00,00
98548,1,206,0,0,8,00,00,00,00,00,00,00,00
98558,0,300,0,0,8,03,5A,64,5A,32,00,32,FB
98558,0,301,0,0,3,43,0B,00
98568,1,400,0,0,8,01,00,0C,00,00,00,00,00
98568,1,201,0,0,5,00,00,00,00,62
98608,0,300,0,0,8,03,5A,64,5A,32,00,32,BC
98608,0,301,0,0,3,B5,0C,00
98628,1,203,0,0,8,00,00,00,00,00,00,00,00
98638,1,401,0,0,8,3B,9C,00,00,47,00,00,00
98648,1,206,0,0,8,00,00,00,00,00,00,00,00
98658,0,300,0,0,8,03,5A,64,5A,32,00,32,BD
98658,0,301,0,0,3,4E,0D,00
98668,1,400,0,0,8,01,00,0C,00,00,00,00,00
98668,1,201,0,0,5,00,00,00,00,62
98708,0,300,0,0,8,03,5A,64,5A,32,00,32,BE
98708,0,301,0,0,3,1D,0E,00
98728,1,203,0,0,8,00,00,00,00,00,00,00,00
98738,1,401,0,0,8,3B,9C,00,00,47,00,00,00
98748,1,206,0,0,8,00,00,00,00,00,00,00,00
98758,0,300,0,0,8,03,5A,64,5A,32,00,32,BF
98758,0,301,0,0,3,E8,0F,00
98768,1,400,0,0,8,01,00,0C,00,00,00,00,00
98768,1,201,0,0,5,00,00,00,00,62
98808,0,300,0,0,8,03,5A,64,5A,32,00,32,70
98808,0,301,0,0,3,E2,00,00
98828,1,203,0,0,8,00,00,00,00,00,00,00,00
98828,1,401,0,0,8,3B,9C,00,00,47,00,00,00
98838,1,206,0,0,8,00,00,00,00,00,00,00,00
98848,1,400,0,0,8,01,00,0C,00,00,00,00,00
98858,0,300,0,0,8,03,5A,64,5A,32,00,32,71
98858,0,301,0,0,3,B3,01,00
98868,1,403,0,0,8,64,00,00,00,40,E3,09,00
98868,1,201,0,0,5,00,00,00,00,62
98908,0,300,0,0,8,03,5A,64,5A,32,00,32,72
98908,0,301,0,0,3,6B,02,00
98928,1,203,0,0,8,00,00,00,00,00,00,00,00
98938,1,401,0,0,8,3B,9C,00,00,47,00,00,00
98948,1,206,0,0,8,00,00,00,00,00,00,00,00
98958,0,300,0,0,8,03,5A,64,5A,32,00,32,73
98958,0,301,0,0,3,96,03,00
98968,1,400,0,0,8,01,00,0C,00,00,00,00,00
98968,1,201,0,0,5,00,00,00,00,62
99008,0,300,0,0,8,03,5A,64,5A,32,00,32,34
99008,0,301,0,0,3,03,04,00
99028,1,203,0,0,8,00,00,00,00,00,00,00,00
99038,1,401,0,0,8,3B,9C,00,00,47,00,00,00
99048,1,206,0,0,8,00,00,00,00,00,00,00,00
99058,0,300,0,0,8,03,5A,64,5A,32,00,32,35
99058,0,301,0,0,3,54,05,00
99068,1,400,0,0,8,01,00,0C,00,00,00,00,00
99068,1,201,0,0,5,00,00,00,00,62
99108,0,300,0,0,8,03,5A,64,5A,32,00,32,36
99108,0,301,0,0,3,F5,06,00
99128,1,203,0,0,8,00,00,00,00,00,00,00,00
99138,1,401,0,0,8,3B,9C,00,00,47,00,00,00
99148,1,206,0,0,8,00,00,00,00,00,00,00,00
99158,0,300,0,0,8,03,5A,64,5A,32,00,32,37
99158,0,301,0,0,3,B8,07,00
99168,1,400,0,0,8,01,00,0C,00,00,00,00,00
99168,1,201,0,0,5,00,00,00,00,62
99208,0,300,0,0,8,03,5A,64,5A,32,00,32,F8
99208,0,301,0,0,3,80,08,00
99228,1,203,0,0,8,00,00,00,00,00,00,00,00
99238,1,401,0,0,8,3B,9C,00,00,47,00,00,00
99248,1,206,0,0,8,00,00,00,00,00,00,00,00
99258,0,300,0,0,8,03,5A,64,5A,32,00,32,F9
99258,0,301,0,0,3,88,09,00
99268,1,400,0,0,8,01,00,0C,00,00,00,00,00
99268,1,201,0,0,5,00,00,00,00,62
99308,0,300,0,0,8,03,5A,64,5A,32,00,32,FA
99308,0,301,0,0,3,C6,0A,00
99328,1,203,0,0,8,00,00,00,00,00,00,00,00
99328,1,401,0,0,8,3B,9C,00,00,46,00,00,00
99338,1,206,0,0,8,00,00,00,00,00,00,00,00
99348,1,400,0,0,8,01,00,0C,00,00,00,00,00
99358,1,201,0,0,5,00,00,00,00,62
99358,0,300,0,0,8,03,5A,64,5A,32,00,32,FB
99358,0,301,0,0,3,43,0B,00
99368,1,402,0,0,8,4E,00,00,00,F8,AB,07,00
99368,1,203,0,0,8,00,00,00,00,00,00,00,00
99368,1,401,0,0,8,39,9C,00,00,46,00,00,00
99378,1,204,0,0,8,00,00,00,00,00,00,00,00
99388,1,206,0,0,8,00,00,00,00,00,00,00,00
99398,1,202,0,0,8,E2,1D,00,00,33,99,05,00
99408,0,300,0,0,8,03,5A,64,5A,32,00,32,BC
99408,0,301,0,0,3,B5,0C,00
99428,1,400,0,0,8,01,00,0C,00,00,00,00,00
99438,1,666,0,0,8,52,08,05,00,52,95,36,02
99448,1,665,0,0,8,00,00,00,53,4C,18,53,00
99458,0,300,0,0,8,03,5A,64,5A,32,00,32,BD
99458,0,301,0,0,3,4E,0D,00
99468,1,200,0,0,8,4E,00,F8,AB,07,00,00,00
99468,1,201,0,0,5,00,00,00,00,62
99508,0,300,0,0,8,03,5A,64,5A,32,00,32,BE
99508,0,301,0,0,3,1D,0E,00
99528,1,203,0,0,8,00,00,00,00,00,00,00,00
99538,1,401,0,0,8,39,9C,00,00,46,00,00,00
99548,1,206,0,0,8,00,00,00,00,00,00,00,00
99558,0,300,0,0,8,03,5A,64,5A,32,00,32,BF
99558,0,301,0,0,3,E8,0F,00
99568,1,400,0,0,8,01,00,0C,00,00,00,00,00
99568,1,201,0,0,5,00,00,00,00,62
99608,0,300,0,0,8,03,5A,64,5A,32,00,32,70
99608,0,301,0,0,3,E2,00,00
99628,1,203,0,0,8,00,00,00,00,00,00,00,00
99638,1,401,0,0,8,39,9C,00,00,47,00,00,00
99648,1,206,0,0,8,00,00,00,00,00,00,00,00
99658,0,300,0,0,8,03,5A,64,5A,32,00,32,71
99658,0,301,0,0,3,B3,01,00
99668,1,400,0,0,8,01,00,0C,00,00,00,00,00
99668,1,201,0,0,5,00,00,00,00,62
99708,0,300,0,0,8,03,5A,64,5A,32,00,32,72
99708,0,301,0,0,3,6B,02,00
99728,1,203,0,0,8,00,00,00,00,00,00,00,00
99738,1,401,0,0,8,39,9C,00,00,47,00,00,00
99748,1,206,0,0,8,00,00,00,00,00,00,00,00
99758,0,300,0,0,8,03,5A,64,5A,32,00,32,73
99758,0,301,0,0,3,96,03,00
99768,1,400,0,0,8,01,00,0C,00,00,00,00,00
99768,1,201,0,0,5,00,00,00,00,62
99808,0,300,0,0,8,03,5A,64,5A,32,00,32,34
99808,0,301,0,0,3,03,04,00
99828,1,203,0,0,8,00,00,00,00,00,00,00,00
99828,1,401,0,0,8,39,9C,00,00,47,00,00,00
99838,1,206,0,0,8,00,00,00,00,00,00,00,00
99848,1,400,0,0,8,01,00,0C,00,00,00,00,00
99858,0,300,0,0,8,03,5A,64,5A,32,00,32,35
99858,0,301,0,0,3,54,05,00
99868,1,201,0,0,5,00,00,00,00,62
99868,1,403,0,0,8,64,00,00,00,40,E3,09,00
99908,0,300,0,0,8,03,5A,64,5A,32,00,32,36
99908,0,301,0,0,3,F5,06,00
99928,1,203,0,0,8,00,00,00,00,00,00,00,00
99938,0,300,0,0,8,03,5A,64,5A,32,00,32,37
99938,1,401,0,0,8,39,9C,00,00,47,00,00,00
99948,1,206,0,0,8,00,00,00,00,00,00,00,00
99958,0,301,0,0,3,B8,07,00
99958,0,300,0,0,8,03,5A,64,5A,32,00,32,F8
99968,1,400,0,0,8,01,00,0C,00,00,00,00,00
99968,1,201,0,0,5,00,00,00,00,62
100008,0,301,0,0,3,80,08,00
100008,0,404,0,0,2,4A,00
100008,1,203,0,0,8,00,00,00,00,00,00,00,00
100028,1,401,0,0,8,39,9C,00,00,47,00,00,00
100038,1,206,0,0,8,00,00,00,00,00,00,00,00
100048,1,400,0,0,8,01,00,0C,00,00,00,00,00
100058,0,300,0,0,8,03,5A,64,5A,32,00,32,F9
100058,0,301,0,0,3,88,09,00
100068,0,300,0,0,8,03,5A,64,5A,32,00,32,FA
100068,1,405,0,0,8,4A,00,00,00,06,00,00,00
100068,1,201,0,0,5,00,00,00,00,62
100098,0,301,0,0,3,C6,0A,00
100108,0,300,0,0,8,03,5A,64,5A,32,00,32,FB
100108,0,301,0,0,3,43,0B,00
100128,1,203,0,0,8,00,00,00,00,00,00,00,00
100138,1,401,0,0,8,39,9C,00,00,47,00,00,00
100158,1,206,0,0,8,00,00,00,00,00,00,00,00
100158,0,404,0,0,2,4A,00
100158,0,404,0,0,2,02,30
100158,1,400,0,0,8,01,00,0C,00,00,00,00,00
100158,1,201,0,0,5,00,00,00,00,62
100168,1,203,0,0,8,00,00,00,00,00,00,00,00
100178,1,401,0,0,8,39,9C,00,00,47,00,00,00
100208,0,300,0,0,8,03,5A,64,5A,32,00,32,BC
100208,0,301,0,0,3,B5,0C,00
100218,0,300,0,0,8,03,5A,64,5A,32,00,32,BD
100228,1,405,0,0,8,4A,00,00,00,06,00,00,00
100238,1,405,0,0,7,02,48,00,00,00,00,00
100248,0,301,0,0,3,4E,0D,00
100258,1,206,0,0,8,00,00,00,00,00,00,00,00
100258,0,300,0,0,8,03,5A,64,5A,32,00,32,BE
100258,0,301,0,0,3,1D,0E,00
100268,1,400,0,0,8,01,00,0C,00,00,00,00,00
100278,1,201,0,0,5,00,00,00,00,62
100308,0,404,0,0,2,02,30
100308,0,404,0,0,2,44,00
100308,1,203,0,0,8,00,00,00,00,00,00,00,00
100308,1,401,0,0,8,39,9C,00,00,47,00,00,00
100328,1,206,0,0,8,00,00,00,00,00,00,00,00
100338,1,400,0,0,8,01,00,0C,00,00,00,00,00
100338,1,405,0,0,7,02,48,00,00,00,00,00
100358,1,405,0,0,6,44,00,00,00,50,46
100358,1,201,0,0,5,00,00,00,00,62
100358,0,300,0,0,8,03,5A,64,5A,32,00,32,BF
100358,0,301,0,0,3,E8,0F,00
100368,1,402,0,0,8,4E,00,00,00,F8,AB,07,00
100368,1,203,0,0,8,00,00,00,00,00,00,00,00
100378,1,401,0,0,8,39,9C,00,00,47,00,00,00
100378,0,300,0,0,8,03,5A,64,5A,32,00,32,70
100408,0,301,0,0,3,E2,00,00
100408,0,300,0,0,8,03,5A,64,5A,32,00,32,71
100428,1,204,0,0,8,00,00,00,00,00,00,00,00
100438,1,206,0,0,8,00,00,00,00,00,00,00,00
100458,1,202,0,0,8,E2,1E,00,00,33,99,05,00
100458,0,301,0,0,3,B3,01,00
100458,0,404,0,0,2,44,00
100458,1,400,0,0,8,01,00,0C,00,00,00,00,00
100468,1,201,0,0,5,00,00,00,00,62
100478,1,203,0,0,8,00,00,00,00,00,00,00,00
100498,0,300,0,0,8,03,5A,64,5A,32,00,32,72
100508,0,301,0,0,3,6B,02,00
100508,0,300,0,0,8,03,5A,64,5A,32,00,32,73
100528,1,401,0,0,8,39,9C,00,00,47,00,00,00
100538,1,405,0,0,6,44,00,00,00,50,46
100558,1,206,0,0,8,00,00,00,00,00,00,00,00
100558,0,301,0,0,3,96,03,00
100558,0,404,0,0,2,44,00
100558,1,400,0,0,8,01,00,0C,00,00,00,00,00
100568,0,300,0,0,8,03,5A,64,5A,32,00,32,34
100568,1,201,0,0,5,00,00,00,00,62
100578,1,203,0,0,8,00,00,00,00,00,00,00,00
100608,0,301,0,0,3,03,04,00
100608,0,300,0,0,8,03,5A,64,5A,32,00,32,35
100628,1,401,0,0,8,39,9C,00,00,47,00,00,00
100638,1,405,0,0,6,44,00,00,00,50,46
100658,1,206,0,0,8,00,00,00,00,00,00,00,00
100658,0,301,0,0,3,54,05,00
100658,0,404,0,0,2,01,00
100658,1,400,0,0,8,01,00,0C,00,00,00,00,00
100668,1,201,0,0,5,00,00,00,00,62
100678,1,203,0,0,8,00,00,00,00,00,00,00,00
100688,0,300,0,0,8,03,5A,64,5A,32,00,32,36
100708,0,301,0,0,3,F5,06,00
100708,0,300,0,0,8,03,5A,64,5A,32,00,32,37
100728,1,401,0,0,8,3B,9C,00,00,47,00,00,00
100738,1,405,0,0,8,01,00,00,00,00,04,06,04
100758,1,206,0,0,8,00,00,00,00,00,00,00,00
100758,0,301,0,0,3,B8,07,00
100758,0,404,0,0,2,01,00
100758,0,300,0,0,8,03,5A,64,5A,32,00,32,F8
100758,1,400,0,0,8,01,00,0C,00,00,00,00,00
100768,1,201,0,0,5,00,00,00,00,62
100778,1,203,0,0,8,00,00,00,00,00,00,00,00
100808,0,301,0,0,3,80,08,00
100808,0,300,0,0,8,03,5A,64,5A,32,00,32,F9
100828,1,401,0,0,8,3B,9C,00,00,47,00,00,00
100838,1,405,0,0,8,01,00,00,00,00,04,06,04
100838,1,206,0,0,8,00,00,00,00,00,00,00,00
100858,1,400,0,0,8,01,00,0C,00,00,00,00,00
100858,0,301,0,0,3,88,09,00
100858,0,404,0,0,2,A3,01
100858,1,201,0,0,5,00,00,00,00,62
100868,1,403,0,0,8,64,00,00,00,40,E3,09,00
100878,1,203,0,0,8,00,00,00,00,00,00,00,00
100878,0,300,0,0,8,03,5A,64,5A,32,00,32,FA
100908,0,301,0,0,3,C6,0A,00
100908,0,300,0,0,8,03,5A,64,5A,32,00,32,FB
100928,1,401,0,0,8,39,9C,00,00,47,00,00,00
100938,1,405,0,0,5,A3,01,00,00,06
100958,1,206,0,0,8,00,00,00,00,00,00,00,00
100958,0,301,0,0,3,43,0B,00
100958,0,404,0,0,2,A3,01
100958,1,400,0,0,8,01,00,0C,00,00,00,00,00
100968,1,201,0,0,5,00,00,00,00,62
100968,0,300,0,0,8,03,5A,64,5A,32,00,32,BC
100978,1,203,0,0,8,00,00,00,00,00,00,00,00
101008,0,301,0,0,3,B5,0C,00
101008,0,300,0,0,8,03,5A,64,5A,32,00,32,BD
101028,1,401,0,0,8,39,9C,00,00,47,00,00,00
101038,1,405,0,0,5,A3,01,00,00,06
101058,1,206,0,0,8,00,00,00,00,00,00,00,00
101058,0,301,0,0,3,4E,0D,00
101058,0,404,0,0,2,20,00
101058,1,400,0,0,8,01,00,0C,00,00,00,00,00
101068,1,201,0,0,5,00,00,00,00,62
101078,1,203,0,0,8,00,00,00,00,00,00,00,00
101098,0,300,0,0,8,03,5A,64,5A,32,00,32,BE
101108,0,301,0,0,3,1D,0E,00
101108,0,300,0,0,8,03,5A,64,5A,32,00,32,BF
101128,1,401,0,0,8,39,9C,00,00,46,00,00,00
101138,1,405,0,0,8,20,00,00,00,32,33,36,47
101158,1,206,0,0,8,00,00,00,00,00,00,00,00
101158,0,301,0,0,3,E8,0F,00
101158,0,404,0,0,2,20,00
101158,1,400,0,0,8,01,00,0C,00,00,00,00,00
101158,0,300,0,0,8,03,5A,64,5A,32,00,32,70
101168,1,201,0,0,5,00,00,00,00,62
101178,1,203,0,0,8,00,00,00,00,00,00,00,00
101208,0,301,0,0,3,E2,00,00
101208,0,300,0,0,8,03,5A,64,5A,32,00,32,71
101228,1,401,0,0,8,39,9C,00,00,46,00,00,00
101238,1,405,0,0,8,20,00,00,00,32,33,36,47
101258,1,206,0,0,8,00,00,00,00,00,00,00,00
101258,0,301,0,0,3,B3,01,00
101258,0,404,0,0,2,21,00
101258,1,400,0,0,8,01,00,0C,00,00,00,00,00
101268,1,201,0,0,5,00,00,00,00,62
101278,1,203,0,0,8,00,00,00,00,00,00,00,00
101288,0,300,0,0,8,03,5A,64,5A,32,00,32,72
101308,0,301,0,0,3,6B,02,00
101308,0,300,0,0,8,03,5A,64,5A,32,00,32,73
101328,1,401,0,0,8,39,9C,00,00,47,00,00,00
101338,1,405,0,0,8,21,00,00,00,35,4C,41,31
101348,1,206,0,0,8,00,00,00,00,00,00,00,00
101348,0,301,0,0,3,96,03,00
101358,1,400,0,0,8,01,00,0C,00,00,00,00,00
101358,1,201,0,0,5,00,00,00,00,62
101358,0,404,0,0,2,21,00
101358,0,300,0,0,8,03,5A,64,5A,32,00,32,34
101358,1,402,0,0,8,4E,00,00,00,F8,AB,07,00
101368,1,203,0,0,8,00,00,00,00,00,00,00,00
101368,1,204,0,0,8,00,00,00,00,00,00,00,00
101378,1,401,0,0,8,39,9C,00,00,47,00,00,00
101408,0,301,0,0,3,03,04,00
101408,0,404,0,0,2,22,00
101408,1,405,0,0,8,21,00,00,00,35,4C,41,31
101428,1,206,0,0,8,00,00,00,00,00,00,00,00
101448,1,202,0,0,8,E2,1C,00,00,33,99,05,00
101458,1,400,0,0,8,01,00,0C,00,00,00,00,00
101458,0,300,0,0,8,03,5A,64,5A,32,00,32,35
101458,0,301,0,0,3,54,05,00
101468,1,405,0,0,8,22,00,00,00,30,30,34,52
101468,0,300,0,0,8,03,5A,64,5A,32,00,32,36
101478,1,201,0,0,5,00,00,00,00,62
101508,0,301,0,0,3,F5,06,00
101508,0,300,0,0,8,03,5A,64,5A,32,00,32,37
101528,1,203,0,0,8,00,00,00,00,00,00,00,00
101548,1,401,0,0,8,39,9C,00,00,47,00,00,00
101558,1,206,0,0,8,00,00,00,00,00,00,00,00
101558,0,301,0,0,3,B8,07,00
101558,0,404,0,0,2,22,00
101558,1,400,0,0,8,01,00,0C,00,00,00,00,00
101568,1,201,0,0,5,00,00,00,00,62
101578,1,203,0,0,8,00,00,00,00,00,00,00,00
101598,0,300,0,0,8,03,5A,64,5A,32,00,32,F8
101608,0,301,0,0,3,80,08,00
101608,0,300,0,0,8,03,5A,64,5A,32,00,32,F9
101628,1,401,0,0,8,39,9C,00,00,47,00,00,00
101648,1,405,0,0,8,22,00,00,00,30,30,34,52
101658,1,206,0,0,8,00,00,00,00,00,00,00,00
101658,0,301,0,0,3,88,09,00
101658,0,404,0,0,2,22,00
101658,0,300,0,0,8,03,5A,64,5A,32,00,32,FA
101658,1,400,0,0,8,01,00,0C,00,00,00,00,00
101668,1,201,0,0,5,00,00,00,00,62
101678,1,203,0,0,8,00,00,00,00,00,00,00,00
101708,0,301,0,0,3,C6,0A,00
101708,0,300,0,0,8,03,5A,64,5A,32,00,32,FB
101728,1,401,0,0,8,3B,9C,00,00,47,00,00,00
101748,1,405,0,0,8,22,00,00,00,30,30,34,52
101758,1,206,0,0,8,00,00,00,00,00,00,00,00
101758,0,301,0,0,3,43,0B,00
101758,0,404,0,0,2,23,00
101758,1,400,0,0,8,01,00,0C,00,00,00,00,00
101768,1,201,0,0,5,00,00,00,00,62
101778,1,203,0,0,8,00,00,00,00,00,00,00,00
101788,0,300,0,0,8,03,5A,64,5A,32,00,32,BC
101808,0,301,0,0,3,B5,0C,00
101808,0,300,0,0,8,03,5A,64,5A,32,00,32,BD
101828,1,401,0,0,8,3B,9C,00,00,47,00,00,00
101838,1,405,0,0,8,23,00,00,00,4D,30,30,30
101848,1,206,0,0,8,00,00,00,00,00,00,00,00
101848,0,301,0,0,3,4E,0D,00
101858,1,400,0,0,8,01,00,0C,00,00,00,00,00
101858,0,404,0,0,2,23,00
101858,0,300,0,0,8,03,5A,64,5A,32,00,32,BE
101858,1,201,0,0,5,00,00,00,00,62
101868,1,403,0,0,8,64,00,00,00,40,E3,09,00
101878,1,203,0,0,8,00,00,00,00,00,00,00,00
101908,0,301,0,0,3,1D,0E,00
101908,0,404,0,0,2,24,00
101908,1,401,0,0,8,39,9C,00,00,47,00,00,00
101928,1,405,0,0,8,23,00,00,00,4D,30,30,30
101948,1,206,0,0,8,00,00,00,00,00,00,00,00
101958,1,400,0,0,8,01,00,0C,00,00,00,00,00
101958,0,300,0,0,8,03,5A,64,5A,32,00,32,BF
101958,0,301,0,0,3,E8,0F,00
101968,1,405,0,0,8,24,00,00,00,30,30,30,30
101968,0,300,0,0,8,03,5A,64,5A,32,00,32,70
101978,1,201,0,0,5,00,00,00,00,62
102008,0,301,0,0,3,E2,00,00
102008,0,300,0,0,8,03,5A,64,5A,32,00,32,71
102028,1,203,0,0,8,00,00,00,00,00,00,00,00
102048,1,401,0,0,8,39,9C,00,00,47,00,00,00
102058,0,301,0,0,3,B3,01,00
102058,0,404,0,0,2,24,00
102058,1,206,0,0,8,00,00,00,00,00,00,00,00
102058,1,400,0,0,8,01,00,0C,00,00,00,00,00
102068,1,201,0,0,5,00,00,00,00,62
102078,1,203,0,0,8,00,00,00,00,00,00,00,00
102108,0,300,0,0,8,03,5A,64,5A,32,00,32,72
102108,0,301,0,0,3,6B,02,00
102128,0,300,0,0,8,03,5A,64,5A,32,00,32,73
102128,1,401,0,0,8,39,9C,00,00,47,00,00,00
102148,1,405,0,0,8,24,00,00,00,30,30,30,30
102158,0,301,0,0,3,96,03,00
102158,0,300,0,0,8,03,5A,64,5A,32,00,32,34
102158,1,206,0,0,8,00,00,00,00,00,00,00,00
102168,0,301,0,0,3,03,04,00
102168,1,400,0,0,8,01,00,0C,00,00,00,00,00
102178,1,201,0,0,5,00,00,00,00,62
102208,0,404,0,0,2,24,00
102208,0,300,0,0,8,03,5A,64,5A,32,00,32,35
102208,1,203,0,0,8,00,00,00,00,00,00,00,00
102228,1,401,0,0,8,39,9C,00,00,47,00,00,00
102248,1,206,0,0,8,00,00,00,00,00,00,00,00
102258,0,301,0,0,3,54,05,00
102258,0,404,0,0,2,25,00
102258,1,400,0,0,8,01,00,0C,00,00,00,00,00
102258,1,405,0,0,8,24,00,00,00,30,30,30,30
102268,1,201,0,0,5,00,00,00,00,62
102278,1,203,0,0,8,00,00,00,00,00,00,00,00
102288,0,300,0,0,8,03,5A,64,5A,32,00,32,36
102308,0,301,0,0,3,F5,06,00
102308,0,300,0,0,8,03,5A,64,5A,32,00,32,37
102328,1,401,0,0,8,39,9C,00,00,47,00,00,00
102338,1,405,0,0,8,25,00,00,00,30,30,30,30
102348,1,206,0,0,8,00,00,00,00,00,00,00,00
102348,0,301,0,0,3,B8,07,00
102358,1,400,0,0,8,01,00,0C,00,00,00,00,00
102358,0,404,0,0,2,25,00
102358,0,300,0,0,8,03,5A,64,5A,32,00,32,F8
102358,1,201,0,0,5,00,00,00,00,62
102358,1,402,0,0,8,4E,00,00,00,F8,AB,07,00
102368,1,203,0,0,8,00,00,00,00,00,00,00,00
102368,1,204,0,0,8,00,00,00,00,00,00,00,00
102378,1,405,0,0,8,25,00,00,00,30,30,30,30
102378,1,401,0,0,8,3B,9C,00,00,47,00,00,00
102388,1,206,0,0,8,00,00,00,00,00,00,00,00
102408,1,202,0,0,8,E2,1D,00,00,33,99,05,00
102408,0,301,0,0,3,80,08,00
102408,0,404,0,0,2,26,00
102408,1,400,0,0,8,01,00,0C,00,00,00,00,00
102428,1,666,0,0,8,52,08,05,00,52,95,36,02
102448,1,665,0,0,8,00,00,00,53,4C,18,53,00
102458,0,300,0,0,8,03,5A,64,5A,32,00,32,F9
102458,0,301,0,0,3,88,09,00
102458,1,200,0,0,8,4E,00,F8,AB,07,00,01,00
102468,1,405,0,0,8,26,00,00,00,30,30,30,30
102478,0,300,0,0,8,03,5A,64,5A,32,00,32,FA
102478,1,201,0,0,5,00,00,00,00,62
102508,0,301,0,0,3,C6,0A,00
102508,0,300,0,0,8,03,5A,64,5A,32,00,32,FB
102528,1,203,0,0,8,00,00,00,00,00,00,00,00
102548,1,401,0,0,8,3B,9C,00,00,47,00,00,00
102558,0,301,0,0,3,43,0B,00
102558,0,404,0,0,2,26,00
102558,1,206,0,0,8,00,00,00,00,00,00,00,00
102558,1,400,0,0,8,01,00,0C,00,00,00,00,00
102568,1,201,0,0,5,00,00,00,00,62
102578,1,203,0,0,8,00,00,00,00,00,00,00,00
102608,0,300,0,0,8,03,5A,64,5A,32,00,32,BC
102608,0,301,0,0,3,B5,0C,00
102628,1,405,0,0,8,26,00,00,00,30,30,30,30
102628,0,300,0,0,8,03,5A,64,5A,32,00,32,BD
102648,1,401,0,0,8,3B,9C,00,00,47,00,00,00
102658,0,301,0,0,3,4E,0D,00
102658,0,300,0,0,8,03,5A,64,5A,32,00,32,BE
102658,0,301,0,0,3,1D,0E,00
102658,1,206,0,0,8,00,00,00,00,00,00,00,00
102668,1,400,0,0,8,01,00,0C,00,00,00,00,00
102678,1,201,0,0,5,00,00,00,00,62
102708,0,404,0,0,2,26,00
102708,0,300,0,0,8,03,5A,64,5A,32,00,32,BF
102708,1,203,0,0,8,00,00,00,00,00,00,00,00
102728,1,401,0,0,8,39,9C,00,00,47,00,00,00
102748,1,206,0,0,8,00,00,00,00,00,00,00,00
102758,0,301,0,0,3,E8,0F,00
102758,0,404,0,0,2,27,00
102758,1,400,0,0,8,01,00,0C,00,00,00,00,00
102758,1,405,0,0,8,26,00,00,00,30,30,30,30
102768,1,201,0,0,5,00,00,00,00,62
102778,1,203,0,0,8,00,00,00,00,00,00,00,00
102788,0,300,0,0,8,03,5A,64,5A,32,00,32,70
102808,0,301,0,0,3,E2,00,00
102808,0,300,0,0,8,03,5A,64,5A,32,00,32,71
102828,1,405,0,0,6,27,00,00,00,30,30
102838,1,401,0,0,8,39,9C,00,00,47,00,00,00
102848,1,206,0,0,8,00,00,00,00,00,00,00,00
102848,0,301,0,0,3,B3,01,00
102858,0,404,0,0,2,27,00
102858,0,300,0,0,8,03,5A,64,5A,32,00,32,72
102858,1,400,0,0,8,01,00,0C,00,00,00,00,00
102858,1,201,0,0,5,00,00,00,00,62
102868,1,403,0,0,8,64,00,00,00,40,E3,09,00
102878,1,203,0,0,8,00,00,00,00,00,00,00,00
102908,0,301,0,0,3,6B,02,00
102908,0,404,0,0,2,4C,00
102908,1,405,0,0,6,27,00,00,00,30,30
102928,1,401,0,0,8,3B,9C,00,00,47,00,00,00
102948,1,206,0,0,8,00,00,00,00,00,00,00,00
102958,0,300,0,0,8,03,5A,64,5A,32,00,32,73
102958,0,301,0,0,3,96,03,00
102958,1,400,0,0,8,01,00,0C,00,00,00,00,00
102968,1,405,0,0,8,4C,00,00,00,01,24,00,00
102968,0,300,0,0,8,03,5A,64,5A,32,00,32,34
102978,1,201,0,0,5,00,00,00,00,62
103008,0,301,0,0,3,03,04,00
103008,0,300,0,0,8,03,5A,64,5A,32,00,32,35
103028,1,203,0,0,8,00,00,00,00,00,00,00,00
103048,1,401,0,0,8,3B,9C,00,00,47,00,00,00
103058,0,301,0,0,3,54,05,00
103058,0,404,0,0,2,4C,00
103058,1,206,0,0,8,00,00,00,00,00,00,00,00
103058,1,400,0,0,8,01,00,0C,00,00,00,00,00
103068,1,201,0,0,5,00,00,00,00,62
103078,1,203,0,0,8,00,00,00,00,00,00,00,00
103108,0,300,0,0,8,03,5A,64,5A,32,00,32,36
103108,0,301,0,0,3,F5,06,00
103128,0,300,0,0,8,03,5A,64,5A,32,00,32,37
103128,1,405,0,0,8,4C,00,00,00,01,24,00,00
103148,1,401,0,0,8,3B,9C,00,00,47,00,00,00
103158,0,301,0,0,3,B8,07,00
103158,0,300,0,0,8,03,5A,64,5A,32,00,32,F8
103158,0,301,0,0,3,80,08,00
103158,1,206,0,0,8,00,00,00,00,00,00,00,00
103168,1,400,0,0,8,01,00,0C,00,00,00,00,00
103178,1,201,0,0,5,00,00,00,00,62
103208,0,404,0,0,2,4C,00
103208,0,300,0,0,8,03,5A,64,5A,32,00,32,F9
103208,1,203,0,0,8,00,00,00,00,00,00,00,00
103228,1,401,0,0,8,39,9C,00,00,47,00,00,00
103248,1,206,0,0,8,00,00,00,00,00,00,00,00
103258,0,301,0,0,3,88,09,00
103258,0,404,0,0,2,46,00
103258,1,400,0,0,8,01,00,0C,00,00,00,00,00
103258,1,405,0,0,8,4C,00,00,00,01,24,00,00
103268,1,201,0,0,5,00,00,00,00,62
103278,1,203,0,0,8,00,00,00,00,00,00,00,00
103288,0,300,0,0,8,03,5A,64,5A,32,00,32,FA
103308,0,301,0,0,3,C6,0A,00
103308,0,300,0,0,8,03,5A,64,5A,32,00,32,FB
103328,1,405,0,0,5,46,00,00,00,00
103338,1,401,0,0,8,39,9C,00,00,48,00,00,00
103348,1,206,0,0,8,00,00,00,00,00,00,00,00
103348,0,301,0,0,3,43,0B,00
103358,1,400,0,0,8,01,00,0C,00,00,00,00,00
103358,0,404,0,0,2,46,00
103358,0,300,0,0,8,03,5A,64,5A,32,00,32,BC
103358,1,201,0,0,5,00,00,00,00,62
103358,1,402,0,0,8,4E,00,00,00,F8,AB,07,00
103368,1,203,0,0,8,00,00,00,00,00,00,00,00
103368,1,204,0,0,8,00,00,00,00,00,00,00,00
103378,1,405,0,0,5,46,00,00,00,00
103408,0,301,0,0,3,B5,0C,00
103408,0,404,0,0,2,4D,00
103408,1,401,0,0,8,3B,9C,00,00,48,00,00,00
103428,1,206,0,0,8,00,00,00,00,00,00,00,00
103448,1,202,0,0,8,E2,1D,00,00,33,99,05,00
103458,0,300,0,0,8,03,5A,64,5A,32,00,32,BD
103458,0,301,0,0,3,4E,0D,00
103458,1,400,0,0,8,01,00,0C,00,00,00,00,00
103468,1,405,0,0,8,4D,00,00,00,00,00,00,00
103468,0,300,0,0,8,03,5A,64,5A,32,00,32,BE
103478,1,201,0,0,5,00,00,00,00,62
103508,0,301,0,0,3,1D,0E,00
103508,0,300,0,0,8,03,5A,64,5A,32,00,32,BF
103528,1,203,0,0,8,00,00,00,00,00,00,00,00
103548,1,401,0,0,8,3B,9C,00,00,48,00,00,00
103558,0,301,0,0,3,E8,0F,00
103558,0,404,0,0,2,4D,00
103558,1,206,0,0,8,00,00,00,00,00,00,00,00
103558,1,400,0,0,8,01,00,0C,00,00,00,00,00
103568,1,201,0,0,5,00,00,00,00,62
103578,1,203,0,0,8,00,00,00,00,00,00,00,00
103598,0,300,0,0,8,03,5A,64,5A,32,00,32,70
103608,0,301,0,0,3,E2,00,00
103608,0,300,0,0,8,03,5A,64,5A,32,00,32,71
103628,1,405,0,0,8,4D,00,00,00,00,00,00,00
103648,1,401,0,0,8,3B,9C,00,00,47,00,00,00
103658,0,301,0,0,3,B3,01,00
103658,0,404,0,0,2,4D,00
103658,1,206,0,0,8,00,00,00,00,00,00,00,00
103658,0,300,0,0,8,03,5A,64,5A,32,00,32,72
103658,1,400,0,0,8,01,00,0C,00,00,00,00,00
103668,1,201,0,0,5,00,00,00,00,62
103678,1,203,0,0,8,00,00,00,00,00,00,00,00
103708,0,301,0,0,3,6B,02,00
103708,0,300,0,0,8,03,5A,64,5A,32,00,32,73
103728,1,405,0,0,8,4D,00,00,00,00,00,00,00
103748,1,401,0,0,8,39,9C,00,00,47,00,00,00
103758,0,301,0,0,3,96,03,00
103758,0,404,0,0,2,50,00
103758,1,206,0,0,8,00,00,00,00,00,00,00,00
103758,1,400,0,0,8,01,00,0C,00,00,00,00,00
103768,1,201,0,0,5,00,00,00,00,62
103778,1,203,0,0,8,00,00,00,00,00,00,00,00
103788,0,300,0,0,8,03,5A,64,5A,32,00,32,34
103808,0,301,0,0,3,03,04,00
103808,0,300,0,0,8,03,5A,64,5A,32,00,32,35
103828,1,405,0,0,8,50,00,00,00,F0,00,F2,00
103838,1,401,0,0,8,39,9C,00,00,46,00,00,00
103848,1,206,0,0,8,00,00,00,00,00,00,00,00
103848,0,301,0,0,3,54,05,00
103858,0,404,0,0,2,50,00
103858,0,300,0,0,8,03,5A,64,5A,32,00,32,36
103858,1,400,0,0,8,01,00,0C,00,00,00,00,00
103858,1,201,0,0,5,00,00,00,00,62
103868,1,403,0,0,8,64,00,00,00,40,E3,09,00
103878,1,203,0,0,8,00,00,00,00,00,00,00,00
103908,0,301,0,0,3,F5,06,00
103908,0,404,0,0,2,02,00
103908,1,405,0,0,8,50,00,00,00,F0,00,F2,00
103928,1,401,0,0,8,39,9C,00,00,46,00,00,00
103948,1,206,0,0,8,00,00,00,00,00,00,00,00
103958,0,300,0,0,8,03,5A,64,5A,32,00,32,37
103958,0,301,0,0,3,B8,07,00
103958,1,400,0,0,8,01,00,0C,00,00,00,00,00
103968,1,405,0,0,8,02,00,00,00,53,49,43,54
103968,0,300,0,0,8,03,5A,64,5A,32,00,32,F8
103978,1,201,0,0,5,00,00,00,00,62
104008,0,301,0,0,3,80,08,00
104008,0,300,0,0,8,03,5A,64,5A,32,00,32,F9
104028,1,203,0,0,8,00,00,00,00,00,00,00,00
104048,1,401,0,0,8,39,9C,00,00,46,00,00,00
104058,0,301,0,0,3,88,09,00
104058,0,404,0,0,2,02,00
104058,1,206,0,0,8,00,00,00,00,00,00,00,00
104058,1,400,0,0,8,01,00,0C,00,00,00,00,00
104068,1,201,0,0,5,00,00,00,00,62
104078,1,203,0,0,8,00,00,00,00,00,00,00,00
104098,0,300,0,0,8,03,5A,64,5A,32,00,32,FA
104108,0,301,0,0,3,C6,0A,00
104108,0,300,0,0,8,03,5A,64,5A,32,00,32,FB
104128,1,405,0,0,8,02,00,00,00,53,49,43,54
104148,1,401,0,0,8,39,9C,00,00,47,00,00,00
104158,0,301,0,0,3,43,0B,00
104158,0,404,0,0,2,02,00
104158,1,206,0,0,8,00,00,00,00,00,00,00,00
104158,0,300,0,0,8,03,5A,64,5A,32,00,32,BC
104158,1,400,0,0,8,01,00,0C,00,00,00,00,00
104168,1,201,0,0,5,00,00,00,00,62
104178,1,203,0,0,8,00,00,00,00,00,00,00,00
104208,0,301,0,0,3,B5,0C,00
104208,0,300,0,0,8,03,5A,64,5A,32,00,32,BD
104228,1,405,0,0,8,02,00,00,00,53,49,43,54
104248,1,401,0,0,8,3B,9C,00,00,47,00,00,00
104258,0,301,0,0,3,4E,0D,00
104258,0,404,0,0,2,0A,00
104258,1,206,0,0,8,00,00,00,00,00,00,00,00
104258,1,400,0,0,8,01,00,0C,00,00,00,00,00
104268,1,201,0,0,5,00,00,00,00,62
104278,1,203,0,0,8,00,00,00,00,00,00,00,00
104288,0,300,0,0,8,03,5A,64,5A,32,00,32,BE
104308,0,301,0,0,3,1D,0E,00
104308,0,300,0,0,8,03,5A,64,5A,32,00,32,BF
104328,1,405,0,0,8,0A,00,00,00,30,3A,00,00
104338,1,401,0,0,8,3B,9C,00,00,47,00,00,00
104348,1,206,0,0,8,00,00,00,00,00,00,00,00
104348,0,301,0,0,3,E8,0F,00
104358,1,400,0,0,8,01,00,0C,00,00,00,00,00
104358,0,404,0,0,2,0A,00
104358,0,300,0,0,8,03,5A,64,5A,32,00,32,70
104358,1,201,0,0,5,00,00,00,00,62
104358,1,402,0,0,8,4E,00,00,00,F8,AB,07,00
104368,1,203,0,0,8,00,00,00,00,00,00,00,00
104368,1,204,0,0,8,00,00,00,00,00,00,00,00
104378,1,405,0,0,8,0A,00,00,00,30,3A,00,00
104408,0,301,0,0,3,E2,00,00
104408,0,404,0,0,2,04,00
104408,1,401,0,0,8,39,9C,00,00,47,00,00,00
104428,1,206,0,0,8,00,00,00,00,00,00,00,00
104448,1,202,0,0,8,E2,1D,00,00,33,99,05,00
104458,0,300,0,0,8,03,5A,64,5A,32,00,32,71
104458,0,301,0,0,3,B3,01,00
104458,1,400,0,0,8,01,00,0C,00,00,00,00,00
104468,1,405,0,0,7,04,0,00,00,16,09,02
104468,0,300,0,0,8,03,5A,64,5A,32,00,32,72
104478,1,201,0,0,5,00,00,00,00,62
104508,0,301,0,0,3,6B,02,00
104508,0,300,0,0,8,03,5A,64,5A,32,00,32,73
104528,1,203,0,0,8,00,00,00,00,00,00,00,00
104548,1,401,0,0,8,39,9C,00,00,47,00,00,00
104558,0,301,0,0,3,96,03,00
104558,0,404,0,0,2,04,00
104558,1,206,0,0,8,00,00,00,00,00,00,00,00
104568,1,400,0,0,8,01,00,0C,00,00,00,00,00
104568,1,201,0,0,5,00,00,00,00,62
104588,1,203,0,0,8,00,00,00,00,00,00,00,00
104598,0,300,0,0,8,03,5A,64,5A,32,00,32,34
104608,0,301,0,0,3,03,04,00
104608,0,300,0,0,8,03,5A,64,5A,32,00,32,35
104628,1,405,0,0,7,04,0,00,00,16,09,02
104648,1,401,0,0,8,39,9C,00,00,47,00,00,00
104658,0,301,0,0,3,54,05,00
104658,0,404,0,0,2,04,00
104658,1,206,0,0,8,00,00,00,00,00,00,00,00
104668,1,400,0,0,8,01,00,0C,00,00,00,00,00
104668,0,300,0,0,8,03,5A,64,5A,32,00,32,36
104668,1,201,0,0,5,00,00,00,00,62
104688,1,203,0,0,8,00,00,00,00,00,00,00,00
104708,0,301,0,0,3,F5,06,00
104708,0,300,0,0,8,03,5A,64,5A,32,00,32,37
104728,1,405,0,0,7,04,0,00,00,16,09,02
104748,1,401,0,0,8,39,9C,00,00,47,00,00,00
104758,0,301,0,0,3,B8,07,00
104758,0,404,0,0,2,B0,01
104758,1,206,0,0,8,00,00,00,00,00,00,00,00
104768,1,400,0,0,8,01,00,0C,00,00,00,00,00
104768,1,201,0,0,5,00,00,00,00,62
104788,0,300,0,0,8,03,5A,64,5A,32,00,32,F8
104788,1,203,0,0,8,00,00,00,00,00,00,00,00
104808,0,301,0,0,3,80,08,00
104808,0,300,0,0,8,03,5A,64,5A,32,00,32,F9
104828,1,405,0,0,6,B0,01,00,00,00,00
104848,1,401,0,0,8,39,9C,00,00,47,00,00,00
104848,1,206,0,0,8,00,00,00,00,00,00,00,00
104848,0,301,0,0,3,88,09,00
104858,0,404,0,0,2,B0,01
104858,0,300,0,0,8,03,5A,64,5A,32,00,32,FA
104858,1,400,0,0,8,01,00,0C,00,00,00,00,00
104868,1,201,0,0,5,00,00,00,00,62
104868,1,403,0,0,8,64,00,00,00,40,E3,09,00
104888,1,203,0,0,8,00,00,00,00,00,00,00,00
104908,0,301,0,0,3,C6,0A,00
104908,0,404,0,0,2,B1,01
104908,1,405,0,0,6,B0,01,00,00,00,00
104928,1,401,0,0,8,3B,9C,00,00,47,00,00,00
104948,1,206,0,0,8,00,00,00,00,00,00,00,00
104958,0,300,0,0,8,03,5A,64,5A,32,00,32,FB
104958,0,301,0,0,3,43,0B,00
104968,1,400,0,0,8,01,00,0C,00,00,00,00,00
104968,1,405,0,0,6,B1,01,00,00,00,00
104978,0,300,0,0,8,03,5A,64,5A,32,00,32,BC
104988,1,201,0,0,5,00,00,00,00,62
105008,0,301,0,0,3,B5,0C,00
105008,0,300,0,0,8,03,5A,64,5A,32,00,32,BD
105028,1,203,0,0,8,00,00,00,00,00,00,00,00
105048,1,401,0,0,8,3B,9C,00,00,46,00,00,00
105058,0,301,0,0,3,4E,0D,00
105058,0,404,0,0,2,B1,01
105058,1,206,0,0,8,00,00,00,00,00,00,00,00
105068,1,400,0,0,8,01,00,0C,00,00,00,00,00
105068,1,201,0,0,5,00,00,00,00,62
105088,1,203,0,0,8,00,00,00,00,00,00,00,00
105098,0,300,0,0,8,03,5A,64,5A,32,00,32,BE
105108,0,301,0,0,3,1D,0E,00
105108,0,300,0,0,8,03,5A,64,5A,32,00,32,BF
105128,1,405,0,0,6,B1,01,00,00,00,00
105148,1,401,0,0,8,3B,9C,00,00,46,00,00,00
105158,0,301,0,0,3,E8,0F,00
105158,0,404,0,0,2,B1,01
105158,1,206,0,0,8,00,00,00,00,00,00,00,00
105168,1,400,0,0,8,01,00,0C,00,00,00,00,00
105168,1,201,0,0,5,00,00,00,00,62
105188,1,203,0,0,8,00,00,00,00,00,00,00,00
105208,0,300,0,0,8,03,5A,64,5A,32,00,32,70
105208,0,301,0,0,3,E2,00,00
105228,1,405,0,0,6,B1,01,00,00,00,00
105248,1,401,0,0,8,3B,9C,00,00,46,00,00,00
105258,0,300,0,0,8,03,5A,64,5A,32,00,32,71
105258,0,301,0,0,3,B3,01,00
105268,1,206,0,0,8,00,00,00,00,00,00,00,00
105268,1,400,0,0,8,01,00,0C,00,00,00,00,00
105288,1,201,0,0,5,00,00,00,00,62
105308,0,300,0,0,8,03,5A,64,5A,32,00,32,72
105308,0,301,0,0,3,6B,02,00
105328,1,203,0,0,8,00,00,00,00,00,00,00,00
105348,1,401,0,0,8,3B,9C,00,00,47,00,00,00
105348,1,206,0,0,8,00,00,00,00,00,00,00,00
105358,1,400,0,0,8,01,00,0C,00,00,00,00,00
105358,0,300,0,0,8,03,5A,64,5A,32,00,32,73
105358,0,301,0,0,3,96,03,00
105368,1,201,0,0,5,00,00,00,00,62
105368,1,203,0,0,8,00,00,00,00,00,00,00,00
105368,1,402,0,0,8,4E,00,00,00,F8,AB,07,00
105378,1,204,0,0,8,00,00,00,00,00,00,00,00
105388,1,401,0,0,8,39,9C,00,00,47,00,00,00
105388,1,206,0,0,8,00,00,00,00,00,00,00,00
105408,1,202,0,0,8,E2,1D,00,00,33,99,05,00
105408,0,300,0,0,8,03,5A,64,5A,32,00,32,34
105408,0,301,0,0,3,03,04,00
105428,1,666,0,0,8,52,08,05,00,52,95,36,02
105448,1,400,0,0,8,01,00,0C,00,00,00,00,00
105458,0,300,0,0,8,03,5A,64,5A,32,00,32,35
105458,0,301,0,0,3,54,05,00
105468,1,665,0,0,8,00,00,00,53,4C,18,53,00
105468,1,200,0,0,8,4E,00,F8,AB,07,00,02,00
105488,1,201,0,0,5,00,00,00,00,62
105508,0,300,0,0,8,03,5A,64,5A,32,00,32,36
105508,0,301,0,0,3,F5,06,00
105528,1,203,0,0,8,00,00,00,00,00,00,00,00
105548,1,401,0,0,8,39,9C,00,00,47,00,00,00
105558,0,300,0,0,8,03,5A,64,5A,32,00,32,37
105558,0,301,0,0,3,B8,07,00
105568,1,206,0,0,8,00,00,00,00,00,00,00,00
105568,1,400,0,0,8,01,00,0C,00,00,00,00,00
105588,1,201,0,0,5,00,00,00,00,62
105608,0,300,0,0,8,03,5A,64,5A,32,00,32,F8
105608,0,301,0,0,3,80,08,00
105628,1,203,0,0,8,00,00,00,00,00,00,00,00
105648,1,401,0,0,8,39,9C,00,00,47,00,00,00
105658,0,300,0,0,8,03,5A,64,5A,32,00,32,F9
105658,0,301,0,0,3,88,09,00
105668,1,206,0,0,8,00,00,00,00,00,00,00,00
105668,1,400,0,0,8,01,00,0C,00,00,00,00,00
105688,1,201,0,0,5,00,00,00,00,62
105708,0,300,0,0,8,03,5A,64,5A,32,00,32,FA
105708,0,301,0,0,3,C6,0A,00
105728,1,203,0,0,8,00,00,00,00,00,00,00,00
105748,1,401,0,0,8,39,9C,00,00,47,00,00,00
105758,0,300,0,0,8,03,5A,64,5A,32,00,32,FB
105758,0,301,0,0,3,43,0B,00
105768,1,206,0,0,8,00,00,00,00,00,00,00,00
105768,1,400,0,0,8,01,00,0C,00,00,00,00,00
105788,1,201,0,0,5,00,00,00,00,62
105808,0,300,0,0,8,03,5A,64,5A,32,00,32,BC
105808,0,301,0,0,3,B5,0C,00
105828,1,203,0,0,8,00,00,00,00,00,00,00,00
105848,1,401,0,0,8,39,9C,00,00,47,00,00,00
105848,1,206,0,0,8,00,00,00,00,00,00,00,00
105858,0,300,0,0,8,03,5A,64,5A,32,00,32,BD
105858,0,301,0,0,3,4E,0D,00
105868,1,400,0,0,8,01,00,0C,00,00,00,00,00
105868,1,201,0,0,5,00,00,00,00,62
105888,1,203,0,0,8,00,00,00,00,00,00,00,00
105908,0,300,0,0,8,03,5A,64,5A,32,00,32,BE
105908,0,301,0,0,3,1D,0E,00
105928,1,403,0,0,8,64,00,00,00,40,E3,09,00
105948,1,401,0,0,8,39,9C,00,00,47,00,00,00
105958,0,300,0,0,8,03,5A,64,5A,32,00,32,BF
105958,0,301,0,0,3,E8,0F,00
105968,1,206,0,0,8,00,00,00,00,00,00,00,00
105968,1,400,0,0,8,01,00,0C,00,00,00,00,00
105988,1,201,0,0,5,00,00,00,00,62
106008,0,300,0,0,8,03,5A,64,5A,32,00,32,70
106008,0,301,0,0,3,E2,00,00
106028,1,203,0,0,8,00,00,00,00,00,00,00,00
106048,1,401,0,0,8,39,9C,00,00,46,00,00,00
106058,0,300,0,0,8,03,5A,64,5A,32,00,32,71
106058,0,301,0,0,3,B3,01,00
106068,1,206,0,0,8,00,00,00,00,00,00,00,00
106068,1,400,0,0,8,01,00,0C,00,00,00,00,00
106088,1,201,0,0,5,00,00,00,00,62
106108,0,300,0,0,8,03,5A,64,5A,32,00,32,72
106108,0,301,0,0,3,6B,02,00
106128,1,203,0,0,8,00,00,00,00,00,00,00,00
106148,1,401,0,0,8,39,9C,00,00,46,00,00,00
106158,0,300,0,0,8,03,5A,64,5A,32,00,32,73
106158,0,301,0,0,3,96,03,00
106168,1,206,0,0,8,00,00,00,00,00,00,00,00
106168,1,400,0,0,8,01,00,0C,00,00,00,00,00
106188,1,201,0,0,5,00,00,00,00,62
106208,0,300,0,0,8,03,5A,64,5A,32,00,32,34
106208,0,301,0,0,3,03,04,00
106228,1,203,0,0,8,00,00,00,00,00,00,00,00
106248,1,401,0,0,8,39,9C,00,00,46,00,00,00
106258,0,300,0,0,8,03,5A,64,5A,32,00,32,35
106258,0,301,0,0,3,54,05,00
106268,1,206,0,0,8,00,00,00,00,00,00,00,00
106268,1,400,0,0,8,01,00,0C,00,00,00,00,00
106288,1,201,0,0,5,00,00,00,00,62
106308,0,300,0,0,8,03,5A,64,5A,32,00,32,36
106308,0,301,0,0,3,F5,06,00
106328,1,203,0,0,8,00,00,00,00,00,00,00,00
106348,1,401,0,0,8,39,9C,00,00,47,00,00,00
106348,1,206,0,0,8,00,00,00,00,00,00,00,00
106358,1,400,0,0,8,01,00,0C,00,00,00,00,00
106358,0,300,0,0,8,03,5A,64,5A,32,00,32,37
106358,0,301,0,0,3,B8,07,00
106368,1,201,0,0,5,00,00,00,00,62
106368,1,203,0,0,8,00,00,00,00,00,00,00,00
106368,1,402,0,0,8,4E,00,00,00,F8,AB,07,00
106388,1,204,0,0,8,00,00,00,00,00,00,00,00
106408,0,300,0,0,8,03,5A,64,5A,32,00,32,F8
106408,0,301,0,0,3,80,08,00
106428,1,401,0,0,8,39,9C,00,00,47,00,00,00
106448,1,206,0,0,8,00,00,00,00,00,00,00,00
106458,0,300,0,0,8,03,5A,64,5A,32,00,32,F9
106458,0,301,0,0,3,88,09,00
106468,1,202,0,0,8,E2,1D,00,00,33,99,05,00
106468,1,400,0,0,8,01,00,0C,00,00,00,00,00
106488,1,201,0,0,5,00,00,00,00,62
106508,0,300,0,0,8,03,5A,64,5A,32,00,32,FA
106508,0,301,0,0,3,C6,0A,00
106528,1,203,0,0,8,00,00,00,00,00,00,00,00
106548,1,401,0,0,8,39,9C,00,00,47,00,00,00
106558,0,300,0,0,8,03,5A,64,5A,32,00,32,FB
106558,0,301,0,0,3,43,0B,00
106568,1,206,0,0,8,00,00,00,00,00,00,00,00
106568,1,400,0,0,8,01,00,0C,00,00,00,00,00
106588,1,201,0,0,5,00,00,00,00,62
106608,0,300,0,0,8,03,5A,64,5A,32,00,32,BC
106608,0,301,0,0,3,B5,0C,00
106628,1,203,0,0,8,00,00,00,00,00,00,00,00
106648,1,401,0,0,8,39,9C,00,00,47,00,00,00
106658,0,300,0,0,8,03,5A,64,5A,32,00,32,BD
106658,0,301,0,0,3,4E,0D,00
106668,1,206,0,0,8,00,00,00,00,00,00,00,00
106668,1,400,0,0,8,01,00,0C,00,00,00,00,00
106688,1,201,0,0,5,00,00,00,00,62
106708,0,300,0,0,8,03,5A,64,5A,32,00,32,BE
106708,0,301,0,0,3,1D,0E,00
106728,1,203,0,0,8,00,00,00,00,00,00,00,00
106748,1,401,0,0,8,39,9C,00,00,47,00,00,00
106758,0,300,0,0,8,03,5A,64,5A,32,00,32,BF
106758,0,301,0,0,3,E8,0F,00
106768,1,206,0,0,8,00,00,00,00,00,00,00,00
106768,1,400,0,0,8,01,00,0C,00,00,00,00,00
106788,1,201,0,0,5,00,00,00,00,62
106808,0,300,0,0,8,03,5A,64,5A,32,00,32,70
106808,0,301,0,0,3,E2,00,00
106828,1,203,0,0,8,00,00,00,00,00,00,00,00
106848,1,401,0,0,8,39,9C,00,00,47,00,00,00
106848,1,206,0,0,8,00,00,00,00,00,00,00,00
106858,0,300,0,0,8,03,5A,64,5A,32,00,32,71
106858,0,301,0,0,3,B3,01,00
106868,1,400,0,0,8,01,00,0C,00,00,00,00,00
106868,1,201,0,0,5,00,00,00,00,62
106888,1,203,0,0,8,00,00,00,00,00,00,00,00
106908,0,300,0,0,8,03,5A,64,5A,32,00,32,72
106908,0,301,0,0,3,6B,02,00
106928,1,403,0,0,8,64,00,00,00,40,E3,09,00
106948,1,401,0,0,8,39,9C,00,00,47,00,00,00
106958,0,300,0,0,8,03,5A,64,5A,32,00,32,73
106958,0,301,0,0,3,96,03,00
106968,1,206,0,0,8,00,00,00,00,00,00,00,00
106968,1,400,0,0,8,01,00,0C,00,00,00,00,00
106988,1,201,0,0,5,00,00,00,00,62
107008,0,300,0,0,8,03,5A,64,5A,32,00,32,34
107008,0,301,0,0,3,03,04,00
107028,1,203,0,0,8,00,00,00,00,00,00,00,00
107048,1,401,0,0,8,39,9C,00,00,47,00,00,00
107058,0,300,0,0,8,03,5A,64,5A,32,00,32,35
107058,0,301,0,0,3,54,05,00
107068,1,206,0,0,8,00,00,00,00,00,00,00,00
107068,1,400,0,0,8,01,00,0C,00,00,00,00,00
107088,1,201,0,0,5,00,00,00,00,62
107108,0,300,0,0,8,03,5A,64,5A,32,00,32,36
107108,0,301,0,0,3,F5,06,00
107128,1,203,0,0,8,00,00,00,00,00,00,00,00
107148,1,206,0,0,8,00,00,00,00,00,00,00,00
107158,0,300,0,0,8,03,5A,64,5A,32,00,32,37
107158,0,301,0,0,3,B8,07,00
107168,1,401,0,0,8,39,9C,00,00,47,00,00,00
107168,1,400,0,0,8,01,00,0C,00,00,00,00,00
107188,1,201,0,0,5,00,00,00,00,62
107208,0,300,0,0,8,03,5A,64,5A,32,00,32,F8
107208,0,301,0,0,3,80,08,00
107228,1,203,0,0,8,00,00,00,00,00,00,00,00
107248,1,206,0,0,8,00,00,00,00,00,00,00,00
107258,0,300,0,0,8,03,5A,64,5A,32,00,32,F9
107258,0,301,0,0,3,88,09,00
107268,1,401,0,0,8,39,9C,00,00,47,00,00,00
107268,1,400,0,0,8,01,00,0C,00,00,00,00,00
107288,1,201,0,0,5,00,00,00,00,62
107308,0,300,0,0,8,03,5A,64,5A,32,00,32,FA
107308,0,301,0,0,3,C6,0A,00
107328,1,203,0,0,8,00,00,00,00,00,00,00,00
107348,1,206,0,0,8,00,00,00,00,00,00,00,00
107348,1,401,0,0,8,39,9C,00,00,47,00,00,00
107358,1,400,0,0,8,01,00,0C,00,00,00,00,00
107358,0,300,0,0,8,03,5A,64,5A,32,00,32,FB
107358,0,301,0,0,3,43,0B,00
107368,1,201,0,0,5,00,00,00,00,62
107368,1,203,0,0,8,00,00,00,00,00,00,00,00
107368,1,402,0,0,8,4E,00,00,00,F8,AB,07,00
107388,1,204,0,0,8,00,00,00,00,00,00,00,00
107408,0,300,0,0,8,03,5A,64,5A,32,00,32,BC
107408,0,301,0,0,3,B5,0C,00
107428,1,206,0,0,8,00,00,00,00,00,00,00,00
107448,1,202,0,0,8,E2,1D,00,00,33,99,05,00
107458,0,300,0,0,8,03,5A,64,5A,32,00,32,BD
107458,0,301,0,0,3,4E,0D,00
107468,1,401,0,0,8,3B,9C,00,00,47,00,00,00
107468,1,400,0,0,8,01,00,0C,00,00,00,00,00
107488,1,201,0,0,5,00,00,00,00,62
107508,0,300,0,0,8,03,5A,64,5A,32,00,32,BE
107508,0,301,0,0,3,1D,0E,00
107528,1,203,0,0,8,00,00,00,00,00,00,00,00
107548,1,206,0,0,8,00,00,00,00,00,00,00,00
107558,0,300,0,0,8,03,5A,64,5A,32,00,32,BF
107558,0,301,0,0,3,E8,0F,00
107568,1,401,0,0,8,3B,9C,00,00,47,00,00,00
107568,1,400,0,0,8,01,00,0C,00,00,00,00,00
107588,1,201,0,0,5,00,00,00,00,62
107608,0,300,0,0,8,03,5A,64,5A,32,00,32,70
107608,0,301,0,0,3,E2,00,00
107628,1,203,0,0,8,00,00,00,00,00,00,00,00
107648,1,206,0,0,8,00,00,00,00,00,00,00,00
107658,0,300,0,0,8,03,5A,64,5A,32,00,32,71
107658,0,301,0,0,3,B3,01,00
107668,1,401,0,0,8,3B,9C,00,00,47,00,00,00
107668,1,400,0,0,8,01,00,0C,00,00,00,00,00
107688,1,201,0,0,5,00,00,00,00,62
107708,0,300,0,0,8,03,5A,64,5A,32,00,32,72
107708,0,301,0,0,3,6B,02,00
107728,1,203,0,0,8,00,00,00,00,00,00,00,00
107748,1,206,0,0,8,00,00,00,00,00,00,00,00
107758,0,300,0,0,8,03,5A,64,5A,32,00,32,73
107758,0,301,0,0,3,96,03,00
107768,1,401,0,0,8,3B,9C,00,00,47,00,00,00
107768,1,400,0,0,8,01,00,0C,00,00,00,00,00
107788,1,201,0,0,5,00,00,00,00,62
107808,0,300,0,0,8,03,5A,64,5A,32,00,32,34
107808,0,301,0,0,3,03,04,00
107828,1,203,0,0,8,00,00,00,00,00,00,00,00
107848,1,206,0,0,8,00,00,00,00,00,00,00,00
107848,1,401,0,0,8,3B,9C,00,00,47,00,00,00
107858,0,300,0,0,8,03,5A,64,5A,32,00,32,35
107858,0,301,0,0,3,54,05,00
107868,1,400,0,0,8,01,00,0C,00,00,00,00,00
107868,1,201,0,0,5,00,00,00,00,62
107888,1,203,0,0,8,00,00,00,00,00,00,00,00
107908,0,300,0,0,8,03,5A,64,5A,32,00,32,36
107908,0,301,0,0,3,F5,06,00
107928,1,403,0,0,8,64,00,00,00,40,E3,09,00
107948,1,206,0,0,8,00,00,00,00,00,00,00,00
107948,0,300,0,0,8,03,5A,64,5A,32,00,32,37
107958,0,301,0,0,3,B8,07,00
107958,0,300,0,0,8,03,5A,64,5A,32,00,32,F8
107968,1,401,0,0,8,39,9C,00,00,47,00,00,00
107968,1,400,0,0,8,01,00,0C,00,00,00,00,00
107988,1,201,0,0,5,00,00,00,00,62
108008,0,301,0,0,3,80,08,00
108008,0,404,0,0,2,4A,00
108008,1,203,0,0,8,00,00,00,00,00,00,00,00
108028,1,206,0,0,8,00,00,00,00,00,00,00,00
108048,1,401,0,0,8,39,9C,00,00,47,00,00,00
108058,0,300,0,0,8,03,5A,64,5A,32,00,32,F9
108058,0,301,0,0,3,88,09,00
108068,0,300,0,0,8,03,5A,64,5A,32,00,32,FA
108068,1,400,0,0,8,01,00,0C,00,00,00,00,00
108068,1,405,0,0,8,4A,00,00,00,06,00,00,00
108088,1,201,0,0,5,00,00,00,00,62
108098,0,301,0,0,3,C6,0A,00
108108,0,300,0,0,8,03,5A,64,5A,32,00,32,FB
108108,0,301,0,0,3,43,0B,00
108128,1,203,0,0,8,00,00,00,00,00,00,00,00
108148,1,206,0,0,8,00,00,00,00,00,00,00,00
108158,0,404,0,0,2,4A,00
108158,0,404,0,0,2,02,30
108158,1,401,0,0,8,39,9C,00,00,47,00,00,00
108158,1,400,0,0,8,01,00,0C,00,00,00,00,00
108168,1,201,0,0,5,00,00,00,00,62
108168,1,203,0,0,8,00,00,00,00,00,00,00,00
108188,1,405,0,0,8,4A,00,00,00,06,00,00,00
108208,0,300,0,0,8,03,5A,64,5A,32,00,32,BC
108208,0,301,0,0,3,B5,0C,00
108218,0,300,0,0,8,03,5A,64,5A,32,00,32,BD
108228,1,405,0,0,7,02,48,00,00,00,00,00
108248,1,206,0,0,8,00,00,00,00,00,00,00,00
108258,0,301,0,0,3,4E,0D,00
108258,0,300,0,0,8,03,5A,64,5A,32,00,32,BE
108258,0,301,0,0,3,1D,0E,00
108268,1,401,0,0,8,39,9C,00,00,47,00,00,00
108268,1,400,0,0,8,01,00,0C,00,00,00,00,00
108288,1,201,0,0,5,00,00,00,00,62
108308,0,404,0,0,2,02,30
108308,0,300,0,0,8,03,5A,64,5A,32,00,32,BF
108308,1,203,0,0,8,00,00,00,00,00,00,00,00
108328,1,206,0,0,8,00,00,00,00,00,00,00,00
108348,1,401,0,0,8,39,9C,00,00,47,00,00,00
108348,1,400,0,0,8,01,00,0C,00,00,00,00,00
108358,1,405,0,0,7,02,48,00,00,00,00,00
108358,0,301,0,0,3,E8,0F,00
108358,0,404,0,0,2,44,00
108358,1,201,0,0,5,00,00,00,00,62
108368,1,203,0,0,8,00,00,00,00,00,00,00,00
108368,1,402,0,0,8,4E,00,00,00,F8,AB,07,00
108368,1,204,0,0,8,00,00,00,00,00,00,00,00
108378,0,300,0,0,8,03,5A,64,5A,32,00,32,70
108378,1,405,0,0,6,44,00,00,00,50,46
108388,1,206,0,0,8,00,00,00,00,00,00,00,00
108388,1,202,0,0,8,E2,1D,00,00,33,99,05,00
108408,1,401,0,0,8,39,9C,00,00,47,00,00,00
108408,0,301,0,0,3,E2,00,00
108408,0,300,0,0,8,03,5A,64,5A,32,00,32,71
108418,0,301,0,0,3,B3,01,00
108428,1,666,0,0,8,52,08,05,00,52,95,36,02
108448,1,400,0,0,8,01,00,0C,00,00,00,00,00
108458,0,404,0,0,2,44,00
108458,0,300,0,0,8,03,5A,64,5A,32,00,32,72
108458,1,665,0,0,8,00,00,00,53,4C,18,53,00
108468,1,200,0,0,8,4E,00,F8,AB,07,00,00,00
108468,1,201,0,0,5,00,00,00,00,62
108488,1,203,0,0,8,00,00,00,00,00,00,00,00
108508,0,301,0,0,3,6B,02,00
108508,0,404,0,0,2,01,00
108508,1,405,0,0,6,44,00,00,00,50,46
108528,1,206,0,0,8,00,00,00,00,00,00,00,00
108538,0,300,0,0,8,03,5A,64,5A,32,00,32,73
108548,1,401,0,0,8,39,9C,00,00,47,00,00,00
108558,0,301,0,0,3,96,03,00
108558,0,300,0,0,8,03,5A,64,5A,32,00,32,34
108568,1,400,0,0,8,01,00,0C,00,00,00,00,00
108568,1,405,0,0,8,01,00,00,00,00,04,06,04
108588,1,201,0,0,5,00,00,00,00,62
108598,0,301,0,0,3,03,04,00
108608,0,404,0,0,2,01,00
108608,0,300,0,0,8,03,5A,64,5A,32,00,32,35
108608,1,203,0,0,8,00,00,00,00,00,00,00,00
108628,1,206,0,0,8,00,00,00,00,00,00,00,00
108648,1,401,0,0,8,39,9C,00,00,47,00,00,00
108658,0,301,0,0,3,54,05,00
108658,0,404,0,0,2,A3,01
108658,1,400,0,0,8,01,00,0C,00,00,00,00,00
108668,1,405,0,0,8,01,00,00,00,00,04,06,04
108668,1,201,0,0,5,00,00,00,00,62
108688,1,203,0,0,8,00,00,00,00,00,00,00,00
108708,0,300,0,0,8,03,5A,64,5A,32,00,32,36
108708,0,301,0,0,3,F5,06,00
108728,0,300,0,0,8,03,5A,64,5A,32,00,32,37
108728,1,405,0,0,5,A3,01,00,00,06
108748,1,206,0,0,8,00,00,00,00,00,00,00,00
108748,0,301,0,0,3,B8,07,00
108758,0,300,0,0,8,03,5A,64,5A,32,00,32,F8
108758,0,301,0,0,3,80,08,00
108768,1,401,0,0,8,3B,9C,00,00,47,00,00,00
108768,1,400,0,0,8,01,00,0C,00,00,00,00,00
108788,1,201,0,0,5,00,00,00,00,62
108808,0,404,0,0,2,A3,01
108808,0,404,0,0,2,20,00
108808,1,203,0,0,8,00,00,00,00,00,00,00,00
108808,1,206,0,0,8,00,00,00,00,00,00,00,00
108838,1,401,0,0,8,3B,9C,00,00,47,00,00,00
108848,1,400,0,0,8,01,00,0C,00,00,00,00,00
108848,1,405,0,0,5,A3,01,00,00,06
108858,0,300,0,0,8,03,5A,64,5A,32,00,32,F9
108858,0,301,0,0,3,88,09,00
108868,1,405,0,0,8,20,00,00,00,32,33,36,47
108868,1,201,0,0,5,00,00,00,00,62
108878,0,300,0,0,8,03,5A,64,5A,32,00,32,FA
108888,1,203,0,0,8,00,00,00,00,00,00,00,00
108908,0,301,0,0,3,C6,0A,00
108908,0,300,0,0,8,03,5A,64,5A,32,00,32,FB
108938,1,403,0,0,8,64,00,00,00,40,E3,09,00
108948,1,206,0,0,8,00,00,00,00,00,00,00,00
108958,0,301,0,0,3,43,0B,00
108958,0,404,0,0,2,20,00
108958,1,401,0,0,8,37,9C,00,00,47,00,00,00
108968,1,400,0,0,8,01,00,0C,00,00,00,00,00
108978,1,201,0,0,5,00,00,00,00,62
108998,1,203,0,0,8,00,00,00,00,00,00,00,00
108998,0,300,0,0,8,03,5A,64,5A,32,00,32,BC
109008,0,301,0,0,3,B5,0C,00
109008,0,300,0,0,8,03,5A,64,5A,32,00,32,BD
109038,1,405,0,0,8,20,00,00,00,32,33,36,47
109048,1,206,0,0,8,00,00,00,00,00,00,00,00
109058,0,301,0,0,3,4E,0D,00
109058,0,404,0,0,2,20,00
109058,1,401,0,0,8,37,9C,00,00,47,00,00,00
109068,0,300,0,0,8,03,5A,64,5A,32,00,32,BE
109068,1,400,0,0,8,01,00,0C,00,00,00,00,00
109078,1,201,0,0,5,00,00,00,00,62
109098,1,203,0,0,8,00,00,00,00,00,00,00,00
109108,0,301,0,0,3,1D,0E,00
109108,0,300,0,0,8,03,5A,64,5A,32,00,32,BF
109138,1,405,0,0,8,20,00,00,00,32,33,36,47
109148,1,206,0,0,8,00,00,00,00,00,00,00,00
109158,0,301,0,0,3,E8,0F,00
109158,0,404,0,0,2,21,00
109158,1,401,0,0,8,37,9C,00,00,47,00,00,00
109168,1,400,0,0,8,01,00,0C,00,00,00,00,00
109178,1,201,0,0,5,00,00,00,00,62
109198,1,203,0,0,8,00,00,00,00,00,00,00,00
109198,0,300,0,0,8,03,5A,64,5A,32,00,32,70
109208,0,301,0,0,3,E2,00,00
109208,0,300,0,0,8,03,5A,64,5A,32,00,32,71
109238,1,405,0,0,8,21,00,00,00,35,4C,41,31
109248,1,206,0,0,8,00,00,00,00,00,00,00,00
109248,0,301,0,0,3,B3,01,00
109258,0,404,0,0,2,21,00
109258,0,300,0,0,8,03,5A,64,5A,32,00,32,72
109258,1,401,0,0,8,39,9C,00,00,47,00,00,00
109268,1,400,0,0,8,01,00,0C,00,00,00,00,00
109278,1,201,0,0,5,00,00,00,00,62
109298,1,203,0,0,8,00,00,00,00,00,00,00,00
109308,0,301,0,0,3,6B,02,00
109308,0,404,0,0,2,22,00
109308,1,405,0,0,8,21,00,00,00,35,4C,41,31
109338,1,206,0,0,8,00,00,00,00,00,00,00,00
109348,1,401,0,0,8,39,9C,00,00,47,00,00,00
109358,1,400,0,0,8,01,00,0C,00,00,00,00,00
109358,1,405,0,0,8,22,00,00,00,30,30,34,52
109358,0,300,0,0,8,03,5A,64,5A,32,00,32,73
109358,0,301,0,0,3,96,03,00
109368,1,201,0,0,5,00,00,00,00,62
109368,1,203,0,0,8,00,00,00,00,00,00,00,00
109378,1,402,0,0,8,4E,00,00,00,F8,AB,07,00
109378,0,300,0,0,8,03,5A,64,5A,32,00,32,34
109398,1,204,0,0,8,00,00,00,00,00,00,00,00
109408,0,301,0,0,3,03,04,00
109408,0,300,0,0,8,03,5A,64,5A,32,00,32,35
109438,1,206,0,0,8,00,00,00,00,00,00,00,00
109448,1,202,0,0,8,E2,1D,00,00,33,99,05,00
109458,0,301,0,0,3,54,05,00
109458,0,404,0,0,2,22,00
109458,1,401,0,0,8,3B,9C,00,00,47,00,00,00
109468,1,400,0,0,8,01,00,0C,00,00,00,00,00
109478,1,201,0,0,5,00,00,00,00,62
109498,1,203,0,0,8,00,00,00,00,00,00,00,00
109508,0,300,0,0,8,03,5A,64,5A,32,00,32,36
109508,0,301,0,0,3,F5,06,00
109508,0,300,0,0,8,03,5A,64,5A,32,00,32,37
109538,1,405,0,0,8,22,00,00,00,30,30,34,52
109548,1,206,0,0,8,00,00,00,00,00,00,00,00
109558,0,301,0,0,3,B8,07,00
109558,0,300,0,0,8,03,5A,64,5A,32,00,32,F8
109568,0,301,0,0,3,80,08,00
109568,1,401,0,0,8,3B,9C,00,00,47,00,00,00
109578,1,400,0,0,8,01,00,0C,00,00,00,00,00
109598,1,201,0,0,5,00,00,00,00,62
109608,0,404,0,0,2,22,00
109608,0,300,0,0,8,03,5A,64,5A,32,00,32,F9
109608,1,203,0,0,8,00,00,00,00,00,00,00,00
109638,1,206,0,0,8,00,00,00,00,00,00,00,00
109648,1,401,0,0,8,3B,9C,00,00,47,00,00,00
109658,0,301,0,0,3,88,09,00
109658,0,404,0,0,2,23,00
109658,1,400,0,0,8,01,00,0C,00,00,00,00,00
109668,1,405,0,0,8,22,00,00,00,30,30,34,52
109678,1,201,0,0,5,00,00,00,00,62
109688,0,300,0,0,8,03,5A,64,5A,32,00,32,FA
109698,1,203,0,0,8,00,00,00,00,00,00,00,00
109708,0,301,0,0,3,C6,0A,00
109708,0,300,0,0,8,03,5A,64,5A,32,00,32,FB
109738,1,405,0,0,8,23,00,00,00,4D,30,30,30
109748,1,206,0,0,8,00,00,00,00,00,00,00,00
109748,0,301,0,0,3,43,0B,00
109758,0,404,0,0,2,23,00
109758,0,300,0,0,8,03,5A,64,5A,32,00,32,BC
109758,1,401,0,0,8,3B,9C,00,00,47,00,00,00
109768,1,400,0,0,8,01,00,0C,00,00,00,00,00
109778,1,201,0,0,5,00,00,00,00,62
109798,1,203,0,0,8,00,00,00,00,00,00,00,00
109808,0,301,0,0,3,B5,0C,00
109808,0,404,0,0,2,24,00
109808,1,405,0,0,8,23,00,00,00,4D,30,30,30
109838,1,206,0,0,8,00,00,00,00,00,00,00,00
109848,1,401,0,0,8,3B,9C,00,00,46,00,00,00
109858,1,400,0,0,8,01,00,0C,00,00,00,00,00
109858,0,300,0,0,8,03,5A,64,5A,32,00,32,BD
109858,0,301,0,0,3,4E,0D,00
109868,1,405,0,0,8,24,00,00,00,30,30,30,30
109878,1,201,0,0,5,00,00,00,00,62
109878,0,300,0,0,8,03,5A,64,5A,32,00,32,BE
109898,1,203,0,0,8,00,00,00,00,00,00,00,00
109908,0,301,0,0,3,1D,0E,00
109908,0,300,0,0,8,03,5A,64,5A,32,00,32,BF
109938,1,403,0,0,8,64,00,00,00,40,E3,09,00
109948,1,206,0,0,8,00,00,00,00,00,00,00,00
109958,0,301,0,0,3,E8,0F,00
109958,0,404,0,0,2,24,00
109958,1,401,0,0,8,3B,9C,00,00,46,00,00,00
109968,1,400,0,0,8,01,00,0C,00,00,00,00,00
109978,1,201,0,0,5,00,00,00,00,62
109998,1,203,0,0,8,00,00,00,00,00,00,00,00
109998,0,300,0,0,8,03,5A,64,5A,32,00,32,70
110008,0,301,0,0,3,E2,00,00
110008,0,300,0,0,8,03,5A,64,5A,32,00,32,71
110038,1,405,0,0,8,24,00,00,00,30,30,30,30
110048,1,206,0,0,8,00,00,00,00,00,00,00,00
110058,0,301,0,0,3,B3,01,00
110058,0,404,0,0,2,24,00
110058,1,401,0,0,8,3B,9C,00,00,47,00,00,00
110068,0,300,0,0,8,03,5A,64,5A,32,00,32,72
110068,1,400,0,0,8,01,00,0C,00,00,00,00,00
110078,1,201,0,0,5,00,00,00,00,62
110098,1,203,0,0,8,00,00,00,00,00,00,00,00
110108,0,301,0,0,3,6B,02,00
110108,0,300,0,0,8,03,5A,64,5A,32,00,32,73
110138,1,405,0,0,8,24,00,00,00,30,30,30,30
110148,1,206,0,0,8,00,00,00,00,00,00,00,00
110158,0,301,0,0,3,96,03,00
110158,0,404,0,0,2,25,00
110158,1,401,0,0,8,3B,9C,00,00,47,00,00,00
110168,1,400,0,0,8,01,00,0C,00,00,00,00,00
110178,1,201,0,0,5,00,00,00,00,62
110188,0,300,0,0,8,03,5A,64,5A,32,00,32,34
110198,1,203,0,0,8,00,00,00,00,00,00,00,00
110208,0,301,0,0,3,03,04,00
110208,0,300,0,0,8,03,5A,64,5A,32,00,32,35
110238,1,405,0,0,8,25,00,00,00,30,30,30,30
110248,1,206,0,0,8,00,00,00,00,00,00,00,00
110248,0,301,0,0,3,54,05,00
110258,0,404,0,0,2,25,00
110258,0,300,0,0,8,03,5A,64,5A,32,00,32,36
110258,1,401,0,0,8,3B,9C,00,00,47,00,00,00
110268,1,400,0,0,8,01,00,0C,00,00,00,00,00
110278,1,201,0,0,5,00,00,00,00,62
110298,1,203,0,0,8,00,00,00,00,00,00,00,00
110308,0,301,0,0,3,F5,06,00
110308,0,404,0,0,2,26,00
110308,1,405,0,0,8,25,00,00,00,30,30,30,30
110338,1,206,0,0,8,00,00,00,00,00,00,00,00
110348,1,401,0,0,8,3B,9C,00,00,47,00,00,00
110358,1,400,0,0,8,01,00,0C,00,00,00,00,00
110358,0,300,0,0,8,03,5A,64,5A,32,00,32,37
110358,1,405,0,0,8,26,00,00,00,30,30,30,30
110358,0,301,0,0,3,B8,07,00
110368,1,201,0,0,5,00,00,00,00,62
110368,1,203,0,0,8,00,00,00,00,00,00,00,00
110378,1,402,0,0,8,4E,00,00,00,F8,AB,07,00
110378,0,300,0,0,8,03,5A,64,5A,32,00,32,F8
110398,1,204,0,0,8,00,00,00,00,00,00,00,00
110408,0,301,0,0,3,80,08,00
110408,0,300,0,0,8,03,5A,64,5A,32,00,32,F9
110438,1,206,0,0,8,00,00,00,00,00,00,00,00
110448,1,202,0,0,8,E2,1D,00,00,33,99,05,00
110458,0,301,0,0,3,88,09,00
110458,0,404,0,0,2,26,00
110458,1,401,0,0,8,3B,9C,00,00,47,00,00,00
110468,1,400,0,0,8,01,00,0C,00,00,00,00,00
110478,1,201,0,0,5,00,00,00,00,62
110498,1,203,0,0,8,00,00,00,00,00,00,00,00
110498,0,300,0,0,8,03,5A,64,5A,32,00,32,FA
110508,0,301,0,0,3,C6,0A,00
110508,0,300,0,0,8,03,5A,64,5A,32,00,32,FB
110538,1,405,0,0,8,26,00,00,00,30,30,30,30
110548,1,206,0,0,8,00,00,00,00,00,00,00,00
110558,0,301,0,0,3,43,0B,00
110558,0,404,0,0,2,26,00
110558,1,401,0,0,8,3B,9C,00,00,47,00,00,00
110568,0,300,0,0,8,03,5A,64,5A,32,00,32,BC
110568,1,400,0,0,8,01,00,0C,00,00,00,00,00
110578,1,201,0,0,5,00,00,00,00,62
110598,1,203,0,0,8,00,00,00,00,00,00,00,00
110608,0,301,0,0,3,B5,0C,00
110608,0,300,0,0,8,03,5A,64,5A,32,00,32,BD
110638,1,405,0,0,8,26,00,00,00,30,30,30,30
110648,1,206,0,0,8,00,00,00,00,00,00,00,00
110658,0,301,0,0,3,4E,0D,00
110658,0,404,0,0,2,27,00
110658,1,401,0,0,8,3B,9C,00,00,47,00,00,00
110668,1,400,0,0,8,01,00,0C,00,00,00,00,00
110678,1,201,0,0,5,00,00,00,00,62
110688,0,300,0,0,8,03,5A,64,5A,32,00,32,BE
110698,1,203,0,0,8,00,00,00,00,00,00,00,00
110708,0,301,0,0,3,1D,0E,00
110708,0,300,0,0,8,03,5A,64,5A,32,00,32,BF
110738,1,405,0,0,6,27,00,00,00,30,30
110748,1,206,0,0,8,00,00,00,00,00,00,00,00
110758,0,301,0,0,3,E8,0F,00
110758,0,404,0,0,2,27,00
110758,0,300,0,0,8,03,5A,64,5A,32,00,32,70
110758,1,401,0,0,8,3B,9C,00,00,47,00,00,00
110768,1,400,0,0,8,01,00,0C,00,00,00,00,00
110778,1,201,0,0,5,00,00,00,00,62
110798,1,203,0,0,8,00,00,00,00,00,00,00,00
110808,0,301,0,0,3,E2,00,00
110808,0,404,0,0,2,4C,00
110808,1,405,0,0,6,27,00,00,00,30,30
110838,1,206,0,0,8,00,00,00,00,00,00,00,00
110848,1,401,0,0,8,3B,9C,00,00,47,00,00,00
110858,1,400,0,0,8,01,00,0C,00,00,00,00,00
110858,0,300,0,0,8,03,5A,64,5A,32,00,32,71
110858,0,301,0,0,3,B3,01,00
110868,1,405,0,0,8,4C,00,00,00,01,24,00,00
110878,0,300,0,0,8,03,5A,64,5A,32,00,32,72
110878,1,201,0,0,5,00,00,00,00,62
110898,1,203,0,0,8,00,00,00,00,00,00,00,00
110908,0,301,0,0,3,6B,02,00
110908,0,300,0,0,8,03,5A,64,5A,32,00,32,73
110938,1,403,0,0,8,64,00,00,00,40,E3,09,00
110948,1,206,0,0,8,00,00,00,00,00,00,00,00
110958,0,301,0,0,3,96,03,00
110958,0,404,0,0,2,4C,00
110958,1,401,0,0,8,39,9C,00,00,47,00,00,00
110968,1,400,0,0,8,01,00,0C,00,00,00,00,00
110978,1,201,0,0,5,00,00,00,00,62
110998,1,203,0,0,8,00,00,00,00,00,00,00,00
110998,0,300,0,0,8,03,5A,64,5A,32,00,32,34
111008,0,301,0,0,3,03,04,00
111008,0,300,0,0,8,03,5A,64,5A,32,00,32,35
111038,1,405,0,0,8,4C,00,00,00,01,24,00,00
111048,1,206,0,0,8,00,00,00,00,00,00,00,00
111058,0,301,0,0,3,54,05,00
111058,0,404,0,0,2,4C,00
111058,1,401,0,0,8,39,9C,00,00,47,00,00,00
111068,0,300,0,0,8,03,5A,64,5A,32,00,32,36
111068,1,400,0,0,8,01,00,0C,00,00,00,00,00
111078,1,201,0,0,5,00,00,00,00,62
111098,1,203,0,0,8,00,00,00,00,00,00,00,00
111108,0,301,0,0,3,F5,06,00
111108,0,300,0,0,8,03,5A,64,5A,32,00,32,37
111138,1,405,0,0,8,4C,00,00,00,01,24,00,00
111148,1,206,0,0,8,00,00,00,00,00,00,00,00
111158,0,301,0,0,3,B8,07,00
111158,0,404,0,0,2,46,00
111158,1,401,0,0,8,39,9C,00,00,47,00,00,00
111168,1,400,0,0,8,01,00,0C,00,00,00,00,00
111178,1,201,0,0,5,00,00,00,00,62
111188,0,300,0,0,8,03,5A,64,5A,32,00,32,F8
111198,1,203,0,0,8,00,00,00,00,00,00,00,00
111208,0,301,0,0,3,80,08,00
111208,0,300,0,0,8,03,5A,64,5A,32,00,32,F9
111238,1,405,0,0,5,46,00,00,00,00
111248,1,206,0,0,8,00,00,00,00,00,00,00,00
111248,0,301,0,0,3,88,09,00
111258,0,404,0,0,2,46,00
111258,0,300,0,0,8,03,5A,64,5A,32,00,32,FA
111258,1,401,0,0,8,3B,9C,00,00,47,00,00,00
111268,1,400,0,0,8,01,00,0C,00,00,00,00,00
111278,1,201,0,0,5,00,00,00,00,62
111298,1,203,0,0,8,00,00,00,00,00,00,00,00
111308,0,301,0,0,3,C6,0A,00
111308,0,404,0,0,2,4D,00
111308,1,405,0,0,5,46,00,00,00,00
111338,1,206,0,0,8,00,00,00,00,00,00,00,00
111348,1,401,0,0,8,3B,9C,00,00,47,00,00,00
111358,0,300,0,0,8,03,5A,64,5A,32,00,32,FB
111358,0,301,0,0,3,43,0B,00
111358,1,400,0,0,8,01,00,0C,00,00,00,00,00
111358,1,405,0,0,8,4D,00,00,00,00,00,00,00
111368,1,201,0,0,5,00,00,00,00,62
111368,1,203,0,0,8,00,00,00,00,00,00,00,00
111378,1,204,0,0,8,00,00,00,00,00,00,00,00
111378,1,402,0,0,8,4E,00,00,00,F8,AB,07,00
111378,0,300,0,0,8,03,5A,64,5A,32,00,32,BC
111398,1,206,0,0,8,00,00,00,00,00,00,00,00
111398,1,202,0,0,8,E2,1C,00,00,33,99,05,00
111408,1,401,0,0,8,3B,9C,00,00,47,00,00,00
111408,0,301,0,0,3,B5,0C,00
111408,0,300,0,0,8,03,5A,64,5A,32,00,32,BD
111438,1,666,0,0,8,52,08,05,00,52,95,36,02
111448,1,665,0,0,8,00,00,00,53,4C,18,53,00
111458,0,301,0,0,3,4E,0D,00
111458,0,404,0,0,2,4D,00
111458,1,400,0,0,8,01,00,0C,00,00,00,00,00
111468,1,200,0,0,8,4E,00,F8,AB,07,00,01,00
111478,1,201,0,0,5,00,00,00,00,62
111498,1,203,0,0,8,00,00,00,00,00,00,00,00
111498,0,300,0,0,8,03,5A,64,5A,32,00,32,BE
111508,0,301,0,0,3,1D,0E,00
111508,0,300,0,0,8,03,5A,64,5A,32,00,32,BF
111538,1,405,0,0,8,4D,00,00,00,00,00,00,00
111548,1,206,0,0,8,00,00,00,00,00,00,00,00
111558,0,301,0,0,3,E8,0F,00
111558,0,404,0,0,2,4D,00
111558,1,401,0,0,8,3B,9C,00,00,46,00,00,00
111568,0,300,0,0,8,03,5A,64,5A,32,00,32,70
111568,1,400,0,0,8,01,00,0C,00,00,00,00,00
111578,1,201,0,0,5,00,00,00,00,62
111598,1,203,0,0,8,00,00,00,00,00,00,00,00
111608,0,301,0,0,3,E2,00,00
111608,0,300,0,0,8,03,5A,64,5A,32,00,32,71
111638,1,405,0,0,8,4D,00,00,00,00,00,00,00
111648,1,206,0,0,8,00,00,00,00,00,00,00,00
111658,0,301,0,0,3,B3,01,00
111658,0,404,0,0,2,50,00
111658,1,401,0,0,8,3B,9C,00,00,46,00,00,00
111668,1,400,0,0,8,01,00,0C,00,00,00,00,00
111678,1,201,0,0,5,00,00,00,00,62
111698,0,300,0,0,8,03,5A,64,5A,32,00,32,72
111698,1,203,0,0,8,00,00,00,00,00,00,00,00
111708,0,301,0,0,3,6B,02,00
111708,0,300,0,0,8,03,5A,64,5A,32,00,32,73
111738,1,405,0,0,8,50,00,00,00,F0,00,F2,00
111748,1,206,0,0,8,00,00,00,00,00,00,00,00
111748,0,301,0,0,3,96,03,00
111758,0,404,0,0,2,50,00
111758,0,300,0,0,8,03,5A,64,5A,32,00,32,34
111758,1,401,0,0,8,3B,9C,00,00,46,00,00,00
111768,1,400,0,0,8,01,00,0C,00,00,00,00,00
111778,1,201,0,0,5,00,00,00,00,62
111798,1,203,0,0,8,00,00,00,00,00,00,00,00
111808,0,301,0,0,3,03,04,00
111808,0,404,0,0,2,02,00
111808,1,405,0,0,8,50,00,00,00,F0,00,F2,00
111838,1,206,0,0,8,00,00,00,00,00,00,00,00
111848,1,401,0,0,8,3B,9C,00,00,47,00,00,00
111858,0,300,0,0,8,03,5A,64,5A,32,00,32,35
111858,0,301,0,0,3,54,05,00
111858,1,400,0,0,8,01,00,0C,00,00,00,00,00
111868,1,405,0,0,8,02,00,00,00,53,49,43,54
111878,0,300,0,0,8,03,5A,64,5A,32,00,32,36
111878,1,201,0,0,5,00,00,00,00,62
111898,1,203,0,0,8,00,00,00,00,00,00,00,00
111908,0,301,0,0,3,F5,06,00
111908,0,300,0,0,8,03,5A,64,5A,32,00,32,37
111938,1,403,0,0,8,64,00,00,00,40,E3,09,00
111948,1,206,0,0,8,00,00,00,00,00,00,00,00
111958,0,301,0,0,3,B8,07,00
111958,0,404,0,0,2,02,00
111958,1,401,0,0,8,39,9C,00,00,47,00,00,00
111968,1,400,0,0,8,01,00,0C,00,00,00,00,00
111978,1,201,0,0,5,00,00,00,00,62
111998,1,203,0,0,8,00,00,00,00,00,00,00,00
112008,0,300,0,0,8,03,5A,64,5A,32,00,32,F8
112008,0,301,0,0,3,80,08,00
112008,0,300,0,0,8,03,5A,64,5A,32,00,32,F9
112038,1,405,0,0,8,02,00,00,00,53,49,43,54
112048,1,206,0,0,8,00,00,00,00,00,00,00,00
112058,0,301,0,0,3,88,09,00
112058,0,300,0,0,8,03,5A,64,5A,32,00,32,FA
112068,0,301,0,0,3,C6,0A,00
112068,1,401,0,0,8,39,9C,00,00,47,00,00,00
112078,1,400,0,0,8,01,00,0C,00,00,00,00,00
112098,1,201,0,0,5,00,00,00,00,62
112108,0,404,0,0,2,02,00
112108,0,300,0,0,8,03,5A,64,5A,32,00,32,FB
112108,1,203,0,0,8,00,00,00,00,00,00,00,00
112138,1,206,0,0,8,00,00,00,00,00,00,00,00
112148,1,401,0,0,8,39,9C,00,00,47,00,00,00
112158,0,301,0,0,3,43,0B,00
112158,0,404,0,0,2,0A,00
112158,1,400,0,0,8,01,00,0C,00,00,00,00,00
112168,1,405,0,0,8,02,00,00,00,53,49,43,54
112178,1,201,0,0,5,00,00,00,00,62
112188,0,300,0,0,8,03,5A,64,5A,32,00,32,BC
112198,1,203,0,0,8,00,00,00,00,00,00,00,00
112208,0,301,0,0,3,B5,0C,00
112208,0,300,0,0,8,03,5A,64,5A,32,00,32,BD
112238,1,405,0,0,8,0A,00,00,00,30,3A,00,00
112248,1,206,0,0,8,00,00,00,00,00,00,00,00
112248,0,301,0,0,3,4E,0D,00
112258,0,404,0,0,2,0A,00
112258,0,300,0,0,8,03,5A,64,5A,32,00,32,BE
112258,1,401,0,0,8,3B,9C,00,00,47,00,00,00
112268,1,400,0,0,8,01,00,0C,00,00,00,00,00
112278,1,201,0,0,5,00,00,00,00,62
112298,1,203,0,0,8,00,00,00,00,00,00,00,00
112308,0,301,0,0,3,1D,0E,00
112308,0,404,0,0,2,04,00
112308,1,405,0,0,8,0A,00,00,00,30,3A,00,00
112338,1,206,0,0,8,00,00,00,00,00,00,00,00
112348,1,401,0,0,8,3B,9C,00,00,47,00,00,00
112358,0,300,0,0,8,03,5A,64,5A,32,00,32,BF
112358,0,301,0,0,3,E8,0F,00
112358,1,400,0,0,8,01,00,0C,00,00,00,00,00
112358,1,405,0,0,7,04,0,00,00,16,09,02
112368,1,201,0,0,5,00,00,00,00,62
112368,1,203,0,0,8,00,00,00,00,00,00,00,00
112378,0,300,0,0,8,03,5A,64,5A,32,00,32,70
112378,1,204,0,0,8,00,00,00,00,00,00,00,00
112398,1,402,0,0,8,4E,00,00,00,F8,AB,07,00
112408,0,301,0,0,3,E2,00,00
112408,0,300,0,0,8,03,5A,64,5A,32,00,32,71
112438,1,206,0,0,8,00,00,00,00,00,00,00,00
112448,1,202,0,0,8,E2,1D,00,00,33,99,05,00
112458,0,301,0,0,3,B3,01,00
112458,0,404,0,0,2,04,00
112458,1,401,0,0,8,39,9C,00,00,47,00,00,00
112468,1,400,0,0,8,01,00,0C,00,00,00,00,00
112478,1,201,0,0,5,00,00,00,00,62
112498,1,203,0,0,8,00,00,00,00,00,00,00,00
112498,0,300,0,0,8,03,5A,64,5A,32,00,32,72
112508,0,301,0,0,3,6B,02,00
112508,0,300,0,0,8,03,5A,64,5A,32,00,32,73
112538,1,405,0,0,7,04,0,00,00,16,09,02
112548,1,206,0,0,8,00,00,00,00,00,00,00,00
112558,0,301,0,0,3,96,03,00
112558,0,404,0,0,2,04,00
112558,1,401,0,0,8,39,9C,00,00,47,00,00,00
112568,0,300,0,0,8,03,5A,64,5A,32,00,32,34
112568,1,400,0,0,8,01,00,0C,00,00,00,00,00
112578,1,201,0,0,5,00,00,00,00,62
112598,1,203,0,0,8,00,00,00,00,00,00,00,00
112608,0,301,0,0,3,03,04,00
112608,0,300,0,0,8,03,5A,64,5A,32,00,32,35
112638,1,405,0,0,7,04,0,00,00,16,09,02
112648,1,206,0,0,8,00,00,00,00,00,00,00,00
112658,0,301,0,0,3,54,05,00
112658,0,404,0,0,2,B0,01
112658,1,401,0,0,8,39,9C,00,00,47,00,00,00
112668,1,400,0,0,8,01,00,0C,00,00,00,00,00
112678,1,201,0,0,5,00,00,00,00,62
112688,0,300,0,0,8,03,5A,64,5A,32,00,32,36
112698,1,203,0,0,8,00,00,00,00,00,00,00,00
112708,0,301,0,0,3,F5,06,00
112708,0,300,0,0,8,03,5A,64,5A,32,00,32,37
112738,1,405,0,0,6,B0,01,00,00,00,00
112748,1,206,0,0,8,00,00,00,00,00,00,00,00
112748,0,301,0,0,3,B8,07,00
112758,0,404,0,0,2,B0,01
112758,0,300,0,0,8,03,5A,64,5A,32,00,32,F8
112758,1,401,0,0,8,3B,9C,00,00,47,00,00,00
112768,1,400,0,0,8,01,00,0C,00,00,00,00,00
112778,1,201,0,0,5,00,00,00,00,62
112798,1,203,0,0,8,00,00,00,00,00,00,00,00
112808,0,301,0,0,3,80,08,00
112808,0,404,0,0,2,B1,01
112808,1,405,0,0,6,B0,01,00,00,00,00
112838,1,206,0,0,8,00,00,00,00,00,00,00,00
112848,1,401,0,0,8,3B,9C,00,00,47,00,00,00
112858,0,300,0,0,8,03,5A,64,5A,32,00,32,F9
112858,0,301,0,0,3,88,09,00
112858,1,400,0,0,8,01,00,0C,00,00,00,00,00
112868,1,405,0,0,6,B1,01,00,00,00,00
112878,0,300,0,0,8,03,5A,64,5A,32,00,32,FA
112878,1,201,0,0,5,00,00,00,00,62
112898,1,203,0,0,8,00,00,00,00,00,00,00,00
112908,0,301,0,0,3,C6,0A,00
112908,0,300,0,0,8,03,5A,64,5A,32,00,32,FB
112938,1,403,0,0,8,64,00,00,00,40,E3,09,00
112948,1,206,0,0,8,00,00,00,00,00,00,00,00
112958,0,301,0,0,3,43,0B,00
112958,0,404,0,0,2,B1,01
112958,1,401,0,0,8,39,9C,00,00,47,00,00,00
112968,1,400,0,0,8,01,00,0C,00,00,00,00,00
112978,1,201,0,0,5,00,00,00,00,62
112998,1,203,0,0,8,00,00,00,00,00,00,00,00
112998,0,300,0,0,8,03,5A,64,5A,32,00,32,BC
113008,0,301,0,0,3,B5,0C,00
113008,0,300,0,0,8,03,5A,64,5A,32,00,32,BD
113038,1,405,0,0,6,B1,01,00,00,00,00
113048,1,206,0,0,8,00,00,00,00,00,00,00,00
113058,0,301,0,0,3,4E,0D,00
113058,0,404,0,0,2,B1,01
113058,1,401,0,0,8,39,9C,00,00,46,00,00,00
113068,1,400,0,0,8,01,00,0C,00,00,00,00,00
113078,1,201,0,0,5,00,00,00,00,62
113098,1,203,0,0,8,00,00,00,00,00,00,00,00
113108,0,300,0,0,8,03,5A,64,5A,32,00,32,BE
113108,0,301,0,0,3,1D,0E,00
113138,1,405,0,0,6,B1,01,00,00,00,00
113148,1,206,0,0,8,00,00,00,00,00,00,00,00
113158,0,300,0,0,8,03,5A,64,5A,32,00,32,BF
113158,0,301,0,0,3,E8,0F,00
113168,1,401,0,0,8,39,9C,00,00,46,00,00,00
113178,1,400,0,0,8,01,00,0C,00,00,00,00,00
113198,1,201,0,0,5,00,00,00,00,62
113208,0,300,0,0,8,03,5A,64,5A,32,00,32,70
113208,0,301,0,0,3,E2,00,00
113238,1,203,0,0,8,00,00,00,00,00,00,00,00
113248,1,206,0,0,8,00,00,00,00,00,00,00,00
113258,0,300,0,0,8,03,5A,64,5A,32,00,32,71
113258,0,301,0,0,3,B3,01,00
113268,1,401,0,0,8,3B,9C,00,00,46,00,00,00
113278,1,400,0,0,8,01,00,0C,00,00,00,00,00
113298,1,201,0,0,5,00,00,00,00,62
113308,0,300,0,0,8,03,5A,64,5A,32,00,32,72
113308,0,301,0,0,3,6B,02,00
113338,1,203,0,0,8,00,00,00,00,00,00,00,00
113348,1,206,0,0,8,00,00,00,00,00,00,00,00
113358,0,300,0,0,8,03,5A,64,5A,32,00,32,73
113358,0,301,0,0,3,96,03,00
113358,1,401,0,0,8,3B,9C,00,00,47,00,00,00
113358,1,400,0,0,8,01,00,0C,00,00,00,00,00
113368,1,201,0,0,5,00,00,00,00,62
113368,1,203,0,0,8,00,00,00,00,00,00,00,00
113388,1,204,0,0,8,00,00,00,00,00,00,00,00
113408,1,402,0,0,8,4E,00,00,00,F8,AB,07,00
113408,0,300,0,0,8,03,5A,64,5A,32,00,32,34
113408,0,301,0,0,3,03,04,00
113438,1,206,0,0,8,00,00,00,00,00,00,00,00
113448,1,202,0,0,8,E2,1D,00,00,33,99,05,00
113458,0,300,0,0,8,03,5A,64,5A,32,00,32,35
113458,0,301,0,0,3,54,05,00
113468,1,401,0,0,8,39,9C,00,00,47,00,00,00
113488,1,400,0,0,8,01,00,0C,00,00,00,00,00
113508,1,201,0,0,5,00,00,00,00,62
113508,0,300,0,0,8,03,5A,64,5A,32,00,32,36
113508,0,301,0,0,3,F5,06,00
113538,1,203,0,0,8,00,00,00,00,00,00,00,00
113548,1,206,0,0,8,00,00,00,00,00,00,00,00
113558,0,300,0,0,8,03,5A,64,5A,32,00,32,37
113558,0,301,0,0,3,B8,07,00
113568,1,401,0,0,8,39,9C,00,00,47,00,00,00
113588,1,400,0,0,8,01,00,0C,00,00,00,00,00
113608,1,201,0,0,5,00,00,00,00,62
113608,0,300,0,0,8,03,5A,64,5A,32,00,32,F8
113608,0,301,0,0,3,80,08,00
113638,1,203,0,0,8,00,00,00,00,00,00,00,00
113648,1,206,0,0,8,00,00,00,00,00,00,00,00
113658,0,300,0,0,8,03,5A,64,5A,32,00,32,F9
113658,0,301,0,0,3,88,09,00
113668,1,401,0,0,8,39,9C,00,00,47,00,00,00
113688,1,400,0,0,8,01,00,0C,00,00,00,00,00
113708,1,201,0,0,5,00,00,00,00,62
113708,0,300,0,0,8,03,5A,64,5A,32,00,32,FA
113708,0,301,0,0,3,C6,0A,00
113738,1,203,0,0,8,00,00,00,00,00,00,00,00
113748,1,206,0,0,8,00,00,00,00,00,00,00,00
113758,0,300,0,0,8,03,5A,64,5A,32,00,32,FB
113758,0,301,0,0,3,43,0B,00
113768,1,401,0,0,8,39,9C,00,00,47,00,00,00
113788,1,400,0,0,8,01,00,0C,00,00,00,00,00
113808,1,201,0,0,5,00,00,00,00,62
113808,0,300,0,0,8,03,5A,64,5A,32,00,32,BC
113808,0,301,0,0,3,B5,0C,00
113838,1,203,0,0,8,00,00,00,00,00,00,00,00
113848,1,206,0,0,8,00,00,00,00,00,00,00,00
113858,0,300,0,0,8,03,5A,64,5A,32,00,32,BD
113858,0,301,0,0,3,4E,0D,00
113868,1,401,0,0,8,39,9C,00,00,46,00,00,00
113868,1,400,0,0,8,01,00,0C,00,00,00,00,00
113888,1,201,0,0,5,00,00,00,00,62
113908,1,203,0,0,8,00,00,00,00,00,00,00,00
113908,0,300,0,0,8,03,5A,64,5A,32,00,32,BE
113908,0,301,0,0,3,1D,0E,00
113938,1,403,0,0,8,64,00,00,00,40,E3,09,00
113948,1,206,0,0,8,00,00,00,00,00,00,00,00
113958,0,300,0,0,8,03,5A,64,5A,32,00,32,BF
113958,0,301,0,0,3,E8,0F,00
113968,1,401,0,0,8,39,9C,00,00,46,00,00,00
113988,1,400,0,0,8,01,00,0C,00,00,00,00,00
114008,1,201,0,0,5,00,00,00,00,62
114008,0,300,0,0,8,03,5A,64,5A,32,00,32,70
114008,0,301,0,0,3,E2,00,00
114038,1,203,0,0,8,00,00,00,00,00,00,00,00
114048,1,206,0,0,8,00,00,00,00,00,00,00,00
114058,0,300,0,0,8,03,5A,64,5A,32,00,32,71
114058,0,301,0,0,3,B3,01,00
114068,1,401,0,0,8,39,9C,00,00,46,00,00,00
114088,1,400,0,0,8,01,00,0C,00,00,00,00,00
114108,1,201,0,0,5,00,00,00,00,62
114108,0,300,0,0,8,03,5A,64,5A,32,00,32,72
114108,0,301,0,0,3,6B,02,00
114138,1,203,0,0,8,00,00,00,00,00,00,00,00
114148,1,206,0,0,8,00,00,00,00,00,00,00,00
114158,0,300,0,0,8,03,5A,64,5A,32,00,32,73
114158,0,301,0,0,3,96,03,00
114168,1,401,0,0,8,39,9C,00,00,46,00,00,00
114188,1,400,0,0,8,01,00,0C,00,00,00,00,00
114208,1,201,0,0,5,00,00,00,00,62
114208,0,300,0,0,8,03,5A,64,5A,32,00,32,34
114208,0,301,0,0,3,03,04,00
114238,1,203,0,0,8,00,00,00,00,00,00,00,00
114248,1,206,0,0,8,00,00,00,00,00,00,00,00
114258,0,300,0,0,8,03,5A,64,5A,32,00,32,35
114258,0,301,0,0,3,54,05,00
114268,1,401,0,0,8,3B,9C,00,00,46,00,00,00
114288,1,400,0,0,8,01,00,0C,00,00,00,00,00
114308,1,201,0,0,5,00,00,00,00,62
114308,0,300,0,0,8,03,5A,64,5A,32,00,32,36
114308,0,301,0,0,3,F5,06,00
114338,1,203,0,0,8,00,00,00,00,00,00,00,00
114348,1,206,0,0,8,00,00,00,00,00,00,00,00
114358,0,300,0,0,8,03,5A,64,5A,32,00,32,37
114358,0,301,0,0,3,B8,07,00
114358,1,401,0,0,8,3B,9C,00,00,47,00,00,00
114368,1,400,0,0,8,01,00,0C,00,00,00,00,00
114368,1,201,0,0,5,00,00,00,00,62
114368,1,203,0,0,8,00,00,00,00,00,00,00,00
114378,1,204,0,0,8,00,00,00,00,00,00,00,00
114388,1,402,0,0,8,4E,00,00,00,F8,AB,07,00
114398,1,206,0,0,8,00,00,00,00,00,00,00,00
114408,1,202,0,0,8,E2,1D,00,00,33,99,05,00
114408,1,666,0,0,8,52,08,05,00,52,95,36,02
114408,0,300,0,0,8,03,5A,64,5A,32,00,32,F8
114408,0,301,0,0,3,80,08,00
114438,1,401,0,0,8,3D,9C,00,00,47,00,00,00
114448,1,665,0,0,8,00,00,00,53,4C,18,53,00
114458,0,300,0,0,8,03,5A,64,5A,32,00,32,F9
114458,0,301,0,0,3,88,09,00
114468,1,400,0,0,8,01,00,0C,00,00,00,00,00
114488,1,200,0,0,8,4E,00,F8,AB,07,00,02,00
114508,1,201,0,0,5,00,00,00,00,62
114508,0,300,0,0,8,03,5A,64,5A,32,00,32,FA
114508,0,301,0,0,3,C6,0A,00
114538,1,203,0,0,8,00,00,00,00,00,00,00,00
114548,1,206,0,0,8,00,00,00,00,00,00,00,00
114558,0,300,0,0,8,03,5A,64,5A,32,00,32,FB
114558,0,301,0,0,3,43,0B,00
114568,1,401,0,0,8,3D,9C,00,00,47,00,00,00
114588,1,400,0,0,8,01,00,0C,00,00,00,00,00
114608,1,201,0,0,5,00,00,00,00,62
114608,0,300,0,0,8,03,5A,64,5A,32,00,32,BC
114608,0,301,0,0,3,B5,0C,00
114638,1,203,0,0,8,00,00,00,00,00,00,00,00
114648,1,206,0,0,8,00,00,00,00,00,00,00,00
114658,0,300,0,0,8,03,5A,64,5A,32,00,32,BD
114658,0,301,0,0,3,4E,0D,00
114668,1,401,0,0,8,3D,9C,00,00,47,00,00,00
114688,1,400,0,0,8,01,00,0C,00,00,00,00,00
114708,1,201,0,0,5,00,00,00,00,62
114708,0,300,0,0,8,03,5A,64,5A,32,00,32,BE
114708,0,301,0,0,3,1D,0E,00
114738,1,203,0,0,8,00,00,00,00,00,00,00,00
114748,1,206,0,0,8,00,00,00,00,00,00,00,00
114758,0,300,0,0,8,03,5A,64,5A,32,00,32,BF
114758,0,301,0,0,3,E8,0F,00
114768,1,401,0,0,8,39,9C,00,00,47,00,00,00
114788,1,400,0,0,8,01,00,0C,00,00,00,00,00
114808,1,201,0,0,5,00,00,00,00,62
114808,0,300,0,0,8,03,5A,64,5A,32,00,32,70
114808,0,301,0,0,3,E2,00,00
114838,1,203,0,0,8,00,00,00,00,00,00,00,00
114848,1,206,0,0,8,00,00,00,00,00,00,00,00
114858,0,300,0,0,8,03,5A,64,5A,32,00,32,71
114858,0,301,0,0,3,B3,01,00
114868,1,401,0,0,8,39,9C,00,00,47,00,00,00
114868,1,400,0,0,8,01,00,0C,00,00,00,00,00
114888,1,201,0,0,5,00,00,00,00,62
114908,1,203,0,0,8,00,00,00,00,00,00,00,00
114908,0,300,0,0,8,03,5A,64,5A,32,00,32,72
114908,0,301,0,0,3,6B,02,00
114938,1,403,0,0,8,64,00,00,00,40,E3,09,00
114948,1,206,0,0,8,00,00,00,00,00,00,00,00
114958,0,300,0,0,8,03,5A,64,5A,32,00,32,73
114958,0,301,0,0,3,96,03,00
114968,1,401,0,0,8,39,9C,00,00,47,00,00,00
114988,1,400,0,0,8,01,00,0C,00,00,00,00,00
115008,1,201,0,0,5,00,00,00,00,62
115008,0,300,0,0,8,03,5A,64,5A,32,00,32,34
115008,0,301,0,0,3,03,04,00
115038,1,203,0,0,8,00,00,00,00,00,00,00,00
115048,1,206,0,0,8,00,00,00,00,00,00,00,00
115058,0,300,0,0,8,03,5A,64,5A,32,00,32,35
115058,0,301,0,0,3,54,05,00
115068,1,401,0,0,8,39,9C,00,00,47,00,00,00
115088,1,400,0,0,8,01,00,0C,00,00,00,00,00
115108,1,201,0,0,5,00,00,00,00,62
115108,0,300,0,0,8,03,5A,64,5A,32,00,32,36
115108,0,301,0,0,3,F5,06,00
115138,1,203,0,0,8,00,00,00,00,00,00,00,00
115148,1,206,0,0,8,00,00,00,00,00,00,00,00
115158,0,300,0,0,8,03,5A,64,5A,32,00,32,37
115158,0,301,0,0,3,B8,07,00
115168,1,401,0,0,8,39,9C,00,00,47,00,00,00
115188,1,400,0,0,8,01,00,0C,00,00,00,00,00
115208,1,201,0,0,5,00,00,00,00,62
115208,0,300,0,0,8,03,5A,64,5A,32,00,32,F8
115208,0,301,0,0,3,80,08,00
115238,1,203,0,0,8,00,00,00,00,00,00,00,00
115248,1,206,0,0,8,00,00,00,00,00,00,00,00
115258,0,300,0,0,8,03,5A,64,5A,32,00,32,F9
115258,0,301,0,0,3,88,09,00
115268,1,401,0,0,8,39,9C,00,00,47,00,00,00
115288,1,400,0,0,8,01,00,0C,00,00,00,00,00
115308,1,201,0,0,5,00,00,00,00,62
115308,0,300,0,0,8,03,5A,64,5A,32,00,32,FA
115308,0,301,0,0,3,C6,0A,00
115338,1,203,0,0,8,00,00,00,00,00,00,00,00
115348,1,206,0,0,8,00,00,00,00,00,00,00,00
115358,0,300,0,0,8,03,5A,64,5A,32,00,32,FB
115358,0,301,0,0,3,43,0B,00
115358,1,401,0,0,8,39,9C,00,00,47,00,00,00
115368,1,400,0,0,8,01,00,0C,00,00,00,00,00
115368,1,201,0,0,5,00,00,00,00,62
115368,1,203,0,0,8,00,00,00,00,00,00,00,00
115388,1,204,0,0,8,00,00,00,00,00,00,00,00
115408,0,300,0,0,8,03,5A,64,5A,32,00,32,BC
115408,1,402,0,0,8,4E,00,00,00,F8,AB,07,00
115408,0,301,0,0,3,B5,0C,00
115438,1,206,0,0,8,00,00,00,00,00,00,00,00
115448,1,202,0,0,8,E2,1D,00,00,33,99,05,00
115458,0,300,0,0,8,03,5A,64,5A,32,00,32,BD
115458,0,301,0,0,3,4E,0D,00
115468,1,401,0,0,8,39,9C,00,00,47,00,00,00
115488,1,400,0,0,8,01,00,0C,00,00,00,00,00
115508,0,300,0,0,8,03,5A,64,5A,32,00,32,BE
115508,0,301,0,0,3,1D,0E,00
115508,1,201,0,0,5,00,00,00,00,62
115538,1,203,0,0,8,00,00,00,00,00,00,00,00
115548,1,206,0,0,8,00,00,00,00,00,00,00,00
115558,0,300,0,0,8,03,5A,64,5A,32,00,32,BF
115558,0,301,0,0,3,E8,0F,00
115568,1,401,0,0,8,39,9C,00,00,47,00,00,00
115588,1,400,0,0,8,01,00,0C,00,00,00,00,00
115608,0,300,0,0,8,03,5A,64,5A,32,00,32,70
115608,0,301,0,0,3,E2,00,00
115608,1,201,0,0,5,00,00,00,00,62
115638,1,203,0,0,8,00,00,00,00,00,00,00,00
115648,1,206,0,0,8,00,00,00,00,00,00,00,00
115658,0,300,0,0,8,03,5A,64,5A,32,00,32,71
115658,0,301,0,0,3,B3,01,00
115668,1,401,0,0,8,39,9C,00,00,47,00,00,00
115688,1,400,0,0,8,01,00,0C,00,00,00,00,00
115708,0,300,0,0,8,03,5A,64,5A,32,00,32,72
115708,0,301,0,0,3,6B,02,00
115708,1,201,0,0,5,00,00,00,00,62
115738,1,203,0,0,8,00,00,00,00,00,00,00,00
115748,1,206,0,0,8,00,00,00,00,00,00,00,00
115758,0,300,0,0,8,03,5A,64,5A,32,00,32,73
115758,0,301,0,0,3,96,03,00
115768,1,401,0,0,8,39,9C,00,00,47,00,00,00
115788,1,400,0,0,8,01,00,0C,00,00,00,00,00
115808,0,300,0,0,8,03,5A,64,5A,32,00,32,34
115808,0,301,0,0,3,03,04,00
115808,1,201,0,0,5,00,00,00,00,62
115838,1,203,0,0,8,00,00,00,00,00,00,00,00
115848,1,206,0,0,8,00,00,00,00,00,00,00,00
115858,0,300,0,0,8,03,5A,64,5A,32,00,32,35
115858,0,301,0,0,3,54,05,00
115868,1,401,0,0,8,39,9C,00,00,46,00,00,00
115868,1,400,0,0,8,01,00,0C,00,00,00,00,00
115888,1,201,0,0,5,00,00,00,00,62
115908,0,300,0,0,8,03,5A,64,5A,32,00,32,36
115908,0,301,0,0,3,F5,06,00
115908,1,203,0,0,8,00,00,00,00,00,00,00,00
115938,1,403,0,0,8,64,00,00,00,40,E3,09,00
115938,0,300,0,0,8,03,5A,64,5A,32,00,32,37
115948,1,206,0,0,8,00,00,00,00,00,00,00,00
115958,0,301,0,0,3,B8,07,00
115958,0,300,0,0,8,03,5A,64,5A,32,00,32,F8
115968,1,401,0,0,8,39,9C,00,00,46,00,00,00
115988,1,400,0,0,8,01,00,0C,00,00,00,00,00
116008,0,301,0,0,3,80,08,00
116008,0,404,0,0,2,4A,00
116008,1,201,0,0,5,00,00,00,00,62
116008,1,203,0,0,8,00,00,00,00,00,00,00,00
116038,1,206,0,0,8,00,00,00,00,00,00,00,00
116048,1,401,0,0,8,39,9C,00,00,47,00,00,00
116058,0,300,0,0,8,03,5A,64,5A,32,00,32,F9
116058,0,301,0,0,3,88,09,00
116068,0,300,0,0,8,03,5A,64,5A,32,00,32,FA
116068,1,405,0,0,8,4A,00,00,00,06,00,00,00
116088,1,400,0,0,8,01,00,0C,00,00,00,00,00
116098,0,301,0,0,3,C6,0A,00
116108,0,300,0,0,8,03,5A,64,5A,32,00,32,FB
116108,0,301,0,0,3,43,0B,00
116108,1,201,0,0,5,00,00,00,00,62
116138,1,203,0,0,8,00,00,00,00,00,00,00,00
116148,1,206,0,0,8,00,00,00,00,00,00,00,00
116158,0,404,0,0,2,4A,00
116158,0,404,0,0,2,02,30
116158,1,401,0,0,8,39,9C,00,00,47,00,00,00
116158,1,400,0,0,8,01,00,0C,00,00,00,00,00
116168,1,201,0,0,5,00,00,00,00,62
116188,1,203,0,0,8,00,00,00,00,00,00,00,00
116208,0,300,0,0,8,03,5A,64,5A,32,00,32,BC
116208,0,301,0,0,3,B5,0C,00
116208,1,405,0,0,8,4A,00,00,00,06,00,00,00
116228,0,300,0,0,8,03,5A,64,5A,32,00,32,BD
116238,1,405,0,0,7,02,48,00,00,00,00,00
116248,1,206,0,0,8,00,00,00,00,00,00,00,00
116248,0,301,0,0,3,4E,0D,00
116258,0,300,0,0,8,03,5A,64,5A,32,00,32,BE
116258,0,301,0,0,3,1D,0E,00
116268,1,401,0,0,8,39,9C,00,00,47,00,00,00
116288,1,400,0,0,8,01,00,0C,00,00,00,00,00
116308,0,404,0,0,2,02,30
116308,0,404,0,0,2,44,00
116308,1,201,0,0,5,00,00,00,00,62
116308,1,203,0,0,8,00,00,00,00,00,00,00,00
116308,1,206,0,0,8,00,00,00,00,00,00,00,00
116338,1,401,0,0,8,39,9C,00,00,47,00,00,00
116348,1,405,0,0,7,02,48,00,00,00,00,00
116358,0,300,0,0,8,03,5A,64,5A,32,00,32,BF
116358,0,301,0,0,3,E8,0F,00
116358,1,405,0,0,6,44,00,00,00,50,46
116368,1,400,0,0,8,01,00,0C,00,00,00,00,00
116368,1,201,0,0,5,00,00,00,00,62
116368,1,203,0,0,8,00,00,00,00,00,00,00,00
116378,0,300,0,0,8,03,5A,64,5A,32,00,32,70
116388,1,204,0,0,8,00,00,00,00,00,00,00,00
116408,0,301,0,0,3,E2,00,00
116408,0,300,0,0,8,03,5A,64,5A,32,00,32,71
116408,1,402,0,0,8,4E,00,00,00,F8,AB,07,00
116438,1,206,0,0,8,00,00,00,00,00,00,00,00
116448,1,202,0,0,8,E2,1D,00,00,33,99,05,00
116458,0,301,0,0,3,B3,01,00
116458,0,404,0,0,2,44,00
116458,1,401,0,0,8,39,9C,00,00,47,00,00,00
116468,1,400,0,0,8,01,00,0C,00,00,00,00,00
116488,1,201,0,0,5,00,00,00,00,62
116498,0,300,0,0,8,03,5A,64,5A,32,00,32,72
116508,0,301,0,0,3,6B,02,00
116508,0,300,0,0,8,03,5A,64,5A,32,00,32,73
116508,1,203,0,0,8,00,00,00,00,00,00,00,00
116538,1,405,0,0,6,44,00,00,00,50,46
116548,1,206,0,0,8,00,00,00,00,00,00,00,00
116558,0,301,0,0,3,96,03,00
116558,0,404,0,0,2,44,00
116558,1,401,0,0,8,39,9C,00,00,47,00,00,00
116568,0,300,0,0,8,03,5A,64,5A,32,00,32,34
116568,1,400,0,0,8,01,00,0C,00,00,00,00,00
116588,1,201,0,0,5,00,00,00,00,62
116608,0,301,0,0,3,03,04,00
116608,0,300,0,0,8,03,5A,64,5A,32,00,32,35
116608,1,203,0,0,8,00,00,00,00,00,00,00,00
116638,1,405,0,0,6,44,00,00,00,50,46
116648,1,206,0,0,8,00,00,00,00,00,00,00,00
116658,0,301,0,0,3,54,05,00
116658,0,404,0,0,2,01,00
116658,1,401,0,0,8,39,9C,00,00,47,00,00,00
116668,1,400,0,0,8,01,00,0C,00,00,00,00,00
116688,1,201,0,0,5,00,00,00,00,62
116698,0,300,0,0,8,03,5A,64,5A,32,00,32,36
116708,0,301,0,0,3,F5,06,00
116708,0,300,0,0,8,03,5A,64,5A,32,00,32,37
116708,1,203,0,0,8,00,00,00,00,00,00,00,00
116738,1,405,0,0,8,01,00,00,00,00,04,06,04
116748,1,206,0,0,8,00,00,00,00,00,00,00,00
116748,0,301,0,0,3,B8,07,00
116758,0,404,0,0,2,01,00
116758,0,300,0,0,8,03,5A,64,5A,32,00,32,F8
116758,1,401,0,0,8,39,9C,00,00,47,00,00,00
116768,1,400,0,0,8,01,00,0C,00,00,00,00,00
116788,1,201,0,0,5,00,00,00,00,62
116808,0,301,0,0,3,80,08,00
116808,0,404,0,0,2,A3,01
116808,1,203,0,0,8,00,00,00,00,00,00,00,00
116808,1,405,0,0,8,01,00,00,00,00,04,06,04
116838,1,206,0,0,8,00,00,00,00,00,00,00,00
116848,1,401,0,0,8,39,9C,00,00,47,00,00,00
116858,0,300,0,0,8,03,5A,64,5A,32,00,32,F9
116858,0,301,0,0,3,88,09,00
116868,1,405,0,0,5,A3,01,00,00,06
116868,1,400,0,0,8,01,00,0C,00,00,00,00,00
116878,0,300,0,0,8,03,5A,64,5A,32,00,32,FA
116888,1,201,0,0,5,00,00,00,00,62
116908,0,301,0,0,3,C6,0A,00
116908,0,300,0,0,8,03,5A,64,5A,32,00,32,FB
116908,1,203,0,0,8,00,00,00,00,00,00,00,00
116938,1,403,0,0,8,64,00,00,00,40,E3,09,00
116948,1,206,0,0,8,00,00,00,00,00,00,00,00
116958,0,301,0,0,3,43,0B,00
116958,0,404,0,0,2,A3,01
116958,1,401,0,0,8,3B,9C,00,00,47,00,00,00
116968,1,400,0,0,8,01,00,0C,00,00,00,00,00
116988,1,201,0,0,5,00,00,00,00,62
117008,0,300,0,0,8,03,5A,64,5A,32,00,32,BC
117008,0,301,0,0,3,B5,0C,00
117008,0,300,0,0,8,03,5A,64,5A,32,00,32,BD
117008,1,203,0,0,8,00,00,00,00,00,00,00,00
117038,1,405,0,0,5,A3,01,00,00,06
117048,1,206,0,0,8,00,00,00,00,00,00,00,00
117058,0,301,0,0,3,4E,0D,00
117058,0,300,0,0,8,03,5A,64,5A,32,00,32,BE
117068,0,301,0,0,3,1D,0E,00
117068,1,401,0,0,8,3B,9C,00,00,47,00,00,00
117088,1,400,0,0,8,01,00,0C,00,00,00,00,00
117108,0,404,0,0,2,A3,01
117108,0,300,0,0,8,03,5A,64,5A,32,00,32,BF
117108,1,201,0,0,5,00,00,00,00,62
117108,1,203,0,0,8,00,00,00,00,00,00,00,00
117138,1,206,0,0,8,00,00,00,00,00,00,00,00
117148,1,401,0,0,8,3B,9C,00,00,47,00,00,00
117158,0,301,0,0,3,E8,0F,00
117158,0,404,0,0,2,20,00
117158,1,405,0,0,5,A3,01,00,00,06
117168,1,400,0,0,8,01,00,0C,00,00,00,00,00
117188,0,300,0,0,8,03,5A,64,5A,32,00,32,70
117188,1,201,0,0,5,00,00,00,00,62
117208,0,301,0,0,3,E2,00,00
117208,0,300,0,0,8,03,5A,64,5A,32,00,32,71
117208,1,203,0,0,8,00,00,00,00,00,00,00,00
117238,1,405,0,0,8,20,00,00,00,32,33,36,47
117248,1,206,0,0,8,00,00,00,00,00,00,00,00
117248,0,301,0,0,3,B3,01,00
117258,0,404,0,0,2,20,00
117258,0,300,0,0,8,03,5A,64,5A,32,00,32,72
117258,1,401,0,0,8,39,9C,00,00,47,00,00,00
117268,1,400,0,0,8,01,00,0C,00,00,00,00,00
117288,1,201,0,0,5,00,00,00,00,62
117308,0,301,0,0,3,6B,02,00
117308,0,404,0,0,2,21,00
117308,1,203,0,0,8,00,00,00,00,00,00,00,00
117308,1,405,0,0,8,20,00,00,00,32,33,36,47
117338,1,206,0,0,8,00,00,00,00,00,00,00,00
117348,1,401,0,0,8,39,9C,00,00,47,00,00,00
117358,0,300,0,0,8,03,5A,64,5A,32,00,32,73
117358,0,301,0,0,3,96,03,00
117358,1,405,0,0,8,21,00,00,00,35,4C,41,31
117368,1,400,0,0,8,01,00,0C,00,00,00,00,00
117368,1,201,0,0,5,00,00,00,00,62
117368,1,203,0,0,8,00,00,00,00,00,00,00,00
117378,0,300,0,0,8,03,5A,64,5A,32,00,32,34
117388,1,204,0,0,8,00,00,00,00,00,00,00,00
117388,1,206,0,0,8,00,00,00,00,00,00,00,00
117398,1,202,0,0,8,E2,1D,00,00,33,99,05,00
117408,1,402,0,0,8,4E,00,00,00,F8,AB,07,00
117408,0,301,0,0,3,03,04,00
117408,0,300,0,0,8,03,5A,64,5A,32,00,32,35
117408,1,666,0,0,8,52,08,05,00,52,95,36,02
117438,1,401,0,0,8,39,9C,00,00,47,00,00,00
117448,1,665,0,0,8,00,00,00,53,4C,18,53,00
117458,0,301,0,0,3,54,05,00
117458,0,404,0,0,2,21,00
117458,1,200,0,0,8,4E,00,F8,AB,07,00,00,00
117468,1,400,0,0,8,01,00,0C,00,00,00,00,00
117488,1,201,0,0,5,00,00,00,00,62
117498,0,300,0,0,8,03,5A,64,5A,32,00,32,36
117508,0,301,0,0,3,F5,06,00
117508,0,300,0,0,8,03,5A,64,5A,32,00,32,37
117508,1,203,0,0,8,00,00,00,00,00,00,00,00
117538,1,405,0,0,8,21,00,00,00,35,4C,41,31
117548,1,206,0,0,8,00,00,00,00,00,00,00,00
117558,0,301,0,0,3,B8,07,00
117558,0,404,0,0,2,21,00
117558,1,401,0,0,8,39,9C,00,00,47,00,00,00
117568,0,300,0,0,8,03,5A,64,5A,32,00,32,F8
117568,1,400,0,0,8,01,00,0C,00,00,00,00,00
117588,1,201,0,0,5,00,00,00,00,62
117608,0,301,0,0,3,80,08,00
117608,0,300,0,0,8,03,5A,64,5A,32,00,32,F9
117608,1,203,0,0,8,00,00,00,00,00,00,00,00
117638,1,405,0,0,8,21,00,00,00,35,4C,41,31
117648,1,206,0,0,8,00,00,00,00,00,00,00,00
117658,0,301,0,0,3,88,09,00
117658,0,404,0,0,2,22,00
117658,1,401,0,0,8,39,9C,00,00,47,00,00,00
117668,1,400,0,0,8,01,00,0C,00,00,00,00,00
117688,0,300,0,0,8,03,5A,64,5A,32,00,32,FA
117688,1,201,0,0,5,00,00,00,00,62
117708,0,301,0,0,3,C6,0A,00
117708,0,300,0,0,8,03,5A,64,5A,32,00,32,FB
117718,1,203,0,0,8,00,00,00,00,00,00,00,00
117738,1,405,0,0,8,22,00,00,00,30,30,34,52
117748,1,206,0,0,8,00,00,00,00,00,00,00,00
117748,0,301,0,0,3,43,0B,00
117758,0,404,0,0,2,22,00
117758,0,300,0,0,8,03,5A,64,5A,32,00,32,BC
117758,1,401,0,0,8,39,9C,00,00,47,00,00,00
117768,1,400,0,0,8,01,00,0C,00,00,00,00,00
117798,1,201,0,0,5,00,00,00,00,62
117808,0,301,0,0,3,B5,0C,00
117808,0,404,0,0,2,23,00
117808,1,203,0,0,8,00,00,00,00,00,00,00,00
117818,1,405,0,0,8,22,00,00,00,30,30,34,52
117838,1,206,0,0,8,00,00,00,00,00,00,00,00
117848,1,401,0,0,8,39,9C,00,00,47,00,00,00
117858,0,300,0,0,8,03,5A,64,5A,32,00,32,BD
117858,0,301,0,0,3,4E,0D,00
117868,1,405,0,0,8,23,00,00,00,4D,30,30,30
117878,1,400,0,0,8,01,00,0C,00,00,00,00,00
117878,0,300,0,0,8,03,5A,64,5A,32,00,32,BE
117898,1,201,0,0,5,00,00,00,00,62
117908,0,301,0,0,3,1D,0E,00
117908,0,300,0,0,8,03,5A,64,5A,32,00,32,BF
117918,1,203,0,0,8,00,00,00,00,00,00,00,00
117938,1,206,0,0,8,00,00,00,00,00,00,00,00
117948,1,403,0,0,8,64,00,00,00,40,E3,09,00
117958,0,301,0,0,3,E8,0F,00
117958,0,404,0,0,2,23,00
117958,1,401,0,0,8,3B,9C,00,00,47,00,00,00
117968,1,400,0,0,8,01,00,0C,00,00,00,00,00
117998,1,201,0,0,5,00,00,00,00,62
117998,0,300,0,0,8,03,5A,64,5A,32,00,32,70
118008,0,301,0,0,3,E2,00,00
118008,0,300,0,0,8,03,5A,64,5A,32,00,32,71
118018,1,203,0,0,8,00,00,00,00,00,00,00,00
118038,1,405,0,0,8,23,00,00,00,4D,30,30,30
118048,1,206,0,0,8,00,00,00,00,00,00,00,00
118058,0,301,0,0,3,B3,01,00
118058,0,404,0,0,2,23,00
118058,1,401,0,0,8,3B,9C,00,00,47,00,00,00
118068,0,300,0,0,8,03,5A,64,5A,32,00,32,72
118068,1,400,0,0,8,01,00,0C,00,00,00,00,00
118098,1,201,0,0,5,00,00,00,00,62
118108,0,301,0,0,3,6B,02,00
118108,0,300,0,0,8,03,5A,64,5A,32,00,32,73
118118,1,203,0,0,8,00,00,00,00,00,00,00,00
118138,1,405,0,0,8,23,00,00,00,4D,30,30,30
118148,1,206,0,0,8,00,00,00,00,00,00,00,00
