338165,0,300,0,0,8,03,5A,64,5A,32,00,32,72
338165,0,301,0,0,3,6B,02,00
338165,1,203,0,0,8,00,00,00,00,00,00,00,00
338185,1,402,0,0,8,58,00,00,00,CC,A0,08,00
338185,1,206,0,0,8,00,00,00,00,00,00,00,00
338205,1,401,0,0,8,DA,9E,00,00,46,00,00,00
338215,0,300,0,0,8,03,5A,64,5A,32,00,32,73
338215,0,301,0,0,3,96,03,00
338225,1,400,0,0,8,01,00,0C,00,00,00,00,00
338245,1,201,0,0,5,00,00,00,00,62
338265,1,203,0,0,8,00,00,00,00,00,00,00,00
338265,0,300,0,0,8,03,5A,64,5A,32,00,32,34
338265,0,301,0,0,3,03,04,00
338285,1,206,0,0,8,00,00,00,00,00,00,00,00
338305,1,401,0,0,8,DA,9E,00,00,46,00,00,00
338315,0,300,0,0,8,03,5A,64,5A,32,00,32,35
338315,0,301,0,0,3,54,05,00
338325,1,400,0,0,8,01,00,0C,00,00,00,00,00
338345,1,201,0,0,5,00,00,00,00,62
338365,0,300,0,0,8,03,5A,64,5A,32,00,32,36
338365,0,301,0,0,3,F5,06,00
338365,1,203,0,0,8,00,00,00,00,00,00,00,00
338385,1,206,0,0,8,00,00,00,00,00,00,00,00
338405,1,401,0,0,8,DA,9E,00,00,46,00,00,00
338415,0,300,0,0,8,03,5A,64,5A,32,00,32,37
338415,0,301,0,0,3,B8,07,00
338425,1,400,0,0,8,01,00,0C,00,00,00,00,00
338445,1,201,0,0,5,00,00,00,00,62
338465,0,300,0,0,8,03,5A,64,5A,32,00,32,F8
338465,0,301,0,0,3,80,08,00
338465,1,203,0,0,8,00,00,00,00,00,00,00,00
338485,1,206,0,0,8,00,00,00,00,00,00,00,00
338505,1,401,0,0,8,DC,9E,00,00,45,00,00,00
338515,0,300,0,0,8,03,5A,64,5A,32,00,32,F9
338515,0,301,0,0,3,88,09,00
338525,1,400,0,0,8,01,00,0C,00,00,00,00,00
338545,1,201,0,0,5,00,00,00,00,62
338565,0,300,0,0,8,03,5A,64,5A,32,00,32,FA
338565,0,301,0,0,3,C6,0A,00
338565,1,203,0,0,8,00,00,00,00,00,00,00,00
338575,1,204,0,0,8,00,00,00,00,00,00,00,00
338585,1,206,0,0,8,00,00,00,00,00,00,00,00
338585,1,202,0,0,8,E2,13,00,00,42,7D,05,00
338595,1,666,0,0,8,52,08,05,00,52,95,36,02
338605,1,401,0,0,8,DC,9E,00,00,45,00,00,00
338605,1,665,0,0,8,00,00,00,53,4C,18,53,00
338615,0,300,0,0,8,03,5A,64,5A,32,00,32,FB
338615,0,301,0,0,3,43,0B,00
338625,1,200,0,0,8,58,00,8C,A1,08,00,01,00
338625,1,400,0,0,8,01,00,0C,00,00,00,00,00
338645,1,201,0,0,5,00,00,00,00,62
338665,1,203,0,0,8,00,00,00,00,00,00,00,00
338665,0,300,0,0,8,03,5A,64,5A,32,00,32,BC
338665,0,301,0,0,3,B5,0C,00
338685,1,403,0,0,8,64,00,00,00,40,E3,09,00
338685,1,206,0,0,8,00,00,00,00,00,00,00,00
338705,1,401,0,0,8,DC,9E,00,00,46,00,00,00
338715,0,300,0,0,8,03,5A,64,5A,32,00,32,BD
338715,0,301,0,0,3,4E,0D,00
338725,1,400,0,0,8,01,00,0C,00,00,00,00,00
338745,1,201,0,0,5,00,00,00,00,62
338765,1,203,0,0,8,00,00,00,00,00,00,00,00
338765,0,300,0,0,8,03,5A,64,5A,32,00,32,BE
338765,0,301,0,0,3,1D,0E,00
338785,1,206,0,0,8,00,00,00,00,00,00,00,00
338805,1,401,0,0,8,DC,9E,00,00,46,00,00,00
338815,0,300,0,0,8,03,5A,64,5A,32,00,32,BF
338815,0,301,0,0,3,E8,0F,00
338825,1,400,0,0,8,01,00,0C,00,00,00,00,00
338845,1,201,0,0,5,00,00,00,00,62
338865,1,203,0,0,8,00,00,00,00,00,00,00,00
338865,0,300,0,0,8,03,5A,64,5A,32,00,32,70
338865,0,301,0,0,3,E2,00,00
338885,1,206,0,0,8,00,00,00,00,00,00,00,00
338905,1,401,0,0,8,DC,9E,00,00,46,00,00,00
338915,0,300,0,0,8,03,5A,64,5A,32,00,32,71
338915,0,301,0,0,3,B3,01,00
338925,1,400,0,0,8,01,00,0C,00,00,00,00,00
338945,1,201,0,0,5,00,00,00,00,62
338965,1,203,0,0,8,00,00,00,00,00,00,00,00
338965,0,300,0,0,8,03,5A,64,5A,32,00,32,72
338965,0,301,0,0,3,6B,02,00
338985,1,206,0,0,8,00,00,00,00,00,00,00,00
339005,1,401,0,0,8,DE,9E,00,00,46,00,00,00
339015,0,300,0,0,8,03,5A,64,5A,32,00,32,73
339015,0,301,0,0,3,96,03,00
339025,1,400,0,0,8,01,00,0C,00,00,00,00,00
339045,1,201,0,0,5,00,00,00,00,62
339065,1,203,0,0,8,00,00,00,00,00,00,00,00
339065,0,300,0,0,8,03,5A,64,5A,32,00,32,34
339065,0,301,0,0,3,03,04,00
339085,1,206,0,0,8,00,00,00,00,00,00,00,00
339105,1,401,0,0,8,DE,9E,00,00,46,00,00,00
339115,0,300,0,0,8,03,5A,64,5A,32,00,32,35
339115,0,301,0,0,3,54,05,00
339125,1,400,0,0,8,01,00,0C,00,00,00,00,00
339145,1,201,0,0,5,00,00,00,00,62
339165,1,203,0,0,8,00,00,00,00,00,00,00,00
339165,0,300,0,0,8,03,5A,64,5A,32,00,32,36
339165,0,301,0,0,3,F5,06,00
339185,1,206,0,0,8,00,00,00,00,00,00,00,00
339185,1,402,0,0,8,58,00,00,00,CC,A0,08,00
339205,1,401,0,0,8,DE,9E,00,00,45,00,00,00
339215,0,300,0,0,8,03,5A,64,5A,32,00,32,37
339215,0,301,0,0,3,B8,07,00
339225,1,400,0,0,8,01,00,0C,00,00,00,00,00
339245,1,201,0,0,5,00,00,00,00,62
339265,1,203,0,0,8,00,00,00,00,00,00,00,00
339265,0,300,0,0,8,03,5A,64,5A,32,00,32,F8
339265,0,301,0,0,3,80,08,00
339285,1,206,0,0,8,00,00,00,00,00,00,00,00
339305,1,401,0,0,8,DE,9E,00,00,45,00,00,00
339315,0,300,0,0,8,03,5A,64,5A,32,00,32,F9
339315,0,301,0,0,3,88,09,00
339325,1,400,0,0,8,01,00,0C,00,00,00,00,00
339345,1,201,0,0,5,00,00,00,00,62
339365,1,203,0,0,8,00,00,00,00,00,00,00,00
339365,0,300,0,0,8,03,5A,64,5A,32,00,32,FA
339365,0,301,0,0,3,C6,0A,00
339385,1,206,0,0,8,00,00,00,00,00,00,00,00
339405,1,401,0,0,8,DE,9E,00,00,45,00,00,00
339415,0,300,0,0,8,03,5A,64,5A,32,00,32,FB
339415,0,301,0,0,3,43,0B,00
339425,1,400,0,0,8,01,00,0C,00,00,00,00,00
339445,1,201,0,0,5,00,00,00,00,62
339465,1,203,0,0,8,00,00,00,00,00,00,00,00
339465,0,300,0,0,8,03,5A,64,5A,32,00,32,BC
339465,0,301,0,0,3,B5,0C,00
339485,1,206,0,0,8,00,00,00,00,00,00,00,00
339505,1,401,0,0,8,DE,9E,00,00,46,00,00,00
339515,0,300,0,0,8,03,5A,64,5A,32,00,32,BD
339515,0,301,0,0,3,4E,0D,00
339525,1,400,0,0,8,01,00,0C,00,00,00,00,00
339545,1,201,0,0,5,00,00,00,00,62
339565,0,300,0,0,8,03,5A,64,5A,32,00,32,BE
339565,1,203,0,0,8,00,00,00,00,00,00,00,00
339565,0,301,0,0,3,1D,0E,00
339575,1,204,0,0,8,00,00,00,00,00,00,00,00
339585,1,206,0,0,8,00,00,00,00,00,00,00,00
339585,1,202,0,0,8,E2,13,00,00,42,7D,05,00
339605,1,401,0,0,8,DE,9E,00,00,46,00,00,00
339615,0,300,0,0,8,03,5A,64,5A,32,00,32,BF
339615,0,301,0,0,3,E8,0F,00
339625,1,400,0,0,8,01,00,0C,00,00,00,00,00
339645,1,201,0,0,5,00,00,00,00,62
339665,0,300,0,0,8,03,5A,64,5A,32,00,32,70
339665,1,203,0,0,8,00,00,00,00,00,00,00,00
339665,0,301,0,0,3,E2,00,00
339685,1,206,0,0,8,00,00,00,00,00,00,00,00
339685,1,403,0,0,8,64,00,00,00,40,E3,09,00
339705,1,401,0,0,8,DE,9E,00,00,46,00,00,00
339715,0,300,0,0,8,03,5A,64,5A,32,00,32,71
339715,0,301,0,0,3,B3,01,00
339725,1,400,0,0,8,01,00,0C,00,00,00,00,00
339745,1,201,0,0,5,00,00,00,00,62
339765,0,300,0,0,8,03,5A,64,5A,32,00,32,72
339765,1,203,0,0,8,00,00,00,00,00,00,00,00
339765,0,301,0,0,3,6B,02,00
339785,1,206,0,0,8,00,00,00,00,00,00,00,00
339805,1,401,0,0,8,DE,9E,00,00,46,00,00,00
339815,0,300,0,0,8,03,5A,64,5A,32,00,32,73
339815,0,301,0,0,3,96,03,00
339825,1,400,0,0,8,01,00,0C,00,00,00,00,00
339845,1,201,0,0,5,00,00,00,00,62
339865,0,300,0,0,8,03,5A,64,5A,32,00,32,34
339865,1,203,0,0,8,00,00,00,00,00,00,00,00
339865,0,301,0,0,3,03,04,00
339885,1,206,0,0,8,00,00,00,00,00,00,00,00
339905,1,401,0,0,8,DE,9E,00,00,46,00,00,00
339915,0,300,0,0,8,03,5A,64,5A,32,00,32,35
339915,0,301,0,0,3,54,05,00
339925,1,400,0,0,8,01,00,0C,00,00,00,00,00
339945,1,201,0,0,5,00,00,00,00,62
339965,0,300,0,0,8,03,5A,64,5A,32,00,32,36
339965,1,203,0,0,8,00,00,00,00,00,00,00,00
339965,0,301,0,0,3,F5,06,00
339985,1,206,0,0,8,00,00,00,00,00,00,00,00
340005,1,401,0,0,8,DE,9E,00,00,45,00,00,00
340015,0,300,0,0,8,03,5A,64,5A,32,00,32,37
340015,0,301,0,0,3,B8,07,00
340025,1,400,0,0,8,01,00,0C,00,00,00,00,00
340045,1,201,0,0,5,00,00,00,00,62
340065,0,300,0,0,8,03,5A,64,5A,32,00,32,F8
340065,1,203,0,0,8,00,00,00,00,00,00,00,00
340065,0,301,0,0,3,80,08,00
340085,1,206,0,0,8,00,00,00,00,00,00,00,00
340105,1,401,0,0,8,DE,9E,00,00,45,00,00,00
340115,0,300,0,0,8,03,5A,64,5A,32,00,32,F9
340115,0,301,0,0,3,88,09,00
340125,1,400,0,0,8,01,00,0C,00,00,00,00,00
340145,1,201,0,0,5,00,00,00,00,62
340165,0,300,0,0,8,03,5A,64,5A,32,00,32,FA
340165,1,203,0,0,8,00,00,00,00,00,00,00,00
340165,0,301,0,0,3,C6,0A,00
340185,1,206,0,0,8,00,00,00,00,00,00,00,00
340185,1,402,0,0,8,58,00,00,00,CC,A0,08,00
340205,1,401,0,0,8,DE,9E,00,00,45,00,00,00
340215,0,300,0,0,8,03,5A,64,5A,32,00,32,FB
340215,0,301,0,0,3,43,0B,00
340225,1,400,0,0,8,01,00,0C,00,00,00,00,00
340245,1,201,0,0,5,00,00,00,00,62
340265,1,203,0,0,8,00,00,00,00,00,00,00,00
340265,0,300,0,0,8,03,5A,64,5A,32,00,32,BC
340265,0,301,0,0,3,B5,0C,00
340285,1,206,0,0,8,00,00,00,00,00,00,00,00
340305,1,401,0,0,8,DE,9E,00,00,45,00,00,00
340315,0,300,0,0,8,03,5A,64,5A,32,00,32,BD
340315,0,301,0,0,3,4E,0D,00
340325,1,400,0,0,8,01,00,0C,00,00,00,00,00
340345,1,201,0,0,5,00,00,00,00,62
340365,0,300,0,0,8,03,5A,64,5A,32,00,32,BE
340365,0,301,0,0,3,1D,0E,00
340365,1,203,0,0,8,00,00,00,00,00,00,00,00
340385,1,206,0,0,8,00,00,00,00,00,00,00,00
340405,1,401,0,0,8,DE,9E,00,00,45,00,00,00
340415,0,300,0,0,8,03,5A,64,5A,32,00,32,BF
340415,0,301,0,0,3,E8,0F,00
340425,1,400,0,0,8,01,00,0C,00,00,00,00,00
340445,1,201,0,0,5,00,00,00,00,62
340465,0,300,0,0,8,03,5A,64,5A,32,00,32,70
340465,0,301,0,0,3,E2,00,00
340465,1,203,0,0,8,00,00,00,00,00,00,00,00
340485,1,206,0,0,8,00,00,00,00,00,00,00,00
340505,1,401,0,0,8,DE,9E,00,00,45,00,00,00
340515,0,300,0,0,8,03,5A,64,5A,32,00,32,71
340515,0,301,0,0,3,B3,01,00
340525,1,400,0,0,8,01,00,0C,00,00,00,00,00
340545,1,201,0,0,5,00,00,00,00,62
340565,0,300,0,0,8,03,5A,64,5A,32,00,32,72
340565,0,301,0,0,3,6B,02,00
340565,1,203,0,0,8,00,00,00,00,00,00,00,00
340575,1,204,0,0,8,00,00,00,00,00,00,00,00
340585,1,206,0,0,8,00,00,00,00,00,00,00,00
340585,1,202,0,0,8,E2,13,00,00,42,7D,05,00
340605,1,401,0,0,8,DE,9E,00,00,45,00,00,00
340615,0,300,0,0,8,03,5A,64,5A,32,00,32,73
340615,0,301,0,0,3,96,03,00
340625,1,400,0,0,8,01,00,0C,00,00,00,00,00
340645,1,201,0,0,5,00,00,00,00,62
340665,0,300,0,0,8,03,5A,64,5A,32,00,32,34
340665,0,301,0,0,3,03,04,00
340665,1,203,0,0,8,00,00,00,00,00,00,00,00
340685,1,206,0,0,8,00,00,00,00,00,00,00,00
340685,1,403,0,0,8,64,00,00,00,40,E3,09,00
340705,1,401,0,0,8,DE,9E,00,00,46,00,00,00
340715,0,300,0,0,8,03,5A,64,5A,32,00,32,35
340715,0,301,0,0,3,54,05,00
340725,1,400,0,0,8,01,00,0C,00,00,00,00,00
340745,1,201,0,0,5,00,00,00,00,62
340765,0,300,0,0,8,03,5A,64,5A,32,00,32,36
340765,0,301,0,0,3,F5,06,00
340765,1,203,0,0,8,00,00,00,00,00,00,00,00
340785,1,206,0,0,8,00,00,00,00,00,00,00,00
340805,1,401,0,0,8,DE,9E,00,00,46,00,00,00
340815,0,300,0,0,8,03,5A,64,5A,32,00,32,37
340815,0,301,0,0,3,B8,07,00
340825,1,400,0,0,8,01,00,0C,00,00,00,00,00
340845,1,201,0,0,5,00,00,00,00,62
340865,0,300,0,0,8,03,5A,64,5A,32,00,32,F8
340865,0,301,0,0,3,80,08,00
340865,1,203,0,0,8,00,00,00,00,00,00,00,00
340885,1,206,0,0,8,00,00,00,00,00,00,00,00
340905,1,401,0,0,8,DE,9E,00,00,46,00,00,00
340915,0,300,0,0,8,03,5A,64,5A,32,00,32,F9
340915,0,301,0,0,3,88,09,00
340925,1,400,0,0,8,01,00,0C,00,00,00,00,00
340945,1,201,0,0,5,00,00,00,00,62
340965,0,300,0,0,8,03,5A,64,5A,32,00,32,FA
340965,0,301,0,0,3,C6,0A,00
340965,1,203,0,0,8,00,00,00,00,00,00,00,00
340985,1,206,0,0,8,00,00,00,00,00,00,00,00
341005,1,401,0,0,8,DE,9E,00,00,46,00,00,00
341015,0,300,0,0,8,03,5A,64,5A,32,00,32,FB
341015,0,301,0,0,3,43,0B,00
341025,1,400,0,0,8,01,00,0C,00,00,00,00,00
341045,1,201,0,0,5,00,00,00,00,62
341065,0,300,0,0,8,03,5A,64,5A,32,00,32,BC
341065,0,301,0,0,3,B5,0C,00
341065,1,203,0,0,8,00,00,00,00,00,00,00,00
341085,1,206,0,0,8,00,00,00,00,00,00,00,00
341105,1,401,0,0,8,DE,9E,00,00,46,00,00,00
341115,0,300,0,0,8,03,5A,64,5A,32,00,32,BD
341115,0,301,0,0,3,4E,0D,00
341135,1,400,0,0,8,01,00,0C,00,00,00,00,00
341145,1,201,0,0,5,00,00,00,00,62
341165,0,300,0,0,8,03,5A,64,5A,3C,00,3C,FE
341165,0,301,0,0,3,1D,0E,00
341165,1,203,0,0,8,00,00,00,00,00,00,00,00
341185,1,206,0,0,8,00,00,00,00,00,00,00,00
341195,1,402,0,0,8,58,00,00,00,CC,A0,08,00
341215,1,401,0,0,8,E0,9E,00,00,45,00,00,00
341215,0,300,0,0,8,03,5A,64,5A,3C,00,3C,FF
341215,0,301,0,0,3,E8,0F,00
341235,1,400,0,0,8,01,00,0C,00,00,00,00,00
341245,1,201,0,0,5,00,00,00,00,62
341265,1,203,0,0,8,00,00,00,00,00,00,00,00
341265,0,300,0,0,8,03,5A,64,5A,3C,00,3C,30
341265,0,301,0,0,3,E2,00,00
341285,1,206,0,0,8,00,00,00,00,00,00,00,00
341315,1,401,0,0,8,E0,9E,00,00,45,00,00,00
341315,0,300,0,0,8,03,5A,64,5A,3C,00,3C,31
341315,0,301,0,0,3,B3,01,00
341335,1,400,0,0,8,01,00,0C,00,00,00,00,00
341345,1,201,0,0,5,00,00,00,00,62
341365,0,300,0,0,8,03,5A,64,5A,46,00,46,12
341365,0,301,0,0,3,6B,02,00
341365,1,203,0,0,8,00,00,00,00,00,00,00,00
341385,1,206,0,0,8,00,00,00,00,00,00,00,00
341415,1,401,0,0,8,E0,9E,00,00,45,00,00,00
341415,0,300,0,0,8,03,5A,64,5A,46,00,46,03
341415,0,301,0,0,3,96,03,00
341435,1,400,0,0,8,01,00,0C,00,00,00,00,00
341445,1,201,0,0,5,00,00,00,00,62
341465,0,300,0,0,8,03,5A,64,5A,46,00,46,34
341465,0,301,0,0,3,03,04,00
341465,1,203,0,0,8,00,00,00,00,00,00,00,00
341485,1,206,0,0,8,00,00,00,00,00,00,00,00
341515,1,401,0,0,8,DE,9E,00,00,46,00,00,00
341515,0,300,0,0,8,03,5A,64,5A,46,00,46,25
341515,0,301,0,0,3,54,05,00
341535,1,400,0,0,8,01,00,0C,00,00,00,00,00
341545,1,201,0,0,5,00,00,00,00,62
341565,0,300,0,0,8,03,5A,64,5A,50,00,50,56
341565,0,301,0,0,3,F5,06,00
341565,1,203,0,0,8,00,00,00,00,00,00,00,00
341575,1,204,0,0,8,00,00,00,00,00,00,00,00
341585,1,206,0,0,8,00,00,00,00,00,00,00,00
341585,1,202,0,0,8,E2,13,00,00,42,7D,05,00
341595,1,666,0,0,8,52,08,05,00,52,95,36,02
341605,1,665,0,0,8,00,00,00,53,4C,18,53,00
341615,1,401,0,0,8,DE,9E,00,00,46,00,00,00
341615,0,300,0,0,8,03,5A,64,5A,50,00,50,57
341615,0,301,0,0,3,B8,07,00
341625,1,200,0,0,8,58,00,7A,A1,08,00,02,00
341635,1,400,0,0,8,01,00,0C,00,00,00,00,00
341645,1,201,0,0,5,00,00,00,00,62
341665,0,300,0,0,8,03,5A,64,5A,50,00,50,F8
341665,0,301,0,0,3,80,08,00
341665,1,203,0,0,8,00,00,00,00,00,00,00,00
341685,1,206,0,0,8,00,00,00,00,00,00,00,00
341695,1,403,0,0,8,64,00,00,00,40,E3,09,00
341715,0,300,0,0,8,03,5A,64,5A,50,00,50,F9
341715,1,401,0,0,8,E0,9E,00,00,46,00,00,00
341715,0,301,0,0,3,88,09,00
341735,1,400,0,0,8,01,00,0C,00,00,00,00,00
341745,1,201,0,0,5,00,00,00,00,62
341765,0,300,0,0,8,03,5A,64,5A,5A,00,5A,DA
341765,0,301,0,0,3,C6,0A,00
341765,1,203,0,0,8,00,00,00,00,00,00,00,00
341785,1,206,0,0,8,00,00,00,00,00,00,00,00
341815,0,300,0,0,8,03,5A,64,5A,5A,00,5A,DB
341815,0,301,0,0,3,43,0B,00
341815,1,401,0,0,8,E0,9E,00,00,46,00,00,00
341835,1,400,0,0,8,01,00,0C,00,00,00,00,00
341845,1,201,0,0,5,00,00,00,00,62
341865,0,300,0,0,8,03,5A,64,5A,5A,00,5A,FC
341865,0,301,0,0,3,B5,0C,00
341865,1,203,0,0,8,00,00,00,00,00,00,00,00
341885,1,206,0,0,8,00,00,00,00,00,00,00,00
341915,0,300,0,0,8,03,5A,64,5A,5A,00,5A,FD
341915,0,301,0,0,3,4E,0D,00
341915,1,401,0,0,8,E0,9E,00,00,46,00,00,00
341935,1,400,0,0,8,01,00,0C,00,00,00,00,00
341945,1,201,0,0,5,00,00,00,00,62
341965,0,300,0,0,8,03,5A,64,5A,5A,00,5A,DE
341965,0,301,0,0,3,1D,0E,00
341965,1,203,0,0,8,00,00,00,00,00,00,00,00
341985,1,206,0,0,8,00,00,00,00,00,00,00,00
342015,0,300,0,0,8,03,5A,64,5A,64,00,64,AF
342015,0,301,0,0,3,E8,0F,00
342015,1,401,0,0,8,E2,9E,00,00,46,00,00,00
342035,1,400,0,0,8,01,00,0C,00,00,00,00,00
342045,1,201,0,0,5,00,00,00,00,62
342065,0,300,0,0,8,03,5A,64,5A,64,00,64,30
342065,0,301,0,0,3,E2,00,00
342065,1,203,0,0,8,00,00,00,00,00,00,00,00
342085,1,206,0,0,8,00,00,00,00,00,00,00,00
342115,0,300,0,0,8,03,5A,64,5A,64,00,64,21
342115,0,301,0,0,3,B3,01,00
342115,1,401,0,0,8,E2,9E,00,00,46,00,00,00
342135,1,400,0,0,8,01,00,0C,00,00,00,00,00
342145,1,201,0,0,5,00,00,00,00,62
342165,0,300,0,0,8,03,5A,64,5A,64,00,64,32
342165,0,301,0,0,3,6B,02,00
342165,1,203,0,0,8,00,00,00,00,00,00,00,00
342185,1,206,0,0,8,00,00,00,00,00,00,00,00
342195,1,402,0,0,8,58,00,00,00,CC,A0,08,00
342215,0,300,0,0,8,03,5A,64,5A,64,00,64,23
342215,0,301,0,0,3,96,03,00
342215,1,401,0,0,8,E2,9E,00,00,46,00,00,00
342235,1,400,0,0,8,01,00,0C,00,00,00,00,00
342255,1,201,0,0,5,00,00,00,00,62
342265,0,300,0,0,8,03,5A,64,5A,64,00,64,34
342265,1,203,0,0,8,00,00,00,00,00,00,00,00
342265,0,301,0,0,3,03,04,00
342285,1,206,0,0,8,00,00,00,00,00,00,00,00
342315,0,300,0,0,8,03,5A,64,5A,64,00,64,25
342315,0,301,0,0,3,54,05,00
342315,1,401,0,0,8,E2,9E,00,00,46,00,00,00
342335,1,400,0,0,8,01,00,0C,00,00,00,00,00
342355,1,201,0,0,5,00,00,00,00,62
342365,0,300,0,0,8,03,5A,64,5A,64,00,64,36
342365,0,301,0,0,3,F5,06,00
342365,1,203,0,0,8,00,00,00,00,00,00,00,00
342385,1,206,0,0,8,00,00,00,00,00,00,00,00
342415,0,300,0,0,8,03,5A,64,5A,64,00,64,27
342415,0,301,0,0,3,B8,07,00
342415,1,401,0,0,8,E2,9E,00,00,46,00,00,00
342435,1,400,0,0,8,01,00,0C,00,00,00,00,00
342455,1,201,0,0,5,00,00,00,00,62
342465,0,300,0,0,8,03,5A,64,5A,64,00,64,B8
342465,0,301,0,0,3,80,08,00
342465,1,203,0,0,8,00,00,00,00,00,00,00,00
342485,1,206,0,0,8,00,00,00,00,00,00,00,00
342515,0,300,0,0,8,03,5A,64,5A,64,00,64,A9
342515,0,301,0,0,3,88,09,00
342515,1,401,0,0,8,E0,9E,00,00,46,00,00,00
342535,1,400,0,0,8,01,00,0C,00,00,00,00,00
342555,1,201,0,0,5,00,00,00,00,62
342565,0,300,0,0,8,03,5A,64,5A,64,00,64,BA
342565,0,301,0,0,3,C6,0A,00
342565,1,203,0,0,8,00,00,00,00,00,00,00,00
342575,1,204,0,0,8,00,00,00,00,00,00,00,00
342585,1,206,0,0,8,00,00,00,00,00,00,00,00
342585,1,202,0,0,8,E2,13,00,00,42,7D,05,00
342615,0,300,0,0,8,03,5A,64,5A,64,00,64,AB
342615,0,301,0,0,3,43,0B,00
342615,1,401,0,0,8,E0,9E,00,00,46,00,00,00
342635,1,400,0,0,8,01,00,0C,00,00,00,00,00
342655,1,201,0,0,5,00,00,00,00,62
342665,0,300,0,0,8,03,5A,64,5A,64,00,64,BC
342665,0,301,0,0,3,B5,0C,00
342665,1,203,0,0,8,00,00,00,00,00,00,00,00
342685,1,206,0,0,8,00,00,00,00,00,00,00,00
342695,1,403,0,0,8,64,00,00,00,40,E3,09,00
342715,0,300,0,0,8,03,5A,64,5A,64,00,64,AD
342715,0,301,0,0,3,4E,0D,00
342715,1,401,0,0,8,E0,9E,00,00,46,00,00,00
342735,1,400,0,0,8,01,00,0C,00,00,00,00,00
342755,1,201,0,0,5,00,00,00,00,62
342765,0,300,0,0,8,03,5A,64,5A,64,00,64,BE
342765,0,301,0,0,3,1D,0E,00
342765,1,203,0,0,8,00,00,00,00,00,00,00,00
342785,1,206,0,0,8,00,00,00,00,00,00,00,00
342815,0,300,0,0,8,03,5A,64,5A,64,00,64,AF
342815,0,301,0,0,3,E8,0F,00
342815,1,401,0,0,8,E0,9E,00,00,46,00,00,00
342835,1,400,0,0,8,01,00,0C,00,00,00,00,00
342855,1,201,0,0,5,00,00,00,00,62
342865,0,300,0,0,8,03,5A,64,5A,64,00,64,30
342865,0,301,0,0,3,E2,00,00
342865,1,203,0,0,8,00,00,00,00,00,00,00,00
342885,1,206,0,0,8,00,00,00,00,00,00,00,00
342915,0,300,0,0,8,03,5A,64,5A,64,00,64,21
342915,0,301,0,0,3,B3,01,00
342915,1,401,0,0,8,E0,9E,00,00,46,00,00,00
342935,1,400,0,0,8,01,00,0C,00,00,00,00,00
342955,1,201,0,0,5,00,00,00,00,62
342965,0,300,0,0,8,03,5A,64,5A,64,00,64,32
342965,0,301,0,0,3,6B,02,00
342965,1,203,0,0,8,00,00,00,00,00,00,00,00
342985,1,206,0,0,8,00,00,00,00,00,00,00,00
343015,0,300,0,0,8,03,5A,64,5A,64,00,64,23
343015,0,301,0,0,3,96,03,00
343015,1,401,0,0,8,E0,9E,00,00,45,00,00,00
343035,1,400,0,0,8,01,00,0C,00,00,00,00,00
343055,1,201,0,0,5,00,00,00,00,62
343065,0,300,0,0,8,03,5A,64,5A,64,00,64,34
343065,0,301,0,0,3,03,04,00
343065,1,203,0,0,8,00,00,00,00,00,00,00,00
343085,1,206,0,0,8,00,00,00,00,00,00,00,00
343115,0,300,0,0,8,03,5A,64,5A,64,00,64,25
343115,0,301,0,0,3,54,05,00
343115,1,401,0,0,8,E0,9E,00,00,45,00,00,00
343135,1,400,0,0,8,01,00,0C,00,00,00,00,00
343155,1,201,0,0,5,00,00,00,00,62
343165,0,300,0,0,8,03,5A,64,5A,64,00,64,36
343165,0,301,0,0,3,F5,06,00
343165,1,203,0,0,8,00,00,00,00,00,00,00,00
343185,1,206,0,0,8,00,00,00,00,00,00,00,00
343195,1,402,0,0,8,58,00,00,00,CC,A0,08,00
343215,0,300,0,0,8,03,5A,64,5A,64,00,64,27
343215,0,301,0,0,3,B8,07,00
343215,1,401,0,0,8,E2,9E,00,00,45,00,00,00
343235,1,400,0,0,8,01,00,0C,00,00,00,00,00
343255,1,201,0,0,5,00,00,00,00,62
343265,0,300,0,0,8,03,5A,64,5A,64,00,64,B8
343265,0,301,0,0,3,80,08,00
343265,1,203,0,0,8,00,00,00,00,00,00,00,00
343275,0,404,0,0,2,4A,00
343275,1,405,0,0,8,4A,00,00,00,06,00,00,00
343285,1,206,0,0,8,00,00,00,00,00,00,00,00
343305,0,404,0,0,2,02,30
343305,1,405,0,0,7,02,30,00,00,00,00,00
343315,0,300,0,0,8,03,5A,64,5A,64,00,64,A9
343315,0,301,0,0,3,88,09,00
343315,1,401,0,0,8,E2,9E,00,00,45,00,00,00
343335,1,400,0,0,8,01,00,0C,00,00,00,00,00
343345,0,404,0,0,2,44,00
343345,1,405,0,0,6,44,00,00,00,50,46
343355,1,201,0,0,5,00,00,00,00,62
343365,0,300,0,0,8,03,5A,64,5A,64,00,64,BA
343365,0,301,0,0,3,C6,0A,00
343365,1,203,0,0,8,00,00,00,00,00,00,00,00
343365,0,404,0,0,2,01,00
343365,1,405,0,0,8,01,00,00,00,00,04,06,04
343385,1,206,0,0,8,00,00,00,00,00,00,00,00
343395,0,404,0,0,2,A3,01
343395,1,405,0,0,5,A3,01,00,00,06
343415,0,300,0,0,8,03,5A,64,5A,64,00,64,AB
343415,0,301,0,0,3,43,0B,00
343415,1,401,0,0,8,E2,9E,00,00,45,00,00,00
343425,0,404,0,0,2,20,00
343435,1,405,0,0,8,20,00,00,00,32,33,36,47
343435,1,400,0,0,8,01,00,0C,00,00,00,00,00
343455,1,201,0,0,5,00,00,00,00,62
343465,0,404,0,0,2,21,00
343465,0,300,0,0,8,03,5A,64,5A,64,00,64,BC
343465,0,301,0,0,3,B5,0C,00
343465,1,405,0,0,8,21,00,00,00,35,4C,41,31
343465,1,203,0,0,8,00,00,00,00,00,00,00,00
343485,1,206,0,0,8,00,00,00,00,00,00,00,00
343515,0,300,0,0,8,03,5A,64,5A,64,00,64,AD
343515,0,301,0,0,3,4E,0D,00
343515,1,401,0,0,8,E0,9E,00,00,46,00,00,00
343525,0,404,0,0,2,22,00
343525,1,405,0,0,8,22,00,00,00,30,30,34,52
343535,1,400,0,0,8,01,00,0C,00,00,00,00,00
343555,1,201,0,0,5,00,00,00,00,62
343555,0,404,0,0,2,23,00
343555,1,405,0,0,8,23,00,00,00,4D,30,30,30
343565,0,300,0,0,8,03,5A,64,5A,64,00,64,BE
343565,0,301,0,0,3,1D,0E,00
343565,1,203,0,0,8,00,00,00,00,00,00,00,00
343575,1,204,0,0,8,00,00,00,00,00,00,00,00
343585,0,404,0,0,2,24,00
343585,1,405,0,0,8,24,00,00,00,30,30,30,30
343585,1,206,0,0,8,00,00,00,00,00,00,00,00
343585,1,202,0,0,8,E2,14,00,00,42,7D,05,00
343615,0,300,0,0,8,03,5A,64,5A,64,00,64,AF
343615,0,301,0,0,3,E8,0F,00
343615,1,401,0,0,8,E0,9E,00,00,46,00,00,00
343615,0,404,0,0,2,25,00
343615,1,405,0,0,8,25,00,00,00,30,30,30,30
343635,1,400,0,0,8,01,00,0C,00,00,00,00,00
343655,1,201,0,0,5,00,00,00,00,62
343655,0,404,0,0,2,26,00
343655,1,405,0,0,8,26,00,00,00,30,30,30,30
343665,0,300,0,0,8,03,5A,64,5A,64,00,64,30
343665,0,301,0,0,3,E2,00,00
343665,1,203,0,0,8,00,00,00,00,00,00,00,00
343675,0,404,0,0,2,27,00
343685,1,405,0,0,6,27,00,00,00,30,30
343685,1,206,0,0,8,00,00,00,00,00,00,00,00
343695,1,403,0,0,8,64,00,00,00,40,E3,09,00
343715,0,404,0,0,2,4C,00
343715,0,300,0,0,8,03,5A,64,5A,64,00,64,21
343715,1,405,0,0,8,4C,00,00,00,01,24,00,00
343715,0,301,0,0,3,B3,01,00
343715,1,401,0,0,8,E2,9E,00,00,46,00,00,00
343735,1,400,0,0,8,01,00,0C,00,00,00,00,00
343755,1,201,0,0,5,00,00,00,00,62
343765,0,300,0,0,8,03,5A,64,5A,64,00,64,32
343765,0,301,0,0,3,6B,02,00
343765,1,203,0,0,8,00,00,00,00,00,00,00,00
343775,0,404,0,0,2,46,00
343775,1,405,0,0,5,46,00,00,00,00
343785,1,206,0,0,8,00,00,00,00,00,00,00,00
343805,0,404,0,0,2,4D,00
343815,1,405,0,0,8,4D,00,00,00,00,00,00,00
343815,0,300,0,0,8,03,5A,64,5A,64,00,64,23
343815,0,301,0,0,3,96,03,00
343815,1,401,0,0,8,E2,9E,00,00,46,00,00,00
343835,0,404,0,0,2,50,00
343835,1,400,0,0,8,01,00,0C,00,00,00,00,00
343835,1,405,0,0,8,50,00,00,00,7F,00,7E,00
343855,1,201,0,0,5,00,00,00,00,62
343865,0,300,0,0,8,03,5A,64,5A,64,00,64,34
343865,0,301,0,0,3,03,04,00
343865,1,203,0,0,8,00,00,00,00,00,00,00,00
343865,0,404,0,0,2,02,00
343865,1,405,0,0,8,02,00,00,00,53,49,43,54
343885,1,206,0,0,8,00,00,00,00,00,00,00,00
343895,0,404,0,0,2,0A,00
343895,1,405,0,0,8,0A,00,00,00,30,3A,00,00
343915,0,300,0,0,8,03,5A,64,5A,64,00,64,25
343915,0,301,0,0,3,54,05,00
343915,1,401,0,0,8,E2,9E,00,00,46,00,00,00
343925,0,404,0,0,2,04,00
343935,1,405,0,0,7,04,00,00,00,16,09,02
343935,1,400,0,0,8,01,00,0C,00,00,00,00,00
343955,1,201,0,0,5,00,00,00,00,62
343965,0,300,0,0,8,03,5A,64,5A,64,00,64,36
343965,0,301,0,0,3,F5,06,00
343965,1,203,0,0,8,00,00,00,00,00,00,00,00
343965,0,404,0,0,2,B0,01
343965,1,405,0,0,6,B0,01,00,00,00,00
343985,1,206,0,0,8,00,00,00,00,00,00,00,00
344015,0,300,0,0,8,03,5A,64,5A,64,00,64,27
344015,0,301,0,0,3,B8,07,00
344015,1,401,0,0,8,E0,9E,00,00,46,00,00,00
344025,0,404,0,0,2,B1,01
344025,1,405,0,0,6,B1,01,00,00,00,00
344035,1,400,0,0,8,01,00,0C,00,00,00,00,00
344055,1,201,0,0,5,00,00,00,00,62
344065,0,300,0,0,8,03,5A,64,5A,64,00,64,B8
344065,0,301,0,0,3,80,08,00
344065,1,203,0,0,8,00,00,00,00,00,00,00,00
344085,1,206,0,0,8,00,00,00,00,00,00,00,00
344115,0,300,0,0,8,03,5A,64,5A,64,00,64,A9
344115,0,301,0,0,3,88,09,00
344115,1,401,0,0,8,E0,9E,00,00,46,00,00,00
344135,1,400,0,0,8,01,00,0C,00,00,00,00,00
344155,1,201,0,0,5,00,00,00,00,62
344165,0,300,0,0,8,03,5A,64,5A,64,00,64,BA
344165,0,301,0,0,3,C6,0A,00
344165,1,203,0,0,8,00,00,00,00,00,00,00,00
344185,1,206,0,0,8,00,00,00,00,00,00,00,00
344195,1,402,0,0,8,58,00,00,00,CC,A0,08,00
344215,0,300,0,0,8,03,5A,64,5A,64,00,64,AB
344215,0,301,0,0,3,43,0B,00
344215,1,401,0,0,8,E2,9E,00,00,47,00,00,00
344235,1,400,0,0,8,01,00,0C,00,00,00,00,00
344255,1,201,0,0,5,00,00,00,00,62
344265,0,300,0,0,8,03,5A,64,5A,64,00,64,BC
344265,0,301,0,0,3,B5,0C,00
344265,1,203,0,0,8,00,00,00,00,00,00,00,00
344285,1,206,0,0,8,00,00,00,00,00,00,00,00
344315,0,300,0,0,8,03,5A,64,5A,64,00,64,AD
344315,0,301,0,0,3,4E,0D,00
344315,1,401,0,0,8,E2,9E,00,00,47,00,00,00
344335,1,400,0,0,8,01,00,0C,00,00,00,00,00
344355,1,201,0,0,5,00,00,00,00,62
344365,0,300,0,0,8,03,5A,64,5A,64,00,64,BE
344365,0,301,0,0,3,1D,0E,00
344365,1,203,0,0,8,00,00,00,00,00,00,00,00
344385,1,206,0,0,8,00,00,00,00,00,00,00,00
344415,0,300,0,0,8,03,5A,64,5A,64,00,64,AF
344415,0,301,0,0,3,E8,0F,00
344415,1,401,0,0,8,E2,9E,00,00,47,00,00,00
344435,1,400,0,0,8,01,00,0C,00,00,00,00,00
344455,1,201,0,0,5,00,00,00,00,62
344465,0,300,0,0,8,03,5A,64,5A,64,00,64,30
344465,0,301,0,0,3,E2,00,00
344465,1,203,0,0,8,00,00,00,00,00,00,00,00
344485,1,206,0,0,8,00,00,00,00,00,00,00,00
344515,0,300,0,0,8,03,5A,64,5A,64,00,64,21
344515,0,301,0,0,3,B3,01,00
344515,1,401,0,0,8,E2,9E,00,00,46,00,00,00
344535,1,400,0,0,8,01,00,0C,00,00,00,00,00
344555,1,201,0,0,5,00,00,00,00,62
344565,0,300,0,0,8,03,5A,64,5A,64,00,64,32
344565,0,301,0,0,3,6B,02,00
344565,1,203,0,0,8,00,00,00,00,00,00,00,00
344575,1,204,0,0,8,00,00,00,00,00,00,00,00
344585,1,206,0,0,8,00,00,00,00,00,00,00,00
344585,1,202,0,0,8,E2,13,00,00,42,7D,05,00
344595,1,666,0,0,8,52,08,05,00,52,95,36,02
344615,1,665,0,0,8,00,00,00,53,4C,18,53,00
344615,0,300,0,0,8,03,5A,64,5A,64,00,64,23
344615,0,301,0,0,3,96,03,00
344615,1,401,0,0,8,E2,9E,00,00,46,00,00,00
344625,1,200,0,0,8,58,00,68,A1,08,00,00,00
344635,1,400,0,0,8,01,00,0C,00,00,00,00,00
344655,1,201,0,0,5,00,00,00,00,62
344665,0,300,0,0,8,03,5A,64,5A,64,00,64,34
344665,0,301,0,0,3,03,04,00
344665,1,203,0,0,8,00,00,00,00,00,00,00,00
344685,1,206,0,0,8,00,00,00,00,00,00,00,00
344695,1,403,0,0,8,64,00,00,00,40,E3,09,00
344715,0,300,0,0,8,03,5A,64,5A,64,00,64,25
344715,0,301,0,0,3,54,05,00
344715,1,401,0,0,8,E0,9E,00,00,46,00,00,00
344735,1,400,0,0,8,01,00,0C,00,00,00,00,00
344755,1,201,0,0,5,00,00,00,00,62
344765,0,300,0,0,8,03,5A,64,5A,64,00,64,36
344765,0,301,0,0,3,F5,06,00
344765,1,203,0,0,8,00,00,00,00,00,00,00,00
344785,1,206,0,0,8,00,00,00,00,00,00,00,00
344815,0,300,0,0,8,03,5A,64,5A,64,00,64,27
344815,0,301,0,0,3,B8,07,00
344815,1,401,0,0,8,E0,9E,00,00,46,00,00,00
344835,1,400,0,0,8,01,00,0C,00,00,00,00,00
344855,1,201,0,0,5,00,00,3A,07,62
344865,0,300,0,0,8,03,5A,64,5A,64,00,64,B8
344865,0,301,0,0,3,80,08,00
344865,1,203,0,0,8,00,00,00,00,00,00,00,00
344885,1,206,0,0,8,00,00,00,00,00,00,00,00
344915,0,300,0,0,8,03,5A,64,5A,64,00,64,A9
344915,0,301,0,0,3,88,09,00
344915,1,401,0,0,8,E0,9E,00,00,46,00,00,00
344935,1,400,0,0,8,01,00,0C,00,00,00,00,00
344955,1,201,0,0,5,00,00,F2,0D,62
344965,0,300,0,0,8,03,5A,64,5A,64,00,64,BA
344965,0,301,0,0,3,C6,0A,00
344965,1,203,0,0,8,00,00,00,00,00,00,00,00
344985,1,206,0,0,8,00,00,00,00,00,00,00,00
345015,0,300,0,0,8,03,5A,64,5A,64,00,64,AB
345015,0,301,0,0,3,43,0B,00
345015,1,401,0,0,8,E0,9E,00,00,46,00,00,00
345035,1,400,0,0,8,01,00,0C,00,00,00,00,00
345055,1,201,0,0,5,00,00,C8,14,62
345065,0,300,0,0,8,03,5A,64,5A,64,00,64,BC
345065,0,301,0,0,3,B5,0C,00
345065,1,203,0,0,8,68,00,C0,C0,04,00,00,00
345085,1,206,0,0,8,00,00,00,00,00,00,00,00
345115,0,300,0,0,8,03,5A,64,5A,64,00,64,AD
345115,0,301,0,0,3,4E,0D,00
345115,1,401,0,0,8,E0,9E,00,00,46,00,00,00
345135,1,400,0,0,8,01,00,0C,00,00,00,00,00
345155,1,201,0,0,5,00,00,B8,15,62
345165,0,300,0,0,8,03,5A,64,5A,64,00,64,BE
345165,0,301,0,0,3,1D,0E,00
345165,1,203,0,0,8,DB,00,2C,03,10,00,00,00
345185,1,206,0,0,8,00,00,00,00,00,00,00,00
345195,1,402,0,0,8,58,00,00,00,CC,A0,08,00
345215,0,300,0,0,8,03,5A,64,5A,64,00,64,AF
345215,0,301,0,0,3,E8,0F,00
345215,1,401,0,0,8,B9,9C,00,00,B1,01,00,00
345235,1,400,0,0,8,01,00,2C,00,00,00,00,00
345255,1,201,0,0,5,00,00,92,0E,62
345265,0,300,0,0,8,03,5A,64,5A,64,00,64,30
345265,0,301,0,0,3,E2,00,00
345265,1,203,0,0,8,27,01,10,FA,11,00,00,00
345285,1,206,0,0,8,00,00,00,00,00,00,00,00
345315,0,300,0,0,8,03,5A,64,5A,64,00,64,21
345315,0,301,0,0,3,B3,01,00
345315,1,401,0,0,8,B9,9C,00,00,B1,01,00,00
345335,1,400,0,0,8,01,00,2C,00,00,00,00,00
345355,1,201,0,0,5,00,00,A4,06,62
345365,0,300,0,0,8,03,5A,64,5A,64,00,64,32
345365,0,301,0,0,3,6B,02,00
345365,1,203,0,0,8,EC,01,40,B6,10,00,00,00
345385,1,206,0,0,8,00,00,00,00,00,00,00,00
345415,0,300,0,0,8,03,5A,64,5A,64,00,64,23
345415,0,301,0,0,3,96,03,00
345415,1,401,0,0,8,B9,9C,00,00,A2,13,00,00
345435,1,400,0,0,8,01,00,2C,00,00,00,00,00
345455,1,201,0,0,5,00,00,04,01,62
345465,0,300,0,0,8,03,5A,64,5A,64,00,64,34
345465,0,301,0,0,3,03,04,00
345465,1,203,0,0,8,C7,02,98,BD,02,00,00,00
345485,1,206,0,0,8,00,00,00,00,00,00,00,00
345515,0,300,0,0,8,03,5A,64,5A,64,00,64,25
345515,0,301,0,0,3,54,05,00
345515,1,401,0,0,8,36,9A,00,00,A2,13,00,00
345535,1,400,0,0,8,01,00,2C,00,00,00,00,00
345555,1,201,0,0,5,00,00,14,00,62
345565,0,300,0,0,8,03,5A,64,5A,64,00,64,36
345565,0,301,0,0,3,F5,06,00
345565,1,203,0,0,8,2A,03,3C,DF,00,00,00,00
345575,1,204,0,0,8,00,00,00,00,00,00,00,00
345585,1,206,0,0,8,00,00,00,00,00,00,00,00
345585,1,202,0,0,8,E2,13,00,00,42,7D,05,00
345615,0,300,0,0,8,03,5A,64,5A,64,00,64,27
345615,0,301,0,0,3,B8,07,00
345615,1,401,0,0,8,36,9A,00,00,A2,13,00,00
345645,1,400,0,0,8,01,00,2C,00,00,00,00,00
345655,1,201,0,0,5,00,00,BE,00,62
345665,0,300,0,0,8,03,5A,64,5A,64,00,64,B8
345665,0,301,0,0,3,80,08,00
345665,1,203,0,0,8,E4,03,C0,E9,02,00,00,00
345685,1,206,0,0,8,00,00,00,00,00,00,00,00
345705,1,403,0,0,8,64,00,00,00,40,E3,09,00
345715,0,300,0,0,8,03,5A,64,5A,64,00,64,A9
345715,0,301,0,0,3,88,09,00
345725,1,401,0,0,8,F0,9D,00,00,A6,22,00,00
345745,1,400,0,0,8,01,00,2C,00,00,00,00,00
345755,1,201,0,0,5,00,00,E0,01,62
345765,0,300,0,0,8,03,5A,64,5A,64,00,64,BA
345765,0,301,0,0,3,C6,0A,00
345765,1,203,0,0,8,3C,04,00,00,00,00,00,00
345785,1,206,0,0,8,00,00,00,00,00,00,00,00
345815,0,300,0,0,8,03,5A,64,5A,64,00,64,AB
345815,0,301,0,0,3,43,0B,00
345825,1,401,0,0,8,F0,9D,00,00,A6,22,00,00
345845,1,400,0,0,8,01,00,2C,00,00,00,00,00
345855,1,201,0,0,5,32,00,94,02,62
345865,0,300,0,0,8,03,5A,64,5A,64,00,64,BC
345865,0,301,0,0,3,B5,0C,00
345865,1,203,0,0,8,FB,04,8C,7B,0D,00,00,00
345885,1,206,0,0,8,00,00,00,00,00,00,00,00
345915,0,300,0,0,8,03,5A,64,5A,64,00,64,AD
345915,0,301,0,0,3,4E,0D,00
345925,1,401,0,0,8,F0,9D,00,00,51,0E,00,00
345945,1,400,0,0,8,01,00,2C,00,00,00,00,00
345955,1,201,0,0,5,32,00,6C,02,62
345965,0,300,0,0,8,03,5A,64,5A,64,00,64,BE
345965,0,301,0,0,3,1D,0E,00
345965,1,203,0,0,8,4E,05,A8,CF,0F,00,00,00
345985,1,206,0,0,8,00,00,00,00,00,00,00,00
346015,0,300,0,0,8,03,5A,64,5A,64,00,64,AF
346015,0,301,0,0,3,E8,0F,00
346025,1,401,0,0,8,67,9B,00,00,51,0E,00,00
346045,1,400,0,0,8,01,00,2C,00,00,00,00,00
346055,1,201,0,0,5,32,00,C2,01,62
346065,0,300,0,0,8,03,5A,64,5A,64,00,64,30
346065,0,301,0,0,3,E2,00,00
346065,1,203,0,0,8,ED,05,6C,42,0B,00,00,00
346085,1,206,0,0,8,00,00,00,00,00,00,00,00
346115,0,300,0,0,8,03,5A,64,5A,64,00,64,21
346115,0,301,0,0,3,B3,01,00
346125,1,401,0,0,8,67,9B,00,00,51,0E,00,00
346145,1,400,0,0,8,01,00,2C,00,00,00,00,00
346155,1,201,0,0,5,32,00,32,00,62
346165,0,300,0,0,8,03,5A,64,5A,64,00,64,32
346165,0,301,0,0,3,6B,02,00
346165,1,203,0,0,8,3E,06,D0,76,0A,00,00,00
346185,1,206,0,0,8,00,00,00,00,00,00,00,00
346205,1,402,0,0,8,58,00,00,00,A8,A0,08,00
346215,0,300,0,0,8,03,5A,64,5A,64,00,64,23
346215,0,301,0,0,3,96,03,00
346225,1,401,0,0,8,CB,9C,00,00,4C,19,00,00
346245,1,400,0,0,8,01,00,2C,00,00,00,00,00
346255,1,201,0,0,5,32,00,4C,04,62
346265,0,300,0,0,8,03,5A,64,5A,64,00,64,34
346265,0,301,0,0,3,03,04,00
346265,1,203,0,0,8,CC,06,FC,BA,13,00,00,00
346285,1,206,0,0,8,00,00,00,00,00,00,00,00
346315,0,300,0,0,8,03,5A,64,5A,64,00,64,25
346315,0,301,0,0,3,54,05,00
346325,1,401,0,0,8,CB,9C,00,00,4C,19,00,00
346345,1,400,0,0,8,01,00,2C,00,00,00,00,00
346355,1,201,0,0,5,32,00,24,04,62
346365,0,300,0,0,8,03,5A,64,5A,64,00,64,36
346365,0,301,0,0,3,F5,06,00
346365,1,203,0,0,8,65,07,10,15,20,00,00,00
346385,1,206,0,0,8,00,00,00,00,00,00,00,00
346415,0,300,0,0,8,03,5A,64,5A,64,00,64,27
346415,0,301,0,0,3,B8,07,00
346425,1,401,0,0,8,CB,9C,00,00,EC,15,00,00
346445,1,400,0,0,8,01,00,2C,00,00,00,00,00
346455,1,201,0,0,5,32,00,98,03,62
346465,0,300,0,0,8,03,5A,64,5A,64,00,64,B8
346465,0,301,0,0,3,80,08,00
346465,1,203,0,0,8,AF,07,00,DD,27,00,00,00
346485,1,206,0,0,8,00,00,00,00,00,00,00,00
346515,0,300,0,0,8,03,5A,64,5A,64,00,64,A9
346515,0,301,0,0,3,88,09,00
346525,1,401,0,0,8,0C,9A,00,00,EC,15,00,00
346545,1,400,0,0,8,01,00,2C,00,00,00,00,00
346555,1,201,0,0,5,32,00,7C,01,62
346565,0,300,0,0,8,03,5A,64,5A,64,00,64,BA
346565,0,301,0,0,3,C6,0A,00
346565,1,203,0,0,8,5C,08,A8,BE,0C,00,00,00
346575,1,204,0,0,8,00,00,00,00,00,00,00,00
346585,1,206,0,0,8,00,00,00,00,00,00,00,00
346585,1,202,0,0,8,E2,13,00,00,44,7D,05,00
346615,0,300,0,0,8,03,5A,64,5A,64,00,64,AB
346615,0,301,0,0,3,43,0B,00
346625,1,401,0,0,8,0C,9A,00,00,EC,15,00,00
346645,1,400,0,0,8,01,00,2C,00,00,00,00,00
346655,1,201,0,0,5,32,00,FA,00,62
346665,0,300,0,0,8,03,5A,64,5A,64,00,64,BC
346665,0,301,0,0,3,B5,0C,00
346665,1,203,0,0,8,A6,08,10,7C,04,00,00,00
346685,1,206,0,0,8,00,00,00,00,00,00,00,00
346705,1,403,0,0,8,64,00,00,00,40,E3,09,00
346715,0,300,0,0,8,03,5A,64,5A,64,00,64,AD
346715,0,301,0,0,3,4E,0D,00
346725,1,401,0,0,8,25,9C,00,00,DD,22,00,00
346745,1,400,0,0,8,01,00,2C,00,00,00,00,00
346755,1,201,0,0,5,52,03,C2,06,62
346765,0,300,0,0,8,03,5A,64,5A,64,00,64,BE
346765,0,301,0,0,3,1D,0E,00
346765,1,203,0,0,8,39,09,84,EA,3C,00,00,00
346785,1,206,0,0,8,00,00,00,00,00,00,00,00
346815,0,300,0,0,8,03,5A,64,5A,64,00,64,AF
346815,0,301,0,0,3,E8,0F,00
346825,1,401,0,0,8,25,9C,00,00,DD,22,00,00
346845,1,400,0,0,8,01,00,2C,00,00,00,00,00
346855,1,201,0,0,5,52,03,86,06,62
346865,0,300,0,0,8,03,5A,64,5A,64,00,64,30
346865,0,301,0,0,3,E2,00,00
346865,1,203,0,0,8,93,09,60,AD,47,00,00,00
346885,1,206,0,0,8,00,00,00,00,00,00,00,00
346915,0,300,0,0,8,03,5A,64,5A,64,00,64,21
346915,0,301,0,0,3,B3,01,00
346925,1,401,0,0,8,25,9C,00,00,E2,20,00,00
346945,1,400,0,0,8,01,00,2C,00,00,00,00,00
346955,1,201,0,0,5,52,03,12,02,62
346965,0,300,0,0,8,03,5A,64,5A,64,00,64,32
346965,0,301,0,0,3,6B,02,00
346965,1,203,0,0,8,44,0A,F8,31,1B,00,00,00
346985,1,206,0,0,8,00,00,00,00,00,00,00,00
347015,0,300,0,0,8,03,5A,64,5A,64,00,64,23
347015,0,301,0,0,3,96,03,00
347025,1,401,0,0,8,98,98,00,00,E2,20,00,00
347045,1,400,0,0,8,01,00,2C,00,00,00,00,00
347055,1,201,0,0,5,52,03,D4,03,62
347065,0,300,0,0,8,03,5A,64,5A,64,00,64,34
347065,0,301,0,0,3,03,04,00
347065,1,203,0,0,8,EA,0A,80,5E,31,00,00,00
347085,1,206,0,0,8,00,00,00,00,00,00,00,00
347115,0,300,0,0,8,03,5A,64,5A,64,00,64,25
347115,0,301,0,0,3,54,05,00
347125,1,401,0,0,8,98,98,00,00,E2,20,00,00
347145,1,400,0,0,8,01,00,2C,00,00,00,00,00
347155,1,201,0,0,5,52,03,E6,05,62
347165,0,300,0,0,8,03,5A,64,5A,64,00,64,36
347165,0,301,0,0,3,F5,06,00
347165,1,203,0,0,8,3E,0B,80,0F,48,00,00,00
347185,1,206,0,0,8,00,00,00,00,00,00,00,00
347205,1,402,0,0,8,58,00,00,00,60,A0,08,00
347215,0,300,0,0,8,03,5A,64,5A,64,00,64,27
347215,0,301,0,0,3,B8,07,00
347225,1,401,0,0,8,B0,98,00,00,4A,2F,00,00
347245,1,400,0,0,8,01,00,2C,00,00,00,00,00
347255,1,201,0,0,5,52,03,18,01,62
347265,0,300,0,0,8,03,5A,64,5A,64,00,64,B8
347265,0,301,0,0,3,80,08,00
347265,1,203,0,0,8,F4,0B,10,AF,0D,00,00,00
347285,1,206,0,0,8,00,00,00,00,00,00,00,00
347315,0,300,0,0,8,03,5A,64,5A,64,00,64,A9
347315,0,301,0,0,3,88,09,00
347325,1,401,0,0,8,B0,98,00,00,4A,2F,00,00
347345,1,400,0,0,8,01,00,2C,00,00,00,00,00
347355,1,201,0,0,5,B0,04,32,00,62
347365,0,300,0,0,8,03,5A,64,5A,64,00,64,BA
347365,0,301,0,0,3,C6,0A,00
347365,1,203,0,0,8,4A,0C,D0,7D,02,00,00,00
347385,1,206,0,0,8,00,00,00,00,00,00,00,00
347415,0,300,0,0,8,03,5A,64,5A,64,00,64,AB
347415,0,301,0,0,3,43,0B,00
347425,1,401,0,0,8,B0,98,00,00,EB,2E,00,00
347445,1,400,0,0,8,01,00,2C,00,00,00,00,00
347455,1,201,0,0,5,B0,04,32,00,62
347465,0,300,0,0,8,03,5A,64,5A,64,00,64,BC
347465,0,301,0,0,3,B5,0C,00
347465,1,203,0,0,8,BB,0C,58,96,02,00,00,00
347485,1,206,0,0,8,00,00,00,00,00,00,00,00
347515,0,300,0,0,8,03,5A,64,5A,64,00,64,AD
347515,0,301,0,0,3,4E,0D,00
347525,1,401,0,0,8,4C,9C,00,00,EB,2E,00,00
347545,1,400,0,0,8,01,00,2C,00,00,00,00,00
347555,1,201,0,0,5,B0,04,00,00,62
347565,0,300,0,0,8,03,5A,64,5A,64,00,64,BE
347565,0,301,0,0,3,1D,0E,00
347565,1,203,0,0,8,D3,0C,00,00,00,00,00,00
347575,1,204,0,0,8,00,00,00,00,00,00,00,00
347585,1,206,0,0,8,00,00,00,00,00,00,00,00
347585,1,202,0,0,8,E2,13,00,00,49,7D,05,00
347605,1,666,0,0,8,52,08,05,00,52,95,36,02
347615,0,300,0,0,8,03,5A,64,5A,64,00,64,AF
347615,0,301,0,0,3,E8,0F,00
347615,1,665,0,0,8,00,00,00,53,4C,18,53,00
347625,1,200,0,0,8,58,00,55,A1,08,00,01,00
347625,1,401,0,0,8,4C,9C,00,00,EB,2E,00,00
347645,1,400,0,0,8,01,00,2C,00,00,00,00,00
347655,1,201,0,0,5,B0,04,00,00,62
347665,0,300,0,0,8,03,5A,64,5A,64,00,64,30
347665,0,301,0,0,3,E2,00,00
347665,1,203,0,0,8,0D,0D,00,00,00,00,00,00
347685,1,206,0,0,8,00,00,00,00,00,00,00,00
347705,1,403,0,0,8,64,00,00,00,40,E3,09,00
347715,0,300,0,0,8,03,5A,64,5A,64,00,64,21
347715,0,301,0,0,3,B3,01,00
347725,1,401,0,0,8,3B,9E,00,00,C7,18,00,00
347745,1,400,0,0,8,01,00,2C,00,00,00,00,00
347755,1,201,0,0,5,B0,04,00,00,62
347765,0,300,0,0,8,03,5A,64,5A,64,00,64,32
347765,0,301,0,0,3,6B,02,00
347765,1,203,0,0,8,18,0D,00,00,00,00,00,00
347785,1,206,0,0,8,00,00,00,00,00,00,00,00
347815,0,300,0,0,8,03,5A,64,5A,64,00,64,23
347815,0,301,0,0,3,96,03,00
347825,1,401,0,0,8,3B,9E,00,00,C7,18,00,00
347845,1,400,0,0,8,01,00,2C,00,00,00,00,00
347855,1,201,0,0,5,B0,04,00,00,62
347865,0,300,0,0,8,03,5A,64,5A,64,00,64,34
347865,0,301,0,0,3,03,04,00
347865,1,203,0,0,8,2B,0D,00,00,00,00,00,00
347885,1,206,0,0,8,00,00,00,00,00,00,00,00
347915,0,300,0,0,8,03,5A,64,5A,64,00,64,25
347915,0,301,0,0,3,54,05,00
347925,1,401,0,0,8,3B,9E,00,00,9B,05,00,00
347945,1,400,0,0,8,01,00,2C,00,00,00,00,00
347955,1,201,0,0,5,5A,05,50,00,62
347965,0,300,0,0,8,03,5A,64,5A,64,00,64,36
347965,0,301,0,0,3,F5,06,00
347965,1,203,0,0,8,A0,0B,D0,E0,01,00,00,00
347985,1,206,0,0,8,00,00,00,00,00,00,00,00
348015,0,300,0,0,8,03,5A,64,5A,64,00,64,27
348015,0,301,0,0,3,B8,07,00
348025,1,401,0,0,8,91,9D,00,00,9B,05,00,00
348045,1,400,0,0,8,01,00,2C,00,00,00,00,00
348055,1,201,0,0,5,5A,05,CC,01,62
348065,0,300,0,0,8,03,5A,64,5A,64,00,64,B8
348065,0,301,0,0,3,80,08,00
348065,1,203,0,0,8,92,0B,80,06,0F,00,00,00
348085,1,206,0,0,8,00,00,00,00,00,00,00,00
348115,0,300,0,0,8,03,5A,64,5A,64,00,64,A9
348115,0,301,0,0,3,88,09,00
348125,1,401,0,0,8,91,9D,00,00,9B,05,00,00
348145,1,400,0,0,8,01,00,2C,00,00,00,00,00
348155,1,201,0,0,5,5A,05,A4,01,62
348165,0,300,0,0,8,03,5A,64,5A,64,00,64,BA
348165,0,301,0,0,3,C6,0A,00
348165,1,203,0,0,8,84,0A,60,B5,11,00,00,00
348185,1,206,0,0,8,00,00,00,00,00,00,00,00
348205,1,402,0,0,8,58,00,00,00,18,A0,08,00
348215,0,300,0,0,8,03,5A,64,5A,64,00,64,AB
348215,0,301,0,0,3,43,0B,00
348225,1,401,0,0,8,37,9C,00,00,C6,07,00,00
348245,1,400,0,0,8,01,00,2C,00,00,00,00,00
348255,1,201,0,0,5,5A,05,A2,03,62
348265,0,300,0,0,8,03,5A,64,5A,64,00,64,BC
348265,0,301,0,0,3,B5,0C,00
348265,1,203,0,0,8,8C,08,60,8B,41,00,00,00
348285,1,206,0,0,8,00,00,00,00,00,00,00,00
348315,0,300,0,0,8,03,5A,64,5A,64,00,64,AD
348315,0,301,0,0,3,4E,0D,00
348325,1,401,0,0,8,37,9C,00,00,C6,07,00,00
348345,1,400,0,0,8,01,00,2C,00,00,00,00,00
348355,1,201,0,0,5,5A,05,52,03,62
348365,0,300,0,0,8,03,5A,64,5A,64,00,64,BE
348365,0,301,0,0,3,1D,0E,00
348365,1,203,0,0,8,B1,08,F8,53,21,00,00,00
348385,1,206,0,0,8,00,00,00,00,00,00,00,00
348415,0,300,0,0,8,03,5A,64,5A,64,00,64,AF
348415,0,301,0,0,3,E8,0F,00
348425,1,401,0,0,8,37,9C,00,00,D6,14,00,00
348445,1,400,0,0,8,01,00,2C,00,00,00,00,00
348455,1,201,0,0,5,5A,05,E4,02,62
348465,0,300,0,0,8,03,5A,64,5A,64,00,64,30
348465,0,301,0,0,3,E2,00,00
348465,1,203,0,0,8,CA,08,C8,12,1D,00,00,00
348485,1,206,0,0,8,00,00,00,00,00,00,00,00
348515,0,300,0,0,8,03,5A,64,5A,64,00,64,21
348515,0,301,0,0,3,B3,01,00
348525,1,401,0,0,8,42,9A,00,00,D6,14,00,00
348545,1,400,0,0,8,01,00,2C,00,00,00,00,00
348555,1,201,0,0,5,EC,04,A8,07,62
348565,0,300,0,0,8,03,5A,64,5A,64,00,64,32
348565,0,301,0,0,3,6B,02,00
348565,1,203,0,0,8,10,09,58,2B,39,00,00,00
348575,1,204,0,0,8,00,00,00,00,00,00,00,00
348585,1,206,0,0,8,00,00,00,00,00,00,00,00
348585,1,202,0,0,8,E2,13,00,00,4D,7D,05,00
348615,0,300,0,0,8,03,5A,64,5A,64,00,64,23
348615,0,301,0,0,3,96,03,00
348625,1,401,0,0,8,42,9A,00,00,D6,14,00,00
348645,1,400,0,0,8,01,00,2C,00,00,00,00,00
348655,1,201,0,0,5,EC,04,5E,10,62
348665,0,300,0,0,8,03,5A,64,5A,64,00,64,34
348665,0,301,0,0,3,03,04,00
348665,1,203,0,0,8,9B,09,80,EB,9D,00,00,00
348685,1,206,0,0,8,00,00,00,00,00,00,00,00
348705,1,403,0,0,8,64,00,00,00,40,E3,09,00
348715,0,300,0,0,8,03,5A,64,5A,64,00,64,25
348715,0,301,0,0,3,54,05,00
348725,1,401,0,0,8,CA,97,00,00,51,26,00,00
348745,1,400,0,0,8,01,00,2C,00,00,00,00,00
348755,1,201,0,0,5,EC,04,62,0C,62
348765,0,300,0,0,8,03,5A,64,5A,64,00,64,36
348765,0,301,0,0,3,F5,06,00
348765,1,203,0,0,8,E2,09,A8,3D,89,00,00,00
348785,1,206,0,0,8,00,00,00,00,00,00,00,00
348815,0,300,0,0,8,03,5A,64,5A,64,00,64,27
348815,0,301,0,0,3,B8,07,00
348825,1,401,0,0,8,CA,97,00,00,51,26,00,00
348845,1,400,0,0,8,01,00,2C,00,00,00,00,00
348855,1,201,0,0,5,EC,04,BA,04,62
348865,0,300,0,0,8,03,5A,64,5A,64,00,64,B8
348865,0,301,0,0,3,80,08,00
348865,1,203,0,0,8,5F,0A,70,04,33,00,00,00
348885,1,206,0,0,8,00,00,00,00,00,00,00,00
348915,0,300,0,0,8,03,5A,64,5A,64,00,64,A9
348915,0,301,0,0,3,88,09,00
348925,1,401,0,0,8,CA,97,00,00,F3,38,00,00
348945,1,400,0,0,8,01,00,2C,00,00,00,00,00
348955,1,201,0,0,5,EC,04,72,0B,62
348965,0,300,0,0,8,03,5A,64,5A,64,00,64,BA
348965,0,301,0,0,3,C6,0A,00
348965,1,203,0,0,8,AD,0A,00,CB,52,00,00,00
348985,1,206,0,0,8,00,00,00,00,00,00,00,00
349015,0,300,0,0,8,03,5A,64,5A,64,00,64,AB
349015,0,301,0,0,3,43,0B,00
349025,1,401,0,0,8,79,96,00,00,F3,38,00,00
349045,1,400,0,0,8,01,00,2C,00,00,00,00,00
349055,1,201,0,0,5,68,06,E6,0F,62
349065,0,300,0,0,8,03,5A,64,5A,64,00,64,BC
349065,0,301,0,0,3,B5,0C,00
349065,1,203,0,0,8,25,0B,3C,67,B6,00,00,00
349085,1,206,0,0,8,00,00,00,00,00,00,00,00
349115,0,300,0,0,8,03,5A,64,5A,64,00,64,AD
349115,0,301,0,0,3,4E,0D,00
349125,1,401,0,0,8,79,96,00,00,F3,38,00,00
349145,1,400,0,0,8,01,00,2C,00,00,00,00,00
349155,1,201,0,0,5,68,06,64,0A,62
349165,0,300,0,0,8,03,5A,64,5A,64,00,64,BE
349165,0,301,0,0,3,1D,0E,00
349165,1,203,0,0,8,5A,0B,00,E8,A1,00,00,00
349185,1,206,0,0,8,00,00,00,00,00,00,00,00
349205,1,402,0,0,8,58,00,00,00,AC,9F,08,00
349215,0,300,0,0,8,03,5A,64,5A,64,00,64,AF
349215,0,301,0,0,3,E8,0F,00
349225,1,401,0,0,8,3A,96,00,00,4F,47,00,00
349245,1,400,0,0,8,01,00,2C,00,00,00,00,00
349255,1,201,0,0,5,68,06,9A,06,62
349265,0,300,0,0,8,03,5A,64,5A,64,00,64,30
349265,0,301,0,0,3,E2,00,00
349265,1,203,0,0,8,D6,0B,28,79,45,00,00,00
349285,1,206,0,0,8,00,00,00,00,00,00,00,00
349315,0,300,0,0,8,03,5A,64,5A,64,00,64,21
349315,0,301,0,0,3,B3,01,00
349325,1,401,0,0,8,3A,96,00,00,4F,47,00,00
349345,1,400,0,0,8,01,00,2C,00,00,00,00,00
349355,1,201,0,0,5,68,06,00,14,62
349365,0,300,0,0,8,03,5A,64,5A,64,00,64,32
349365,0,301,0,0,3,6B,02,00
349365,1,203,0,0,8,29,0C,D4,36,8E,00,00,00
349385,1,206,0,0,8,00,00,00,00,00,00,00,00
349415,0,300,0,0,8,03,5A,64,5A,64,00,64,23
349415,0,301,0,0,3,96,03,00
349425,1,401,0,0,8,3A,96,00,00,A8,49,00,00
349445,1,400,0,0,8,01,00,2C,00,00,00,00,00
349455,1,201,0,0,5,30,07,CC,10,62
349465,0,300,0,0,8,03,5A,64,5A,64,00,64,34
349465,0,301,0,0,3,03,04,00
349465,1,203,0,0,8,A6,0C,08,0C,05,01,00,00
349485,1,206,0,0,8,00,00,00,00,00,00,00,00
349515,0,300,0,0,8,03,5A,64,5A,64,00,64,25
349515,0,301,0,0,3,54,05,00
349525,1,401,0,0,8,24,96,00,00,A8,49,00,00
349545,1,400,0,0,8,01,00,2C,00,00,00,00,00
349555,1,201,0,0,5,30,07,36,06,62
349565,0,300,0,0,8,03,5A,64,5A,64,00,64,36
349565,0,301,0,0,3,F5,06,00
349565,1,203,0,0,8,2C,0D,40,AA,61,00,00,00
349575,1,204,0,0,8,00,00,00,00,00,00,00,00
349585,1,206,0,0,8,00,00,00,00,00,00,00,00
349585,1,202,0,0,8,E2,13,00,00,51,7D,05,00
349615,0,300,0,0,8,03,5A,64,5A,64,00,64,27
349615,0,301,0,0,3,B8,07,00
349625,1,401,0,0,8,24,96,00,00,A8,49,00,00
349645,1,400,0,0,8,01,00,2C,00,00,00,00,00
349655,1,201,0,0,5,30,07,64,14,62
349665,0,300,0,0,8,03,5A,64,5A,64,00,64,B8
349665,0,301,0,0,3,80,08,00
349665,1,203,0,0,8,7A,0D,E0,E4,BB,00,00,00
349685,1,206,0,0,8,00,00,00,00,00,00,00,00
349705,1,403,0,0,8,64,00,00,00,40,E3,09,00
349715,0,300,0,0,8,03,5A,64,5A,64,00,64,A9
349715,0,301,0,0,3,88,09,00
349725,1,401,0,0,8,24,96,00,00,D8,49,00,00
349745,1,400,0,0,8,01,00,2C,00,00,00,00,00
349755,1,201,0,0,5,30,07,C4,13,62
349765,0,300,0,0,8,03,5A,64,5A,64,00,64,BA
349765,0,301,0,0,3,C6,0A,00
349765,1,203,0,0,8,EC,0D,98,13,1E,01,00,00
349785,1,206,0,0,8,00,00,00,00,00,00,00,00
349815,0,300,0,0,8,03,5A,64,5A,64,00,64,AB
349815,0,301,0,0,3,43,0B,00
349825,1,401,0,0,8,24,96,00,00,D8,49,00,00
349845,1,400,0,0,8,01,00,2C,00,00,00,00,00
349855,1,201,0,0,5,16,08,56,04,62
349865,0,300,0,0,8,03,5A,64,5A,64,00,64,BC
349865,0,301,0,0,3,B5,0C,00
349865,1,203,0,0,8,28,0E,D0,9D,64,00,00,00
349885,1,206,0,0,8,00,00,00,00,00,00,00,00
349915,0,300,0,0,8,03,5A,64,5A,64,00,64,AD
349915,0,301,0,0,3,4E,0D,00
349925,1,401,0,0,8,24,96,00,00,D5,49,00,00
349945,1,400,0,0,8,01,00,2C,00,00,00,00,00
349955,1,201,0,0,5,16,08,3C,0F,62
349965,0,300,0,0,8,03,5A,64,5A,64,00,64,BE
349965,0,301,0,0,3,1D,0E,00
349965,1,203,0,0,8,B4,0E,10,30,CB,00,00,00
349985,1,206,0,0,8,00,00,00,00,00,00,00,00
350015,0,300,0,0,8,03,5A,64,5A,64,00,64,AF
350015,0,301,0,0,3,E8,0F,00
350025,1,401,0,0,8,32,96,00,00,D5,49,00,00
350045,1,400,0,0,8,01,00,2C,00,00,00,00,00
350055,1,201,0,0,5,16,08,14,0F,62
350065,0,300,0,0,8,03,5A,64,5A,64,00,64,30
350065,0,301,0,0,3,E2,00,00
350065,1,203,0,0,8,E9,0E,F8,72,4E,01,00,00
350085,1,206,0,0,8,00,00,00,00,00,00,00,00
350115,0,300,0,0,8,03,5A,64,5A,64,00,64,21
350115,0,301,0,0,3,B3,01,00
350135,1,401,0,0,8,32,96,00,00,D5,49,00,00
350155,1,400,0,0,8,01,00,2C,00,00,00,00,00
350155,1,201,0,0,5,D4,08,7A,08,62
350165,0,300,0,0,8,03,5A,64,5A,64,00,64,32
350165,0,301,0,0,3,6B,02,00
350165,1,203,0,0,8,6A,0F,54,4C,5F,00,00,00
350185,1,206,0,0,8,00,00,00,00,00,00,00,00
350215,1,402,0,0,8,58,00,00,00,F8,9E,08,00
350215,0,300,0,0,8,03,5A,64,5A,64,00,64,23
350215,0,301,0,0,3,96,03,00
350235,1,401,0,0,8,0C,96,00,00,CF,49,00,00
350255,1,400,0,0,8,01,00,2C,00,00,00,00,00
350255,1,201,0,0,5,D4,08,1C,1B,62
350265,0,300,0,0,8,03,5A,64,5A,64,00,64,34
350265,0,301,0,0,3,03,04,00
350265,1,203,0,0,8,E0,0F,F0,02,B2,01,00,00
350285,1,206,0,0,8,00,00,00,00,00,00,00,00
350315,0,300,0,0,8,03,5A,64,5A,64,00,64,25
350315,0,301,0,0,3,54,05,00
350335,1,401,0,0,8,0C,96,00,00,CF,49,00,00
350355,1,400,0,0,8,01,00,2C,00,00,00,00,00
350355,1,201,0,0,5,D4,08,CE,04,62
350365,0,300,0,0,8,03,5A,64,5A,64,00,64,36
350365,0,301,0,0,3,F5,06,00
350365,1,203,0,0,8,12,10,90,DB,A4,00,00,00
350385,1,206,0,0,8,00,00,00,00,00,00,00,00
350415,0,300,0,0,8,03,5A,64,5A,64,00,64,27
350415,0,301,0,0,3,B8,07,00
350435,1,401,0,0,8,0C,96,00,00,DA,49,00,00
350455,1,400,0,0,8,01,00,2C,00,00,00,00,00
350455,1,201,0,0,5,60,09,32,00,62
350465,0,300,0,0,8,03,5A,64,5A,64,00,64,B8
350465,0,301,0,0,3,80,08,00
350465,1,203,0,0,8,6B,0D,24,BB,02,00,00,00
350485,1,206,0,0,8,00,00,00,00,00,00,00,00
350515,0,300,0,0,8,03,5A,64,5A,64,00,64,A9
350515,0,301,0,0,3,88,09,00
350535,1,401,0,0,8,E3,95,00,00,DA,49,00,00
350555,1,400,0,0,8,01,00,2C,00,00,00,00,00
350555,1,201,0,0,5,60,09,14,00,62
350565,0,300,0,0,8,03,5A,64,5A,64,00,64,BA
350565,0,301,0,0,3,C6,0A,00
350565,1,203,0,0,8,82,0B,68,F0,00,00,00,00
350575,1,204,0,0,8,00,00,00,00,00,00,00,00
350585,1,206,0,0,8,00,00,00,00,00,00,00,00
350585,1,202,0,0,8,E2,14,00,00,58,7D,05,00
350605,1,666,0,0,8,52,08,05,00,52,95,36,02
350615,0,300,0,0,8,03,5A,64,5A,64,00,64,AB
350615,0,301,0,0,3,43,0B,00
350615,1,665,0,0,8,00,00,00,53,4C,18,53,00
350625,1,200,0,0,8,58,00,2B,A1,08,00,02,00
350635,1,401,0,0,8,E3,95,00,00,DA,49,00,00
350655,1,400,0,0,8,01,00,2C,00,00,00,00,00
350655,1,201,0,0,5,60,09,32,00,62
350665,0,300,0,0,8,03,5A,64,5A,64,00,64,BC
350665,0,301,0,0,3,B5,0C,00
350665,1,203,0,0,8,15,0A,6C,0F,02,00,00,00
350685,1,206,0,0,8,00,00,00,00,00,00,00,00
350715,1,403,0,0,8,64,00,00,00,40,E3,09,00
350715,0,300,0,0,8,03,5A,64,5A,64,00,64,AD
350715,0,301,0,0,3,4E,0D,00
350735,1,401,0,0,8,50,99,00,00,73,49,00,00
350755,1,400,0,0,8,01,00,2C,00,00,00,00,00
350755,1,201,0,0,5,A6,09,46,00,62
350765,0,300,0,0,8,03,5A,64,5A,64,00,64,BE
350765,0,301,0,0,3,1D,0E,00
350765,1,203,0,0,8,24,0A,64,E2,02,00,00,00
350785,1,206,0,0,8,00,00,00,00,00,00,00,00
350815,0,300,0,0,8,03,5A,64,5A,64,00,64,AF
350815,0,301,0,0,3,E8,0F,00
350835,1,401,0,0,8,50,99,00,00,73,49,00,00
350855,1,400,0,0,8,01,00,2C,00,00,00,00,00
350855,1,201,0,0,5,A6,09,00,00,62
350865,0,300,0,0,8,03,5A,64,5A,64,00,64,30
350865,0,301,0,0,3,E2,00,00
350865,1,203,0,0,8,86,0A,00,00,00,00,00,00
350885,1,206,0,0,8,00,00,00,00,00,00,00,00
350915,0,300,0,0,8,03,5A,64,5A,64,00,64,21
350915,0,301,0,0,3,B3,01,00
350935,1,401,0,0,8,50,99,00,00,99,2D,00,00
350955,1,400,0,0,8,01,00,2C,00,00,00,00,00
350955,1,201,0,0,5,A6,09,00,00,62
350965,0,300,0,0,8,03,5A,64,5A,64,00,64,32
350965,0,301,0,0,3,6B,02,00
350965,1,203,0,0,8,BA,0A,00,00,00,00,00,00
350985,1,206,0,0,8,00,00,00,00,00,00,00,00
351015,0,300,0,0,8,03,5A,64,5A,64,00,64,23
351015,0,301,0,0,3,96,03,00
351035,1,401,0,0,8,28,9E,00,00,99,2D,00,00
351055,1,400,0,0,8,01,00,2C,00,00,00,00,00
351055,1,201,0,0,5,A6,09,FE,01,62
351065,0,300,0,0,8,03,5A,64,5A,64,00,64,34
351065,0,301,0,0,3,03,04,00
351065,1,203,0,0,8,07,0B,10,D1,13,00,00,00
351085,1,206,0,0,8,00,00,00,00,00,00,00,00
351115,0,300,0,0,8,03,5A,64,5A,64,00,64,25
351115,0,301,0,0,3,54,05,00
351135,1,401,0,0,8,28,9E,00,00,99,2D,00,00
351155,1,400,0,0,8,01,00,2C,00,00,00,00,00
351155,1,201,0,0,5,88,09,AA,00,62
351165,0,300,0,0,8,03,5A,64,5A,64,00,64,36
351165,0,301,0,0,3,F5,06,00
351165,1,203,0,0,8,3C,0B,C0,34,07,00,00,00
351185,1,206,0,0,8,00,00,00,00,00,00,00,00
351215,0,300,0,0,8,03,5A,64,5A,64,00,64,27
351215,0,301,0,0,3,B8,07,00
351215,1,402,0,0,8,58,00,00,00,44,9E,08,00
351235,1,401,0,0,8,EE,9D,00,00,1B,04,00,00
351255,1,400,0,0,8,01,00,2C,00,00,00,00,00
351255,1,201,0,0,5,88,09,94,02,62
351265,0,300,0,0,8,03,5A,64,5A,64,00,64,B8
351265,0,301,0,0,3,80,08,00
351265,1,203,0,0,8,54,0B,00,C2,19,00,00,00
351275,0,404,0,0,2,4A,00
351275,1,405,0,0,8,4A,00,00,00,06,00,00,00
351285,1,206,0,0,8,00,00,00,00,00,00,00,00
351305,0,404,0,0,2,02,30
351315,1,405,0,0,7,02,30,00,00,00,00,00
351315,0,300,0,0,8,03,5A,64,5A,64,00,64,A9
351315,0,301,0,0,3,88,09,00
351335,1,401,0,0,8,EE,9D,00,00,1B,04,00,00
351335,0,404,0,0,2,44,00
351335,1,405,0,0,6,44,00,00,00,50,46
351355,1,400,0,0,8,01,00,2C,00,00,00,00,00
351355,1,201,0,0,5,88,09,66,03,62
351365,0,300,0,0,8,03,5A,64,5A,64,00,64,BA
351365,0,301,0,0,3,C6,0A,00
351365,1,203,0,0,8,71,0B,40,04,28,00,00,00
351365,0,404,0,0,2,01,00
351365,1,405,0,0,8,01,00,00,00,00,04,06,04
351385,1,206,0,0,8,00,00,00,00,00,00,00,00
351395,0,404,0,0,2,A3,01
351395,1,405,0,0,5,A3,01,00,00,06
351415,0,300,0,0,8,03,5A,64,5A,64,00,64,AB
351415,0,301,0,0,3,43,0B,00
351425,0,404,0,0,2,20,00
351435,1,405,0,0,8,20,00,00,00,32,33,36,47
351435,1,401,0,0,8,EE,9D,00,00,DF,03,00,00
351455,1,400,0,0,8,01,00,2C,00,00,00,00,00
351455,1,201,0,0,5,6A,09,AC,03,62
351465,0,300,0,0,8,03,5A,64,5A,64,00,64,BC
351465,0,301,0,0,3,B5,0C,00
351465,1,203,0,0,8,8B,0B,FC,C0,39,00,00,00
351465,0,404,0,0,2,21,00
351465,1,405,0,0,8,21,00,00,00,35,4C,41,31
351485,1,206,0,0,8,00,00,00,00,00,00,00,00
351495,0,404,0,0,2,22,00
351495,1,405,0,0,8,22,00,00,00,30,30,34,52
351515,0,300,0,0,8,03,5A,64,5A,64,00,64,AD
351515,0,301,0,0,3,4E,0D,00
351525,0,404,0,0,2,23,00
351525,1,405,0,0,8,23,00,00,00,4D,30,30,30
351535,1,401,0,0,8,A2,9B,00,00,DF,03,00,00
351555,1,400,0,0,8,01,00,2C,00,00,00,00,00
351555,1,201,0,0,5,6A,09,9A,01,62
351555,0,404,0,0,2,24,00
351555,1,405,0,0,8,24,00,00,00,30,30,30,30
351565,0,300,0,0,8,03,5A,64,5A,64,00,64,BE
351565,0,301,0,0,3,1D,0E,00
351565,1,203,0,0,8,A5,0B,88,B8,13,00,00,00
351575,1,204,0,0,8,00,00,00,00,00,00,00,00
351585,0,404,0,0,2,25,00
351585,1,405,0,0,8,25,00,00,00,30,30,30,30
351585,1,206,0,0,8,00,00,00,00,00,00,00,00
351595,1,202,0,0,8,E2,14,00,00,5E,7D,05,00
351615,0,300,0,0,8,03,5A,64,5A,64,00,64,AF
351615,0,301,0,0,3,E8,0F,00
351615,0,404,0,0,2,26,00
351615,1,405,0,0,8,26,00,00,00,30,30,30,30
351635,1,401,0,0,8,A2,9B,00,00,DF,03,00,00
351655,1,400,0,0,8,01,00,2C,00,00,00,00,00
351655,1,201,0,0,5,6A,09,FE,01,62
351655,0,404,0,0,2,27,00
351655,1,405,0,0,6,27,00,00,00,30,30
351665,0,300,0,0,8,03,5A,64,5A,64,00,64,30
351665,0,301,0,0,3,E2,00,00
351665,1,203,0,0,8,AE,0B,4C,8E,0E,00,00,00
351675,0,404,0,0,2,4C,00
351685,1,405,0,0,8,4C,00,00,00,00,24,00,00
351685,1,206,0,0,8,00,00,00,00,00,00,00,00
351715,0,404,0,0,2,46,00
351715,1,405,0,0,5,46,00,00,00,00
351715,0,300,0,0,8,03,5A,64,5A,64,00,64,21
351715,0,301,0,0,3,B3,01,00
351715,1,403,0,0,8,64,00,00,00,40,E3,09,00
351735,1,401,0,0,8,D4,9B,00,00,8F,14,00,00
351745,0,404,0,0,2,4D,00
351745,1,405,0,0,8,4D,00,00,00,00,00,00,00
351755,1,400,0,0,8,01,00,2C,00,00,00,00,00
351755,1,201,0,0,5,7E,09,AE,01,62
351765,0,300,0,0,8,03,5A,64,5A,64,00,64,32
351765,0,301,0,0,3,6B,02,00
351765,1,203,0,0,8,CB,0B,90,1F,14,00,00,00
351775,0,404,0,0,2,50,00
351775,1,405,0,0,8,50,00,00,00,7F,00,7E,00
351785,1,206,0,0,8,00,00,00,00,00,00,00,00
351805,0,404,0,0,2,02,00
351815,1,405,0,0,8,02,00,00,00,53,49,43,54
351815,0,300,0,0,8,03,5A,64,5A,64,00,64,23
351815,0,301,0,0,3,96,03,00
351835,1,401,0,0,8,D4,9B,00,00,8F,14,00,00
351835,0,404,0,0,2,0A,00
351835,1,405,0,0,8,0A,00,00,00,30,3A,00,00
351855,1,201,0,0,5,7E,09,8A,02,62
351855,1,400,0,0,8,01,00,2C,00,00,00,00,00
351865,0,300,0,0,8,03,5A,64,5A,64,00,64,34
351865,0,301,0,0,3,03,04,00
351865,1,203,0,0,8,DD,0B,00,AA,1E,00,00,00
351865,0,404,0,0,2,04,00
351865,1,405,0,0,7,04,00,00,00,16,09,02
351895,1,206,0,0,8,00,00,00,00,00,00,00,00
351895,0,404,0,0,2,B0,01
351895,1,405,0,0,6,B0,01,00,00,00,00
351915,0,300,0,0,8,03,5A,64,5A,64,00,64,25
351915,0,301,0,0,3,54,05,00
351925,0,404,0,0,2,B1,01
351925,1,405,0,0,6,B1,01,00,00,00,00
351935,1,401,0,0,8,D4,9B,00,00,45,17,00,00
351955,1,201,0,0,5,7E,09,64,00,62
351955,1,400,0,0,8,01,00,2C,00,00,00,00,00
351965,0,300,0,0,8,03,5A,64,5A,64,00,64,36
351965,0,301,0,0,3,F5,06,00
351965,1,203,0,0,8,D4,0B,78,1A,09,00,00,00
351995,1,206,0,0,8,00,00,00,00,00,00,00,00
352015,0,300,0,0,8,03,5A,64,5A,64,00,64,27
352015,0,301,0,0,3,B8,07,00
352035,1,401,0,0,8,0D,9C,00,00,45,17,00,00
352055,1,201,0,0,5,74,09,78,00,62
352055,1,400,0,0,8,01,00,2C,00,00,00,00,00
352065,0,300,0,0,8,03,5A,64,5A,64,00,64,B8
352065,0,301,0,0,3,80,08,00
352065,1,203,0,0,8,D3,0B,E0,BF,05,00,00,00
352095,1,206,0,0,8,00,00,00,00,00,00,00,00
352115,0,300,0,0,8,03,5A,64,5A,64,00,64,A9
352115,0,301,0,0,3,88,09,00
352135,1,401,0,0,8,0D,9C,00,00,45,17,00,00
352155,1,201,0,0,5,74,09,46,00,62
352155,1,400,0,0,8,01,00,2C,00,00,00,00,00
352165,0,300,0,0,8,03,5A,64,5A,64,00,64,BA
352165,0,301,0,0,3,C6,0A,00
352165,1,203,0,0,8,CF,0B,90,CA,04,00,00,00
352195,1,206,0,0,8,00,00,00,00,00,00,00,00
352215,0,300,0,0,8,03,5A,64,5A,64,00,64,AB
352215,0,301,0,0,3,43,0B,00
352215,1,402,0,0,8,58,00,00,00,20,9E,08,00
352235,1,401,0,0,8,79,9D,00,00,43,12,00,00
352255,1,201,0,0,5,74,09,FE,01,62
352255,1,400,0,0,8,01,00,2C,00,00,00,00,00
352265,0,300,0,0,8,03,5A,64,5A,64,00,64,BC
352265,0,301,0,0,3,B5,0C,00
352265,1,203,0,0,8,D1,0B,30,0A,16,00,00,00
352295,1,206,0,0,8,00,00,00,00,00,00,00,00
352315,0,300,0,0,8,03,5A,64,5A,64,00,64,AD
352315,0,301,0,0,3,4E,0D,00
352335,1,401,0,0,8,79,9D,00,00,43,12,00,00
352355,1,201,0,0,5,60,09,18,01,62
352355,1,400,0,0,8,01,00,2C,00,00,00,00,00
352365,0,300,0,0,8,03,5A,64,5A,64,00,64,BE
352365,0,301,0,0,3,1D,0E,00
352365,1,203,0,0,8,D5,0B,08,E5,0D,00,00,00
352395,1,206,0,0,8,00,00,00,00,00,00,00,00
352415,0,300,0,0,8,03,5A,64,5A,64,00,64,AF
352415,0,301,0,0,3,E8,0F,00
352435,1,401,0,0,8,79,9D,00,00,E0,09,00,00
352455,1,201,0,0,5,60,09,FE,01,62
352455,1,400,0,0,8,01,00,2C,00,00,00,00,00
352465,0,300,0,0,8,03,5A,64,5A,64,00,64,30
352465,0,301,0,0,3,E2,00,00
352465,1,203,0,0,8,D8,0B,78,6F,18,00,00,00
352495,1,206,0,0,8,00,00,00,00,00,00,00,00
352515,0,300,0,0,8,03,5A,64,5A,64,00,64,21
352515,0,301,0,0,3,B3,01,00
352535,1,401,0,0,8,14,9D,00,00,E0,09,00,00
352555,1,201,0,0,5,60,09,D6,01,62
352555,1,400,0,0,8,01,00,2C,00,00,00,00,00
352565,0,300,0,0,8,03,5A,64,5A,64,00,64,32
352565,0,301,0,0,3,6B,02,00
352565,1,203,0,0,8,DC,0B,D8,84,16,00,00,00
352575,1,204,0,0,8,00,00,00,00,00,00,00,00
352595,1,206,0,0,8,00,00,00,00,00,00,00,00
352595,1,202,0,0,8,E2,14,00,00,65,7D,05,00
352615,0,300,0,0,8,03,5A,64,5A,64,00,64,23
352615,0,301,0,0,3,96,03,00
352635,1,401,0,0,8,14,9D,00,00,E0,09,00,00
352655,1,201,0,0,5,60,09,F4,01,62
352655,1,400,0,0,8,01,00,2C,00,00,00,00,00
352665,0,300,0,0,8,03,5A,64,5A,64,00,64,34
352665,0,301,0,0,3,03,04,00
352665,1,203,0,0,8,D4,0B,80,FF,16,00,00,00
352695,1,206,0,0,8,00,00,00,00,00,00,00,00
352715,0,300,0,0,8,03,5A,64,5A,64,00,64,25
352715,0,301,0,0,3,54,05,00
352715,1,403,0,0,8,64,00,00,00,40,E3,09,00
352735,1,401,0,0,8,19,9C,00,00,70,0C,00,00
352755,1,201,0,0,5,4C,09,04,01,62
352755,1,400,0,0,8,01,00,2C,00,00,00,00,00
352765,0,300,0,0,8,03,5A,64,5A,64,00,64,36
352765,0,301,0,0,3,F5,06,00
352765,1,203,0,0,8,DA,0B,68,FA,0B,00,00,00
352795,1,206,0,0,8,00,00,00,00,00,00,00,00
352815,0,300,0,0,8,03,5A,64,5A,64,00,64,27
352815,0,301,0,0,3,B8,07,00
352835,1,401,0,0,8,19,9C,00,00,70,0C,00,00
352855,1,201,0,0,5,4C,09,A4,01,62
352855,1,400,0,0,8,01,00,2C,00,00,00,00,00
352865,0,300,0,0,8,03,5A,64,5A,64,00,64,B8
352865,0,301,0,0,3,80,08,00
352865,1,203,0,0,8,DC,0B,E8,A4,13,00,00,00
352895,1,206,0,0,8,00,00,00,00,00,00,00,00
352915,0,300,0,0,8,03,5A,64,5A,64,00,64,A9
352915,0,301,0,0,3,88,09,00
352935,1,401,0,0,8,19,9C,00,00,EA,11,00,00
352955,1,201,0,0,5,4C,09,9A,01,62
352955,1,400,0,0,8,01,00,2C,00,00,00,00,00
352965,0,300,0,0,8,03,5A,64,5A,64,00,64,BA
352965,0,301,0,0,3,C6,0A,00
352965,1,203,0,0,8,D5,0B,E8,A4,13,00,00,00
352995,1,206,0,0,8,00,00,00,00,00,00,00,00
353015,0,300,0,0,8,03,5A,64,5A,64,00,64,AB
353015,0,301,0,0,3,43,0B,00
353035,1,401,0,0,8,4C,9C,00,00,EA,11,00,00
353055,1,201,0,0,5,4C,09,26,02,62
353055,1,400,0,0,8,01,00,2C,00,00,00,00,00
353065,0,300,0,0,8,03,5A,64,5A,64,00,64,BC
353065,0,301,0,0,3,B5,0C,00
353065,1,203,0,0,8,DA,0B,10,CA,1B,00,00,00
353095,1,206,0,0,8,00,00,00,00,00,00,00,00
353115,0,300,0,0,8,03,5A,64,5A,64,00,64,AD
353115,0,301,0,0,3,4E,0D,00
353135,1,401,0,0,8,4C,9C,00,00,EA,11,00,00
353155,1,201,0,0,5,4C,09,04,01,62
353155,1,400,0,0,8,01,00,2C,00,00,00,00,00
353165,0,300,0,0,8,03,5A,64,5A,64,00,64,BE
353165,0,301,0,0,3,1D,0E,00
353165,1,203,0,0,8,DA,0B,60,6A,0D,00,00,00
353195,1,206,0,0,8,00,00,00,00,00,00,00,00
353215,0,300,0,0,8,03,5A,64,5A,64,00,64,AF
353215,0,301,0,0,3,E8,0F,00
353215,1,402,0,0,8,58,00,00,00,FC,9D,08,00
353235,1,401,0,0,8,58,9C,00,00,C2,11,00,00
353255,1,201,0,0,5,4C,09,9A,01,62
353255,1,400,0,0,8,01,00,2C,00,00,00,00,00
353265,0,300,0,0,8,03,5A,64,5A,64,00,64,30
353265,0,301,0,0,3,E2,00,00
353265,1,203,0,0,8,D3,0B,20,95,09,00,00,00
353295,1,206,0,0,8,00,00,00,00,00,00,00,00
353315,0,300,0,0,8,03,5A,64,5A,64,00,64,21
353315,0,301,0,0,3,B3,01,00
353335,1,401,0,0,8,58,9C,00,00,C2,11,00,00
353355,1,201,0,0,5,42,09,86,01,62
353355,1,400,0,0,8,01,00,2C,00,00,00,00,00
353365,0,300,0,0,8,03,5A,64,5A,64,00,64,32
353365,0,301,0,0,3,6B,02,00
353365,1,203,0,0,8,C5,0B,E8,A4,13,00,00,00
353395,1,206,0,0,8,00,00,00,00,00,00,00,00
353415,0,300,0,0,8,03,5A,64,5A,64,00,64,23
353415,0,301,0,0,3,96,03,00
353435,1,401,0,0,8,58,9C,00,00,E7,11,00,00
353455,1,201,0,0,5,42,09,94,02,62
353455,1,400,0,0,8,01,00,2C,00,00,00,00,00
353465,0,300,0,0,8,03,5A,64,5A,64,00,64,34
353465,0,301,0,0,3,03,04,00
353465,1,203,0,0,8,CA,0B,50,9F,1F,00,00,00
353495,1,206,0,0,8,00,00,00,00,00,00,00,00
353515,0,300,0,0,8,03,5A,64,5A,64,00,64,25
353515,0,301,0,0,3,54,05,00
353535,1,401,0,0,8,0B,9C,00,00,E7,11,00,00
353555,1,201,0,0,5,42,09,F4,01,62
353555,1,400,0,0,8,01,00,2C,00,00,00,00,00
353565,0,300,0,0,8,03,5A,64,5A,64,00,64,36
353565,0,301,0,0,3,F5,06,00
353565,1,203,0,0,8,CD,0B,78,6F,18,00,00,00
353575,1,204,0,0,8,00,00,00,00,00,00,00,00
353595,1,206,0,0,8,00,00,00,00,00,00,00,00
353595,1,202,0,0,8,E2,14,00,00,6B,7D,05,00
353605,1,666,0,0,8,52,08,05,00,52,95,36,02
353615,0,300,0,0,8,03,5A,64,5A,64,00,64,27
353615,0,301,0,0,3,B8,07,00
353615,1,665,0,0,8,00,00,00,53,4C,18,53,00
353625,1,200,0,0,8,58,00,E3,A0,08,00,00,00
353635,1,401,0,0,8,0B,9C,00,00,E7,11,00,00
353655,1,201,0,0,5,42,09,20,03,62
353655,1,400,0,0,8,01,00,2C,00,00,00,00,00
353665,0,300,0,0,8,03,5A,64,5A,64,00,64,B8
353665,0,301,0,0,3,80,08,00
353665,1,203,0,0,8,CE,0B,80,54,26,00,00,00
353695,1,206,0,0,8,00,00,00,00,00,00,00,00
353715,0,300,0,0,8,03,5A,64,5A,64,00,64,A9
353715,0,301,0,0,3,88,09,00
353715,1,403,0,0,8,64,00,00,00,40,E3,09,00
353735,1,401,0,0,8,7A,9B,00,00,08,13,00,00
353755,1,201,0,0,5,42,09,0C,03,62
353755,1,400,0,0,8,01,00,2C,00,00,00,00,00
353765,0,300,0,0,8,03,5A,64,5A,64,00,64,BA
353765,0,301,0,0,3,C6,0A,00
353765,1,203,0,0,8,CE,0B,68,A4,2A,00,00,00
353795,1,206,0,0,8,00,00,00,00,00,00,00,00
353815,0,300,0,0,8,03,5A,64,5A,64,00,64,AB
353815,0,301,0,0,3,43,0B,00
353835,1,401,0,0,8,7A,9B,00,00,08,13,00,00
353855,1,201,0,0,5,42,09,9E,02,62
353855,1,400,0,0,8,01,00,2C,00,00,00,00,00
353865,0,300,0,0,8,03,5A,64,5A,64,00,64,BC
353865,0,301,0,0,3,B5,0C,00
353865,1,203,0,0,8,D6,0B,98,04,22,00,00,00
353895,1,206,0,0,8,00,00,00,00,00,00,00,00
353915,0,300,0,0,8,03,5A,64,5A,64,00,64,AD
353915,0,301,0,0,3,4E,0D,00
353935,1,401,0,0,8,7A,9B,00,00,9D,19,00,00
353955,1,201,0,0,5,42,09,CC,01,62
353955,1,400,0,0,8,01,00,2C,00,00,00,00,00
353965,0,300,0,0,8,03,5A,64,5A,64,00,64,BE
353965,0,301,0,0,3,1D,0E,00
353965,1,203,0,0,8,D4,0B,48,BA,11,00,00,00
353995,1,206,0,0,8,00,00,00,00,00,00,00,00
354015,0,300,0,0,8,03,5A,64,5A,64,00,64,AF
354015,0,301,0,0,3,E8,0F,00
354035,1,401,0,0,8,37,9B,00,00,9D,19,00,00
354055,1,201,0,0,5,56,09,06,04,62
354055,1,400,0,0,8,01,00,2C,00,00,00,00,00
354065,0,300,0,0,8,03,5A,64,5A,64,00,64,30
354065,0,301,0,0,3,E2,00,00
354065,1,203,0,0,8,E0,0B,50,F4,2E,00,00,00
354095,1,206,0,0,8,00,00,00,00,00,00,00,00
354115,0,300,0,0,8,03,5A,64,5A,64,00,64,21
354115,0,301,0,0,3,B3,01,00
354135,1,401,0,0,8,37,9B,00,00,9D,19,00,00
354155,1,201,0,0,5,56,09,70,03,62
354155,1,400,0,0,8,01,00,2C,00,00,00,00,00
354165,0,300,0,0,8,03,5A,64,5A,64,00,64,32
354165,0,301,0,0,3,6B,02,00
354165,1,203,0,0,8,E9,0B,B8,99,2B,00,00,00
354195,1,206,0,0,8,00,00,00,00,00,00,00,00
354215,0,300,0,0,8,03,5A,64,5A,64,00,64,23
354215,0,301,0,0,3,96,03,00
354215,1,402,0,0,8,58,00,00,00,D8,9D,08,00
354235,1,401,0,0,8,5D,9A,00,00,17,1D,00,00
354255,1,201,0,0,5,56,09,4E,02,62
354255,1,400,0,0,8,01,00,2C,00,00,00,00,00
354265,0,300,0,0,8,03,5A,64,5A,64,00,64,34
354265,0,301,0,0,3,03,04,00
354265,1,203,0,0,8,F2,0B,40,7F,22,00,00,00
354295,1,206,0,0,8,00,00,00,00,00,00,00,00
354315,0,300,0,0,8,03,5A,64,5A,64,00,64,25
354315,0,301,0,0,3,54,05,00
354335,1,401,0,0,8,5D,9A,00,00,17,1D,00,00
354355,1,201,0,0,5,6A,09,2C,01,62
354355,1,400,0,0,8,01,00,2C,00,00,00,00,00
354365,0,300,0,0,8,03,5A,64,5A,64,00,64,36
354365,0,301,0,0,3,F5,06,00
354365,1,203,0,0,8,EF,0B,A8,CF,0F,00,00,00
354395,1,206,0,0,8,00,00,00,00,00,00,00,00
354415,0,300,0,0,8,03,5A,64,5A,64,00,64,27
354415,0,301,0,0,3,B8,07,00
354435,1,401,0,0,8,5D,9A,00,00,96,1F,00,00
354455,1,201,0,0,5,6A,09,A8,02,62
354455,1,400,0,0,8,01,00,2C,00,00,00,00,00
354465,0,300,0,0,8,03,5A,64,5A,64,00,64,B8
354465,0,301,0,0,3,80,08,00
354465,1,203,0,0,8,F2,0B,40,7F,22,00,00,00
354495,1,206,0,0,8,00,00,00,00,00,00,00,00
354515,0,300,0,0,8,03,5A,64,5A,64,00,64,A9
354515,0,301,0,0,3,88,09,00
354545,1,401,0,0,8,5F,9B,00,00,96,1F,00,00
354555,1,201,0,0,5,6A,09,B2,02,62
354565,1,400,0,0,8,01,00,2C,00,00,00,00,00
354565,0,300,0,0,8,03,5A,64,5A,64,00,64,BA
354565,0,301,0,0,3,C6,0A,00
354565,1,203,0,0,8,04,0C,8C,B8,21,00,00,00
354575,1,204,0,0,8,00,00,00,00,00,00,00,00
354595,1,206,0,0,8,00,00,00,00,00,00,00,00
354595,1,202,0,0,8,E2,14,00,00,72,7D,05,00
354615,0,300,0,0,8,03,5A,64,5A,64,00,64,AB
354615,0,301,0,0,3,43,0B,00
354645,1,401,0,0,8,5F,9B,00,00,96,1F,00,00
354655,1,201,0,0,5,88,09,5E,01,62
354665,1,400,0,0,8,01,00,2C,00,00,00,00,00
354665,0,300,0,0,8,03,5A,64,5A,64,00,64,BC
354665,0,301,0,0,3,B5,0C,00
354665,1,203,0,0,8,08,0C,18,2A,24,00,00,00
354695,1,206,0,0,8,00,00,00,00,00,00,00,00
354715,0,300,0,0,8,03,5A,64,5A,64,00,64,AD
354715,0,301,0,0,3,4E,0D,00
354725,1,403,0,0,8,64,00,00,00,40,E3,09,00
354745,1,401,0,0,8,55,9B,00,00,CA,1B,00,00
354755,1,201,0,0,5,88,09,DC,00,62
354765,1,400,0,0,8,01,00,2C,00,00,00,00,00
354765,0,300,0,0,8,03,5A,64,5A,64,00,64,BE
354765,0,301,0,0,3,1D,0E,00
354765,1,203,0,0,8,0E,0C,84,3D,0B,00,00,00
354795,1,206,0,0,8,00,00,00,00,00,00,00,00
354815,0,300,0,0,8,03,5A,64,5A,64,00,64,AF
354815,0,301,0,0,3,E8,0F,00
354845,1,401,0,0,8,55,9B,00,00,CA,1B,00,00
354855,1,201,0,0,5,88,09,10,04,62
354865,1,400,0,0,8,01,00,2C,00,00,00,00,00
354865,0,300,0,0,8,03,5A,64,5A,64,00,64,30
354865,0,301,0,0,3,E2,00,00
354865,1,203,0,0,8,18,0C,C8,4C,1E,00,00,00
354895,1,206,0,0,8,00,00,00,00,00,00,00,00
354915,0,300,0,0,8,03,5A,64,5A,64,00,64,21
354915,0,301,0,0,3,B3,01,00
354945,1,401,0,0,8,55,9B,00,00,D3,18,00,00
354955,1,201,0,0,5,92,09,88,04,62
354965,1,400,0,0,8,01,00,2C,00,00,00,00,00
354965,0,300,0,0,8,03,5A,64,5A,64,00,64,32
354965,0,301,0,0,3,6B,02,00
354965,1,203,0,0,8,28,0C,74,1C,3C,00,00,00
354995,1,206,0,0,8,00,00,00,00,00,00,00,00
355015,0,300,0,0,8,03,5A,64,5A,64,00,64,23
355015,0,301,0,0,3,96,03,00
355045,1,401,0,0,8,1B,9B,00,00,D3,18,00,00
355055,1,201,0,0,5,92,09,62,02,62
355065,1,400,0,0,8,01,00,2C,00,00,00,00,00
355065,0,300,0,0,8,03,5A,64,5A,64,00,64,34
355065,0,301,0,0,3,03,04,00
355065,1,203,0,0,8,22,0C,58,58,1C,00,00,00
355095,1,206,0,0,8,00,00,00,00,00,00,00,00
355115,0,300,0,0,8,03,5A,64,5A,64,00,64,25
355115,0,301,0,0,3,54,05,00
355145,1,401,0,0,8,1B,9B,00,00,D3,18,00,00
355155,1,201,0,0,5,92,09,BC,02,62
355165,1,400,0,0,8,01,00,2C,00,00,00,00,00
355165,0,300,0,0,8,03,5A,64,5A,64,00,64,36
355165,0,301,0,0,3,F5,06,00
355165,1,203,0,0,8,28,0C,08,7B,16,00,00,00
355195,1,206,0,0,8,00,00,00,00,00,00,00,00
355215,0,300,0,0,8,03,5A,64,5A,64,00,64,27
355215,0,301,0,0,3,B8,07,00
355225,1,402,0,0,8,58,00,00,00,90,9D,08,00
355245,1,401,0,0,8,31,9B,00,00,E9,19,00,00
355255,1,201,0,0,5,92,09,92,04,62
355265,1,400,0,0,8,01,00,2C,00,00,00,00,00
355265,0,300,0,0,8,03,5A,64,5A,64,00,64,B8
355265,0,301,0,0,3,80,08,00
355265,1,203,0,0,8,34,0C,D0,4C,3A,00,00,00
355295,1,206,0,0,8,00,00,00,00,00,00,00,00
355315,0,300,0,0,8,03,5A,64,5A,64,00,64,A9
355315,0,301,0,0,3,88,09,00
355345,1,401,0,0,8,31,9B,00,00,E9,19,00,00
355355,1,201,0,0,5,A6,09,00,05,62
355365,1,400,0,0,8,01,00,2C,00,00,00,00,00
355365,0,300,0,0,8,03,5A,64,5A,64,00,64,BA
355365,0,301,0,0,3,C6,0A,00
355365,1,203,0,0,8,3C,0C,40,C6,41,00,00,00
355395,1,206,0,0,8,00,00,00,00,00,00,00,00
355415,0,300,0,0,8,03,5A,64,5A,64,00,64,AB
355415,0,301,0,0,3,43,0B,00
355445,1,401,0,0,8,31,9B,00,00,2C,1E,00,00
355455,1,201,0,0,5,A6,09,40,01,62
355465,1,400,0,0,8,01,00,2C,00,00,00,00,00
355465,0,300,0,0,8,03,5A,64,5A,64,00,64,BC
355465,0,301,0,0,3,B5,0C,00
355465,1,203,0,0,8,3D,0C,90,71,10,00,00,00
355495,1,206,0,0,8,00,00,00,00,00,00,00,00
355515,0,300,0,0,8,03,5A,64,5A,64,00,64,AD
355515,0,301,0,0,3,4E,0D,00
355545,1,401,0,0,8,63,9A,00,00,2C,1E,00,00
355555,1,201,0,0,5,A6,09,CC,01,62
355565,1,400,0,0,8,01,00,2C,00,00,00,00,00
355565,0,300,0,0,8,03,5A,64,5A,64,00,64,BE
355565,0,301,0,0,3,1D,0E,00
355565,1,203,0,0,8,40,0C,A0,ED,14,00,00,00
355575,1,204,0,0,8,00,00,00,00,00,00,00,00
355595,1,206,0,0,8,00,00,00,00,00,00,00,00
355595,1,202,0,0,8,E2,14,00,00,78,7D,05,00
355615,0,300,0,0,8,03,5A,64,5A,64,00,64,AF
355615,0,301,0,0,3,E8,0F,00
355645,1,401,0,0,8,63,9A,00,00,2C,1E,00,00
355655,1,201,0,0,5,C4,09,7E,04,62
355665,1,400,0,0,8,01,00,2C,00,00,00,00,00
355665,0,300,0,0,8,03,5A,64,5A,64,00,64,30
355665,0,301,0,0,3,E2,00,00
355665,1,203,0,0,8,5E,0C,20,CE,38,00,00,00
355695,1,206,0,0,8,00,00,00,00,00,00,00,00
355715,0,300,0,0,8,03,5A,64,5A,64,00,64,21
355715,0,301,0,0,3,B3,01,00
355725,1,403,0,0,8,64,00,00,00,40,E3,09,00
355745,1,401,0,0,8,04,9B,00,00,51,20,00,00
355755,1,201,0,0,5,C4,09,06,04,62
355765,1,400,0,0,8,01,00,2C,00,00,00,00,00
355765,0,300,0,0,8,03,5A,64,5A,64,00,64,32
355765,0,301,0,0,3,6B,02,00
355765,1,203,0,0,8,64,0C,90,47,40,00,00,00
355795,1,206,0,0,8,00,00,00,00,00,00,00,00
355815,0,300,0,0,8,03,5A,64,5A,64,00,64,23
355815,0,301,0,0,3,96,03,00
355845,1,401,0,0,8,04,9B,00,00,51,20,00,00
355855,1,201,0,0,5,C4,09,78,00,62
355865,1,400,0,0,8,01,00,2C,00,00,00,00,00
355865,0,300,0,0,8,03,5A,64,5A,64,00,64,34
355865,0,301,0,0,3,03,04,00
355865,1,203,0,0,8,67,0C,90,78,08,00,00,00
355895,1,206,0,0,8,00,00,00,00,00,00,00,00
355915,0,300,0,0,8,03,5A,64,5A,64,00,64,25
355915,0,301,0,0,3,54,05,00
355945,1,401,0,0,8,04,9B,00,00,1D,1B,00,00
355955,1,201,0,0,5,E2,09,32,00,62
355965,1,400,0,0,8,01,00,2C,00,00,00,00,00
355965,0,300,0,0,8,03,5A,64,5A,64,00,64,36
355965,0,301,0,0,3,F5,06,00
355965,1,203,0,0,8,BB,08,D4,C5,01,00,00,00
355995,1,206,0,0,8,00,00,00,00,00,00,00,00
356015,0,300,0,0,8,03,5A,64,5A,64,00,64,27
356015,0,301,0,0,3,B8,07,00
356045,1,401,0,0,8,98,9C,00,00,1D,1B,00,00
356055,1,201,0,0,5,E2,09,14,00,62
356065,1,400,0,0,8,01,00,2C,00,00,00,00,00
356065,0,300,0,0,8,03,5A,64,5A,64,00,64,B8
356065,0,301,0,0,3,80,08,00
356065,1,203,0,0,8,57,07,18,98,00,00,00,00
356095,1,206,0,0,8,00,00,00,00,00,00,00,00
356115,0,300,0,0,8,03,5A,64,5A,64,00,64,A9
356115,0,301,0,0,3,88,09,00
356145,1,401,0,0,8,98,9C,00,00,1D,1B,00,00
356155,1,201,0,0,5,E2,09,00,00,62
356165,1,400,0,0,8,01,00,2C,00,00,00,00,00
356165,0,300,0,0,8,03,5A,64,5A,64,00,64,BA
356165,0,301,0,0,3,C6,0A,00
356165,1,203,0,0,8,25,08,00,00,00,00,00,00
356195,1,206,0,0,8,00,00,00,00,00,00,00,00
356215,0,300,0,0,8,03,5A,64,5A,64,00,64,AB
356215,0,301,0,0,3,43,0B,00
356225,1,402,0,0,8,58,00,00,00,48,9D,08,00
356245,1,401,0,0,8,2C,9E,00,00,FA,11,00,00
356255,1,201,0,0,5,CE,09,72,01,62
356265,1,400,0,0,8,01,00,2C,00,00,00,00,00
356265,0,300,0,0,8,03,5A,64,5A,64,00,64,BC
356265,0,301,0,0,3,B5,0C,00
356265,1,203,0,0,8,91,08,30,03,1E,00,00,00
356295,1,206,0,0,8,00,00,00,00,00,00,00,00
356315,0,300,0,0,8,03,5A,64,5A,64,00,64,AD
356315,0,301,0,0,3,4E,0D,00
356345,1,401,0,0,8,2C,9E,00,00,FA,11,00,00
356355,1,201,0,0,5,CE,09,6C,02,62
356365,0,300,0,0,8,03,5A,64,5A,64,00,64,BE
356365,0,301,0,0,3,1D,0E,00
356365,1,400,0,0,8,01,00,2C,00,00,00,00,00
356365,1,203,0,0,8,40,09,4C,4D,15,00,00,00
356395,1,206,0,0,8,00,00,00,00,00,00,00,00
356415,0,300,0,0,8,03,5A,64,5A,64,00,64,AF
356415,0,301,0,0,3,E8,0F,00
356445,1,401,0,0,8,2C,9E,00,00,3B,04,00,00
356455,1,201,0,0,5,CE,09,E0,01,62
356465,0,300,0,0,8,03,5A,64,5A,64,00,64,30
356465,0,301,0,0,3,E2,00,00
356465,1,400,0,0,8,01,00,2C,00,00,00,00,00
356465,1,203,0,0,8,8A,09,A0,3F,11,00,00,00
356495,1,206,0,0,8,00,00,00,00,00,00,00,00
356515,0,300,0,0,8,03,5A,64,5A,64,00,64,21
356515,0,301,0,0,3,B3,01,00
356545,1,401,0,0,8,68,9D,00,00,3B,04,00,00
356555,1,201,0,0,5,C4,09,2E,04,62
356565,0,300,0,0,8,03,5A,64,5A,64,00,64,32
356565,0,301,0,0,3,6B,02,00
356565,1,400,0,0,8,01,00,2C,00,00,00,00,00
356565,1,203,0,0,8,25,0A,88,BB,26,00,00,00
356575,1,204,0,0,8,00,00,00,00,00,00,00,00
356595,1,206,0,0,8,00,00,00,00,00,00,00,00
356595,1,202,0,0,8,E2,14,00,00,81,7D,05,00
356605,1,666,0,0,8,52,08,05,00,52,95,36,02
356615,0,300,0,0,8,03,5A,64,5A,64,00,64,23
356615,0,301,0,0,3,96,03,00
356615,1,665,0,0,8,00,00,00,53,4C,18,53,00
356625,1,200,0,0,8,58,00,94,A0,08,00,01,00
356645,1,401,0,0,8,68,9D,00,00,3B,04,00,00
356655,1,201,0,0,5,C4,09,5A,00,62
356665,0,300,0,0,8,03,5A,64,5A,64,00,64,34
356665,0,301,0,0,3,03,04,00
356665,1,400,0,0,8,01,00,2C,00,00,00,00,00
356665,1,203,0,0,8,A1,0A,84,E1,03,00,00,00
356695,1,206,0,0,8,00,00,00,00,00,00,00,00
356715,0,300,0,0,8,03,5A,64,5A,64,00,64,25
356715,0,301,0,0,3,54,05,00
356725,1,403,0,0,8,64,00,00,00,40,E3,09,00
356745,1,401,0,0,8,B9,9C,00,00,BE,07,00,00
356755,1,201,0,0,5,C4,09,78,00,62
356765,0,300,0,0,8,03,5A,64,5A,64,00,64,36
356765,0,301,0,0,3,F5,06,00
356765,1,400,0,0,8,01,00,2C,00,00,00,00,00
356765,1,203,0,0,8,D3,0A,70,68,04,00,00,00
356795,1,206,0,0,8,00,00,00,00,00,00,00,00
356815,0,300,0,0,8,03,5A,64,5A,64,00,64,27
356815,0,301,0,0,3,B8,07,00
356845,1,401,0,0,8,B9,9C,00,00,BE,07,00,00
356855,1,201,0,0,5,E2,09,D2,00,62
356865,0,300,0,0,8,03,5A,64,5A,64,00,64,B8
356865,0,301,0,0,3,80,08,00
356865,1,400,0,0,8,01,00,2C,00,00,00,00,00
356865,1,203,0,0,8,EF,0A,B8,41,09,00,00,00
356895,1,206,0,0,8,00,00,00,00,00,00,00,00
356915,0,300,0,0,8,03,5A,64,5A,64,00,64,A9
356915,0,301,0,0,3,88,09,00
356945,1,401,0,0,8,B9,9C,00,00,0D,0E,00,00
356955,1,201,0,0,5,E2,09,9A,01,62
356965,0,300,0,0,8,03,5A,64,5A,64,00,64,BA
356965,0,301,0,0,3,C6,0A,00
356965,1,400,0,0,8,01,00,2C,00,00,00,00,00
356965,1,203,0,0,8,F4,0A,40,94,0A,00,00,00
356995,1,206,0,0,8,00,00,00,00,00,00,00,00
357015,0,300,0,0,8,03,5A,64,5A,64,00,64,AB
357015,0,301,0,0,3,43,0B,00
357045,1,401,0,0,8,75,9D,00,00,0D,0E,00,00
357055,1,201,0,0,5,E2,09,9A,01,62
357065,0,300,0,0,8,03,5A,64,5A,64,00,64,BC
357065,0,301,0,0,3,B5,0C,00
357065,1,400,0,0,8,01,00,2C,00,00,00,00,00
357065,1,203,0,0,8,13,0B,64,C3,0F,00,00,00
357095,1,206,0,0,8,00,00,00,00,00,00,00,00
357115,0,300,0,0,8,03,5A,64,5A,64,00,64,AD
357115,0,301,0,0,3,4E,0D,00
357145,1,401,0,0,8,75,9D,00,00,0D,0E,00,00
357155,1,201,0,0,5,10,09,DE,03,62
357165,0,300,0,0,8,03,5A,64,5A,64,00,64,BE
357165,0,301,0,0,3,1D,0E,00
357165,1,400,0,0,8,01,00,2C,00,00,00,00,00
357165,1,203,0,0,8,39,0B,68,EC,1B,00,00,00
357195,1,206,0,0,8,00,00,00,00,00,00,00,00
357215,0,300,0,0,8,03,5A,64,5A,64,00,64,AF
357215,0,301,0,0,3,E8,0F,00
357225,1,402,0,0,8,58,00,00,00,24,9D,08,00
357245,1,401,0,0,8,03,9C,00,00,5B,08,00,00
357255,1,201,0,0,5,10,09,A6,04,62
357265,0,300,0,0,8,03,5A,64,5A,64,00,64,30
357265,0,301,0,0,3,E2,00,00
357265,1,400,0,0,8,01,00,2C,00,00,00,00,00
357265,1,203,0,0,8,82,0B,B4,8B,2D,00,00,00
357295,1,206,0,0,8,00,00,00,00,00,00,00,00
357315,0,300,0,0,8,03,5A,64,5A,64,00,64,21
357315,0,301,0,0,3,B3,01,00
357345,1,401,0,0,8,03,9C,00,00,5B,08,00,00
357355,1,201,0,0,5,10,09,C6,02,62
357365,0,300,0,0,8,03,5A,64,5A,64,00,64,32
357365,0,301,0,0,3,6B,02,00
357365,1,400,0,0,8,01,00,2C,00,00,00,00,00
357365,1,203,0,0,8,A1,0B,28,87,35,00,00,00
357395,1,206,0,0,8,00,00,00,00,00,00,00,00
357415,0,300,0,0,8,03,5A,64,5A,64,00,64,23
357415,0,301,0,0,3,96,03,00
357445,1,401,0,0,8,03,9C,00,00,52,12,00,00
357455,1,201,0,0,5,F6,09,4A,01,62
357465,0,300,0,0,8,03,5A,64,5A,64,00,64,34
357465,0,301,0,0,3,03,04,00
357465,1,400,0,0,8,01,00,2C,00,00,00,00,00
357465,1,203,0,0,8,CD,0B,58,DA,0E,00,00,00
357495,1,206,0,0,8,00,00,00,00,00,00,00,00
357515,0,300,0,0,8,03,5A,64,5A,64,00,64,25
357515,0,301,0,0,3,54,05,00
357545,1,401,0,0,8,FC,9A,00,00,52,12,00,00
357555,1,201,0,0,5,F6,09,7A,03,62
357565,0,300,0,0,8,03,5A,64,5A,64,00,64,36
357565,0,301,0,0,3,F5,06,00
357565,1,400,0,0,8,01,00,2C,00,00,00,00,00
357565,1,203,0,0,8,E1,0B,B0,09,2D,00,00,00
357585,1,204,0,0,8,00,00,00,00,00,00,00,00
357595,1,206,0,0,8,00,00,00,00,00,00,00,00
357595,1,202,0,0,8,E2,15,00,00,87,7D,05,00
357615,0,300,0,0,8,03,5A,64,5A,64,00,64,27
357615,0,301,0,0,3,B8,07,00
357645,1,401,0,0,8,FC,9A,00,00,52,12,00,00
357655,1,201,0,0,5,F6,09,74,04,62
357665,0,300,0,0,8,03,5A,64,5A,64,00,64,B8
357665,0,301,0,0,3,80,08,00
357665,1,400,0,0,8,01,00,2C,00,00,00,00,00
357665,1,203,0,0,8,EA,0B,88,39,34,00,00,00
357695,1,206,0,0,8,00,00,00,00,00,00,00,00
357715,0,300,0,0,8,03,5A,64,5A,64,00,64,A9
357715,0,301,0,0,3,88,09,00
357725,1,403,0,0,8,64,00,00,00,40,E3,09,00
357745,1,401,0,0,8,A2,9B,00,00,2B,1D,00,00
357755,1,201,0,0,5,A6,09,E0,01,62
357765,0,300,0,0,8,03,5A,64,5A,64,00,64,BA
357765,0,301,0,0,3,C6,0A,00
357765,1,400,0,0,8,01,00,2C,00,00,00,00,00
357765,1,203,0,0,8,02,0C,40,75,17,00,00,00
357795,1,206,0,0,8,00,00,00,00,00,00,00,00
357815,0,300,0,0,8,03,5A,64,5A,64,00,64,AB
357815,0,301,0,0,3,43,0B,00
357845,1,401,0,0,8,A2,9B,00,00,2B,1D,00,00
357855,1,201,0,0,5,A6,09,3A,02,62
357865,0,300,0,0,8,03,5A,64,5A,64,00,64,BC
357865,0,301,0,0,3,B5,0C,00
357865,1,400,0,0,8,01,00,2C,00,00,00,00,00
357865,1,203,0,0,8,15,0C,98,86,14,00,00,00
357895,1,206,0,0,8,00,00,00,00,00,00,00,00
357915,0,300,0,0,8,03,5A,64,5A,64,00,64,AD
357915,0,301,0,0,3,4E,0D,00
357945,1,401,0,0,8,A2,9B,00,00,D5,15,00,00
357955,1,201,0,0,5,A6,09,B4,05,62
357965,0,300,0,0,8,03,5A,64,5A,64,00,64,BE
357965,0,301,0,0,3,1D,0E,00
357965,1,400,0,0,8,01,00,2C,00,00,00,00,00
357965,1,203,0,0,8,26,0C,FC,F3,42,00,00,00
357995,1,206,0,0,8,00,00,00,00,00,00,00,00
358015,0,300,0,0,8,03,5A,64,5A,64,00,64,AF
358015,0,301,0,0,3,E8,0F,00
358045,1,401,0,0,8,B0,9B,00,00,D5,15,00,00
358055,1,201,0,0,5,A6,09,54,06,62
358065,0,300,0,0,8,03,5A,64,5A,64,00,64,30
358065,0,301,0,0,3,E2,00,00
358065,1,400,0,0,8,01,00,2C,00,00,00,00,00
358065,1,203,0,0,8,29,0C,B8,2B,4F,00,00,00
358095,1,206,0,0,8,00,00,00,00,00,00,00,00
358115,0,300,0,0,8,03,5A,64,5A,64,00,64,21
358115,0,301,0,0,3,B3,01,00
358145,1,401,0,0,8,B0,9B,00,00,D5,15,00,00
358155,1,201,0,0,5,C4,09,3A,02,62
358165,0,300,0,0,8,03,5A,64,5A,64,00,64,32
358165,0,301,0,0,3,6B,02,00
358165,1,400,0,0,8,01,00,2C,00,00,00,00,00
358165,1,203,0,0,8,32,0C,B0,62,21,00,00,00
358195,1,206,0,0,8,00,00,00,00,00,00,00,00
358215,0,300,0,0,8,03,5A,64,5A,64,00,64,23
358215,0,301,0,0,3,96,03,00
358225,1,402,0,0,8,58,00,00,00,00,9D,08,00
358245,1,401,0,0,8,B4,9A,00,00,E6,18,00,00
358255,1,201,0,0,5,C4,09,B8,01,62
358265,0,300,0,0,8,03,5A,64,5A,64,00,64,34
358265,0,301,0,0,3,03,04,00
358265,1,400,0,0,8,01,00,2C,00,00,00,00,00
358265,1,203,0,0,8,4B,0C,B0,69,19,00,00,00
358295,1,206,0,0,8,00,00,00,00,00,00,00,00
358315,0,300,0,0,8,03,5A,64,5A,64,00,64,25
358315,0,301,0,0,3,54,05,00
358345,1,401,0,0,8,B4,9A,00,00,E6,18,00,00
358355,1,201,0,0,5,C4,09,70,03,62
358365,0,300,0,0,8,03,5A,64,5A,64,00,64,36
358365,0,301,0,0,3,F5,06,00
358365,1,203,0,0,8,4F,0C,60,DA,2A,00,00,00
358365,1,400,0,0,8,01,00,2C,00,00,00,00,00
358395,1,206,0,0,8,00,00,00,00,00,00,00,00
358415,0,300,0,0,8,03,5A,64,5A,64,00,64,27
358415,0,301,0,0,3,B8,07,00
358445,1,401,0,0,8,B4,9A,00,00,E3,1F,00,00
358455,1,201,0,0,5,D8,09,FC,03,62
358465,0,300,0,0,8,03,5A,64,5A,64,00,64,B8
358465,0,301,0,0,3,80,08,00
358465,1,203,0,0,8,56,0C,60,D3,32,00,00,00
358465,1,400,0,0,8,01,00,2C,00,00,00,00,00
358495,1,206,0,0,8,00,00,00,00,00,00,00,00
358515,0,300,0,0,8,03,5A,64,5A,64,00,64,A9
358515,0,301,0,0,3,88,09,00
358545,1,401,0,0,8,47,9B,00,00,E3,1F,00,00
358555,1,201,0,0,5,D8,09,9A,01,62
358565,0,300,0,0,8,03,5A,64,5A,64,00,64,BA
358565,0,301,0,0,3,C6,0A,00
358565,1,203,0,0,8,59,0C,20,EA,18,00,00,00
358565,1,400,0,0,8,01,00,2C,00,00,00,00,00
358585,1,204,0,0,8,00,00,00,00,00,00,00,00
358595,1,206,0,0,8,00,00,00,00,00,00,00,00
358595,1,202,0,0,8,E2,14,00,00,8E,7D,05,00
358615,0,300,0,0,8,03,5A,64,5A,64,00,64,AB
358615,0,301,0,0,3,43,0B,00
358645,1,401,0,0,8,47,9B,00,00,E3,1F,00,00
358655,1,201,0,0,5,D8,09,A6,04,62
358665,0,300,0,0,8,03,5A,64,5A,64,00,64,BC
358665,0,301,0,0,3,B5,0C,00
358665,1,203,0,0,8,69,0C,C0,D0,35,00,00,00
358665,1,400,0,0,8,01,00,2C,00,00,00,00,00
358695,1,206,0,0,8,00,00,00,00,00,00,00,00
358715,0,300,0,0,8,03,5A,64,5A,64,00,64,AD
358715,0,301,0,0,3,4E,0D,00
358725,1,403,0,0,8,64,00,00,00,40,E3,09,00
358745,1,401,0,0,8,98,9B,00,00,00,19,00,00
358755,1,201,0,0,5,EC,09,AC,08,62
358765,0,300,0,0,8,03,5A,64,5A,64,00,64,BE
358765,0,301,0,0,3,1D,0E,00
358765,1,203,0,0,8,76,0C,00,83,61,00,00,00
358765,1,400,0,0,8,01,00,2C,00,00,00,00,00
358795,1,206,0,0,8,00,00,00,00,00,00,00,00
358815,0,300,0,0,8,03,5A,64,5A,64,00,64,AF
358815,0,301,0,0,3,E8,0F,00
358845,1,401,0,0,8,98,9B,00,00,00,19,00,00
358855,1,201,0,0,5,EC,09,20,03,62
358865,0,300,0,0,8,03,5A,64,5A,64,00,64,30
358865,0,301,0,0,3,E2,00,00
358865,1,203,0,0,8,86,0C,D4,6B,3B,00,00,00
358865,1,400,0,0,8,01,00,2C,00,00,00,00,00
358895,1,206,0,0,8,00,00,00,00,00,00,00,00
358915,0,300,0,0,8,03,5A,64,5A,64,00,64,21
358915,0,301,0,0,3,B3,01,00
358945,1,401,0,0,8,98,9B,00,00,E1,18,00,00
358955,1,201,0,0,5,EC,09,36,01,62
358965,0,300,0,0,8,03,5A,64,5A,64,00,64,32
358965,0,301,0,0,3,6B,02,00
358965,1,203,0,0,8,80,0C,50,28,0A,00,00,00
358975,1,400,0,0,8,01,00,2C,00,00,00,00,00
358995,1,206,0,0,8,00,00,00,00,00,00,00,00
359015,0,300,0,0,8,03,5A,64,5A,64,00,64,23
359015,0,301,0,0,3,96,03,00
359055,1,401,0,0,8,2B,9B,00,00,E1,18,00,00
359055,1,201,0,0,5,00,0A,EA,01,62
359065,0,300,0,0,8,03,5A,64,5A,64,00,64,34
359065,0,301,0,0,3,03,04,00
359065,1,203,0,0,8,89,0C,B0,58,16,00,00,00
359075,1,400,0,0,8,01,00,2C,00,00,00,00,00
359095,1,206,0,0,8,00,00,00,00,00,00,00,00
359115,0,300,0,0,8,03,5A,64,5A,64,00,64,25
359115,0,301,0,0,3,54,05,00
359155,1,401,0,0,8,2B,9B,00,00,E1,18,00,00
359155,1,201,0,0,5,00,0A,6C,02,62
359165,0,300,0,0,8,03,5A,64,5A,64,00,64,36
359165,0,301,0,0,3,F5,06,00
359165,1,203,0,0,8,96,0C,F0,78,1E,00,00,00
359175,1,400,0,0,8,01,00,2C,00,00,00,00,00
359195,1,206,0,0,8,00,00,00,00,00,00,00,00
359215,0,300,0,0,8,03,5A,64,5A,64,00,64,27
359215,0,301,0,0,3,B8,07,00
359235,1,402,0,0,8,58,00,00,00,B8,9C,08,00
359255,1,401,0,0,8,4E,9C,00,00,93,1C,00,00
359255,1,201,0,0,5,00,0A,D2,00,62
359265,0,300,0,0,8,03,5A,64,5A,64,00,64,B8
359265,0,301,0,0,3,80,08,00
359265,1,203,0,0,8,9B,0C,CC,E6,19,00,00,00
359275,1,400,0,0,8,01,00,2C,00,00,00,00,00
359275,0,404,0,0,2,4A,00
359275,1,405,0,0,8,4A,00,00,00,06,00,00,00
359295,1,206,0,0,8,00,00,00,00,00,00,00,00
359315,0,404,0,0,2,02,30
359315,1,405,0,0,7,02,30,00,00,00,00,00
359315,0,300,0,0,8,03,5A,64,5A,64,00,64,A9
359315,0,301,0,0,3,88,09,00
359335,0,404,0,0,2,44,00
359335,1,405,0,0,6,44,00,00,00,50,46
359355,1,401,0,0,8,4E,9C,00,00,93,1C,00,00
359355,1,201,0,0,5,14,0A,22,01,62
359365,0,300,0,0,8,03,5A,64,5A,64,00,64,BA
359365,0,301,0,0,3,C6,0A,00
359365,0,404,0,0,2,01,00
359365,1,405,0,0,8,01,00,00,00,00,04,06,04
359365,1,203,0,0,8,A0,0C,74,BA,0E,00,00,00
359375,1,400,0,0,8,01,00,2C,00,00,00,00,00
359395,1,206,0,0,8,00,00,00,00,00,00,00,00
359395,0,404,0,0,2,A3,01
359395,1,405,0,0,5,A3,01,00,00,06
359415,0,300,0,0,8,03,5A,64,5A,64,00,64,AB
359415,0,301,0,0,3,43,0B,00
359425,0,404,0,0,2,20,00
359435,1,405,0,0,8,20,00,00,00,32,33,36,47
359455,1,401,0,0,8,4E,9C,00,00,49,11,00,00
359455,1,201,0,0,5,14,0A,58,02,62
359465,0,300,0,0,8,03,5A,64,5A,64,00,64,BC
359465,0,301,0,0,3,B5,0C,00
359465,0,404,0,0,2,21,00
359465,1,405,0,0,8,21,00,00,00,35,4C,41,31
359465,1,203,0,0,8,97,0C,1C,0F,24,00,00,00
359475,1,400,0,0,8,01,00,2C,00,00,00,00,00
359495,0,404,0,0,2,22,00
359495,1,405,0,0,8,22,00,00,00,30,30,34,52
359495,1,206,0,0,8,00,00,00,00,00,00,00,00
359515,0,300,0,0,8,03,5A,64,5A,64,00,64,AD
359515,0,301,0,0,3,4E,0D,00
359525,0,404,0,0,2,23,00
359525,1,405,0,0,8,23,00,00,00,4D,30,30,30
359555,1,401,0,0,8,1C,9D,00,00,49,11,00,00
359555,0,404,0,0,2,24,00
359555,1,405,0,0,8,24,00,00,00,30,30,30,30
359555,1,201,0,0,5,14,0A,9E,02,62
359565,0,300,0,0,8,03,5A,64,5A,64,00,64,BE
359565,0,301,0,0,3,1D,0E,00
359565,1,203,0,0,8,A4,0C,00,81,20,00,00,00
359575,1,400,0,0,8,01,00,2C,00,00,00,00,00
359585,1,204,0,0,8,00,00,00,00,00,00,00,00
359585,0,404,0,0,2,25,00
359585,1,405,0,0,8,25,00,00,00,30,30,30,30
359595,1,206,0,0,8,00,00,00,00,00,00,00,00
359595,1,202,0,0,8,E2,14,00,00,94,7D,05,00
359605,1,666,0,0,8,52,08,05,00,52,95,36,02
359615,0,300,0,0,8,03,5A,64,5A,64,00,64,AF
359615,0,301,0,0,3,E8,0F,00
359615,1,665,0,0,8,00,00,00,53,4C,18,53,00
359625,0,404,0,0,2,26,00
359625,1,405,0,0,8,26,00,00,00,30,30,30,30
359625,1,200,0,0,8,58,00,3E,A0,08,00,02,00
359645,0,404,0,0,2,27,00
359645,1,405,0,0,6,27,00,00,00,30,30
359655,1,401,0,0,8,1C,9D,00,00,49,11,00,00
359655,1,201,0,0,5,00,0A,50,00,62
359665,0,300,0,0,8,03,5A,64,5A,64,00,64,30
359665,0,301,0,0,3,E2,00,00
359665,1,203,0,0,8,A7,0C,90,48,12,00,00,00
359675,1,400,0,0,8,01,00,2C,00,00,00,00,00
359675,0,404,0,0,2,4C,00
359685,1,405,0,0,8,4C,00,00,00,00,24,00,00
359695,1,206,0,0,8,00,00,00,00,00,00,00,00
359715,0,404,0,0,2,46,00
359715,1,405,0,0,5,46,00,00,00,00
359715,0,300,0,0,8,03,5A,64,5A,64,00,64,21
359715,0,301,0,0,3,B3,01,00
359735,1,403,0,0,8,64,00,00,00,40,E3,09,00
359745,0,404,0,0,2,4D,00
359745,1,405,0,0,8,4D,00,00,00,00,00,00,00
359755,1,401,0,0,8,52,9D,00,00,99,0A,00,00
359755,1,201,0,0,5,00,0A,14,00,62
359765,0,300,0,0,8,03,5A,64,5A,64,00,64,32
359765,0,301,0,0,3,6B,02,00
359765,1,203,0,0,8,93,0C,14,8A,02,00,00,00
359775,1,400,0,0,8,01,00,2C,00,00,00,00,00
359775,0,404,0,0,2,50,00
359775,1,405,0,0,8,50,00,00,00,7F,00,7E,00
359795,1,206,0,0,8,00,00,00,00,00,00,00,00
359805,0,404,0,0,2,02,00
359805,1,405,0,0,8,02,00,00,00,53,49,43,54
359815,0,300,0,0,8,03,5A,64,5A,64,00,64,23
359815,0,301,0,0,3,96,03,00
359835,0,404,0,0,2,0A,00
359835,1,405,0,0,8,0A,00,00,00,30,3A,00,00
359855,1,401,0,0,8,52,9D,00,00,99,0A,00,00
359855,1,201,0,0,5,00,0A,1E,00,62
359865,0,300,0,0,8,03,5A,64,5A,64,00,64,34
359865,0,301,0,0,3,03,04,00
359865,0,404,0,0,2,04,00
359865,1,405,0,0,7,04,00,00,00,16,09,02
359865,1,203,0,0,8,51,0B,40,61,01,00,00,00
359875,1,400,0,0,8,01,00,2C,00,00,00,00,00
359895,1,206,0,0,8,00,00,00,00,00,00,00,00
359895,0,404,0,0,2,B0,01
359895,1,405,0,0,6,B0,01,00,00,00,00
359915,0,300,0,0,8,03,5A,64,5A,64,00,64,25
359915,0,301,0,0,3,54,05,00
359935,0,404,0,0,2,B1,01
359935,1,405,0,0,6,B1,01,00,00,00,00
359955,1,401,0,0,8,52,9D,00,00,E0,08,00,00
359955,1,201,0,0,5,EC,09,32,00,62
359965,0,300,0,0,8,03,5A,64,5A,64,00,64,36
359965,0,301,0,0,3,F5,06,00
359965,1,203,0,0,8,54,0B,80,C2,02,00,00,00
359975,1,400,0,0,8,01,00,2C,00,00,00,00,00
359995,1,206,0,0,8,00,00,00,00,00,00,00,00
360015,0,300,0,0,8,03,5A,64,5A,64,00,64,27
360015,0,301,0,0,3,B8,07,00
360055,1,401,0,0,8,EA,9D,00,00,E0,08,00,00
360055,1,201,0,0,5,EC,09,5A,00,62
360065,0,300,0,0,8,03,5A,64,5A,64,00,64,B8
360065,0,301,0,0,3,80,08,00
360065,1,203,0,0,8,4F,0B,C0,23,04,00,00,00
360075,1,400,0,0,8,01,00,2C,00,00,00,00,00
360095,1,206,0,0,8,00,00,00,00,00,00,00,00
360115,0,300,0,0,8,03,5A,64,5A,64,00,64,A9
360115,0,301,0,0,3,88,09,00
360155,1,401,0,0,8,EA,9D,00,00,E0,08,00,00
360155,1,201,0,0,5,EC,09,00,00,62
360165,0,300,0,0,8,03,5A,64,5A,64,00,64,BA
360165,0,301,0,0,3,C6,0A,00
360165,1,203,0,0,8,37,0B,00,00,00,00,00,00
360175,1,400,0,0,8,01,00,2C,00,00,00,00,00
360195,1,206,0,0,8,00,00,00,00,00,00,00,00
360215,0,300,0,0,8,03,5A,64,5A,64,00,64,AB
360215,0,301,0,0,3,43,0B,00
360235,1,402,0,0,8,58,00,00,00,94,9C,08,00
360255,1,401,0,0,8,39,9E,00,00,3A,03,00,00
360255,1,201,0,0,5,CE,09,00,00,62
360265,0,300,0,0,8,03,5A,64,5A,64,00,64,BC
360265,0,301,0,0,3,B5,0C,00
360265,1,203,0,0,8,EA,09,00,00,00,00,00,00
360275,1,400,0,0,8,01,00,2C,00,00,00,00,00
360295,1,206,0,0,8,00,00,00,00,00,00,00,00
360315,0,300,0,0,8,03,5A,64,5A,64,00,64,AD
360315,0,301,0,0,3,4E,0D,00
360355,1,401,0,0,8,39,9E,00,00,3A,03,00,00
360355,1,201,0,0,5,CE,09,00,00,62
360365,0,300,0,0,8,03,5A,64,5A,64,00,64,BE
360365,0,301,0,0,3,1D,0E,00
360365,1,203,0,0,8,98,08,00,00,00,00,00,00
360375,1,400,0,0,8,01,00,2C,00,00,00,00,00
360395,1,206,0,0,8,00,00,00,00,00,00,00,00
360415,0,300,0,0,8,03,5A,64,5A,64,00,64,AF
360415,0,301,0,0,3,E8,0F,00
360455,1,401,0,0,8,39,9E,00,00,16,01,00,00
360455,1,201,0,0,5,CE,09,00,00,62
360465,0,300,0,0,8,03,5A,64,5A,64,00,64,30
360465,0,301,0,0,3,E2,00,00
360465,1,203,0,0,8,BB,07,00,00,00,00,00,00
360475,1,400,0,0,8,01,00,0C,00,00,00,00,00
360495,1,206,0,0,8,00,00,00,00,00,00,00,00
360515,0,300,0,0,8,03,5A,64,5A,64,00,64,21
360515,0,301,0,0,3,B3,01,00
360555,1,401,0,0,8,3F,9E,00,00,16,01,00,00
360555,1,201,0,0,5,C4,09,00,00,62
360565,0,300,0,0,8,03,5A,64,5A,64,00,64,32
360565,0,301,0,0,3,6B,02,00
360565,1,203,0,0,8,C6,06,00,00,00,00,00,00
360575,1,400,0,0,8,01,00,0C,00,00,00,00,00
360585,1,204,0,0,8,00,00,00,00,00,00,00,00
360595,1,206,0,0,8,00,00,00,00,00,00,00,00
360595,1,202,0,0,8,E2,14,00,00,9D,7D,05,00
360615,0,300,0,0,8,03,5A,64,5A,64,00,64,23
360615,0,301,0,0,3,96,03,00
360655,1,401,0,0,8,3F,9E,00,00,16,01,00,00
360655,1,201,0,0,5,C4,09,00,00,62
360665,0,300,0,0,8,03,5A,64,5A,64,00,64,34
360665,0,301,0,0,3,03,04,00
360665,1,203,0,0,8,ED,05,00,00,00,00,00,00
360675,1,400,0,0,8,01,00,0C,00,00,00,00,00
360695,1,206,0,0,8,00,00,00,00,00,00,00,00
360715,0,300,0,0,8,03,5A,64,5A,64,00,64,25
360715,0,301,0,0,3,54,05,00
360735,1,403,0,0,8,64,00,00,00,40,E3,09,00
360755,1,401,0,0,8,41,9E,00,00,46,00,00,00
360755,1,201,0,0,5,C4,09,00,00,62
360765,0,300,0,0,8,03,5A,64,5A,64,00,64,36
360765,0,301,0,0,3,F5,06,00
360765,1,203,0,0,8,61,03,00,00,00,00,00,00
360775,1,400,0,0,8,01,00,0C,00,00,00,00,00
360795,1,206,0,0,8,00,00,00,00,00,00,00,00
360815,0,300,0,0,8,03,5A,64,5A,64,00,64,27
360815,0,301,0,0,3,B8,07,00
360855,1,401,0,0,8,41,9E,00,00,46,00,00,00
360855,1,201,0,0,5,9C,09,00,00,62
360865,0,300,0,0,8,03,5A,64,5A,64,00,64,B8
360865,0,301,0,0,3,80,08,00
360865,1,203,0,0,8,61,03,00,00,00,00,00,00
360875,1,400,0,0,8,01,00,0C,00,00,00,00,00
360895,1,206,0,0,8,00,00,00,00,00,00,00,00
360915,0,300,0,0,8,03,5A,64,5A,64,00,64,A9
360915,0,301,0,0,3,88,09,00
360955,1,401,0,0,8,41,9E,00,00,46,00,00,00
360955,1,201,0,0,5,9C,09,00,00,62
360965,0,300,0,0,8,03,5A,64,5A,64,00,64,BA
360965,0,301,0,0,3,C6,0A,00
360965,1,203,0,0,8,61,03,00,00,00,00,00,00
360975,1,400,0,0,8,01,00,0C,00,00,00,00,00
360995,1,206,0,0,8,00,00,00,00,00,00,00,00
361015,0,300,0,0,8,03,5A,64,5A,64,00,64,AB
361015,0,301,0,0,3,43,0B,00
361055,1,401,0,0,8,45,9E,00,00,46,00,00,00
361055,1,201,0,0,5,9C,09,00,00,62
361065,0,300,0,0,8,03,5A,64,5A,64,00,64,BC
361065,0,301,0,0,3,B5,0C,00
361065,1,203,0,0,8,61,03,00,00,00,00,00,00
361075,1,400,0,0,8,01,00,0C,00,00,00,00,00
361095,1,206,0,0,8,00,00,00,00,00,00,00,00
361115,0,300,0,0,8,03,5A,64,5A,64,00,64,AD
361115,0,301,0,0,3,4E,0D,00
361155,1,401,0,0,8,45,9E,00,00,46,00,00,00
361155,1,201,0,0,5,88,09,00,00,62
361165,0,300,0,0,8,03,5A,64,5A,64,00,64,BE
361165,0,301,0,0,3,1D,0E,00
361165,1,203,0,0,8,00,00,00,00,00,00,00,00
361175,1,400,0,0,8,01,00,0C,00,00,00,00,00
361195,1,206,0,0,8,00,00,00,00,00,00,00,00
361215,0,300,0,0,8,03,5A,64,5A,64,00,64,AF
361215,0,301,0,0,3,E8,0F,00
361235,1,402,0,0,8,58,00,00,00,94,9C,08,00
361255,1,401,0,0,8,49,9E,00,00,46,00,00,00
361255,1,201,0,0,5,88,09,00,00,62
361265,0,300,0,0,8,03,5A,64,5A,64,00,64,30
361265,0,301,0,0,3,E2,00,00
361265,1,203,0,0,8,00,00,00,00,00,00,00,00
361275,1,400,0,0,8,01,00,0C,00,00,00,00,00
361295,1,206,0,0,8,00,00,00,00,00,00,00,00
361315,0,300,0,0,8,03,5A,64,5A,64,00,64,21
361315,0,301,0,0,3,B3,01,00
361355,1,401,0,0,8,49,9E,00,00,46,00,00,00
361355,1,201,0,0,5,88,09,00,00,62
361365,0,300,0,0,8,03,5A,64,5A,64,00,64,32
361365,0,301,0,0,3,6B,02,00
361365,1,203,0,0,8,00,00,00,00,00,00,00,00
361375,1,400,0,0,8,01,00,0C,00,00,00,00,00
361395,1,206,0,0,8,00,00,00,00,00,00,00,00
361415,0,300,0,0,8,03,5A,64,5A,64,00,64,23
361415,0,301,0,0,3,96,03,00
361455,1,401,0,0,8,49,9E,00,00,47,00,00,00
361455,1,201,0,0,5,88,09,00,00,62
361465,0,300,0,0,8,03,5A,64,5A,64,00,64,34
361465,0,301,0,0,3,03,04,00
361465,1,203,0,0,8,00,00,00,00,00,00,00,00
361475,1,400,0,0,8,01,00,0C,00,00,00,00,00
361495,1,206,0,0,8,00,00,00,00,00,00,00,00
361515,0,300,0,0,8,03,5A,64,5A,64,00,64,25
361515,0,301,0,0,3,54,05,00
361555,1,401,0,0,8,4B,9E,00,00,47,00,00,00
361555,1,201,0,0,5,6A,09,00,00,62
361565,0,300,0,0,8,03,5A,64,5A,64,00,64,36
361565,0,301,0,0,3,F5,06,00
361565,1,203,0,0,8,00,00,00,00,00,00,00,00
361575,1,400,0,0,8,01,00,0C,00,00,00,00,00
361585,1,204,0,0,8,00,00,00,00,00,00,00,00
361595,1,206,0,0,8,00,00,00,00,00,00,00,00
361595,1,202,0,0,8,E2,14,00,00,A3,7D,05,00
361615,0,300,0,0,8,03,5A,64,5A,64,00,64,27
361615,0,301,0,0,3,B8,07,00
361655,1,401,0,0,8,4B,9E,00,00,47,00,00,00
361655,1,201,0,0,5,6A,09,00,00,62
361665,0,300,0,0,8,03,5A,64,5A,64,00,64,B8
361665,0,301,0,0,3,80,08,00
361665,1,203,0,0,8,00,00,00,00,00,00,00,00
361675,1,400,0,0,8,01,00,0C,00,00,00,00,00
361695,1,206,0,0,8,00,00,00,00,00,00,00,00
361715,0,300,0,0,8,03,5A,64,5A,64,00,64,A9
361715,0,301,0,0,3,88,09,00
361735,1,403,0,0,8,64,00,00,00,40,E3,09,00
361755,1,401,0,0,8,4F,9E,00,00,46,00,00,00
361755,1,201,0,0,5,6A,09,00,00,62
361765,0,300,0,0,8,03,5A,64,5A,64,00,64,BA
361765,0,301,0,0,3,C6,0A,00
361765,1,203,0,0,8,00,00,00,00,00,00,00,00
361775,1,400,0,0,8,01,00,0C,00,00,00,00,00
361795,1,206,0,0,8,00,00,00,00,00,00,00,00
361815,0,300,0,0,8,03,5A,64,5A,64,00,64,AB
361815,0,301,0,0,3,43,0B,00
361855,1,401,0,0,8,4F,9E,00,00,46,00,00,00
361855,1,201,0,0,5,42,09,00,00,62
361865,0,300,0,0,8,03,5A,64,5A,64,00,64,BC
361865,0,301,0,0,3,B5,0C,00
361865,1,203,0,0,8,7B,00,00,00,00,00,00,00
361875,1,400,0,0,8,01,00,0C,00,00,00,00,00
361895,1,206,0,0,8,00,00,00,00,00,00,00,00
361915,0,300,0,0,8,03,5A,64,5A,64,00,64,AD
361915,0,301,0,0,3,4E,0D,00
361955,1,401,0,0,8,4F,9E,00,00,46,00,00,00
361955,1,201,0,0,5,42,09,00,00,62
361965,0,300,0,0,8,03,5A,64,5A,64,00,64,BE
361965,0,301,0,0,3,1D,0E,00
361965,1,203,0,0,8,C1,00,00,00,00,00,00,00
361975,1,400,0,0,8,01,00,0C,00,00,00,00,00
361995,1,206,0,0,8,00,00,00,00,00,00,00,00
362015,0,300,0,0,8,03,5A,64,5A,64,00,64,AF
362015,0,301,0,0,3,E8,0F,00
362055,1,401,0,0,8,51,9E,00,00,46,00,00,00
362055,1,201,0,0,5,42,09,00,00,62
362065,0,300,0,0,8,03,5A,64,5A,64,00,64,30
362065,0,301,0,0,3,E2,00,00
362065,1,203,0,0,8,4A,01,00,00,00,00,00,00
362075,1,400,0,0,8,01,00,0C,00,00,00,00,00
362095,1,206,0,0,8,00,00,00,00,00,00,00,00
362115,0,300,0,0,8,03,5A,64,5A,64,00,64,21
362115,0,301,0,0,3,B3,01,00
362155,1,401,0,0,8,51,9E,00,00,46,00,00,00
362155,1,201,0,0,5,FC,08,00,00,62
362165,0,300,0,0,8,03,5A,64,5A,64,00,64,32
362165,0,301,0,0,3,6B,02,00
362175,1,203,0,0,8,97,01,00,00,00,00,00,00
362175,1,400,0,0,8,01,00,0C,00,00,00,00,00
362195,1,206,0,0,8,00,00,00,00,00,00,00,00
362215,0,300,0,0,8,03,5A,64,5A,64,00,64,23
362215,0,301,0,0,3,96,03,00
362235,1,402,0,0,8,58,00,00,00,94,9C,08,00
362255,1,401,0,0,8,53,9E,00,00,47,00,00,00
362255,1,201,0,0,5,FC,08,00,00,62
362265,0,300,0,0,8,03,5A,64,5A,64,00,64,34
362265,0,301,0,0,3,03,04,00
362275,1,203,0,0,8,33,02,00,00,00,00,00,00
362275,1,400,0,0,8,01,00,0C,00,00,00,00,00
362295,1,206,0,0,8,00,00,00,00,00,00,00,00
362315,0,300,0,0,8,03,5A,64,5A,64,00,64,25
362315,0,301,0,0,3,54,05,00
362355,1,401,0,0,8,53,9E,00,00,47,00,00,00
362355,1,201,0,0,5,FC,08,00,00,62
362365,0,300,0,0,8,03,5A,64,5A,64,00,64,36
362365,0,301,0,0,3,F5,06,00
362375,1,203,0,0,8,BA,02,00,00,00,00,00,00
362375,1,400,0,0,8,01,00,0C,00,00,00,00,00
362395,1,206,0,0,8,00,00,00,00,00,00,00,00
362415,0,300,0,0,8,03,5A,64,5A,64,00,64,27
362415,0,301,0,0,3,B8,07,00
362455,1,401,0,0,8,53,9E,00,00,46,00,00,00
362455,1,201,0,0,5,FC,08,00,00,62
362465,0,300,0,0,8,03,5A,64,5A,64,00,64,B8
362465,0,301,0,0,3,80,08,00
362475,1,203,0,0,8,F9,02,00,00,00,00,00,00
362475,1,400,0,0,8,01,00,0C,00,00,00,00,00
362495,1,206,0,0,8,00,00,00,00,00,00,00,00
362515,0,300,0,0,8,03,5A,64,5A,64,00,64,A9
362515,0,301,0,0,3,88,09,00
362555,1,401,0,0,8,57,9E,00,00,46,00,00,00
362555,1,201,0,0,5,A2,08,00,00,62
362565,0,300,0,0,8,03,5A,64,5A,64,00,64,BA
362565,0,301,0,0,3,C6,0A,00
362575,1,203,0,0,8,7B,03,00,00,00,00,00,00
362575,1,400,0,0,8,01,00,0C,00,00,00,00,00
362585,1,204,0,0,8,00,00,00,00,00,00,00,00
362595,1,206,0,0,8,00,00,00,00,00,00,00,00
362595,1,202,0,0,8,E2,14,00,00,AA,7D,05,00
362605,1,666,0,0,8,52,08,05,00,52,95,36,02
362615,0,300,0,0,8,03,5A,64,5A,64,00,64,AB
362615,0,301,0,0,3,43,0B,00
362615,1,665,0,0,8,00,00,00,53,4C,18,53,00
362635,1,200,0,0,8,58,00,E7,9F,08,00,00,00
362655,1,401,0,0,8,57,9E,00,00,46,00,00,00
362655,1,201,0,0,5,A2,08,00,00,62
362665,0,300,0,0,8,03,5A,64,5A,64,00,64,BC
362665,0,301,0,0,3,B5,0C,00
362675,1,203,0,0,8,C8,03,00,00,00,00,00,00
362675,1,400,0,0,8,01,00,0C,00,00,00,00,00
362695,1,206,0,0,8,00,00,00,00,00,00,00,00
362715,0,300,0,0,8,03,5A,64,5A,64,00,64,AD
362715,0,301,0,0,3,4E,0D,00
362735,1,403,0,0,8,64,00,00,00,40,E3,09,00
362755,1,201,0,0,5,A2,08,00,00,62
362755,1,401,0,0,8,59,9E,00,00,46,00,00,00
362765,0,300,0,0,8,03,5A,64,5A,64,00,64,BE
362765,0,301,0,0,3,1D,0E,00
362775,1,203,0,0,8,65,04,00,00,00,00,00,00
362775,1,400,0,0,8,01,00,0C,00,00,00,00,00
362795,1,206,0,0,8,00,00,00,00,00,00,00,00
362815,0,300,0,0,8,03,5A,64,5A,64,00,64,AF
362815,0,301,0,0,3,E8,0F,00
362855,1,201,0,0,5,5C,08,00,00,62
362855,1,401,0,0,8,59,9E,00,00,46,00,00,00
362865,0,300,0,0,8,03,5A,64,5A,64,00,64,30
362865,0,301,0,0,3,E2,00,00
362875,1,203,0,0,8,A3,04,00,00,00,00,00,00
362875,1,400,0,0,8,01,00,0C,00,00,00,00,00
362895,1,206,0,0,8,00,00,00,00,00,00,00,00
362915,0,300,0,0,8,03,5A,64,5A,64,00,64,21
362915,0,301,0,0,3,B3,01,00
362955,1,201,0,0,5,5C,08,00,00,62
362955,1,401,0,0,8,59,9E,00,00,46,00,00,00
362965,0,300,0,0,8,03,5A,64,5A,64,00,64,32
362965,0,301,0,0,3,6B,02,00
362975,1,203,0,0,8,0A,05,00,00,00,00,00,00
362975,1,400,0,0,8,01,00,0C,00,00,00,00,00
362995,1,206,0,0,8,00,00,00,00,00,00,00,00
363015,0,300,0,0,8,03,5A,64,5A,64,00,64,23
363015,0,301,0,0,3,96,03,00
363055,1,201,0,0,5,5C,08,00,00,62
363055,1,401,0,0,8,59,9E,00,00,46,00,00,00
363065,0,300,0,0,8,03,5A,64,5A,64,00,64,34
363065,0,301,0,0,3,03,04,00
363075,1,203,0,0,8,51,05,00,00,00,00,00,00
363075,1,400,0,0,8,01,00,0C,00,00,00,00,00
363095,1,206,0,0,8,00,00,00,00,00,00,00,00
363115,0,300,0,0,8,03,5A,64,5A,64,00,64,25
363115,0,301,0,0,3,54,05,00
363155,1,201,0,0,5,5C,08,00,00,62
363155,1,401,0,0,8,59,9E,00,00,46,00,00,00
363165,0,300,0,0,8,03,5A,64,5A,64,00,64,36
363165,0,301,0,0,3,F5,06,00
363175,1,203,0,0,8,61,05,00,00,00,00,00,00
363175,1,400,0,0,8,01,00,0C,00,00,00,00,00
363195,1,206,0,0,8,00,00,00,00,00,00,00,00
363215,0,300,0,0,8,03,5A,64,5A,64,00,64,27
363215,0,301,0,0,3,B8,07,00
363235,1,402,0,0,8,58,00,00,00,94,9C,08,00
363255,1,201,0,0,5,D0,07,00,00,62
363255,1,401,0,0,8,59,9E,00,00,46,00,00,00
363265,0,300,0,0,8,03,5A,64,5A,64,00,64,B8
363265,0,301,0,0,3,80,08,00
363275,1,203,0,0,8,84,05,00,00,00,00,00,00
363275,1,400,0,0,8,01,00,0C,00,00,00,00,00
363295,1,206,0,0,8,00,00,00,00,00,00,00,00
363315,0,300,0,0,8,03,5A,64,5A,64,00,64,A9
363315,0,301,0,0,3,88,09,00
363355,1,201,0,0,5,D0,07,00,00,62
363355,1,401,0,0,8,59,9E,00,00,46,00,00,00
363365,0,300,0,0,8,03,5A,64,5A,64,00,64,BA
363365,0,301,0,0,3,C6,0A,00
363375,1,203,0,0,8,A3,05,00,00,00,00,00,00
363375,1,400,0,0,8,01,00,0C,00,00,00,00,00
363395,1,206,0,0,8,00,00,00,00,00,00,00,00
363415,0,300,0,0,8,03,5A,64,5A,64,00,64,AB
363415,0,301,0,0,3,43,0B,00
363455,1,201,0,0,5,D0,07,00,00,62
363455,1,401,0,0,8,59,9E,00,00,46,00,00,00
363465,0,300,0,0,8,03,5A,64,5A,64,00,64,BC
363465,0,301,0,0,3,B5,0C,00
363475,1,203,0,0,8,FD,05,00,00,00,00,00,00
363475,1,400,0,0,8,01,00,0C,00,00,00,00,00
363495,1,206,0,0,8,00,00,00,00,00,00,00,00
363515,0,300,0,0,8,03,5A,64,5A,64,00,64,AD
363515,0,301,0,0,3,4E,0D,00
363555,1,201,0,0,5,D0,07,00,00,62
363565,1,401,0,0,8,5B,9E,00,00,46,00,00,00
363565,0,300,0,0,8,03,5A,64,5A,64,00,64,BE
363565,0,301,0,0,3,1D,0E,00
363575,1,203,0,0,8,27,06,00,00,00,00,00,00
363585,1,400,0,0,8,01,00,0C,00,00,00,00,00
363585,1,204,0,0,8,00,00,00,00,00,00,00,00
363595,1,206,0,0,8,00,00,00,00,00,00,00,00
363595,1,202,0,0,8,E2,14,00,00,AE,7D,05,00
363615,0,300,0,0,8,03,5A,64,5A,64,00,64,AF
363615,0,301,0,0,3,E8,0F,00
363655,1,201,0,0,5,62,07,00,00,62
363665,1,401,0,0,8,5B,9E,00,00,46,00,00,00
363665,0,300,0,0,8,03,5A,64,5A,64,00,64,30
363665,0,301,0,0,3,E2,00,00
363675,1,203,0,0,8,46,06,00,00,00,00,00,00
363685,1,400,0,0,8,01,00,0C,00,00,00,00,00
363695,1,206,0,0,8,00,00,00,00,00,00,00,00
363715,0,300,0,0,8,03,5A,64,5A,64,00,64,21
363715,0,301,0,0,3,B3,01,00
363745,1,403,0,0,8,64,00,00,00,40,E3,09,00
363755,1,201,0,0,5,62,07,00,00,62
363765,1,401,0,0,8,5F,9E,00,00,46,00,00,00
363765,0,300,0,0,8,03,5A,64,5A,64,00,64,32
363765,0,301,0,0,3,6B,02,00
363775,1,203,0,0,8,3C,06,00,00,00,00,00,00
363785,1,400,0,0,8,01,00,0C,00,00,00,00,00
363795,1,206,0,0,8,00,00,00,00,00,00,00,00
363815,0,300,0,0,8,03,5A,64,5A,64,00,64,23
363815,0,301,0,0,3,96,03,00
363855,1,201,0,0,5,62,07,00,00,62
363865,1,401,0,0,8,5F,9E,00,00,46,00,00,00
363865,0,300,0,0,8,03,5A,64,5A,64,00,64,34
363865,0,301,0,0,3,03,04,00
363875,1,203,0,0,8,9E,05,00,00,00,00,00,00
363885,1,400,0,0,8,01,00,0C,00,00,00,00,00
363895,1,206,0,0,8,00,00,00,00,00,00,00,00
363915,0,300,0,0,8,03,5A,64,5A,64,00,64,25
363915,0,301,0,0,3,54,05,00
363955,1,201,0,0,5,62,07,00,00,62
363965,1,401,0,0,8,5F,9E,00,00,46,00,00,00
363965,0,300,0,0,8,03,5A,64,5A,64,00,64,36
363965,0,301,0,0,3,F5,06,00
363975,1,203,0,0,8,B3,05,00,00,00,00,00,00
363985,1,400,0,0,8,01,00,0C,00,00,00,00,00
363995,1,206,0,0,8,00,00,00,00,00,00,00,00
364015,0,300,0,0,8,03,5A,64,5A,64,00,64,27
364015,0,301,0,0,3,B8,07,00
364055,1,201,0,0,5,62,07,00,00,62
364065,1,401,0,0,8,5F,9E,00,00,46,00,00,00
364065,0,300,0,0,8,03,5A,64,5A,64,00,64,B8
364065,0,301,0,0,3,80,08,00
364075,1,203,0,0,8,CC,05,00,00,00,00,00,00
364085,1,400,0,0,8,01,00,0C,00,00,00,00,00
364095,1,206,0,0,8,00,00,00,00,00,00,00,00
364115,0,300,0,0,8,03,5A,64,5A,64,00,64,A9
364115,0,301,0,0,3,88,09,00
364155,1,201,0,0,5,08,07,00,00,62
364165,1,401,0,0,8,5F,9E,00,00,46,00,00,00
364165,0,300,0,0,8,03,5A,64,5A,64,00,64,BA
364165,0,301,0,0,3,C6,0A,00
364175,1,203,0,0,8,EC,05,00,00,00,00,00,00
364185,1,400,0,0,8,01,00,0C,00,00,00,00,00
364195,1,206,0,0,8,00,00,00,00,00,00,00,00
364215,0,300,0,0,8,03,5A,64,5A,64,00,64,AB
364215,0,301,0,0,3,43,0B,00
364245,1,402,0,0,8,58,00,00,00,94,9C,08,00
364255,1,201,0,0,5,08,07,00,00,62
364265,1,401,0,0,8,61,9E,00,00,46,00,00,00
364265,0,300,0,0,8,03,5A,64,5A,64,00,64,BC
364265,0,301,0,0,3,B5,0C,00
364275,1,203,0,0,8,02,06,00,00,00,00,00,00
364285,1,400,0,0,8,01,00,0C,00,00,00,00,00
364295,1,206,0,0,8,00,00,00,00,00,00,00,00
364315,0,300,0,0,8,03,5A,64,5A,64,00,64,AD
364315,0,301,0,0,3,4E,0D,00
364355,1,201,0,0,5,08,07,00,00,62
364365,1,401,0,0,8,61,9E,00,00,46,00,00,00
364365,0,300,0,0,8,03,5A,64,5A,64,00,64,BE
364365,0,301,0,0,3,1D,0E,00
364375,1,203,0,0,8,21,06,00,00,00,00,00,00
364385,1,400,0,0,8,01,00,0C,00,00,00,00,00
364395,1,206,0,0,8,00,00,00,00,00,00,00,00
364415,0,300,0,0,8,03,5A,64,5A,64,00,64,AF
364415,0,301,0,0,3,E8,0F,00
364455,1,201,0,0,5,08,07,00,00,62
364465,1,401,0,0,8,61,9E,00,00,46,00,00,00
364465,0,300,0,0,8,03,5A,64,5A,64,00,64,30
364465,0,301,0,0,3,E2,00,00
364475,1,203,0,0,8,25,06,00,00,00,00,00,00
364485,1,400,0,0,8,01,00,0C,00,00,00,00,00
364495,1,206,0,0,8,00,00,00,00,00,00,00,00
364515,0,300,0,0,8,03,5A,64,5A,64,00,64,21
364515,0,301,0,0,3,B3,01,00
364555,1,201,0,0,5,08,07,00,00,62
364565,1,401,0,0,8,61,9E,00,00,46,00,00,00
364565,0,300,0,0,8,03,5A,64,5A,64,00,64,32
364565,0,301,0,0,3,6B,02,00
364575,1,203,0,0,8,1F,06,00,00,00,00,00,00
364585,1,400,0,0,8,01,00,0C,00,00,00,00,00
364585,1,204,0,0,8,00,00,00,00,00,00,00,00
364595,1,206,0,0,8,00,00,00,00,00,00,00,00
364595,1,202,0,0,8,E2,13,00,00,B2,7D,05,00
364615,0,300,0,0,8,03,5A,64,5A,64,00,64,23
364615,0,301,0,0,3,96,03,00
364655,1,201,0,0,5,B4,05,00,00,62
364665,1,401,0,0,8,61,9E,00,00,46,00,00,00
364665,0,300,0,0,8,03,5A,64,5A,64,00,64,34
364665,0,301,0,0,3,03,04,00
364675,1,203,0,0,8,61,05,00,00,00,00,00,00
364685,1,400,0,0,8,01,00,0C,00,00,00,00,00
364695,1,206,0,0,8,00,00,00,00,00,00,00,00
364715,0,300,0,0,8,03,5A,64,5A,64,00,64,25
364715,0,301,0,0,3,54,05,00
364745,1,403,0,0,8,64,00,00,00,40,E3,09,00
364755,1,201,0,0,5,B4,05,00,00,62
364765,1,401,0,0,8,63,9E,00,00,46,00,00,00
364765,0,300,0,0,8,03,5A,64,5A,64,00,64,36
364765,0,301,0,0,3,F5,06,00
364775,1,203,0,0,8,C4,04,00,00,00,00,00,00
364785,1,400,0,0,8,01,00,0C,00,00,00,00,00
364795,1,206,0,0,8,00,00,00,00,00,00,00,00
364815,0,300,0,0,8,03,5A,64,5A,64,00,64,27
364815,0,301,0,0,3,B8,07,00
364855,1,201,0,0,5,B4,05,00,00,62
364865,1,401,0,0,8,63,9E,00,00,46,00,00,00
364865,0,300,0,0,8,03,5A,64,5A,64,00,64,B8
364865,0,301,0,0,3,80,08,00
364875,1,203,0,0,8,4B,04,00,00,00,00,00,00
364885,1,400,0,0,8,01,00,0C,00,00,00,00,00
364895,1,206,0,0,8,00,00,00,00,00,00,00,00
364915,0,300,0,0,8,03,5A,64,5A,64,00,64,A9
364915,0,301,0,0,3,88,09,00
364955,1,201,0,0,5,B4,05,00,00,62
364965,1,401,0,0,8,63,9E,00,00,47,00,00,00
364965,0,300,0,0,8,03,5A,64,5A,64,00,64,BA
364965,0,301,0,0,3,C6,0A,00
364975,1,203,0,0,8,54,03,00,00,00,00,00,00
364985,1,400,0,0,8,01,00,0C,00,00,00,00,00
364995,1,206,0,0,8,00,00,00,00,00,00,00,00
365015,0,300,0,0,8,03,5A,64,5A,64,00,64,AB
365015,0,301,0,0,3,43,0B,00
365055,1,201,0,0,5,B4,05,00,00,62
365065,1,401,0,0,8,65,9E,00,00,47,00,00,00
365065,0,300,0,0,8,03,5A,64,5A,64,00,64,BC
365065,0,301,0,0,3,B5,0C,00
365075,1,203,0,0,8,8E,01,00,00,00,00,00,00
365085,1,400,0,0,8,01,00,0C,00,00,00,00,00
365095,1,206,0,0,8,00,00,00,00,00,00,00,00
365115,0,300,0,0,8,03,5A,64,5A,64,00,64,AD
365115,0,301,0,0,3,4E,0D,00
365155,1,201,0,0,5,B4,05,00,00,62
365165,1,401,0,0,8,65,9E,00,00,47,00,00,00
365165,0,300,0,0,8,03,5A,64,5A,64,00,64,BE
365165,0,301,0,0,3,1D,0E,00
365175,1,203,0,0,8,8E,01,00,00,00,00,00,00
365185,1,400,0,0,8,01,00,0C,00,00,00,00,00
365195,1,206,0,0,8,00,00,00,00,00,00,00,00
365215,0,300,0,0,8,03,5A,64,5A,64,00,64,AF
365215,0,301,0,0,3,E8,0F,00
365245,1,402,0,0,8,58,00,00,00,94,9C,08,00
365255,1,201,0,0,5,B4,05,00,00,62
365265,1,401,0,0,8,69,9E,00,00,46,00,00,00
365265,0,300,0,0,8,03,5A,64,5A,64,00,64,30
365265,0,301,0,0,3,E2,00,00
365275,1,203,0,0,8,8E,01,00,00,00,00,00,00
365285,1,400,0,0,8,01,00,0C,00,00,00,00,00
365295,1,206,0,0,8,00,00,00,00,00,00,00,00
365315,0,300,0,0,8,03,5A,64,5A,64,00,64,21
365315,0,301,0,0,3,B3,01,00
365355,1,201,0,0,5,24,04,00,00,62
365365,1,401,0,0,8,69,9E,00,00,46,00,00,00
365365,0,300,0,0,8,03,5A,64,5A,64,00,64,32
365365,0,301,0,0,3,6B,02,00
365375,1,203,0,0,8,8E,01,00,00,00,00,00,00
365385,1,400,0,0,8,01,00,0C,00,00,00,00,00
365395,1,206,0,0,8,00,00,00,00,00,00,00,00
365415,0,300,0,0,8,03,5A,64,5A,64,00,64,23
365415,0,301,0,0,3,96,03,00
365455,1,201,0,0,5,F2,03,00,00,62
365465,1,401,0,0,8,69,9E,00,00,46,00,00,00
365465,0,300,0,0,8,03,5A,64,5A,64,00,64,34
365465,0,301,0,0,3,03,04,00
365475,1,203,0,0,8,00,00,00,00,00,00,00,00
365485,1,400,0,0,8,01,00,0C,00,00,00,00,00
365495,1,206,0,0,8,00,00,00,00,00,00,00,00
365515,0,300,0,0,8,03,5A,64,5A,64,00,64,25
365515,0,301,0,0,3,54,05,00
365555,1,201,0,0,5,F2,03,00,00,62
365565,1,401,0,0,8,67,9E,00,00,46,00,00,00
365565,0,300,0,0,8,03,5A,64,5A,64,00,64,36
365565,0,301,0,0,3,F5,06,00
365575,1,203,0,0,8,00,00,00,00,00,00,00,00
365585,1,204,0,0,8,00,00,00,00,00,00,00,00
365585,1,400,0,0,8,01,00,0C,00,00,00,00,00
365595,1,206,0,0,8,00,00,00,00,00,00,00,00
365595,1,202,0,0,8,E2,14,00,00,B7,7D,05,00
365605,1,666,0,0,8,52,08,05,00,52,95,36,02
365615,0,300,0,0,8,03,5A,64,5A,64,00,64,27
365615,0,301,0,0,3,B8,07,00
365615,1,665,0,0,8,00,00,00,53,4C,18,53,00
365635,1,200,0,0,8,58,00,99,9F,08,00,01,00
365655,1,201,0,0,5,F2,03,00,00,62
365665,1,401,0,0,8,67,9E,00,00,46,00,00,00
365665,0,300,0,0,8,03,5A,64,5A,64,00,64,B8
365665,0,301,0,0,3,80,08,00
365675,1,203,0,0,8,00,00,00,00,00,00,00,00
365685,1,400,0,0,8,01,00,0C,00,00,00,00,00
365695,1,206,0,0,8,00,00,00,00,00,00,00,00
365715,0,300,0,0,8,03,5A,64,5A,64,00,64,A9
365715,0,301,0,0,3,88,09,00
365745,1,403,0,0,8,64,00,00,00,40,E3,09,00
365755,1,201,0,0,5,F2,03,00,00,62
365765,1,401,0,0,8,69,9E,00,00,46,00,00,00
365765,0,300,0,0,8,03,5A,64,5A,64,00,64,BA
365765,0,301,0,0,3,C6,0A,00
365775,1,203,0,0,8,00,00,00,00,00,00,00,00
365785,1,400,0,0,8,01,00,0C,00,00,00,00,00
365795,1,206,0,0,8,00,00,00,00,00,00,00,00
365815,0,300,0,0,8,03,5A,64,5A,64,00,64,AB
365815,0,301,0,0,3,43,0B,00
365855,1,201,0,0,5,F2,03,00,00,62
365865,1,401,0,0,8,69,9E,00,00,46,00,00,00
365865,0,300,0,0,8,03,5A,64,5A,64,00,64,BC
365865,0,301,0,0,3,B5,0C,00
365875,1,203,0,0,8,00,00,00,00,00,00,00,00
365885,1,400,0,0,8,01,00,0C,00,00,00,00,00
365895,1,206,0,0,8,00,00,00,00,00,00,00,00
365915,0,300,0,0,8,03,5A,64,5A,64,00,64,AD
365915,0,301,0,0,3,4E,0D,00
365955,1,201,0,0,5,F2,03,00,00,62
365965,0,300,0,0,8,03,5A,64,5A,64,00,64,BE
365965,1,401,0,0,8,69,9E,00,00,46,00,00,00
365965,0,301,0,0,3,1D,0E,00
365975,1,203,0,0,8,00,00,00,00,00,00,00,00
365985,1,400,0,0,8,01,00,0C,00,00,00,00,00
365995,1,206,0,0,8,00,00,00,00,00,00,00,00
366015,0,300,0,0,8,03,5A,64,5A,64,00,64,AF
366015,0,301,0,0,3,E8,0F,00
366055,1,201,0,0,5,F2,03,00,00,62
366065,0,300,0,0,8,03,5A,64,5A,64,00,64,30
366065,0,301,0,0,3,E2,00,00
366065,1,401,0,0,8,6B,9E,00,00,46,00,00,00
366075,1,203,0,0,8,00,00,00,00,00,00,00,00
366085,1,400,0,0,8,01,00,0C,00,00,00,00,00
366095,1,206,0,0,8,00,00,00,00,00,00,00,00
366115,0,300,0,0,8,03,5A,64,5A,64,00,64,21
366115,0,301,0,0,3,B3,01,00
366155,1,201,0,0,5,F2,03,00,00,62
366165,0,300,0,0,8,03,5A,64,5A,64,00,64,32
366165,0,301,0,0,3,6B,02,00
366165,1,401,0,0,8,6B,9E,00,00,46,00,00,00
366175,1,203,0,0,8,6C,00,00,00,00,00,00,00
366185,1,400,0,0,8,01,00,0C,00,00,00,00,00
366195,1,206,0,0,8,00,00,00,00,00,00,00,00
366215,0,300,0,0,8,03,5A,64,5A,64,00,64,23
366215,0,301,0,0,3,96,03,00
366245,1,402,0,0,8,58,00,00,00,94,9C,08,00
366255,1,201,0,0,5,F2,03,30,02,62
366265,0,300,0,0,8,03,5A,64,5A,64,00,64,34
366265,1,401,0,0,8,67,9E,00,00,46,00,00,00
366265,0,301,0,0,3,03,04,00
366275,1,203,0,0,8,27,01,C0,4C,02,00,00,00
366285,1,400,0,0,8,01,00,0C,00,00,00,00,00
366295,1,206,0,0,8,00,00,00,00,00,00,00,00
366315,0,300,0,0,8,03,5A,64,5A,64,00,64,25
366315,0,301,0,0,3,54,05,00
366355,1,201,0,0,5,20,03,0C,03,62
366365,0,300,0,0,8,03,5A,64,5A,64,00,64,36
366365,0,301,0,0,3,F5,06,00
366365,1,401,0,0,8,67,9E,00,00,46,00,00,00
366375,1,203,0,0,8,76,01,A0,5E,04,00,00,00
366385,1,400,0,0,8,01,00,0C,00,00,00,00,00
366395,1,206,0,0,8,00,00,00,00,00,00,00,00
366415,0,300,0,0,8,03,5A,64,5A,64,00,64,27
366415,0,301,0,0,3,B8,07,00
366455,1,201,0,0,5,20,03,00,00,62
366465,0,300,0,0,8,03,5A,64,5A,64,00,64,B8
366465,0,301,0,0,3,80,08,00
366465,1,401,0,0,8,67,9E,00,00,06,01,00,00
366475,1,203,0,0,8,00,00,00,00,00,00,00,00
366485,1,400,0,0,8,01,00,0C,00,00,00,00,00
366495,1,206,0,0,8,00,00,00,00,00,00,00,00
366515,0,300,0,0,8,03,5A,64,5A,64,00,64,A9
366515,0,301,0,0,3,88,09,00
366555,1,201,0,0,5,94,02,00,00,62
366565,0,300,0,0,8,03,5A,64,5A,64,00,64,BA
366565,0,301,0,0,3,C6,0A,00
366565,1,401,0,0,8,E8,9D,00,00,06,01,00,00
366575,1,203,0,0,8,00,00,00,00,00,00,00,00
366585,1,204,0,0,8,00,00,00,00,00,00,00,00
366585,1,400,0,0,8,01,00,0C,00,00,00,00,00
366595,1,206,0,0,8,00,00,00,00,00,00,00,00
366595,1,202,0,0,8,E2,14,00,00,B7,7D,05,00
366615,0,300,0,0,8,03,5A,64,5A,64,00,64,AB
366615,0,301,0,0,3,43,0B,00
366655,1,201,0,0,5,94,02,00,00,62
366665,0,300,0,0,8,03,5A,64,5A,64,00,64,BC
366665,0,301,0,0,3,B5,0C,00
366665,1,401,0,0,8,E8,9D,00,00,06,01,00,00
366675,1,203,0,0,8,00,00,00,00,00,00,00,00
366685,1,400,0,0,8,01,00,0C,00,00,00,00,00
366695,1,206,0,0,8,00,00,00,00,00,00,00,00
366715,0,300,0,0,8,03,5A,64,5A,64,00,64,AD
366715,0,301,0,0,3,4E,0D,00
366745,1,403,0,0,8,64,00,00,00,40,E3,09,00
366755,1,201,0,0,5,30,02,00,00,62
366765,0,300,0,0,8,03,5A,64,5A,64,00,64,BE
366765,0,301,0,0,3,1D,0E,00
366765,1,401,0,0,8,6D,9E,00,00,C0,03,00,00
366775,1,203,0,0,8,00,00,00,00,00,00,00,00
366785,1,400,0,0,8,01,00,2C,00,00,00,00,00
366795,1,206,0,0,8,00,00,00,00,00,00,00,00
366815,0,300,0,0,8,03,5A,64,5A,64,00,64,AF
366815,0,301,0,0,3,E8,0F,00
366855,1,201,0,0,5,30,02,00,00,62
366865,0,300,0,0,8,03,5A,64,5A,64,00,64,30
366865,0,301,0,0,3,E2,00,00
366865,1,401,0,0,8,6D,9E,00,00,C0,03,00,00
366875,1,203,0,0,8,00,00,00,00,00,00,00,00
366885,1,400,0,0,8,01,00,2C,00,00,00,00,00
366895,1,206,0,0,8,00,00,00,00,00,00,00,00
366915,0,300,0,0,8,03,5A,64,5A,64,00,64,21
366915,0,301,0,0,3,B3,01,00
366955,1,201,0,0,5,EA,01,00,00,62
366965,0,300,0,0,8,03,5A,64,5A,64,00,64,32
366965,0,301,0,0,3,6B,02,00
366965,1,401,0,0,8,6D,9E,00,00,65,00,00,00
366975,1,203,0,0,8,00,00,00,00,00,00,00,00
366985,1,400,0,0,8,01,00,0C,00,00,00,00,00
366995,1,206,0,0,8,00,00,00,00,00,00,00,00
367015,0,300,0,0,8,03,5A,64,5A,64,00,64,23
367015,0,301,0,0,3,96,03,00
367055,1,201,0,0,5,EA,01,00,00,62
367065,0,300,0,0,8,03,5A,64,5A,64,00,64,34
367065,0,301,0,0,3,03,04,00
367065,1,401,0,0,8,6F,9E,00,00,65,00,00,00
367075,1,203,0,0,8,00,00,00,00,00,00,00,00
367085,1,400,0,0,8,01,00,0C,00,00,00,00,00
367095,1,206,0,0,8,00,00,00,00,00,00,00,00
367115,0,300,0,0,8,03,5A,64,5A,64,00,64,25
367115,0,301,0,0,3,54,05,00
367155,1,201,0,0,5,AE,01,00,00,62
367165,0,300,0,0,8,03,5A,64,5A,64,00,64,36
367165,0,301,0,0,3,F5,06,00
367165,1,401,0,0,8,6F,9E,00,00,65,00,00,00
367175,1,203,0,0,8,00,00,00,00,00,00,00,00
367185,1,400,0,0,8,01,00,0C,00,00,00,00,00
367195,1,206,0,0,8,00,00,00,00,00,00,00,00
367215,0,300,0,0,8,03,5A,64,5A,64,00,64,27
367215,0,301,0,0,3,B8,07,00
367245,1,402,0,0,8,58,00,00,00,94,9C,08,00
367255,1,201,0,0,5,AE,01,00,00,62
367265,0,300,0,0,8,03,5A,64,5A,64,00,64,B8
367265,0,301,0,0,3,80,08,00
367265,1,401,0,0,8,71,9E,00,00,45,00,00,00
367275,1,203,0,0,8,00,00,00,00,00,00,00,00
367275,0,404,0,0,2,4A,00
367275,1,405,0,0,8,4A,00,00,00,06,00,00,00
367285,1,400,0,0,8,01,00,0C,00,00,00,00,00
367295,1,206,0,0,8,00,00,00,00,00,00,00,00
367305,0,404,0,0,2,02,30
367305,1,405,0,0,7,02,30,00,00,00,00,00
367315,0,300,0,0,8,03,5A,64,5A,64,00,64,A9
367315,0,301,0,0,3,88,09,00
367345,0,404,0,0,2,44,00
367345,1,405,0,0,6,44,00,00,00,50,46
367355,1,201,0,0,5,86,01,00,00,62
367365,0,300,0,0,8,03,5A,64,5A,64,00,64,BA
367365,0,301,0,0,3,C6,0A,00
367365,0,404,0,0,2,01,00
367365,1,405,0,0,8,01,00,00,00,00,04,06,04
367365,1,401,0,0,8,71,9E,00,00,45,00,00,00
367375,1,203,0,0,8,00,00,00,00,00,00,00,00
367385,1,400,0,0,8,01,00,0C,00,00,00,00,00
367395,1,206,0,0,8,00,00,00,00,00,00,00,00
367395,0,404,0,0,2,A3,01
367395,1,405,0,0,5,A3,01,00,00,06
367415,0,300,0,0,8,03,5A,64,5A,64,00,64,AB
367415,0,301,0,0,3,43,0B,00
367425,0,404,0,0,2,20,00
367425,1,405,0,0,8,20,00,00,00,32,33,36,47
367455,1,201,0,0,5,86,01,00,00,62
367465,0,404,0,0,2,21,00
367465,1,405,0,0,8,21,00,00,00,35,4C,41,31
367465,0,300,0,0,8,03,5A,64,5A,64,00,64,BC
367465,0,301,0,0,3,B5,0C,00
367465,1,401,0,0,8,71,9E,00,00,46,00,00,00
367475,1,203,0,0,8,00,00,00,00,00,00,00,00
367485,1,400,0,0,8,01,00,0C,00,00,00,00,00
367495,1,206,0,0,8,00,00,00,00,00,00,00,00
367495,0,404,0,0,2,22,00
367495,1,405,0,0,8,22,00,00,00,30,30,34,52
367515,0,300,0,0,8,03,5A,64,5A,64,00,64,AD
367515,0,301,0,0,3,4E,0D,00
367525,0,404,0,0,2,23,00
367525,1,405,0,0,8,23,00,00,00,4D,30,30,30
367555,0,404,0,0,2,24,00
367555,1,405,0,0,8,24,00,00,00,30,30,30,30
367555,1,201,0,0,5,5E,01,00,00,62
367565,0,300,0,0,8,03,5A,64,5A,64,00,64,BE
367565,0,301,0,0,3,1D,0E,00
367565,1,401,0,0,8,71,9E,00,00,46,00,00,00
367575,1,203,0,0,8,00,00,00,00,00,00,00,00
367585,1,204,0,0,8,00,00,00,00,00,00,00,00
367585,0,404,0,0,2,25,00
367585,1,405,0,0,8,25,00,00,00,30,30,30,30
367585,1,400,0,0,8,01,00,0C,00,00,00,00,00
367595,1,206,0,0,8,00,00,00,00,00,00,00,00
367595,1,202,0,0,8,E2,14,00,00,B7,7D,05,00
367615,0,300,0,0,8,03,5A,64,5A,64,00,64,AF
367615,0,301,0,0,3,E8,0F,00
367615,0,404,0,0,2,26,00
367615,1,405,0,0,8,26,00,00,00,30,30,30,30
367655,0,404,0,0,2,27,00
367655,1,405,0,0,6,27,00,00,00,30,30
367665,1,201,0,0,5,5E,01,00,00,62
367665,0,300,0,0,8,03,5A,64,5A,64,00,64,30
367665,0,301,0,0,3,E2,00,00
367665,1,401,0,0,8,71,9E,00,00,46,00,00,00
367675,1,203,0,0,8,00,00,00,00,00,00,00,00
367675,0,404,0,0,2,4C,00
367675,1,405,0,0,8,4C,00,00,00,01,24,00,00
367685,1,400,0,0,8,01,00,0C,00,00,00,00,00
367695,1,206,0,0,8,00,00,00,00,00,00,00,00
367715,0,404,0,0,2,46,00
367715,1,405,0,0,5,46,00,00,00,00
367715,0,300,0,0,8,03,5A,64,5A,64,00,64,21
367715,0,301,0,0,3,B3,01,00
367745,0,404,0,0,2,4D,00
367745,1,405,0,0,8,4D,00,00,00,00,00,00,00
367745,1,403,0,0,8,64,00,00,00,40,E3,09,00
367765,1,201,0,0,5,40,01,00,00,62
367765,0,300,0,0,8,03,5A,64,5A,64,00,64,32
367765,0,301,0,0,3,6B,02,00
367765,1,401,0,0,8,73,9E,00,00,46,00,00,00
367775,1,203,0,0,8,00,00,00,00,00,00,00,00
367775,0,404,0,0,2,50,00
367775,1,405,0,0,8,50,00,00,00,7F,00,7E,00
367785,1,400,0,0,8,01,00,0C,00,00,00,00,00
367795,1,206,0,0,8,00,00,00,00,00,00,00,00
367805,0,404,0,0,2,02,00
367815,1,405,0,0,8,02,00,00,00,53,49,43,54
367815,0,300,0,0,8,03,5A,64,5A,64,00,64,23
367815,0,301,0,0,3,96,03,00
367835,0,404,0,0,2,0A,00
367835,1,405,0,0,8,0A,00,00,00,30,3A,00,00
367865,1,201,0,0,5,40,01,00,00,62
367865,0,300,0,0,8,03,5A,64,5A,64,00,64,34
367865,0,301,0,0,3,03,04,00
367865,0,404,0,0,2,04,00
367865,1,405,0,0,7,04,00,00,00,16,09,02
367865,1,401,0,0,8,73,9E,00,00,46,00,00,00
367875,1,203,0,0,8,00,00,00,00,00,00,00,00
367885,1,400,0,0,8,01,00,0C,00,00,00,00,00
367895,1,206,0,0,8,00,00,00,00,00,00,00,00
367895,0,404,0,0,2,B0,01
367895,1,405,0,0,6,B0,01,00,00,00,00
367915,0,300,0,0,8,03,5A,64,5A,64,00,64,25
367915,0,301,0,0,3,54,05,00
367925,0,404,0,0,2,B1,01
367925,1,405,0,0,6,B1,01,00,00,00,00
367965,1,201,0,0,5,2C,01,00,00,62
367965,0,300,0,0,8,03,5A,64,5A,64,00,64,36
367965,0,301,0,0,3,F5,06,00
367965,1,401,0,0,8,73,9E,00,00,46,00,00,00
367975,1,203,0,0,8,00,00,00,00,00,00,00,00
367985,1,400,0,0,8,01,00,0C,00,00,00,00,00
367995,1,206,0,0,8,00,00,00,00,00,00,00,00
368015,0,300,0,0,8,03,5A,64,5A,64,00,64,27
368015,0,301,0,0,3,B8,07,00
368065,1,201,0,0,5,2C,01,00,00,62
368065,0,300,0,0,8,03,5A,64,5A,64,00,64,B8
368065,0,301,0,0,3,80,08,00
368065,1,401,0,0,8,73,9E,00,00,46,00,00,00
368075,1,203,0,0,8,00,00,00,00,00,00,00,00
368085,1,400,0,0,8,01,00,0C,00,00,00,00,00
368095,1,206,0,0,8,00,00,00,00,00,00,00,00
368115,0,300,0,0,8,03,5A,64,5A,64,00,64,A9
368115,0,301,0,0,3,88,09,00
368165,1,201,0,0,5,18,01,00,00,62
368165,0,300,0,0,8,03,5A,64,5A,64,00,64,BA
368165,0,301,0,0,3,C6,0A,00
368175,1,401,0,0,8,73,9E,00,00,46,00,00,00
368175,1,203,0,0,8,00,00,00,00,00,00,00,00
