206115,1,400,0,0,8,01,00,0C,00,00,00,00,00
206135,0,300,0,0,8,00,5A,64,5A,00,00,00,62
206135,0,301,0,0,3,6B,02,00
206135,1,206,0,0,8,00,00,00,00,00,00,00,00
206185,0,300,0,0,8,00,5A,64,5A,00,00,00,73
206185,0,301,0,0,3,96,03,00
206195,1,201,0,0,5,00,00,00,00,02
206195,1,401,0,0,8,09,9F,00,00,46,00,00,00
206205,1,203,0,0,8,00,00,00,00,00,00,00,00
206215,1,400,0,0,8,01,00,0C,00,00,00,00,00
206235,0,300,0,0,8,00,5A,64,5A,00,00,00,04
206235,0,301,0,0,3,03,04,00
206235,1,206,0,0,8,00,00,00,00,00,00,00,00
206285,0,300,0,0,8,00,5A,64,5A,00,00,00,15
206285,0,301,0,0,3,54,05,00
206295,1,201,0,0,5,00,00,00,00,02
206295,1,401,0,0,8,09,9F,00,00,46,00,00,00
206305,1,203,0,0,8,00,00,00,00,00,00,00,00
206315,1,400,0,0,8,01,00,0C,00,00,00,00,00
206335,0,300,0,0,8,00,5A,64,5A,00,00,00,26
206335,0,301,0,0,3,F5,06,00
206335,1,206,0,0,8,00,00,00,00,00,00,00,00
206375,1,403,0,0,8,64,00,00,00,40,E3,09,00
206385,0,300,0,0,8,00,5A,64,5A,00,00,00,37
206385,0,301,0,0,3,B8,07,00
206395,1,201,0,0,5,00,00,00,00,02
206395,1,401,0,0,8,07,9F,00,00,46,00,00,00
206405,1,203,0,0,8,00,00,00,00,00,00,00,00
206415,1,400,0,0,8,01,00,0C,00,00,00,00,00
206435,0,300,0,0,8,00,5A,64,5A,00,00,00,C8
206435,0,301,0,0,3,80,08,00
206435,1,206,0,0,8,00,00,00,00,00,00,00,00
206485,0,300,0,0,8,00,5A,64,5A,00,00,00,D9
206485,0,301,0,0,3,88,09,00
206495,1,201,0,0,5,00,00,00,00,02
206495,1,401,0,0,8,07,9F,00,00,46,00,00,00
206505,1,203,0,0,8,00,00,00,00,00,00,00,00
206515,1,400,0,0,8,01,00,0C,00,00,00,00,00
206525,1,204,0,0,8,00,00,00,00,00,00,00,00
206535,0,300,0,0,8,00,5A,64,5A,00,00,00,EA
206535,0,301,0,0,3,C6,0A,00
206535,1,206,0,0,8,00,00,00,00,00,00,00,00
206535,1,202,0,0,8,E2,13,00,00,A9,7C,05,00
206545,1,666,0,0,8,52,08,05,00,52,95,36,02
206555,1,665,0,0,8,00,00,00,53,4C,18,53,00
206565,1,200,0,0,8,58,00,4D,A4,08,00,02,00
206585,0,300,0,0,8,00,5A,64,5A,00,00,00,FB
206585,0,301,0,0,3,43,0B,00
206595,1,201,0,0,5,00,00,00,00,02
206595,1,401,0,0,8,07,9F,00,00,46,00,00,00
206605,1,203,0,0,8,00,00,00,00,00,00,00,00
206615,1,400,0,0,8,01,00,0C,00,00,00,00,00
206635,0,300,0,0,8,00,5A,64,5A,00,00,00,8C
206635,0,301,0,0,3,B5,0C,00
206635,1,206,0,0,8,00,00,00,00,00,00,00,00
206685,0,300,0,0,8,00,5A,64,5A,00,00,00,9D
206685,0,301,0,0,3,4E,0D,00
206695,1,201,0,0,5,00,00,00,00,02
206695,1,401,0,0,8,07,9F,00,00,46,00,00,00
206705,1,203,0,0,8,00,00,00,00,00,00,00,00
206715,1,400,0,0,8,01,00,0C,00,00,00,00,00
206735,0,300,0,0,8,00,5A,64,5A,00,00,00,AE
206735,0,301,0,0,3,1D,0E,00
206735,1,206,0,0,8,00,00,00,00,00,00,00,00
206785,0,300,0,0,8,00,5A,64,5A,00,00,00,BF
206785,0,301,0,0,3,E8,0F,00
206795,1,201,0,0,5,00,00,00,00,02
206795,1,401,0,0,8,07,9F,00,00,46,00,00,00
206805,1,203,0,0,8,00,00,00,00,00,00,00,00
206815,1,400,0,0,8,01,00,0C,00,00,00,00,00
206835,0,300,0,0,8,00,5A,64,5A,00,00,00,40
206835,0,301,0,0,3,E2,00,00
206835,1,206,0,0,8,00,00,00,00,00,00,00,00
206875,1,402,0,0,8,58,00,00,00,2C,A4,08,00
206885,0,300,0,0,8,00,5A,64,5A,00,00,00,51
206885,0,301,0,0,3,B3,01,00
206895,1,201,0,0,5,00,00,00,00,02
206895,1,401,0,0,8,07,9F,00,00,46,00,00,00
206905,1,203,0,0,8,00,00,00,00,00,00,00,00
206915,1,400,0,0,8,01,00,0C,00,00,00,00,00
206935,0,300,0,0,8,00,5A,64,5A,00,00,00,62
206935,0,301,0,0,3,6B,02,00
206935,1,206,0,0,8,00,00,00,00,00,00,00,00
206985,0,300,0,0,8,00,5A,64,5A,00,00,00,73
206985,0,301,0,0,3,96,03,00
206995,1,201,0,0,5,00,00,00,00,02
206995,1,401,0,0,8,07,9F,00,00,46,00,00,00
207005,1,203,0,0,8,00,00,00,00,00,00,00,00
207015,1,400,0,0,8,01,00,0C,00,00,00,00,00
207035,0,300,0,0,8,00,5A,64,5A,00,00,00,04
207035,0,301,0,0,3,03,04,00
207035,1,206,0,0,8,00,00,00,00,00,00,00,00
207085,0,300,0,0,8,00,5A,64,5A,00,00,00,15
207085,0,301,0,0,3,54,05,00
207095,1,201,0,0,5,00,00,00,00,02
207105,1,401,0,0,8,07,9F,00,00,46,00,00,00
207105,1,203,0,0,8,00,00,00,00,00,00,00,00
207125,1,400,0,0,8,01,00,0C,00,00,00,00,00
207135,0,300,0,0,8,00,5A,64,5A,00,00,00,26
207135,0,301,0,0,3,F5,06,00
207135,1,206,0,0,8,00,00,00,00,00,00,00,00
207185,0,300,0,0,8,00,5A,64,5A,00,00,00,37
207185,0,301,0,0,3,B8,07,00
207195,1,201,0,0,5,00,00,00,00,02
207205,1,401,0,0,8,09,9F,00,00,45,00,00,00
207205,1,203,0,0,8,00,00,00,00,00,00,00,00
207225,1,400,0,0,8,01,00,0C,00,00,00,00,00
207235,0,300,0,0,8,00,5A,64,5A,00,00,00,C8
207235,0,301,0,0,3,80,08,00
207235,1,206,0,0,8,00,00,00,00,00,00,00,00
207275,0,404,0,0,2,4A,00
207275,1,405,0,0,8,4A,00,00,00,06,00,00,00
207285,0,300,0,0,8,00,5A,64,5A,00,00,00,D9
207285,0,301,0,0,3,88,09,00
207295,1,201,0,0,5,00,00,00,00,02
207305,1,401,0,0,8,09,9F,00,00,45,00,00,00
207305,1,203,0,0,8,00,00,00,00,00,00,00,00
207315,0,404,0,0,2,02,30
207315,1,405,0,0,7,02,30,00,00,00,00,00
207325,1,400,0,0,8,01,00,0C,00,00,00,00,00
207335,0,300,0,0,8,00,5A,64,5A,00,00,00,EA
207335,0,301,0,0,3,C6,0A,00
207335,1,206,0,0,8,00,00,00,00,00,00,00,00
207335,0,404,0,0,2,44,00
207335,1,405,0,0,6,44,00,00,00,50,46
207365,0,404,0,0,2,01,00
207365,1,405,0,0,8,01,00,00,00,00,04,06,04
207385,1,403,0,0,8,64,00,00,00,40,E3,09,00
207385,0,300,0,0,8,00,5A,64,5A,00,00,00,FB
207385,0,301,0,0,3,43,0B,00
207395,1,201,0,0,5,00,00,00,00,02
207395,0,404,0,0,2,A3,01
207395,1,405,0,0,5,A3,01,00,00,06
207405,1,401,0,0,8,07,9F,00,00,46,00,00,00
207405,1,203,0,0,8,00,00,00,00,00,00,00,00
207425,1,400,0,0,8,01,00,0C,00,00,00,00,00
207435,0,404,0,0,2,20,00
207435,1,405,0,0,8,20,00,00,00,32,33,36,47
207435,0,300,0,0,8,00,5A,64,5A,00,00,00,8C
207435,0,301,0,0,3,B5,0C,00
207435,1,206,0,0,8,00,00,00,00,00,00,00,00
207465,0,404,0,0,2,21,00
207465,1,405,0,0,8,21,00,00,00,35,4C,41,31
207485,0,300,0,0,8,00,5A,64,5A,00,00,00,9D
207485,0,301,0,0,3,4E,0D,00
207495,0,404,0,0,2,22,00
207495,1,405,0,0,8,22,00,00,00,30,30,34,52
207495,1,201,0,0,5,00,00,00,00,02
207505,1,401,0,0,8,07,9F,00,00,46,00,00,00
207505,1,203,0,0,8,00,00,00,00,00,00,00,00
207525,1,204,0,0,8,00,00,00,00,00,00,00,00
207525,1,400,0,0,8,01,00,0C,00,00,00,00,00
207525,0,404,0,0,2,23,00
207525,1,405,0,0,8,23,00,00,00,4D,30,30,30
207535,0,300,0,0,8,00,5A,64,5A,00,00,00,AE
207535,0,301,0,0,3,1D,0E,00
207535,1,206,0,0,8,00,00,00,00,00,00,00,00
207535,1,202,0,0,8,E2,12,00,00,A9,7C,05,00
207555,0,404,0,0,2,24,00
207555,1,405,0,0,8,24,00,00,00,30,30,30,30
207585,0,300,0,0,8,00,5A,64,5A,00,00,00,BF
207585,0,301,0,0,3,E8,0F,00
207585,0,404,0,0,2,25,00
207585,1,405,0,0,8,25,00,00,00,30,30,30,30
207595,1,201,0,0,5,00,00,00,00,02
207605,1,401,0,0,8,07,9F,00,00,46,00,00,00
207605,1,203,0,0,8,00,00,00,00,00,00,00,00
207625,1,400,0,0,8,01,00,0C,00,00,00,00,00
207625,0,404,0,0,2,26,00
207625,1,405,0,0,8,26,00,00,00,30,30,30,30
207635,0,300,0,0,8,00,5A,64,5A,00,00,00,40
207635,0,301,0,0,3,E2,00,00
207635,1,206,0,0,8,00,00,00,00,00,00,00,00
207645,0,404,0,0,2,27,00
207645,1,405,0,0,6,27,00,00,00,30,30
207685,0,404,0,0,2,4C,00
207685,1,405,0,0,8,4C,00,00,00,01,24,00,00
207685,0,300,0,0,8,00,5A,64,5A,00,00,00,51
207685,0,301,0,0,3,B3,01,00
207695,1,201,0,0,5,00,00,00,00,02
207705,1,401,0,0,8,07,9F,00,00,46,00,00,00
207705,1,203,0,0,8,00,00,00,00,00,00,00,00
207715,0,404,0,0,2,46,00
207715,1,405,0,0,5,46,00,00,00,00
207725,1,400,0,0,8,01,00,0C,00,00,00,00,00
207735,0,300,0,0,8,00,5A,64,5A,00,00,00,62
207735,0,301,0,0,3,6B,02,00
207735,1,206,0,0,8,00,00,00,00,00,00,00,00
207745,0,404,0,0,2,4D,00
207745,1,405,0,0,8,4D,00,00,00,00,00,00,00
207775,0,404,0,0,2,50,00
207785,1,405,0,0,8,50,00,00,00,7F,00,7E,00
207785,0,300,0,0,8,00,5A,64,5A,00,00,00,73
207785,0,301,0,0,3,96,03,00
207795,1,201,0,0,5,00,00,00,00,02
207805,1,401,0,0,8,07,9F,00,00,46,00,00,00
207805,0,404,0,0,2,02,00
207805,1,405,0,0,8,02,00,00,00,53,49,43,54
207805,1,203,0,0,8,00,00,00,00,00,00,00,00
207825,1,400,0,0,8,01,00,0C,00,00,00,00,00
207835,0,300,0,0,8,00,5A,64,5A,00,00,00,04
207835,1,206,0,0,8,00,00,00,00,00,00,00,00
207835,0,301,0,0,3,03,04,00
207835,0,404,0,0,2,0A,00
207835,1,405,0,0,8,0A,00,00,00,30,3A,00,00
207865,0,404,0,0,2,04,00
207865,1,405,0,0,7,04,00,00,00,16,09,02
207885,1,402,0,0,8,58,00,00,00,2C,A4,08,00
207885,0,300,0,0,8,00,5A,64,5A,00,00,00,15
207885,0,301,0,0,3,54,05,00
207895,1,201,0,0,5,00,00,00,00,02
207895,0,404,0,0,2,B0,01
207895,1,405,0,0,6,B0,01,00,00,00,00
207905,1,401,0,0,8,07,9F,00,00,45,00,00,00
207905,1,203,0,0,8,00,00,00,00,00,00,00,00
207925,1,400,0,0,8,01,00,0C,00,00,00,00,00
207935,0,300,0,0,8,00,5A,64,5A,00,00,00,26
207935,1,206,0,0,8,00,00,00,00,00,00,00,00
207935,0,301,0,0,3,F5,06,00
207935,0,404,0,0,2,B1,01
207935,1,405,0,0,6,B1,01,00,00,00,00
207985,0,300,0,0,8,00,5A,64,5A,00,00,00,37
207985,0,301,0,0,3,B8,07,00
207995,1,201,0,0,5,00,00,00,00,02
208005,1,401,0,0,8,07,9F,00,00,45,00,00,00
208005,1,203,0,0,8,00,00,00,00,00,00,00,00
208025,1,400,0,0,8,01,00,0C,00,00,00,00,00
208035,0,300,0,0,8,00,5A,64,5A,00,00,00,C8
208035,1,206,0,0,8,00,00,00,00,00,00,00,00
208035,0,301,0,0,3,80,08,00
208085,0,300,0,0,8,00,5A,64,5A,00,00,00,D9
208085,0,301,0,0,3,88,09,00
208095,1,201,0,0,5,00,00,42,09,02
208105,1,401,0,0,8,07,9F,00,00,45,00,00,00
208105,1,203,0,0,8,00,00,00,00,00,00,00,00
208125,1,400,0,0,8,01,00,0C,00,00,00,00,00
208135,0,300,0,0,8,00,5A,64,5A,00,00,00,EA
208135,1,206,0,0,8,00,00,00,00,00,00,00,00
208135,0,301,0,0,3,C6,0A,00
208185,0,300,0,0,8,00,5A,64,5A,00,00,00,FB
208185,0,301,0,0,3,43,0B,00
208195,1,201,0,0,5,00,00,D2,0A,02
208205,1,401,0,0,8,09,9F,00,00,46,00,00,00
208205,1,203,0,0,8,70,00,F8,A9,02,00,00,00
208225,1,400,0,0,8,01,00,0C,00,00,00,00,00
208235,0,300,0,0,8,00,5A,64,5A,00,00,00,8C
208235,1,206,0,0,8,00,00,00,00,00,00,00,00
208235,0,301,0,0,3,B5,0C,00
208285,0,300,0,0,8,00,5A,64,5A,00,00,00,9D
208285,0,301,0,0,3,4E,0D,00
208295,1,201,0,0,5,00,00,28,0A,02
208305,1,401,0,0,8,09,9F,00,00,46,00,00,00
208305,1,203,0,0,8,98,00,58,0A,05,00,00,00
208325,1,400,0,0,8,01,00,0C,00,00,00,00,00
208335,0,300,0,0,8,00,5A,64,5A,00,00,00,AE
208335,1,206,0,0,8,00,00,00,00,00,00,00,00
208335,0,301,0,0,3,1D,0E,00
208385,0,300,0,0,8,00,5A,64,5A,00,00,00,BF
208385,0,301,0,0,3,E8,0F,00
208385,1,403,0,0,8,64,00,00,00,40,E3,09,00
208395,1,201,0,0,5,00,00,6E,0A,02
208405,1,401,0,0,8,0B,9F,00,00,46,00,00,00
208405,1,203,0,0,8,EE,00,28,88,07,00,00,00
208425,1,400,0,0,8,01,00,0C,00,00,00,00,00
208435,0,300,0,0,8,00,5A,64,5A,00,00,00,40
208435,1,206,0,0,8,00,00,00,00,00,00,00,00
208435,0,301,0,0,3,E2,00,00
208485,0,300,0,0,8,00,5A,64,5A,00,00,00,51
208485,0,301,0,0,3,B3,01,00
208495,1,201,0,0,5,00,00,6A,09,02
208505,1,401,0,0,8,0B,9F,00,00,46,00,00,00
208505,1,203,0,0,8,1A,01,F0,3B,0A,00,00,00
208525,1,204,0,0,8,00,00,00,00,00,00,00,00
208525,1,400,0,0,8,01,00,0C,00,00,00,00,00
208535,0,300,0,0,8,00,5A,64,5A,00,00,00,62
208535,1,206,0,0,8,00,00,00,00,00,00,00,00
208535,0,301,0,0,3,6B,02,00
208535,1,202,0,0,8,E2,12,00,00,A9,7C,05,00
208585,0,300,0,0,8,00,5A,64,5A,00,00,00,73
208585,0,301,0,0,3,96,03,00
208595,1,201,0,0,5,00,00,B6,08,02
208605,1,401,0,0,8,0B,9F,00,00,46,00,00,00
208605,1,203,0,0,8,82,01,D8,B4,0C,00,00,00
208625,1,400,0,0,8,01,00,0C,00,00,00,00,00
208635,0,300,0,0,8,00,5A,64,5A,00,00,00,04
208635,0,301,0,0,3,03,04,00
208635,1,206,0,0,8,00,00,00,00,00,00,00,00
208685,0,300,0,0,8,00,5A,64,5A,00,00,00,15
208685,0,301,0,0,3,54,05,00
208695,1,201,0,0,5,00,00,B6,08,02
208705,1,401,0,0,8,0B,9F,00,00,46,00,00,00
208705,1,203,0,0,8,0D,02,60,18,11,00,00,00
208725,1,400,0,0,8,01,00,0C,00,00,00,00,00
208735,0,300,0,0,8,00,5A,64,5A,00,00,00,26
208735,0,301,0,0,3,F5,06,00
208735,1,206,0,0,8,00,00,00,00,00,00,00,00
208785,0,300,0,0,8,00,5A,64,5A,00,00,00,37
208785,0,301,0,0,3,B8,07,00
208795,1,201,0,0,5,00,00,56,04,02
208805,1,401,0,0,8,0B,9F,00,00,46,00,00,00
208805,1,203,0,0,8,3B,02,B0,B1,0A,00,00,00
208825,1,400,0,0,8,01,00,0C,00,00,00,00,00
208835,0,300,0,0,8,00,5A,64,5A,00,00,00,C8
208835,0,301,0,0,3,80,08,00
208835,1,206,0,0,8,00,00,00,00,00,00,00,00
208885,0,300,0,0,8,00,5A,64,5A,00,00,00,D9
208885,0,301,0,0,3,88,09,00
208885,1,402,0,0,8,58,00,00,00,2C,A4,08,00
208895,1,201,0,0,5,00,00,AE,01,02
208905,1,401,0,0,8,05,9F,00,00,45,00,00,00
208905,1,203,0,0,8,92,02,D8,1E,04,00,00,00
208925,1,400,0,0,8,01,00,0C,00,00,00,00,00
208935,0,300,0,0,8,00,5A,64,5A,00,00,00,EA
208935,0,301,0,0,3,C6,0A,00
208935,1,206,0,0,8,00,00,00,00,00,00,00,00
208985,0,300,0,0,8,00,5A,64,5A,00,00,00,FB
208985,0,301,0,0,3,43,0B,00
208995,1,201,0,0,5,00,00,A4,01,02
209005,1,401,0,0,8,05,9F,00,00,45,00,00,00
209005,1,203,0,0,8,B9,02,64,1C,04,00,00,00
209025,1,400,0,0,8,01,00,0C,00,00,00,00,00
209035,0,300,0,0,8,00,5A,64,5A,00,00,00,8C
209035,0,301,0,0,3,B5,0C,00
209035,1,206,0,0,8,00,00,00,00,00,00,00,00
209085,0,300,0,0,8,00,5A,64,5A,00,00,00,9D
209085,0,301,0,0,3,4E,0D,00
209095,1,201,0,0,5,00,00,8A,02,02
209105,1,401,0,0,8,05,9F,00,00,45,00,00,00
209105,1,203,0,0,8,0D,03,FC,D9,06,00,00,00
209125,1,400,0,0,8,01,00,0C,00,00,00,00,00
209135,0,300,0,0,8,00,5A,64,5A,00,00,00,AE
209135,0,301,0,0,3,1D,0E,00
209135,1,206,0,0,8,00,00,00,00,00,00,00,00
209185,0,300,0,0,8,00,5A,64,5A,00,00,00,BF
209185,0,301,0,0,3,E8,0F,00
209195,1,201,0,0,5,00,00,B4,05,02
209205,1,401,0,0,8,07,9F,00,00,45,00,00,00
209205,1,203,0,0,8,3B,03,40,F0,11,00,00,00
209225,1,400,0,0,8,01,00,0C,00,00,00,00,00
209235,0,300,0,0,8,00,5A,64,5A,00,00,00,40
209235,0,301,0,0,3,E2,00,00
209235,1,206,0,0,8,00,00,00,00,00,00,00,00
209285,0,300,0,0,8,00,5A,64,5A,00,00,00,51
209285,0,301,0,0,3,B3,01,00
209295,1,201,0,0,5,00,00,2C,06,02
209305,1,401,0,0,8,07,9F,00,00,45,00,00,00
209305,1,203,0,0,8,7D,03,50,32,15,00,00,00
209325,1,400,0,0,8,01,00,0C,00,00,00,00,00
209335,0,300,0,0,8,00,5A,64,5A,00,00,00,62
209335,0,301,0,0,3,6B,02,00
209335,1,206,0,0,8,00,00,00,00,00,00,00,00
209385,0,300,0,0,8,00,5A,64,5A,00,00,00,73
209385,0,301,0,0,3,96,03,00
209385,1,403,0,0,8,64,00,00,00,40,E3,09,00
209395,1,201,0,0,5,00,00,86,06,02
209405,1,401,0,0,8,07,9F,00,00,46,00,00,00
209405,1,203,0,0,8,B3,03,44,94,18,00,00,00
209425,1,400,0,0,8,01,00,0C,00,00,00,00,00
209435,0,300,0,0,8,00,5A,64,5A,00,00,00,04
209435,0,301,0,0,3,03,04,00
209435,1,206,0,0,8,00,00,00,00,00,00,00,00
209485,0,300,0,0,8,00,5A,64,5A,00,00,00,15
209485,0,301,0,0,3,54,05,00
209495,1,201,0,0,5,00,00,D6,06,02
209505,1,401,0,0,8,07,9F,00,00,46,00,00,00
209505,1,203,0,0,8,D0,03,C0,71,1B,00,00,00
209525,1,204,0,0,8,00,00,00,00,00,00,00,00
209525,1,400,0,0,8,01,00,0C,00,00,00,00,00
209535,0,300,0,0,8,00,5A,64,5A,00,00,00,26
209535,0,301,0,0,3,F5,06,00
209535,1,206,0,0,8,00,00,00,00,00,00,00,00
209535,1,202,0,0,8,E2,13,00,00,A9,7C,05,00
209545,1,666,0,0,8,52,08,05,00,52,95,36,02
209555,1,665,0,0,8,00,00,00,53,4C,18,53,00
209565,1,200,0,0,8,58,00,49,A4,08,00,00,00
209585,0,300,0,0,8,00,5A,64,5A,00,00,00,37
209585,0,301,0,0,3,B8,07,00
209595,1,201,0,0,5,00,00,62,07,02
209605,1,401,0,0,8,07,9F,00,00,46,00,00,00
209605,1,203,0,0,8,0F,04,E4,C9,1E,00,00,00
209625,1,400,0,0,8,01,00,0C,00,00,00,00,00
209635,0,300,0,0,8,00,5A,64,5A,00,00,00,C8
209635,0,301,0,0,3,80,08,00
209635,1,206,0,0,8,00,00,00,00,00,00,00,00
209685,0,300,0,0,8,00,5A,64,5A,00,00,00,D9
209685,0,301,0,0,3,88,09,00
209695,1,201,0,0,5,00,00,C6,07,02
209705,1,401,0,0,8,09,9F,00,00,46,00,00,00
209705,1,203,0,0,8,2C,04,38,41,20,00,00,00
209725,1,400,0,0,8,01,00,0C,00,00,00,00,00
209735,0,300,0,0,8,00,5A,64,5A,00,00,00,EA
209735,0,301,0,0,3,C6,0A,00
209735,1,206,0,0,8,00,00,00,00,00,00,00,00
209785,0,300,0,0,8,00,5A,64,5A,00,00,00,FB
209785,0,301,0,0,3,43,0B,00
209795,1,201,0,0,5,00,00,46,05,02
209805,1,401,0,0,8,09,9F,00,00,46,00,00,00
209805,1,203,0,0,8,59,04,08,52,18,00,00,00
209825,1,400,0,0,8,01,00,0C,00,00,00,00,00
209835,0,300,0,0,8,00,5A,64,5A,00,00,00,8C
209835,0,301,0,0,3,B5,0C,00
209835,1,206,0,0,8,00,00,00,00,00,00,00,00
209885,0,300,0,0,8,00,5A,64,5A,00,00,00,9D
209885,0,301,0,0,3,4E,0D,00
209885,1,402,0,0,8,58,00,00,00,2C,A4,08,00
209895,1,201,0,0,5,32,00,AC,03,02
209905,1,401,0,0,8,09,9F,00,00,46,00,00,00
209905,1,203,0,0,8,74,04,78,C1,14,00,00,00
209925,1,400,0,0,8,01,00,0C,00,00,00,00,00
209935,0,300,0,0,8,00,5A,64,5A,00,00,00,AE
209935,0,301,0,0,3,1D,0E,00
209935,1,206,0,0,8,00,00,00,00,00,00,00,00
209985,0,300,0,0,8,00,5A,64,5A,00,00,00,BF
209985,0,301,0,0,3,E8,0F,00
209995,1,201,0,0,5,32,00,70,03,02
210005,1,401,0,0,8,09,9F,00,00,46,00,00,00
210005,1,203,0,0,8,9E,04,AC,EE,10,00,00,00
210025,1,400,0,0,8,01,00,0C,00,00,00,00,00
210035,0,300,0,0,8,00,5A,64,5A,00,00,00,40
210035,0,301,0,0,3,E2,00,00
210035,1,206,0,0,8,00,00,00,00,00,00,00,00
210085,0,300,0,0,8,00,5A,64,5A,00,00,00,51
210085,0,301,0,0,3,B3,01,00
210095,1,201,0,0,5,32,00,86,06,02
210105,1,401,0,0,8,09,9F,00,00,46,00,00,00
210105,1,203,0,0,8,BA,04,90,30,17,00,00,00
210125,1,400,0,0,8,01,00,0C,00,00,00,00,00
210135,0,300,0,0,8,00,5A,64,5A,00,00,00,62
210135,0,301,0,0,3,6B,02,00
210135,1,206,0,0,8,00,00,00,00,00,00,00,00
210185,0,300,0,0,8,00,5A,64,5A,00,00,00,73
210185,0,301,0,0,3,96,03,00
210195,1,201,0,0,5,32,00,48,08,02
210205,1,401,0,0,8,09,9F,00,00,46,00,00,00
210205,1,203,0,0,8,EC,04,40,DB,29,00,00,00
210225,1,400,0,0,8,01,00,0C,00,00,00,00,00
210235,0,300,0,0,8,00,5A,64,5A,00,00,00,04
210235,0,301,0,0,3,03,04,00
210235,1,206,0,0,8,00,00,00,00,00,00,00,00
210285,0,300,0,0,8,00,5A,64,5A,00,00,00,15
210285,0,301,0,0,3,54,05,00
210295,1,201,0,0,5,32,00,20,08,02
210305,1,401,0,0,8,09,9F,00,00,46,00,00,00
210305,1,203,0,0,8,1B,05,28,A6,28,00,00,00
210325,1,400,0,0,8,01,00,0C,00,00,00,00,00
210335,0,300,0,0,8,00,5A,64,5A,00,00,00,26
210335,0,301,0,0,3,F5,06,00
210335,1,206,0,0,8,00,00,00,00,00,00,00,00
210385,0,300,0,0,8,00,5A,64,5A,00,00,00,37
210385,0,301,0,0,3,B8,07,00
210385,1,403,0,0,8,64,00,00,00,40,E3,09,00
210395,1,201,0,0,5,32,00,3A,07,02
210405,1,401,0,0,8,09,9F,00,00,46,00,00,00
210405,1,203,0,0,8,30,05,80,D9,2B,00,00,00
210425,1,400,0,0,8,01,00,0C,00,00,00,00,00
210435,0,300,0,0,8,00,5A,64,5A,00,00,00,C8
210435,0,301,0,0,3,80,08,00
210435,1,206,0,0,8,00,00,00,00,00,00,00,00
210485,0,300,0,0,8,00,5A,64,5A,00,00,00,D9
210485,0,301,0,0,3,88,09,00
210495,1,201,0,0,5,32,00,60,04,02
210505,1,401,0,0,8,09,9F,00,00,46,00,00,00
210505,1,203,0,0,8,5F,05,80,9C,17,00,00,00
210525,1,204,0,0,8,00,00,00,00,00,00,00,00
210525,1,400,0,0,8,01,00,0C,00,00,00,00,00
210535,0,300,0,0,8,00,5A,64,5A,00,00,00,EA
210535,0,301,0,0,3,C6,0A,00
210535,1,206,0,0,8,00,00,00,00,00,00,00,00
210535,1,202,0,0,8,E2,13,00,00,AB,7C,05,00
210585,0,300,0,0,8,00,5A,64,5A,00,00,00,FB
210585,0,301,0,0,3,43,0B,00
210595,1,201,0,0,5,32,00,3E,03,02
210605,1,401,0,0,8,09,9F,00,00,46,00,00,00
210605,1,203,0,0,8,7A,05,30,0A,16,00,00,00
210625,1,400,0,0,8,01,00,0C,00,00,00,00,00
210635,0,300,0,0,8,00,5A,64,5A,00,00,00,8C
210635,0,301,0,0,3,B5,0C,00
210635,1,206,0,0,8,00,00,00,00,00,00,00,00
210685,0,300,0,0,8,00,5A,64,5A,00,00,00,9D
210685,0,301,0,0,3,4E,0D,00
210695,1,201,0,0,5,32,00,F4,01,02
210705,1,401,0,0,8,09,9F,00,00,46,00,00,00
210715,1,203,0,0,8,AB,05,20,A6,0C,00,00,00
210725,1,400,0,0,8,01,00,0C,00,00,00,00,00
210735,0,300,0,0,8,00,5A,64,5A,00,00,00,AE
210735,0,301,0,0,3,1D,0E,00
210735,1,206,0,0,8,00,00,00,00,00,00,00,00
210785,0,300,0,0,8,00,5A,64,5A,00,00,00,BF
210785,0,301,0,0,3,E8,0F,00
210795,1,201,0,0,5,32,00,84,03,02
210805,1,401,0,0,8,09,9F,00,00,46,00,00,00
210815,1,203,0,0,8,CA,05,40,6B,0C,00,00,00
210825,1,400,0,0,8,01,00,0C,00,00,00,00,00
210835,0,300,0,0,8,00,5A,64,5A,00,00,00,40
210835,0,301,0,0,3,E2,00,00
210835,1,206,0,0,8,00,00,00,00,00,00,00,00
210885,0,300,0,0,8,00,5A,64,5A,00,00,00,51
210885,0,301,0,0,3,B3,01,00
210885,1,402,0,0,8,58,00,00,00,2C,A4,08,00
210895,1,201,0,0,5,32,00,E0,06,02
210905,1,401,0,0,8,09,9F,00,00,46,00,00,00
210915,1,203,0,0,8,02,06,7C,0C,27,00,00,00
210925,1,400,0,0,8,01,00,0C,00,00,00,00,00
210935,0,300,0,0,8,00,5A,64,5A,00,00,00,62
210935,0,301,0,0,3,6B,02,00
210935,1,206,0,0,8,00,00,00,00,00,00,00,00
210985,0,300,0,0,8,00,5A,64,5A,00,00,00,73
210985,0,301,0,0,3,96,03,00
210995,1,201,0,0,5,32,00,86,06,02
211005,1,401,0,0,8,09,9F,00,00,46,00,00,00
211015,1,203,0,0,8,2B,06,38,9D,27,00,00,00
211025,1,400,0,0,8,01,00,0C,00,00,00,00,00
211035,0,300,0,0,8,00,5A,64,5A,00,00,00,04
211035,0,301,0,0,3,03,04,00
211035,1,206,0,0,8,00,00,00,00,00,00,00,00
211085,0,300,0,0,8,00,5A,64,5A,00,00,00,15
211085,0,301,0,0,3,54,05,00
211095,1,201,0,0,5,32,00,C4,04,02
211105,1,401,0,0,8,09,9F,00,00,46,00,00,00
211115,1,203,0,0,8,3A,06,98,A8,1A,00,00,00
211125,1,400,0,0,8,01,00,0C,00,00,00,00,00
211135,0,300,0,0,8,00,5A,64,5A,00,00,00,26
211135,0,301,0,0,3,F5,06,00
211135,1,206,0,0,8,00,00,00,00,00,00,00,00
211185,0,300,0,0,8,00,5A,64,5A,00,00,00,37
211185,0,301,0,0,3,B8,07,00
211195,1,201,0,0,5,32,00,B0,04,02
211205,1,401,0,0,8,09,9F,00,00,46,00,00,00
211215,1,203,0,0,8,5E,06,20,0C,1F,00,00,00
211225,1,400,0,0,8,01,00,0C,00,00,00,00,00
211235,0,300,0,0,8,00,5A,64,5A,00,00,00,C8
211235,0,301,0,0,3,80,08,00
211235,1,206,0,0,8,00,00,00,00,00,00,00,00
211285,0,300,0,0,8,00,5A,64,5A,00,00,00,D9
211285,0,301,0,0,3,88,09,00
211295,1,201,0,0,5,32,00,DA,02,02
211305,1,401,0,0,8,09,9F,00,00,46,00,00,00
211315,1,203,0,0,8,6D,06,08,52,18,00,00,00
211335,1,400,0,0,8,01,00,0C,00,00,00,00,00
211335,0,300,0,0,8,00,5A,64,5A,00,00,00,EA
211335,0,301,0,0,3,C6,0A,00
211335,1,206,0,0,8,00,00,00,00,00,00,00,00
211385,0,300,0,0,8,00,5A,64,5A,00,00,00,FB
211385,0,301,0,0,3,43,0B,00
211395,1,403,0,0,8,64,00,00,00,40,E3,09,00
211395,1,201,0,0,5,32,00,40,01,02
211415,1,401,0,0,8,09,9F,00,00,45,00,00,00
211415,1,203,0,0,8,8B,06,44,05,08,00,00,00
211435,1,400,0,0,8,01,00,0C,00,00,00,00,00
211435,0,300,0,0,8,00,5A,64,5A,00,00,00,8C
211435,0,301,0,0,3,B5,0C,00
211435,1,206,0,0,8,00,00,00,00,00,00,00,00
211485,0,300,0,0,8,00,5A,64,5A,00,00,00,9D
211485,0,301,0,0,3,4E,0D,00
211495,1,201,0,0,5,32,00,62,02,02
211515,1,203,0,0,8,A2,06,50,9C,0C,00,00,00
211515,1,401,0,0,8,09,9F,00,00,45,00,00,00
211525,1,204,0,0,8,00,00,00,00,00,00,00,00
211535,1,400,0,0,8,01,00,0C,00,00,00,00,00
211535,0,300,0,0,8,00,5A,64,5A,00,00,00,AE
211535,0,301,0,0,3,1D,0E,00
211535,1,206,0,0,8,00,00,00,00,00,00,00,00
211535,1,202,0,0,8,E2,12,00,00,AB,7C,05,00
211585,0,300,0,0,8,00,5A,64,5A,00,00,00,BF
211585,0,301,0,0,3,E8,0F,00
211595,1,201,0,0,5,32,00,E8,03,02
211615,1,203,0,0,8,C9,06,50,7D,19,00,00,00
211615,1,401,0,0,8,09,9F,00,00,45,00,00,00
211635,1,400,0,0,8,01,00,0C,00,00,00,00,00
211635,0,300,0,0,8,00,5A,64,5A,00,00,00,40
211635,0,301,0,0,3,E2,00,00
211635,1,206,0,0,8,00,00,00,00,00,00,00,00
211685,0,300,0,0,8,00,5A,64,5A,00,00,00,51
211685,0,301,0,0,3,B3,01,00
211695,1,201,0,0,5,AE,01,C4,04,02
211715,1,203,0,0,8,D0,06,54,4A,1E,00,00,00
211715,1,401,0,0,8,09,9F,00,00,46,00,00,00
211735,1,400,0,0,8,01,00,0C,00,00,00,00,00
211735,0,300,0,0,8,00,5A,64,5A,00,00,00,62
211735,0,301,0,0,3,6B,02,00
211735,1,206,0,0,8,00,00,00,00,00,00,00,00
211785,0,300,0,0,8,00,5A,64,5A,00,00,00,73
211785,0,301,0,0,3,96,03,00
211795,1,201,0,0,5,AE,01,38,04,02
211815,1,203,0,0,8,D8,06,08,AE,1F,00,00,00
211815,1,401,0,0,8,09,9F,00,00,46,00,00,00
211835,1,400,0,0,8,01,00,0C,00,00,00,00,00
211835,0,300,0,0,8,00,5A,64,5A,00,00,00,04
211835,0,301,0,0,3,03,04,00
211835,1,206,0,0,8,00,00,00,00,00,00,00,00
211885,0,300,0,0,8,00,5A,64,5A,00,00,00,15
211885,0,301,0,0,3,54,05,00
211895,1,402,0,0,8,58,00,00,00,2C,A4,08,00
211895,1,201,0,0,5,AE,01,3E,03,02
211915,1,203,0,0,8,E8,06,F4,9E,17,00,00,00
211915,1,401,0,0,8,09,9F,00,00,46,00,00,00
211935,1,400,0,0,8,01,00,0C,00,00,00,00,00
211935,0,300,0,0,8,00,5A,64,5A,00,00,00,26
211935,0,301,0,0,3,F5,06,00
211935,1,206,0,0,8,00,00,00,00,00,00,00,00
211985,0,300,0,0,8,00,5A,64,5A,00,00,00,37
211985,0,301,0,0,3,B8,07,00
211995,1,201,0,0,5,AE,01,86,01,02
212015,1,203,0,0,8,F4,06,48,57,12,00,00,00
212015,1,401,0,0,8,09,9F,00,00,46,00,00,00
212035,1,400,0,0,8,01,00,0C,00,00,00,00,00
212035,0,300,0,0,8,00,5A,64,5A,00,00,00,C8
212035,0,301,0,0,3,80,08,00
212035,1,206,0,0,8,00,00,00,00,00,00,00,00
212085,0,300,0,0,8,00,5A,64,5A,00,00,00,D9
212085,0,301,0,0,3,88,09,00
212095,1,201,0,0,5,AE,01,90,01,02
212115,1,203,0,0,8,19,07,C0,7F,0B,00,00,00
212115,1,401,0,0,8,09,9F,00,00,46,00,00,00
212135,1,400,0,0,8,01,00,0C,00,00,00,00,00
212135,0,300,0,0,8,00,5A,64,5A,00,00,00,EA
212135,0,301,0,0,3,C6,0A,00
212135,1,206,0,0,8,00,00,00,00,00,00,00,00
212185,0,300,0,0,8,00,5A,64,5A,00,00,00,FB
212185,0,301,0,0,3,43,0B,00
212195,1,201,0,0,5,AE,01,CE,04,02
212215,1,203,0,0,8,2E,07,10,B9,18,00,00,00
212215,1,401,0,0,8,0B,9F,00,00,47,00,00,00
212235,1,400,0,0,8,01,00,0C,00,00,00,00,00
212235,0,300,0,0,8,00,5A,64,5A,00,00,00,8C
212235,0,301,0,0,3,B5,0C,00
212235,1,206,0,0,8,00,00,00,00,00,00,00,00
212285,0,300,0,0,8,00,5A,64,5A,00,00,00,9D
212285,0,301,0,0,3,4E,0D,00
212295,1,201,0,0,5,AE,01,02,08,02
212315,1,203,0,0,8,62,07,6C,B5,3B,00,00,00
212315,1,401,0,0,8,0B,9F,00,00,47,00,00,00
212335,1,400,0,0,8,01,00,0C,00,00,00,00,00
212335,0,300,0,0,8,00,5A,64,5A,00,00,00,AE
212335,0,301,0,0,3,1D,0E,00
212335,1,206,0,0,8,00,00,00,00,00,00,00,00
212385,0,300,0,0,8,00,5A,64,5A,00,00,00,BF
212385,0,301,0,0,3,E8,0F,00
212395,1,403,0,0,8,64,00,00,00,40,E3,09,00
212395,1,201,0,0,5,AE,01,68,06,02
212415,1,203,0,0,8,75,07,70,78,35,00,00,00
212415,1,401,0,0,8,0B,9F,00,00,46,00,00,00
212435,1,400,0,0,8,01,00,0C,00,00,00,00,00
212435,0,300,0,0,8,00,5A,64,5A,00,00,00,40
212435,0,301,0,0,3,E2,00,00
212435,1,206,0,0,8,00,00,00,00,00,00,00,00
212485,0,300,0,0,8,00,5A,64,5A,00,00,00,51
212485,0,301,0,0,3,B3,01,00
212495,1,201,0,0,5,AE,01,AC,03,02
212515,1,203,0,0,8,93,07,80,95,1F,00,00,00
212515,1,401,0,0,8,0B,9F,00,00,46,00,00,00
212525,1,204,0,0,8,00,00,00,00,00,00,00,00
212535,1,400,0,0,8,01,00,0C,00,00,00,00,00
212535,0,300,0,0,8,00,5A,64,5A,00,00,00,62
212535,0,301,0,0,3,6B,02,00
212535,1,206,0,0,8,00,00,00,00,00,00,00,00
212535,1,202,0,0,8,E2,12,00,00,AD,7C,05,00
212545,1,666,0,0,8,52,08,05,00,52,95,36,02
212555,1,665,0,0,8,00,00,00,53,4C,18,53,00
212575,1,200,0,0,8,58,00,46,A4,08,00,01,00
212585,0,300,0,0,8,00,5A,64,5A,00,00,00,73
212585,0,301,0,0,3,96,03,00
212595,1,201,0,0,5,AE,01,4A,01,02
212615,1,203,0,0,8,A8,07,80,81,09,00,00,00
212615,1,401,0,0,8,0B,9F,00,00,46,00,00,00
212635,1,400,0,0,8,01,00,0C,00,00,00,00,00
212635,0,300,0,0,8,00,5A,64,5A,00,00,00,04
212635,0,301,0,0,3,03,04,00
212635,1,206,0,0,8,00,00,00,00,00,00,00,00
212685,0,300,0,0,8,00,5A,64,5A,00,00,00,15
212685,0,301,0,0,3,54,05,00
212695,1,201,0,0,5,AE,01,08,02,02
212715,1,203,0,0,8,BF,07,D8,8B,0E,00,00,00
212715,1,401,0,0,8,0B,9F,00,00,46,00,00,00
212735,1,400,0,0,8,01,00,0C,00,00,00,00,00
212735,0,300,0,0,8,00,5A,64,5A,00,00,00,26
212735,0,301,0,0,3,F5,06,00
212735,1,206,0,0,8,00,00,00,00,00,00,00,00
212785,0,300,0,0,8,00,5A,64,5A,00,00,00,37
212785,0,301,0,0,3,B8,07,00
212795,1,201,0,0,5,AE,01,0E,06,02
212815,1,203,0,0,8,EA,07,BC,03,31,00,00,00
212815,1,401,0,0,8,0B,9F,00,00,46,00,00,00
212835,1,400,0,0,8,01,00,0C,00,00,00,00,00
212835,0,300,0,0,8,00,5A,64,5A,00,00,00,C8
212835,0,301,0,0,3,80,08,00
212835,1,206,0,0,8,00,00,00,00,00,00,00,00
212885,0,300,0,0,8,00,5A,64,5A,00,00,00,D9
212885,0,301,0,0,3,88,09,00
212895,1,402,0,0,8,58,00,00,00,2C,A4,08,00
212895,1,201,0,0,5,AE,01,D2,05,02
212915,1,203,0,0,8,EF,07,28,2B,2E,00,00,00
212915,1,401,0,0,8,0B,9F,00,00,46,00,00,00
212935,1,400,0,0,8,01,00,0C,00,00,00,00,00
212935,0,300,0,0,8,00,5A,64,5A,00,00,00,EA
212935,0,301,0,0,3,C6,0A,00
212935,1,206,0,0,8,00,00,00,00,00,00,00,00
212985,0,300,0,0,8,00,5A,64,5A,00,00,00,FB
212985,0,301,0,0,3,43,0B,00
212995,1,201,0,0,5,AE,01,B0,04,02
213015,1,203,0,0,8,07,08,58,C5,26,00,00,00
213015,1,401,0,0,8,0B,9F,00,00,46,00,00,00
213035,1,400,0,0,8,01,00,0C,00,00,00,00,00
213035,0,300,0,0,8,00,5A,64,5A,00,00,00,8C
213035,0,301,0,0,3,B5,0C,00
213035,1,206,0,0,8,00,00,00,00,00,00,00,00
213085,0,300,0,0,8,00,5A,64,5A,00,00,00,9D
213085,0,301,0,0,3,4E,0D,00
213095,1,201,0,0,5,12,02,6C,02,02
213115,1,203,0,0,8,01,08,30,A0,1E,00,00,00
213115,1,401,0,0,8,0B,9F,00,00,46,00,00,00
213135,0,300,0,0,8,00,5A,64,5A,00,00,00,AE
213135,1,400,0,0,8,01,00,0C,00,00,00,00,00
213135,0,301,0,0,3,1D,0E,00
213135,1,206,0,0,8,00,00,00,00,00,00,00,00
213185,0,300,0,0,8,00,5A,64,5A,00,00,00,BF
213185,0,301,0,0,3,E8,0F,00
213195,1,201,0,0,5,12,02,A0,00,02
213215,1,203,0,0,8,F6,07,58,6D,04,00,00,00
213215,1,401,0,0,8,09,9F,00,00,46,00,00,00
213235,0,300,0,0,8,00,5A,64,5A,00,00,00,40
213235,0,301,0,0,3,E2,00,00
213235,1,400,0,0,8,01,00,0C,00,00,00,00,00
213235,1,206,0,0,8,00,00,00,00,00,00,00,00
213285,0,300,0,0,8,00,5A,64,5A,00,00,00,51
213285,0,301,0,0,3,B3,01,00
213295,1,201,0,0,5,12,02,C6,02,02
213315,1,203,0,0,8,06,08,E0,55,0E,00,00,00
213315,1,401,0,0,8,09,9F,00,00,46,00,00,00
213335,0,300,0,0,8,00,5A,64,5A,00,00,00,62
213335,0,301,0,0,3,6B,02,00
213335,1,206,0,0,8,00,00,00,00,00,00,00,00
213335,1,400,0,0,8,01,00,0C,00,00,00,00,00
213385,0,300,0,0,8,00,5A,64,5A,00,00,00,73
213385,0,301,0,0,3,96,03,00
213395,1,403,0,0,8,64,00,00,00,40,E3,09,00
213395,1,201,0,0,5,12,02,6E,05,02
213415,1,203,0,0,8,08,08,30,0D,29,00,00,00
213415,1,401,0,0,8,09,9F,00,00,45,00,00,00
213435,0,300,0,0,8,00,5A,64,5A,00,00,00,04
213435,0,301,0,0,3,03,04,00
213435,1,206,0,0,8,00,00,00,00,00,00,00,00
213435,1,400,0,0,8,01,00,0C,00,00,00,00,00
213485,0,300,0,0,8,00,5A,64,5A,00,00,00,15
213485,0,301,0,0,3,54,05,00
213495,1,201,0,0,5,12,02,FE,06,02
213515,1,203,0,0,8,05,08,88,F8,3A,00,00,00
213515,1,401,0,0,8,09,9F,00,00,45,00,00,00
213525,1,204,0,0,8,00,00,00,00,00,00,00,00
213535,0,300,0,0,8,00,5A,64,5A,00,00,00,26
213535,0,301,0,0,3,F5,06,00
213535,1,206,0,0,8,00,00,00,00,00,00,00,00
213535,1,202,0,0,8,E2,13,00,00,AF,7C,05,00
213535,1,400,0,0,8,01,00,0C,00,00,00,00,00
213585,0,300,0,0,8,00,5A,64,5A,00,00,00,37
213585,0,301,0,0,3,B8,07,00
213595,1,201,0,0,5,12,02,FA,05,02
213615,1,203,0,0,8,03,08,A0,6E,35,00,00,00
213615,1,401,0,0,8,09,9F,00,00,45,00,00,00
213635,0,300,0,0,8,00,5A,64,5A,00,00,00,C8
213635,0,301,0,0,3,80,08,00
213635,1,206,0,0,8,00,00,00,00,00,00,00,00
213635,1,400,0,0,8,01,00,0C,00,00,00,00,00
213685,0,300,0,0,8,00,5A,64,5A,00,00,00,D9
213685,0,301,0,0,3,88,09,00
213695,1,201,0,0,5,12,02,98,03,02
213715,1,203,0,0,8,FC,07,60,F9,1D,00,00,00
213715,1,401,0,0,8,0B,9F,00,00,46,00,00,00
213735,0,300,0,0,8,00,5A,64,5A,00,00,00,EA
213735,0,301,0,0,3,C6,0A,00
213735,1,206,0,0,8,00,00,00,00,00,00,00,00
213735,1,400,0,0,8,01,00,0C,00,00,00,00,00
213785,0,300,0,0,8,00,5A,64,5A,00,00,00,FB
213785,0,301,0,0,3,43,0B,00
213795,1,201,0,0,5,12,02,68,01,02
213815,1,203,0,0,8,ED,07,A8,CF,0F,00,00,00
213815,1,401,0,0,8,0B,9F,00,00,46,00,00,00
213835,0,300,0,0,8,00,5A,64,5A,00,00,00,8C
213835,0,301,0,0,3,B5,0C,00
213835,1,206,0,0,8,00,00,00,00,00,00,00,00
213835,1,400,0,0,8,01,00,0C,00,00,00,00,00
213885,0,300,0,0,8,00,5A,64,5A,00,00,00,9D
213885,0,301,0,0,3,4E,0D,00
213895,1,402,0,0,8,58,00,00,00,2C,A4,08,00
213895,1,201,0,0,5,12,02,DA,02,02
213915,1,203,0,0,8,F6,07,F4,8D,14,00,00,00
213915,1,401,0,0,8,09,9F,00,00,46,00,00,00
213935,0,300,0,0,8,00,5A,64,5A,00,00,00,AE
213935,0,301,0,0,3,1D,0E,00
213935,1,206,0,0,8,00,00,00,00,00,00,00,00
213935,1,400,0,0,8,01,00,0C,00,00,00,00,00
213985,0,300,0,0,8,00,5A,64,5A,00,00,00,BF
213985,0,301,0,0,3,E8,0F,00
213995,1,201,0,0,5,12,02,46,05,02
214015,1,203,0,0,8,01,08,20,CB,25,00,00,00
214015,1,401,0,0,8,09,9F,00,00,46,00,00,00
214035,0,300,0,0,8,00,5A,64,5A,00,00,00,40
214035,0,301,0,0,3,E2,00,00
214035,1,206,0,0,8,00,00,00,00,00,00,00,00
214035,1,400,0,0,8,01,00,0C,00,00,00,00,00
214085,0,300,0,0,8,00,5A,64,5A,00,00,00,51
214085,0,301,0,0,3,B3,01,00
214095,1,201,0,0,5,12,02,72,06,02
214115,1,203,0,0,8,F7,07,38,7E,34,00,00,00
214115,1,401,0,0,8,09,9F,00,00,46,00,00,00
214135,0,300,0,0,8,00,5A,64,5A,00,00,00,62
214135,0,301,0,0,3,6B,02,00
214135,1,206,0,0,8,00,00,00,00,00,00,00,00
214135,1,400,0,0,8,01,00,0C,00,00,00,00,00
214185,0,300,0,0,8,00,5A,64,5A,00,00,00,73
214185,0,301,0,0,3,96,03,00
214195,1,201,0,0,5,12,02,56,04,02
214215,1,203,0,0,8,EF,07,08,85,21,00,00,00
214215,1,401,0,0,8,07,9F,00,00,46,00,00,00
214235,0,300,0,0,8,00,5A,64,5A,00,00,00,04
214235,0,301,0,0,3,03,04,00
214235,1,206,0,0,8,00,00,00,00,00,00,00,00
214235,1,400,0,0,8,01,00,0C,00,00,00,00,00
214285,0,300,0,0,8,00,5A,64,5A,00,00,00,15
214285,0,301,0,0,3,54,05,00
214295,1,201,0,0,5,12,02,D0,02,02
214315,1,203,0,0,8,F2,07,64,59,18,00,00,00
214315,1,401,0,0,8,07,9F,00,00,46,00,00,00
214335,0,300,0,0,8,00,5A,64,5A,00,00,00,26
214335,0,301,0,0,3,F5,06,00
214335,1,206,0,0,8,00,00,00,00,00,00,00,00
214335,1,400,0,0,8,01,00,0C,00,00,00,00,00
214385,0,300,0,0,8,00,5A,64,5A,00,00,00,37
214385,0,301,0,0,3,B8,07,00
214395,1,403,0,0,8,64,00,00,00,40,E3,09,00
214395,1,201,0,0,5,12,02,E0,01,02
214415,1,203,0,0,8,F3,07,C0,2D,0F,00,00,00
214415,1,401,0,0,8,0B,9F,00,00,46,00,00,00
214435,0,300,0,0,8,00,5A,64,5A,00,00,00,C8
214435,0,301,0,0,3,80,08,00
214435,1,206,0,0,8,00,00,00,00,00,00,00,00
214435,1,400,0,0,8,01,00,0C,00,00,00,00,00
214485,0,300,0,0,8,00,5A,64,5A,00,00,00,D9
214485,0,301,0,0,3,88,09,00
214495,1,201,0,0,5,12,02,92,04,02
214515,1,203,0,0,8,03,08,B0,69,19,00,00,00
214515,1,401,0,0,8,0B,9F,00,00,46,00,00,00
214525,1,204,0,0,8,00,00,00,00,00,00,00,00
214535,0,300,0,0,8,00,5A,64,5A,00,00,00,EA
214535,0,301,0,0,3,C6,0A,00
214535,1,206,0,0,8,00,00,00,00,00,00,00,00
214535,1,202,0,0,8,E2,13,00,00,AF,7C,05,00
214535,1,400,0,0,8,01,00,0C,00,00,00,00,00
214585,0,300,0,0,8,00,5A,64,5A,00,00,00,FB
214585,0,301,0,0,3,43,0B,00
214595,1,201,0,0,5,12,02,82,05,02
214615,1,203,0,0,8,0D,08,48,F0,2D,00,00,00
214615,1,401,0,0,8,0B,9F,00,00,46,00,00,00
214635,0,300,0,0,8,00,5A,64,5A,00,00,00,8C
214635,0,301,0,0,3,B5,0C,00
214635,1,206,0,0,8,00,00,00,00,00,00,00,00
214635,1,400,0,0,8,01,00,0C,00,00,00,00,00
214685,0,300,0,0,8,00,5A,64,5A,00,00,00,9D
214685,0,301,0,0,3,4E,0D,00
214695,1,201,0,0,5,12,02,88,04,02
214715,1,203,0,0,8,0E,08,38,AE,2A,00,00,00
214715,1,401,0,0,8,09,9F,00,00,46,00,00,00
214735,0,300,0,0,8,00,5A,64,5A,00,00,00,AE
214735,0,301,0,0,3,1D,0E,00
214735,1,206,0,0,8,00,00,00,00,00,00,00,00
214735,1,400,0,0,8,01,00,0C,00,00,00,00,00
214785,0,300,0,0,8,00,5A,64,5A,00,00,00,BF
214785,0,301,0,0,3,E8,0F,00
214795,1,201,0,0,5,12,02,EE,02,02
214815,1,203,0,0,8,13,08,58,58,1C,00,00,00
214815,1,401,0,0,8,09,9F,00,00,46,00,00,00
214835,0,300,0,0,8,00,5A,64,5A,00,00,00,40
214835,0,301,0,0,3,E2,00,00
214835,1,206,0,0,8,00,00,00,00,00,00,00,00
214835,1,400,0,0,8,01,00,0C,00,00,00,00,00
214885,0,300,0,0,8,00,5A,64,5A,00,00,00,51
214885,0,301,0,0,3,B3,01,00
214895,1,402,0,0,8,58,00,00,00,2C,A4,08,00
214895,1,201,0,0,5,12,02,C2,01,02
214915,1,203,0,0,8,1C,08,58,EB,11,00,00,00
214915,1,401,0,0,8,0B,9F,00,00,46,00,00,00
214935,0,300,0,0,8,00,5A,64,5A,00,00,00,62
214935,0,301,0,0,3,6B,02,00
214935,1,206,0,0,8,00,00,00,00,00,00,00,00
214935,1,400,0,0,8,01,00,0C,00,00,00,00,00
214985,0,300,0,0,8,00,5A,64,5A,00,00,00,73
214985,0,301,0,0,3,96,03,00
214995,1,201,0,0,5,12,02,54,01,02
215015,1,203,0,0,8,32,08,00,6D,0A,00,00,00
215015,1,401,0,0,8,0B,9F,00,00,46,00,00,00
215035,0,300,0,0,8,00,5A,64,5A,00,00,00,04
215035,0,301,0,0,3,03,04,00
215035,1,206,0,0,8,00,00,00,00,00,00,00,00
215035,1,400,0,0,8,01,00,0C,00,00,00,00,00
215085,0,300,0,0,8,00,5A,64,5A,00,00,00,15
215085,0,301,0,0,3,54,05,00
215095,1,201,0,0,5,12,02,66,03,02
215115,1,203,0,0,8,4D,08,7C,D9,1D,00,00,00
215115,1,401,0,0,8,0B,9F,00,00,46,00,00,00
215135,0,300,0,0,8,00,5A,64,5A,00,00,00,26
215135,0,301,0,0,3,F5,06,00
215135,1,206,0,0,8,00,00,00,00,00,00,00,00
215135,1,400,0,0,8,01,00,0C,00,00,00,00,00
215185,0,300,0,0,8,00,5A,64,5A,00,00,00,37
215185,0,301,0,0,3,B8,07,00
215195,1,201,0,0,5,12,02,BA,04,02
215215,1,203,0,0,8,51,08,64,3A,25,00,00,00
215215,1,401,0,0,8,0B,9F,00,00,46,00,00,00
215235,0,300,0,0,8,00,5A,64,5A,00,00,00,C8
215235,0,301,0,0,3,80,08,00
215235,1,206,0,0,8,00,00,00,00,00,00,00,00
215235,1,400,0,0,8,01,00,0C,00,00,00,00,00
215285,0,404,0,0,2,4A,00
215285,1,405,0,0,8,4A,00,00,00,06,00,00,00
215285,0,300,0,0,8,00,5A,64,5A,00,00,00,D9
215285,0,301,0,0,3,88,09,00
215295,1,201,0,0,5,12,02,9C,04,02
215305,0,404,0,0,2,02,30
215305,1,405,0,0,7,02,30,00,00,00,00,00
215315,1,203,0,0,8,4D,08,68,93,27,00,00,00
215315,1,401,0,0,8,0B,9F,00,00,46,00,00,00
215335,0,300,0,0,8,00,5A,64,5A,00,00,00,EA
215335,0,301,0,0,3,C6,0A,00
215335,1,206,0,0,8,00,00,00,00,00,00,00,00
215335,0,404,0,0,2,44,00
215335,1,405,0,0,6,44,00,00,00,50,46
215335,1,400,0,0,8,01,00,0C,00,00,00,00,00
215365,0,404,0,0,2,01,00
215365,1,405,0,0,8,01,00,00,00,00,04,06,04
215385,0,300,0,0,8,00,5A,64,5A,00,00,00,FB
215385,0,301,0,0,3,43,0B,00
215395,0,404,0,0,2,A3,01
215395,1,403,0,0,8,64,00,00,00,40,E3,09,00
215405,1,201,0,0,5,12,02,80,02,02
215405,1,405,0,0,5,A3,01,00,00,06
215415,1,203,0,0,8,4C,08,10,DB,1E,00,00,00
215415,1,401,0,0,8,0B,9F,00,00,45,00,00,00
215435,0,300,0,0,8,00,5A,64,5A,00,00,00,8C
215435,0,301,0,0,3,B5,0C,00
215435,0,404,0,0,2,20,00
215435,1,206,0,0,8,00,00,00,00,00,00,00,00
215435,1,405,0,0,8,20,00,00,00,32,33,36,47
215435,1,400,0,0,8,01,00,0C,00,00,00,00,00
215465,0,404,0,0,2,21,00
215465,1,405,0,0,8,21,00,00,00,35,4C,41,31
215485,0,300,0,0,8,00,5A,64,5A,00,00,00,9D
215485,0,301,0,0,3,4E,0D,00
215495,0,404,0,0,2,22,00
215495,1,405,0,0,8,22,00,00,00,30,30,34,52
215495,1,201,0,0,5,12,02,90,01,02
215515,1,203,0,0,8,58,08,3C,C0,0D,00,00,00
215515,1,401,0,0,8,0B,9F,00,00,45,00,00,00
215525,1,204,0,0,8,00,00,00,00,00,00,00,00
215535,0,300,0,0,8,00,5A,64,5A,00,00,00,AE
215535,0,301,0,0,3,1D,0E,00
215535,1,206,0,0,8,00,00,00,00,00,00,00,00
215535,1,202,0,0,8,E2,13,00,00,B1,7C,05,00
215545,1,400,0,0,8,01,00,0C,00,00,00,00,00
215545,1,666,0,0,8,52,08,05,00,52,95,36,02
215555,0,404,0,0,2,23,00
215555,1,405,0,0,8,23,00,00,00,4D,30,30,30
215555,1,665,0,0,8,00,00,00,53,4C,18,53,00
215575,1,200,0,0,8,58,00,43,A4,08,00,02,00
215585,0,300,0,0,8,00,5A,64,5A,00,00,00,BF
215585,0,301,0,0,3,E8,0F,00
215595,0,404,0,0,2,24,00
215595,1,405,0,0,8,24,00,00,00,30,30,30,30
215595,1,201,0,0,5,12,02,B2,02,02
215615,1,203,0,0,8,66,08,CC,68,0C,00,00,00
215615,0,404,0,0,2,25,00
215615,1,405,0,0,8,25,00,00,00,30,30,30,30
215625,1,401,0,0,8,0B,9F,00,00,45,00,00,00
215635,0,300,0,0,8,00,5A,64,5A,00,00,00,40
215635,0,301,0,0,3,E2,00,00
215635,1,206,0,0,8,00,00,00,00,00,00,00,00
215645,1,400,0,0,8,01,00,0C,00,00,00,00,00
215645,0,404,0,0,2,26,00
215645,1,405,0,0,8,26,00,00,00,30,30,30,30
215685,0,404,0,0,2,27,00
215685,1,405,0,0,6,27,00,00,00,30,30
215685,0,300,0,0,8,00,5A,64,5A,00,00,00,51
215685,0,301,0,0,3,B3,01,00
215695,1,201,0,0,5,12,02,2E,04,02
215715,0,404,0,0,2,4C,00
215715,1,203,0,0,8,7A,08,60,F2,25,00,00,00
215715,1,405,0,0,8,4C,00,00,00,01,24,00,00
215725,1,401,0,0,8,09,9F,00,00,46,00,00,00
215735,0,300,0,0,8,00,5A,64,5A,00,00,00,62
215735,0,301,0,0,3,6B,02,00
215735,1,206,0,0,8,00,00,00,00,00,00,00,00
215745,1,400,0,0,8,01,00,0C,00,00,00,00,00
215745,0,404,0,0,2,46,00
215745,1,405,0,0,5,46,00,00,00,00
215785,0,300,0,0,8,00,5A,64,5A,00,00,00,73
215785,0,301,0,0,3,96,03,00
215795,1,201,0,0,5,12,02,0C,03,02
215805,0,404,0,0,2,4D,00
215805,1,405,0,0,8,4D,00,00,00,00,00,00,00
215815,1,203,0,0,8,6A,08,08,29,1A,00,00,00
215825,1,401,0,0,8,09,9F,00,00,46,00,00,00
215835,0,300,0,0,8,00,5A,64,5A,00,00,00,04
215835,0,301,0,0,3,03,04,00
215835,1,206,0,0,8,00,00,00,00,00,00,00,00
215835,0,404,0,0,2,50,00
215835,1,405,0,0,8,50,00,00,00,7F,00,7E,00
215845,1,400,0,0,8,01,00,0C,00,00,00,00,00
215865,0,404,0,0,2,02,00
215865,1,405,0,0,8,02,00,00,00,53,49,43,54
215885,0,300,0,0,8,00,5A,64,5A,00,00,00,15
215885,0,301,0,0,3,54,05,00
215895,1,201,0,0,5,12,02,D0,02,02
215905,1,402,0,0,8,58,00,00,00,2C,A4,08,00
215905,0,404,0,0,2,0A,00
215905,1,405,0,0,8,0A,00,00,00,30,3A,00,00
215915,1,203,0,0,8,68,08,50,7D,19,00,00,00
215925,1,401,0,0,8,09,9F,00,00,46,00,00,00
215935,0,404,0,0,2,04,00
215935,1,405,0,0,7,04,00,00,00,16,09,02
215935,0,300,0,0,8,00,5A,64,5A,00,00,00,26
215935,0,301,0,0,3,F5,06,00
215935,1,206,0,0,8,00,00,00,00,00,00,00,00
215945,1,400,0,0,8,01,00,0C,00,00,00,00,00
215965,0,404,0,0,2,B0,01
215965,1,405,0,0,6,B0,01,00,00,00,00
215985,0,300,0,0,8,00,5A,64,5A,00,00,00,37
215985,0,301,0,0,3,B8,07,00
215995,0,404,0,0,2,B1,01
215995,1,405,0,0,6,B1,01,00,00,00,00
216005,1,201,0,0,5,30,02,26,02,02
216015,1,203,0,0,8,68,08,44,72,12,00,00,00
216025,1,401,0,0,8,09,9F,00,00,46,00,00,00
216035,0,300,0,0,8,00,5A,64,5A,00,00,00,C8
216035,0,301,0,0,3,80,08,00
216035,1,206,0,0,8,00,00,00,00,00,00,00,00
216045,1,400,0,0,8,01,00,0C,00,00,00,00,00
216085,0,300,0,0,8,00,5A,64,5A,00,00,00,D9
216085,0,301,0,0,3,88,09,00
216105,1,201,0,0,5,30,02,4A,01,02
216115,1,203,0,0,8,65,08,CC,68,0C,00,00,00
216125,1,401,0,0,8,09,9F,00,00,46,00,00,00
216135,0,300,0,0,8,00,5A,64,5A,00,00,00,EA
216135,0,301,0,0,3,C6,0A,00
216135,1,206,0,0,8,00,00,00,00,00,00,00,00
216145,1,400,0,0,8,01,00,0C,00,00,00,00,00
216185,0,300,0,0,8,00,5A,64,5A,00,00,00,FB
216185,0,301,0,0,3,43,0B,00
216205,1,201,0,0,5,30,02,3E,03,02
216215,1,203,0,0,8,61,08,08,29,1A,00,00,00
216225,1,401,0,0,8,09,9F,00,00,46,00,00,00
216235,0,300,0,0,8,00,5A,64,5A,00,00,00,8C
216235,0,301,0,0,3,B5,0C,00
216235,1,206,0,0,8,00,00,00,00,00,00,00,00
216245,1,400,0,0,8,01,00,0C,00,00,00,00,00
216285,0,300,0,0,8,00,5A,64,5A,00,00,00,9D
216285,0,301,0,0,3,4E,0D,00
216305,1,201,0,0,5,30,02,6E,05,02
216315,1,203,0,0,8,60,08,18,8D,23,00,00,00
216325,1,401,0,0,8,09,9F,00,00,46,00,00,00
216335,0,300,0,0,8,00,5A,64,5A,00,00,00,AE
216335,0,301,0,0,3,1D,0E,00
216335,1,206,0,0,8,00,00,00,00,00,00,00,00
216345,1,400,0,0,8,01,00,0C,00,00,00,00,00
216385,0,300,0,0,8,00,5A,64,5A,00,00,00,BF
216385,0,301,0,0,3,E8,0F,00
216405,1,201,0,0,5,30,02,D6,06,02
216405,1,403,0,0,8,64,00,00,00,40,E3,09,00
216415,1,203,0,0,8,67,08,B0,5E,3C,00,00,00
216425,1,401,0,0,8,0B,9F,00,00,47,00,00,00
216435,0,300,0,0,8,00,5A,64,5A,00,00,00,40
216435,0,301,0,0,3,E2,00,00
216435,1,206,0,0,8,00,00,00,00,00,00,00,00
216445,1,400,0,0,8,01,00,0C,00,00,00,00,00
216485,0,300,0,0,8,00,5A,64,5A,00,00,00,51
216485,0,301,0,0,3,B3,01,00
216505,1,201,0,0,5,30,02,EC,04,02
216515,1,203,0,0,8,69,08,38,55,36,00,00,00
216525,1,401,0,0,8,0B,9F,00,00,47,00,00,00
216525,1,204,0,0,8,00,00,00,00,00,00,00,00
216535,0,300,0,0,8,00,5A,64,5A,00,00,00,62
216535,0,301,0,0,3,6B,02,00
216535,1,206,0,0,8,00,00,00,00,00,00,00,00
216535,1,202,0,0,8,E2,12,00,00,B4,7C,05,00
216545,1,400,0,0,8,01,00,0C,00,00,00,00,00
216585,0,300,0,0,8,00,5A,64,5A,00,00,00,73
216585,0,301,0,0,3,96,03,00
216605,1,201,0,0,5,30,02,AE,01,02
216615,1,203,0,0,8,5F,08,FC,1D,13,00,00,00
216625,1,401,0,0,8,0B,9F,00,00,47,00,00,00
216635,0,300,0,0,8,00,5A,64,5A,00,00,00,04
216635,0,301,0,0,3,03,04,00
216635,1,206,0,0,8,00,00,00,00,00,00,00,00
216645,1,400,0,0,8,01,00,0C,00,00,00,00,00
216685,0,300,0,0,8,00,5A,64,5A,00,00,00,15
216685,0,301,0,0,3,54,05,00
216705,1,201,0,0,5,30,02,B2,02,02
216715,1,203,0,0,8,6E,08,50,7D,19,00,00,00
216725,1,401,0,0,8,09,9F,00,00,46,00,00,00
216735,0,300,0,0,8,00,5A,64,5A,00,00,00,26
216735,0,301,0,0,3,F5,06,00
216735,1,206,0,0,8,00,00,00,00,00,00,00,00
216745,1,400,0,0,8,01,00,0C,00,00,00,00,00
216785,0,300,0,0,8,00,5A,64,5A,00,00,00,37
216785,0,301,0,0,3,B8,07,00
216805,1,201,0,0,5,30,02,5A,05,02
216815,1,203,0,0,8,6E,08,48,42,2A,00,00,00
216825,1,401,0,0,8,09,9F,00,00,46,00,00,00
216835,0,300,0,0,8,00,5A,64,5A,00,00,00,C8
216835,0,301,0,0,3,80,08,00
216835,1,206,0,0,8,00,00,00,00,00,00,00,00
216845,1,400,0,0,8,01,00,0C,00,00,00,00,00
216885,0,300,0,0,8,00,5A,64,5A,00,00,00,D9
216885,0,301,0,0,3,88,09,00
216905,1,201,0,0,5,30,02,B0,04,02
216905,1,402,0,0,8,58,00,00,00,2C,A4,08,00
216915,1,203,0,0,8,63,08,20,3F,28,00,00,00
216925,1,401,0,0,8,09,9F,00,00,45,00,00,00
216935,0,300,0,0,8,00,5A,64,5A,00,00,00,EA
216935,0,301,0,0,3,C6,0A,00
216935,1,206,0,0,8,00,00,00,00,00,00,00,00
216945,1,400,0,0,8,01,00,0C,00,00,00,00,00
216985,0,300,0,0,8,00,5A,64,5A,00,00,00,FB
216985,0,301,0,0,3,43,0B,00
217005,1,201,0,0,5,30,02,00,05,02
217015,1,203,0,0,8,67,08,B8,99,2B,00,00,00
217025,1,401,0,0,8,09,9F,00,00,45,00,00,00
217035,0,300,0,0,8,00,5A,64,5A,00,00,00,8C
217035,0,301,0,0,3,B5,0C,00
217035,1,206,0,0,8,00,00,00,00,00,00,00,00
217045,1,400,0,0,8,01,00,0C,00,00,00,00,00
217085,0,300,0,0,8,00,5A,64,5A,00,00,00,9D
217085,0,301,0,0,3,4E,0D,00
217105,1,201,0,0,5,30,02,CA,03,02
217115,1,203,0,0,8,68,08,A8,35,22,00,00,00
217125,1,401,0,0,8,09,9F,00,00,45,00,00,00
217135,0,300,0,0,8,00,5A,64,5A,00,00,00,AE
217135,0,301,0,0,3,1D,0E,00
217135,1,206,0,0,8,00,00,00,00,00,00,00,00
217145,1,400,0,0,8,01,00,0C,00,00,00,00,00
217185,0,300,0,0,8,00,5A,64,5A,00,00,00,BF
217185,0,301,0,0,3,E8,0F,00
217205,1,201,0,0,5,30,02,FE,01,02
217215,1,203,0,0,8,5E,08,B8,22,16,00,00,00
217225,1,401,0,0,8,09,9F,00,00,45,00,00,00
217235,0,300,0,0,8,00,5A,64,5A,00,00,00,40
217235,0,301,0,0,3,E2,00,00
217235,1,206,0,0,8,00,00,00,00,00,00,00,00
217245,1,400,0,0,8,01,00,0C,00,00,00,00,00
217285,0,300,0,0,8,00,5A,64,5A,00,00,00,51
217285,0,301,0,0,3,B3,01,00
217305,1,201,0,0,5,30,02,C0,03,02
217315,1,203,0,0,8,65,08,C4,2D,1D,00,00,00
217325,1,401,0,0,8,09,9F,00,00,45,00,00,00
217335,0,300,0,0,8,00,5A,64,5A,00,00,00,62
217335,0,301,0,0,3,6B,02,00
217335,1,206,0,0,8,00,00,00,00,00,00,00,00
217345,1,400,0,0,8,01,00,0C,00,00,00,00,00
217385,0,300,0,0,8,00,5A,64,5A,00,00,00,73
217385,0,301,0,0,3,96,03,00
217405,1,201,0,0,5,30,02,82,05,02
217405,1,403,0,0,8,64,00,00,00,40,E3,09,00
217415,1,203,0,0,8,65,08,50,F4,2E,00,00,00
217425,1,401,0,0,8,09,9F,00,00,45,00,00,00
217435,0,300,0,0,8,00,5A,64,5A,00,00,00,04
217435,0,301,0,0,3,03,04,00
217435,1,206,0,0,8,00,00,00,00,00,00,00,00
217445,1,400,0,0,8,01,00,0C,00,00,00,00,00
217485,0,300,0,0,8,00,5A,64,5A,00,00,00,15
217485,0,301,0,0,3,54,05,00
217505,1,201,0,0,5,30,02,64,05,02
217515,1,203,0,0,8,67,08,E4,F5,2F,00,00,00
217525,1,204,0,0,8,00,00,00,00,00,00,00,00
217525,1,401,0,0,8,09,9F,00,00,45,00,00,00
217535,0,300,0,0,8,00,5A,64,5A,00,00,00,26
217535,0,301,0,0,3,F5,06,00
217535,1,206,0,0,8,00,00,00,00,00,00,00,00
217535,1,202,0,0,8,E2,12,00,00,B6,7C,05,00
217545,1,400,0,0,8,01,00,0C,00,00,00,00,00
217585,0,300,0,0,8,00,5A,64,5A,00,00,00,37
217585,0,301,0,0,3,B8,07,00
217605,1,201,0,0,5,30,02,06,04,02
217615,1,203,0,0,8,6C,08,84,8B,22,00,00,00
217625,1,401,0,0,8,09,9F,00,00,46,00,00,00
217635,0,300,0,0,8,00,5A,64,5A,00,00,00,C8
217635,0,301,0,0,3,80,08,00
217635,1,206,0,0,8,00,00,00,00,00,00,00,00
217645,1,400,0,0,8,01,00,0C,00,00,00,00,00
217685,0,300,0,0,8,00,5A,64,5A,00,00,00,D9
217685,0,301,0,0,3,88,09,00
217705,1,201,0,0,5,30,02,44,02,02
217715,1,203,0,0,8,6C,08,74,27,19,00,00,00
217725,1,401,0,0,8,09,9F,00,00,46,00,00,00
217735,0,300,0,0,8,00,5A,64,5A,00,00,00,EA
217735,0,301,0,0,3,C6,0A,00
217735,1,206,0,0,8,00,00,00,00,00,00,00,00
217745,1,400,0,0,8,01,00,0C,00,00,00,00,00
217785,0,300,0,0,8,00,5A,64,5A,00,00,00,FB
217785,0,301,0,0,3,43,0B,00
217805,1,201,0,0,5,30,02,34,03,02
217815,1,203,0,0,8,70,08,70,DF,19,00,00,00
217825,1,401,0,0,8,09,9F,00,00,46,00,00,00
217835,0,300,0,0,8,00,5A,64,5A,00,00,00,8C
217835,0,301,0,0,3,B5,0C,00
217835,1,206,0,0,8,00,00,00,00,00,00,00,00
217845,1,400,0,0,8,01,00,0C,00,00,00,00,00
217885,0,300,0,0,8,00,5A,64,5A,00,00,00,9D
217885,0,301,0,0,3,4E,0D,00
217905,1,201,0,0,5,30,02,C8,05,02
217905,1,402,0,0,8,58,00,00,00,2C,A4,08,00
217915,1,203,0,0,8,72,08,10,1F,2B,00,00,00
217925,1,401,0,0,8,09,9F,00,00,46,00,00,00
217935,0,300,0,0,8,00,5A,64,5A,00,00,00,AE
217935,0,301,0,0,3,1D,0E,00
217935,1,206,0,0,8,00,00,00,00,00,00,00,00
217945,1,400,0,0,8,01,00,0C,00,00,00,00,00
217985,0,300,0,0,8,00,5A,64,5A,00,00,00,BF
217985,0,301,0,0,3,E8,0F,00
218005,1,201,0,0,5,30,02,A0,05,02
218015,1,203,0,0,8,62,08,7C,50,33,00,00,00
218025,1,401,0,0,8,09,9F,00,00,46,00,00,00
218035,0,300,0,0,8,00,5A,64,5A,00,00,00,40
218035,0,301,0,0,3,E2,00,00
218035,1,206,0,0,8,00,00,00,00,00,00,00,00
218045,1,400,0,0,8,01,00,0C,00,00,00,00,00
218085,0,300,0,0,8,00,5A,64,5A,00,00,00,51
218085,0,301,0,0,3,B3,01,00
218105,1,201,0,0,5,30,02,46,05,02
218115,1,203,0,0,8,57,08,24,98,2A,00,00,00
218125,1,401,0,0,8,09,9F,00,00,45,00,00,00
218135,0,300,0,0,8,00,5A,64,5A,00,00,00,62
218135,0,301,0,0,3,6B,02,00
218135,1,206,0,0,8,00,00,00,00,00,00,00,00
218145,1,400,0,0,8,01,00,0C,00,00,00,00,00
218185,0,300,0,0,8,00,5A,64,5A,00,00,00,73
218185,0,301,0,0,3,96,03,00
218205,1,201,0,0,5,30,02,E2,04,02
218215,1,203,0,0,8,5C,08,74,9E,2E,00,00,00
218225,1,401,0,0,8,09,9F,00,00,45,00,00,00
218235,0,300,0,0,8,00,5A,64,5A,00,00,00,04
218235,0,301,0,0,3,03,04,00
218235,1,206,0,0,8,00,00,00,00,00,00,00,00
218245,1,400,0,0,8,01,00,0C,00,00,00,00,00
218285,0,300,0,0,8,00,5A,64,5A,00,00,00,15
218285,0,301,0,0,3,54,05,00
218305,1,201,0,0,5,30,02,58,02,02
218315,1,203,0,0,8,5B,08,D8,73,13,00,00,00
218325,1,401,0,0,8,09,9F,00,00,45,00,00,00
218335,0,300,0,0,8,00,5A,64,5A,00,00,00,26
218335,0,301,0,0,3,F5,06,00
218335,1,206,0,0,8,00,00,00,00,00,00,00,00
218345,1,400,0,0,8,01,00,0C,00,00,00,00,00
218385,0,300,0,0,8,00,5A,64,5A,00,00,00,37
218385,0,301,0,0,3,B8,07,00
218405,1,201,0,0,5,30,02,C0,03,02
218405,1,403,0,0,8,64,00,00,00,40,E3,09,00
218415,1,203,0,0,8,5C,08,74,27,19,00,00,00
218425,1,401,0,0,8,09,9F,00,00,46,00,00,00
218435,0,300,0,0,8,00,5A,64,5A,00,00,00,C8
218435,0,301,0,0,3,80,08,00
218435,1,206,0,0,8,00,00,00,00,00,00,00,00
218445,1,400,0,0,8,01,00,0C,00,00,00,00,00
218485,0,300,0,0,8,00,5A,64,5A,00,00,00,D9
218485,0,301,0,0,3,88,09,00
218505,1,201,0,0,5,30,02,22,06,02
218515,1,203,0,0,8,59,08,EC,A7,34,00,00,00
218525,1,204,0,0,8,00,00,00,00,00,00,00,00
218525,1,401,0,0,8,09,9F,00,00,46,00,00,00
218535,0,300,0,0,8,00,5A,64,5A,00,00,00,EA
218535,0,301,0,0,3,C6,0A,00
218535,1,206,0,0,8,00,00,00,00,00,00,00,00
218535,1,202,0,0,8,E2,13,00,00,B6,7C,05,00
218545,1,400,0,0,8,01,00,0C,00,00,00,00,00
218545,1,666,0,0,8,52,08,05,00,52,95,36,02
218565,1,665,0,0,8,00,00,00,53,4C,18,53,00
218575,1,200,0,0,8,58,00,40,A4,08,00,00,00
218585,0,300,0,0,8,00,5A,64,5A,00,00,00,FB
218585,0,301,0,0,3,43,0B,00
218605,1,201,0,0,5,30,02,C8,05,02
218615,1,203,0,0,8,50,08,34,FC,33,00,00,00
218625,1,401,0,0,8,09,9F,00,00,46,00,00,00
218635,0,300,0,0,8,00,5A,64,5A,00,00,00,8C
218635,0,301,0,0,3,B5,0C,00
218635,1,206,0,0,8,00,00,00,00,00,00,00,00
218645,1,400,0,0,8,01,00,0C,00,00,00,00,00
218685,0,300,0,0,8,00,5A,64,5A,00,00,00,9D
218685,0,301,0,0,3,4E,0D,00
218705,1,201,0,0,5,26,02,BA,04,02
218715,1,203,0,0,8,47,08,6C,EC,29,00,00,00
218725,1,401,0,0,8,09,9F,00,00,46,00,00,00
218735,0,300,0,0,8,00,5A,64,5A,00,00,00,AE
218735,0,301,0,0,3,1D,0E,00
218735,1,206,0,0,8,00,00,00,00,00,00,00,00
218745,1,400,0,0,8,01,00,0C,00,00,00,00,00
218785,0,300,0,0,8,00,5A,64,5A,00,00,00,BF
218785,0,301,0,0,3,E8,0F,00
218805,1,201,0,0,5,26,02,20,03,02
218815,1,203,0,0,8,41,08,10,DB,1E,00,00,00
218825,1,401,0,0,8,09,9F,00,00,46,00,00,00
218835,0,300,0,0,8,00,5A,64,5A,00,00,00,40
218835,0,301,0,0,3,E2,00,00
218835,1,206,0,0,8,00,00,00,00,00,00,00,00
218845,1,400,0,0,8,01,00,0C,00,00,00,00,00
218885,0,300,0,0,8,00,5A,64,5A,00,00,00,51
218885,0,301,0,0,3,B3,01,00
218905,1,201,0,0,5,26,02,6C,02,02
218905,1,402,0,0,8,58,00,00,00,2C,A4,08,00
218915,1,203,0,0,8,2F,08,90,E5,12,00,00,00
218925,1,401,0,0,8,0B,9F,00,00,46,00,00,00
218935,0,300,0,0,8,00,5A,64,5A,00,00,00,62
218935,0,301,0,0,3,6B,02,00
218935,1,206,0,0,8,00,00,00,00,00,00,00,00
218945,1,400,0,0,8,01,00,0C,00,00,00,00,00
218985,0,300,0,0,8,00,5A,64,5A,00,00,00,73
218985,0,301,0,0,3,96,03,00
219005,1,201,0,0,5,26,02,5A,05,02
219015,1,203,0,0,8,3C,08,58,A6,33,00,00,00
219025,1,401,0,0,8,0B,9F,00,00,46,00,00,00
219035,0,300,0,0,8,00,5A,64,5A,00,00,00,04
219035,0,301,0,0,3,03,04,00
219035,1,206,0,0,8,00,00,00,00,00,00,00,00
219045,1,400,0,0,8,01,00,0C,00,00,00,00,00
219085,0,300,0,0,8,00,5A,64,5A,00,00,00,15
219085,0,301,0,0,3,54,05,00
219105,1,201,0,0,5,26,02,F4,06,02
219115,1,203,0,0,8,36,08,48,B9,3F,00,00,00
219125,1,401,0,0,8,0B,9F,00,00,46,00,00,00
219135,0,300,0,0,8,00,5A,64,5A,00,00,00,26
219135,0,301,0,0,3,F5,06,00
219135,1,206,0,0,8,00,00,00,00,00,00,00,00
219145,1,400,0,0,8,01,00,0C,00,00,00,00,00
219185,0,300,0,0,8,00,5A,64,5A,00,00,00,37
219185,0,301,0,0,3,B8,07,00
219205,1,201,0,0,5,26,02,72,06,02
219215,1,203,0,0,8,3A,08,CC,56,37,00,00,00
219225,1,401,0,0,8,09,9F,00,00,46,00,00,00
219235,0,300,0,0,8,00,5A,64,5A,00,00,00,C8
219235,0,301,0,0,3,80,08,00
219235,1,206,0,0,8,00,00,00,00,00,00,00,00
219245,1,400,0,0,8,01,00,0C,00,00,00,00,00
219285,0,300,0,0,8,00,5A,64,5A,00,00,00,D9
219285,0,301,0,0,3,88,09,00
219305,1,201,0,0,5,26,02,88,04,02
219315,1,203,0,0,8,45,08,98,48,2E,00,00,00
219325,1,401,0,0,8,09,9F,00,00,46,00,00,00
219335,0,300,0,0,8,00,5A,64,5A,00,00,00,EA
219335,0,301,0,0,3,C6,0A,00
219335,1,206,0,0,8,00,00,00,00,00,00,00,00
219345,1,400,0,0,8,01,00,0C,00,00,00,00,00
219385,0,300,0,0,8,00,5A,64,5A,00,00,00,FB
219385,0,301,0,0,3,43,0B,00
219405,1,201,0,0,5,26,02,12,02,02
219405,1,403,0,0,8,64,00,00,00,40,E3,09,00
219415,1,203,0,0,8,5B,08,FC,1D,13,00,00,00
219425,1,401,0,0,8,07,9F,00,00,46,00,00,00
219435,0,300,0,0,8,00,5A,64,5A,00,00,00,8C
219435,0,301,0,0,3,B5,0C,00
219435,1,206,0,0,8,00,00,00,00,00,00,00,00
219445,1,400,0,0,8,01,00,0C,00,00,00,00,00
219485,0,300,0,0,8,00,5A,64,5A,00,00,00,9D
219485,0,301,0,0,3,4E,0D,00
219505,1,201,0,0,5,26,02,44,02,02
219515,1,203,0,0,8,6B,08,3C,C0,0D,00,00,00
219525,1,204,0,0,8,00,00,00,00,00,00,00,00
219525,1,401,0,0,8,07,9F,00,00,46,00,00,00
219535,0,300,0,0,8,00,5A,64,5A,00,00,00,AE
219535,0,301,0,0,3,1D,0E,00
219535,1,206,0,0,8,00,00,00,00,00,00,00,00
219535,1,202,0,0,8,E2,13,00,00,B8,7C,05,00
219545,1,400,0,0,8,01,00,0C,00,00,00,00,00
219585,0,300,0,0,8,00,5A,64,5A,00,00,00,BF
219585,0,301,0,0,3,E8,0F,00
219605,1,201,0,0,5,26,02,E6,05,02
219615,1,203,0,0,8,7D,08,70,F3,2F,00,00,00
219625,1,401,0,0,8,07,9F,00,00,46,00,00,00
219635,0,300,0,0,8,00,5A,64,5A,00,00,00,40
219635,0,301,0,0,3,E2,00,00
219635,1,206,0,0,8,00,00,00,00,00,00,00,00
219655,1,400,0,0,8,01,00,0C,00,00,00,00,00
219685,0,300,0,0,8,00,5A,64,5A,00,00,00,51
219685,0,301,0,0,3,B3,01,00
219705,1,201,0,0,5,26,02,7C,06,02
219715,1,203,0,0,8,83,08,70,FD,3A,00,00,00
219735,1,401,0,0,8,0B,9F,00,00,46,00,00,00
219735,0,300,0,0,8,00,5A,64,5A,00,00,00,62
219735,0,301,0,0,3,6B,02,00
219735,1,206,0,0,8,00,00,00,00,00,00,00,00
219755,1,400,0,0,8,01,00,0C,00,00,00,00,00
219785,0,300,0,0,8,00,5A,64,5A,00,00,00,73
219785,0,301,0,0,3,96,03,00
219805,1,201,0,0,5,26,02,9A,06,02
219815,1,203,0,0,8,93,08,90,70,3E,00,00,00
219835,1,401,0,0,8,0B,9F,00,00,46,00,00,00
219835,0,300,0,0,8,00,5A,64,5A,00,00,00,04
219835,0,301,0,0,3,03,04,00
219835,1,206,0,0,8,00,00,00,00,00,00,00,00
219855,1,400,0,0,8,01,00,0C,00,00,00,00,00
219885,0,300,0,0,8,00,5A,64,5A,00,00,00,15
219885,0,301,0,0,3,54,05,00
219905,1,201,0,0,5,26,02,F8,02,02
219915,1,402,0,0,8,58,00,00,00,2C,A4,08,00
219915,1,203,0,0,8,8B,08,20,87,19,00,00,00
219935,1,401,0,0,8,09,9F,00,00,46,00,00,00
219935,0,300,0,0,8,00,5A,64,5A,00,00,00,26
219935,0,301,0,0,3,F5,06,00
219935,1,206,0,0,8,00,00,00,00,00,00,00,00
219955,1,400,0,0,8,01,00,0C,00,00,00,00,00
219985,0,300,0,0,8,00,5A,64,5A,00,00,00,37
219985,0,301,0,0,3,B8,07,00
220005,1,201,0,0,5,26,02,44,02,02
220015,1,203,0,0,8,85,08,D0,A9,13,00,00,00
220035,1,401,0,0,8,09,9F,00,00,46,00,00,00
220035,0,300,0,0,8,00,5A,64,5A,00,00,00,C8
220035,0,301,0,0,3,80,08,00
220035,1,206,0,0,8,00,00,00,00,00,00,00,00
220055,1,400,0,0,8,01,00,0C,00,00,00,00,00
220085,0,300,0,0,8,00,5A,64,5A,00,00,00,D9
220085,0,301,0,0,3,88,09,00
220105,1,201,0,0,5,3A,02,96,05,02
220115,1,203,0,0,8,8F,08,B0,54,31,00,00,00
220135,1,401,0,0,8,09,9F,00,00,45,00,00,00
220135,0,300,0,0,8,00,5A,64,5A,00,00,00,EA
220135,0,301,0,0,3,C6,0A,00
220135,1,206,0,0,8,00,00,00,00,00,00,00,00
220155,1,400,0,0,8,01,00,0C,00,00,00,00,00
220185,0,300,0,0,8,00,5A,64,5A,00,00,00,FB
220185,0,301,0,0,3,43,0B,00
220205,1,201,0,0,5,3A,02,C2,06,02
220215,1,203,0,0,8,B4,07,80,F4,39,00,00,00
220235,1,401,0,0,8,09,9F,00,00,45,00,00,00
220235,0,300,0,0,8,00,5A,64,5A,00,00,00,8C
220235,0,301,0,0,3,B5,0C,00
220235,1,206,0,0,8,00,00,00,00,00,00,00,00
220255,1,400,0,0,8,01,00,0C,00,00,00,00,00
220285,0,300,0,0,8,00,5A,64,5A,00,00,00,9D
220285,0,301,0,0,3,4E,0D,00
220305,1,201,0,0,5,3A,02,78,05,02
220315,1,203,0,0,8,B9,07,00,28,2C,00,00,00
220335,1,401,0,0,8,09,9F,00,00,45,00,00,00
220335,0,300,0,0,8,00,5A,64,5A,00,00,00,AE
220335,0,301,0,0,3,1D,0E,00
220335,1,206,0,0,8,00,00,00,00,00,00,00,00
220355,1,400,0,0,8,01,00,0C,00,00,00,00,00
220385,0,300,0,0,8,00,5A,64,5A,00,00,00,BF
220385,0,301,0,0,3,E8,0F,00
220405,1,201,0,0,5,3A,02,5C,03,02
220415,1,403,0,0,8,64,00,00,00,40,E3,09,00
220415,1,203,0,0,8,C0,07,6C,A1,25,00,00,00
220435,1,401,0,0,8,09,9F,00,00,46,00,00,00
220435,0,300,0,0,8,00,5A,64,5A,00,00,00,40
220435,0,301,0,0,3,E2,00,00
220435,1,206,0,0,8,00,00,00,00,00,00,00,00
220455,1,400,0,0,8,01,00,0C,00,00,00,00,00
220485,0,300,0,0,8,00,5A,64,5A,00,00,00,51
220485,0,301,0,0,3,B3,01,00
220505,1,201,0,0,5,3A,02,58,02,02
220515,1,203,0,0,8,D3,07,18,9B,13,00,00,00
220525,1,204,0,0,8,00,00,00,00,00,00,00,00
220535,1,401,0,0,8,09,9F,00,00,46,00,00,00
220535,0,300,0,0,8,00,5A,64,5A,00,00,00,62
220535,0,301,0,0,3,6B,02,00
220535,1,206,0,0,8,00,00,00,00,00,00,00,00
220535,1,202,0,0,8,E2,13,00,00,BA,7C,05,00
220555,1,400,0,0,8,01,00,0C,00,00,00,00,00
220585,0,300,0,0,8,00,5A,64,5A,00,00,00,73
220585,0,301,0,0,3,96,03,00
220605,1,201,0,0,5,3A,02,AC,03,02
220615,1,203,0,0,8,E6,07,50,9F,1F,00,00,00
220635,1,401,0,0,8,09,9F,00,00,46,00,00,00
220635,0,300,0,0,8,00,5A,64,5A,00,00,00,04
220635,0,301,0,0,3,03,04,00
220635,1,206,0,0,8,00,00,00,00,00,00,00,00
220655,1,400,0,0,8,01,00,0C,00,00,00,00,00
220685,0,300,0,0,8,00,5A,64,5A,00,00,00,15
220685,0,301,0,0,3,54,05,00
220705,1,201,0,0,5,3A,02,90,06,02
220715,1,203,0,0,8,F6,07,68,3A,33,00,00,00
220735,1,401,0,0,8,07,9F,00,00,46,00,00,00
220735,0,300,0,0,8,00,5A,64,5A,00,00,00,26
220735,0,301,0,0,3,F5,06,00
220735,1,206,0,0,8,00,00,00,00,00,00,00,00
220755,1,400,0,0,8,01,00,0C,00,00,00,00,00
220785,0,300,0,0,8,00,5A,64,5A,00,00,00,37
220785,0,301,0,0,3,B8,07,00
220805,1,201,0,0,5,3A,02,68,06,02
220815,1,203,0,0,8,FF,07,A0,6E,35,00,00,00
220835,1,401,0,0,8,07,9F,00,00,46,00,00,00
220835,0,300,0,0,8,00,5A,64,5A,00,00,00,C8
220835,0,301,0,0,3,80,08,00
220835,1,206,0,0,8,00,00,00,00,00,00,00,00
220855,1,400,0,0,8,01,00,0C,00,00,00,00,00
220885,0,300,0,0,8,00,5A,64,5A,00,00,00,D9
220885,0,301,0,0,3,88,09,00
220905,1,201,0,0,5,3A,02,BA,04,02
220915,1,402,0,0,8,58,00,00,00,2C,A4,08,00
220915,1,203,0,0,8,FF,07,18,97,2E,00,00,00
220935,1,401,0,0,8,09,9F,00,00,45,00,00,00
220935,0,300,0,0,8,00,5A,64,5A,00,00,00,EA
220935,0,301,0,0,3,C6,0A,00
220935,1,206,0,0,8,00,00,00,00,00,00,00,00
220955,1,400,0,0,8,01,00,0C,00,00,00,00,00
220985,0,300,0,0,8,00,5A,64,5A,00,00,00,FB
220985,0,301,0,0,3,43,0B,00
221005,1,201,0,0,5,3A,02,F8,02,02
221015,1,203,0,0,8,0B,08,B0,69,19,00,00,00
221035,1,401,0,0,8,09,9F,00,00,45,00,00,00
221035,0,300,0,0,8,00,5A,64,5A,00,00,00,8C
221035,0,301,0,0,3,B5,0C,00
221035,1,206,0,0,8,00,00,00,00,00,00,00,00
221055,1,400,0,0,8,01,00,0C,00,00,00,00,00
221085,0,300,0,0,8,00,5A,64,5A,00,00,00,9D
221085,0,301,0,0,3,4E,0D,00
221105,1,201,0,0,5,3A,02,30,02,02
221115,1,203,0,0,8,0F,08,A0,27,16,00,00,00
221135,1,401,0,0,8,09,9F,00,00,45,00,00,00
221135,0,300,0,0,8,00,5A,64,5A,00,00,00,AE
221135,0,301,0,0,3,1D,0E,00
221135,1,206,0,0,8,00,00,00,00,00,00,00,00
221155,1,400,0,0,8,01,00,0C,00,00,00,00,00
221185,0,300,0,0,8,00,5A,64,5A,00,00,00,BF
221185,0,301,0,0,3,E8,0F,00
221205,1,201,0,0,5,3A,02,3E,03,02
221215,1,203,0,0,8,20,08,40,75,17,00,00,00
221235,1,401,0,0,8,09,9F,00,00,45,00,00,00
221235,0,300,0,0,8,00,5A,64,5A,00,00,00,40
221235,0,301,0,0,3,E2,00,00
221235,1,206,0,0,8,00,00,00,00,00,00,00,00
221255,1,400,0,0,8,01,00,0C,00,00,00,00,00
221285,0,300,0,0,8,00,5A,64,5A,00,00,00,51
221285,0,301,0,0,3,B3,01,00
221305,1,201,0,0,5,3A,02,28,05,02
221315,1,203,0,0,8,29,08,C0,18,27,00,00,00
221335,1,401,0,0,8,09,9F,00,00,45,00,00,00
221335,0,300,0,0,8,00,5A,64,5A,00,00,00,62
221335,0,301,0,0,3,6B,02,00
221335,1,206,0,0,8,00,00,00,00,00,00,00,00
221355,1,400,0,0,8,01,00,0C,00,00,00,00,00
221385,0,300,0,0,8,00,5A,64,5A,00,00,00,73
221385,0,301,0,0,3,96,03,00
221405,1,201,0,0,5,3A,02,28,05,02
221415,1,203,0,0,8,27,08,A8,A2,2C,00,00,00
221415,1,403,0,0,8,64,00,00,00,40,E3,09,00
221435,1,401,0,0,8,07,9F,00,00,46,00,00,00
221435,0,300,0,0,8,00,5A,64,5A,00,00,00,04
221435,0,301,0,0,3,03,04,00
221435,1,206,0,0,8,00,00,00,00,00,00,00,00
221455,1,400,0,0,8,01,00,0C,00,00,00,00,00
221485,0,300,0,0,8,00,5A,64,5A,00,00,00,15
221485,0,301,0,0,3,54,05,00
221505,1,201,0,0,5,26,02,06,04,02
221515,1,203,0,0,8,39,08,5C,88,20,00,00,00
221525,1,204,0,0,8,00,00,00,00,00,00,00,00
221535,1,401,0,0,8,07,9F,00,00,46,00,00,00
221535,0,300,0,0,8,00,5A,64,5A,00,00,00,26
221535,0,301,0,0,3,F5,06,00
221535,1,206,0,0,8,00,00,00,00,00,00,00,00
221535,1,202,0,0,8,E2,13,00,00,BC,7C,05,00
221555,1,666,0,0,8,52,08,05,00,52,95,36,02
221555,1,400,0,0,8,01,00,0C,00,00,00,00,00
221565,1,665,0,0,8,00,00,00,53,4C,18,53,00
221575,1,200,0,0,8,58,00,3D,A4,08,00,01,00
221585,0,300,0,0,8,00,5A,64,5A,00,00,00,37
221585,0,301,0,0,3,B8,07,00
221605,1,201,0,0,5,26,02,A8,02,02
221615,1,203,0,0,8,43,08,50,7D,19,00,00,00
221635,1,401,0,0,8,07,9F,00,00,47,00,00,00
221635,0,300,0,0,8,00,5A,64,5A,00,00,00,C8
221635,0,301,0,0,3,80,08,00
221635,1,206,0,0,8,00,00,00,00,00,00,00,00
221655,1,400,0,0,8,01,00,0C,00,00,00,00,00
221685,0,300,0,0,8,00,5A,64,5A,00,00,00,D9
221685,0,301,0,0,3,88,09,00
221705,1,201,0,0,5,26,02,90,01,02
221715,1,203,0,0,8,45,08,60,6A,0D,00,00,00
221735,1,401,0,0,8,07,9F,00,00,47,00,00,00
221735,0,300,0,0,8,00,5A,64,5A,00,00,00,EA
221735,0,301,0,0,3,C6,0A,00
221735,1,206,0,0,8,00,00,00,00,00,00,00,00
221755,1,400,0,0,8,01,00,0C,00,00,00,00,00
221785,0,300,0,0,8,00,5A,64,5A,00,00,00,FB
221785,0,301,0,0,3,43,0B,00
221805,1,201,0,0,5,26,02,1E,05,02
221815,1,203,0,0,8,52,08,74,27,19,00,00,00
221835,1,401,0,0,8,07,9F,00,00,47,00,00,00
221835,0,300,0,0,8,00,5A,64,5A,00,00,00,8C
221835,0,301,0,0,3,B5,0C,00
221835,1,206,0,0,8,00,00,00,00,00,00,00,00
221855,1,400,0,0,8,01,00,0C,00,00,00,00,00
221885,0,300,0,0,8,00,5A,64,5A,00,00,00,9D
221885,0,301,0,0,3,4E,0D,00
221905,1,201,0,0,5,26,02,A0,05,02
221915,1,203,0,0,8,58,08,2C,4A,2F,00,00,00
221915,1,402,0,0,8,58,00,00,00,2C,A4,08,00
221935,0,300,0,0,8,00,5A,64,5A,00,00,00,AE
221935,1,401,0,0,8,0B,9F,00,00,46,00,00,00
221935,0,301,0,0,3,1D,0E,00
221935,1,206,0,0,8,00,00,00,00,00,00,00,00
221955,1,400,0,0,8,01,00,0C,00,00,00,00,00
221985,0,300,0,0,8,00,5A,64,5A,00,00,00,BF
221985,0,301,0,0,3,E8,0F,00
222005,1,201,0,0,5,26,02,E2,04,02
222015,1,203,0,0,8,5A,08,30,A3,31,00,00,00
222035,0,300,0,0,8,00,5A,64,5A,00,00,00,40
222035,0,301,0,0,3,E2,00,00
222035,1,401,0,0,8,0B,9F,00,00,46,00,00,00
222035,1,206,0,0,8,00,00,00,00,00,00,00,00
222055,1,400,0,0,8,01,00,0C,00,00,00,00,00
222085,0,300,0,0,8,00,5A,64,5A,00,00,00,51
222085,0,301,0,0,3,B3,01,00
222105,1,201,0,0,5,26,02,52,03,02
222115,1,203,0,0,8,5C,08,58,2F,1E,00,00,00
222135,0,300,0,0,8,00,5A,64,5A,00,00,00,62
222135,0,301,0,0,3,6B,02,00
222135,1,401,0,0,8,0B,9F,00,00,46,00,00,00
222135,1,206,0,0,8,00,00,00,00,00,00,00,00
222155,1,400,0,0,8,01,00,0C,00,00,00,00,00
222185,0,300,0,0,8,00,5A,64,5A,00,00,00,73
222185,0,301,0,0,3,96,03,00
222205,1,201,0,0,5,26,02,A4,01,02
222215,1,203,0,0,8,61,08,3C,C0,0D,00,00,00
222235,0,300,0,0,8,00,5A,64,5A,00,00,00,04
222235,0,301,0,0,3,03,04,00
222235,1,401,0,0,8,0D,9F,00,00,46,00,00,00
222235,1,206,0,0,8,00,00,00,00,00,00,00,00
222255,1,400,0,0,8,01,00,0C,00,00,00,00,00
222285,0,300,0,0,8,00,5A,64,5A,00,00,00,15
222285,0,301,0,0,3,54,05,00
222305,1,201,0,0,5,26,02,16,03,02
222315,1,203,0,0,8,66,08,48,CB,14,00,00,00
222335,0,300,0,0,8,00,5A,64,5A,00,00,00,26
222335,0,301,0,0,3,F5,06,00
222335,1,401,0,0,8,0D,9F,00,00,46,00,00,00
222335,1,206,0,0,8,00,00,00,00,00,00,00,00
222355,1,400,0,0,8,01,00,0C,00,00,00,00,00
222385,0,300,0,0,8,00,5A,64,5A,00,00,00,37
222385,0,301,0,0,3,B8,07,00
222405,1,201,0,0,5,26,02,14,05,02
222415,1,203,0,0,8,69,08,B8,99,2B,00,00,00
222415,1,403,0,0,8,64,00,00,00,40,E3,09,00
222435,0,300,0,0,8,00,5A,64,5A,00,00,00,C8
222435,0,301,0,0,3,80,08,00
222435,1,401,0,0,8,0B,9F,00,00,46,00,00,00
222435,1,206,0,0,8,00,00,00,00,00,00,00,00
222455,1,400,0,0,8,01,00,0C,00,00,00,00,00
222485,0,300,0,0,8,00,5A,64,5A,00,00,00,D9
222485,0,301,0,0,3,88,09,00
222505,1,201,0,0,5,26,02,28,05,02
222515,1,203,0,0,8,6A,08,94,EF,2B,00,00,00
222525,1,204,0,0,8,00,00,00,00,00,00,00,00
222535,0,300,0,0,8,00,5A,64,5A,00,00,00,EA
222535,0,301,0,0,3,C6,0A,00
222535,1,401,0,0,8,0B,9F,00,00,46,00,00,00
222535,1,206,0,0,8,00,00,00,00,00,00,00,00
222535,1,202,0,0,8,E2,13,00,00,BC,7C,05,00
222555,1,400,0,0,8,01,00,0C,00,00,00,00,00
222585,0,300,0,0,8,00,5A,64,5A,00,00,00,FB
222585,0,301,0,0,3,43,0B,00
222605,1,201,0,0,5,26,02,88,04,02
222615,1,203,0,0,8,68,08,D8,EA,28,00,00,00
222635,0,300,0,0,8,00,5A,64,5A,00,00,00,8C
222635,0,301,0,0,3,B5,0C,00
222635,1,401,0,0,8,0B,9F,00,00,46,00,00,00
222635,1,206,0,0,8,00,00,00,00,00,00,00,00
222655,1,400,0,0,8,01,00,0C,00,00,00,00,00
222685,0,300,0,0,8,00,5A,64,5A,00,00,00,9D
222685,0,301,0,0,3,4E,0D,00
222705,1,201,0,0,5,26,02,C6,02,02
222715,1,203,0,0,8,69,08,A4,DC,1F,00,00,00
222735,0,300,0,0,8,00,5A,64,5A,00,00,00,AE
222735,0,301,0,0,3,1D,0E,00
222735,1,401,0,0,8,09,9F,00,00,46,00,00,00
222735,1,206,0,0,8,00,00,00,00,00,00,00,00
222755,1,400,0,0,8,01,00,0C,00,00,00,00,00
222785,0,300,0,0,8,00,5A,64,5A,00,00,00,BF
222785,0,301,0,0,3,E8,0F,00
222805,1,201,0,0,5,26,02,B8,01,02
222815,1,203,0,0,8,68,08,D0,C1,0E,00,00,00
222835,0,300,0,0,8,00,5A,64,5A,00,00,00,40
222835,0,301,0,0,3,E2,00,00
222835,1,401,0,0,8,09,9F,00,00,46,00,00,00
222835,1,206,0,0,8,00,00,00,00,00,00,00,00
222855,1,400,0,0,8,01,00,0C,00,00,00,00,00
222885,0,300,0,0,8,00,5A,64,5A,00,00,00,51
222885,0,301,0,0,3,B3,01,00
222905,1,201,0,0,5,30,02,A2,03,02
222915,1,203,0,0,8,71,08,30,F9,12,00,00,00
222915,1,402,0,0,8,58,00,00,00,2C,A4,08,00
222935,0,300,0,0,8,00,5A,64,5A,00,00,00,62
222935,0,301,0,0,3,6B,02,00
222935,1,401,0,0,8,09,9F,00,00,45,00,00,00
222935,1,206,0,0,8,00,00,00,00,00,00,00,00
222955,1,400,0,0,8,01,00,0C,00,00,00,00,00
222985,0,300,0,0,8,00,5A,64,5A,00,00,00,73
222985,0,301,0,0,3,96,03,00
223005,1,201,0,0,5,30,02,32,05,02
223015,1,203,0,0,8,82,08,F0,30,2D,00,00,00
223035,0,300,0,0,8,00,5A,64,5A,00,00,00,04
223035,0,301,0,0,3,03,04,00
223035,1,401,0,0,8,09,9F,00,00,45,00,00,00
223035,1,206,0,0,8,00,00,00,00,00,00,00,00
223055,1,400,0,0,8,01,00,0C,00,00,00,00,00
223085,0,300,0,0,8,00,5A,64,5A,00,00,00,15
223085,0,301,0,0,3,54,05,00
223105,1,201,0,0,5,30,02,1E,05,02
223115,1,203,0,0,8,86,08,00,28,2C,00,00,00
223135,0,300,0,0,8,00,5A,64,5A,00,00,00,26
223135,0,301,0,0,3,F5,06,00
223135,1,401,0,0,8,09,9F,00,00,46,00,00,00
223135,1,206,0,0,8,00,00,00,00,00,00,00,00
223155,1,400,0,0,8,01,00,0C,00,00,00,00,00
223185,0,300,0,0,8,00,5A,64,5A,00,00,00,37
223185,0,301,0,0,3,B8,07,00
223205,1,201,0,0,5,30,02,7A,03,02
223215,1,203,0,0,8,89,08,70,E9,24,00,00,00
223235,0,300,0,0,8,00,5A,64,5A,00,00,00,C8
223235,0,301,0,0,3,80,08,00
223235,1,401,0,0,8,0B,9F,00,00,46,00,00,00
223235,1,206,0,0,8,00,00,00,00,00,00,00,00
223255,1,400,0,0,8,01,00,0C,00,00,00,00,00
223275,0,404,0,0,2,4A,00
223275,1,405,0,0,8,4A,00,00,00,06,00,00,00
223285,0,300,0,0,8,00,5A,64,5A,00,00,00,D9
223285,0,301,0,0,3,88,09,00
223305,1,201,0,0,5,30,02,E0,01,02
223305,0,404,0,0,2,02,30
223305,1,405,0,0,7,02,30,00,00,00,00,00
223315,1,203,0,0,8,89,08,00,8F,10,00,00,00
223335,0,300,0,0,8,00,5A,64,5A,00,00,00,EA
223335,0,301,0,0,3,C6,0A,00
223335,0,404,0,0,2,44,00
223335,1,405,0,0,6,44,00,00,00,50,46
223335,1,401,0,0,8,0B,9F,00,00,46,00,00,00
223335,1,206,0,0,8,00,00,00,00,00,00,00,00
223355,1,400,0,0,8,01,00,0C,00,00,00,00,00
223365,0,404,0,0,2,01,00
223365,1,405,0,0,8,01,00,00,00,00,04,06,04
223385,0,300,0,0,8,00,5A,64,5A,00,00,00,FB
223385,0,301,0,0,3,43,0B,00
223405,1,201,0,0,5,30,02,D0,02,02
223405,0,404,0,0,2,A3,01
223405,1,405,0,0,5,A3,01,00,00,06
223415,1,203,0,0,8,8F,08,90,48,12,00,00,00
223415,1,403,0,0,8,64,00,00,00,40,E3,09,00
223425,0,404,0,0,2,20,00
223435,1,405,0,0,8,20,00,00,00,32,33,36,47
223435,0,300,0,0,8,00,5A,64,5A,00,00,00,8C
223435,0,301,0,0,3,B5,0C,00
223435,1,206,0,0,8,00,00,00,00,00,00,00,00
223435,1,401,0,0,8,0B,9F,00,00,46,00,00,00
223455,1,400,0,0,8,01,00,0C,00,00,00,00,00
223465,0,404,0,0,2,21,00
223465,1,405,0,0,8,21,00,00,00,35,4C,41,31
223485,0,300,0,0,8,00,5A,64,5A,00,00,00,9D
223485,0,301,0,0,3,4E,0D,00
223495,0,404,0,0,2,22,00
223495,1,405,0,0,8,22,00,00,00,30,30,34,52
223505,1,201,0,0,5,30,02,9C,04,02
223515,1,203,0,0,8,95,08,40,04,28,00,00,00
223525,0,404,0,0,2,23,00
223525,1,405,0,0,8,23,00,00,00,4D,30,30,30
223525,1,204,0,0,8,00,00,00,00,00,00,00,00
223535,0,300,0,0,8,00,5A,64,5A,00,00,00,AE
223535,0,301,0,0,3,1D,0E,00
223535,1,206,0,0,8,00,00,00,00,00,00,00,00
223535,1,202,0,0,8,E2,12,00,00,BE,7C,05,00
223545,1,401,0,0,8,0B,9F,00,00,46,00,00,00
223555,1,400,0,0,8,01,00,0C,00,00,00,00,00
223565,0,404,0,0,2,24,00
223565,1,405,0,0,8,24,00,00,00,30,30,30,30
223585,0,300,0,0,8,00,5A,64,5A,00,00,00,BF
223585,0,301,0,0,3,E8,0F,00
223585,0,404,0,0,2,25,00
223585,1,405,0,0,8,25,00,00,00,30,30,30,30
223605,1,201,0,0,5,30,02,88,04,02
223615,1,203,0,0,8,98,08,E0,B4,28,00,00,00
223615,0,404,0,0,2,26,00
223615,1,405,0,0,8,26,00,00,00,30,30,30,30
223635,0,300,0,0,8,00,5A,64,5A,00,00,00,40
223635,0,301,0,0,3,E2,00,00
223635,1,206,0,0,8,00,00,00,00,00,00,00,00
223635,1,401,0,0,8,0B,9F,00,00,46,00,00,00
223645,0,404,0,0,2,27,00
223645,1,405,0,0,6,27,00,00,00,30,30
223655,1,400,0,0,8,01,00,0C,00,00,00,00,00
223675,0,404,0,0,2,4C,00
223685,1,405,0,0,8,4C,00,00,00,01,24,00,00
223685,0,300,0,0,8,00,5A,64,5A,00,00,00,51
223685,0,301,0,0,3,B3,01,00
223705,1,201,0,0,5,30,02,2A,03,02
223715,1,203,0,0,8,8D,08,20,0C,1F,00,00,00
223715,0,404,0,0,2,46,00
223715,1,405,0,0,5,46,00,00,00,00
223735,0,300,0,0,8,00,5A,64,5A,00,00,00,62
223735,0,301,0,0,3,6B,02,00
223735,1,206,0,0,8,00,00,00,00,00,00,00,00
223745,1,401,0,0,8,09,9F,00,00,46,00,00,00
223745,0,404,0,0,2,4D,00
223745,1,405,0,0,8,4D,00,00,00,00,00,00,00
223765,1,400,0,0,8,01,00,0C,00,00,00,00,00
223775,0,404,0,0,2,50,00
223775,1,405,0,0,8,50,00,00,00,7F,00,7E,00
223785,0,300,0,0,8,00,5A,64,5A,00,00,00,73
223785,0,301,0,0,3,96,03,00
223805,1,201,0,0,5,30,02,E0,01,02
223805,0,404,0,0,2,02,00
223805,1,405,0,0,8,02,00,00,00,53,49,43,54
223815,1,203,0,0,8,86,08,60,DE,0F,00,00,00
223835,0,300,0,0,8,00,5A,64,5A,00,00,00,04
223835,0,301,0,0,3,03,04,00
223835,0,404,0,0,2,0A,00
223835,1,405,0,0,8,0A,00,00,00,30,3A,00,00
223835,1,206,0,0,8,00,00,00,00,00,00,00,00
223845,1,401,0,0,8,09,9F,00,00,46,00,00,00
223865,1,400,0,0,8,01,00,0C,00,00,00,00,00
223875,0,404,0,0,2,04,00
223875,1,405,0,0,7,04,00,00,00,16,09,02
223885,0,300,0,0,8,00,5A,64,5A,00,00,00,15
223885,0,301,0,0,3,54,05,00
223895,0,404,0,0,2,B0,01
223895,1,405,0,0,6,B0,01,00,00,00,00
223905,1,201,0,0,5,30,02,68,01,02
223915,1,203,0,0,8,83,08,30,74,0D,00,00,00
223925,1,402,0,0,8,58,00,00,00,2C,A4,08,00
223925,0,404,0,0,2,B1,01
223935,1,405,0,0,6,B1,01,00,00,00,00
223935,0,300,0,0,8,00,5A,64,5A,00,00,00,26
223935,0,301,0,0,3,F5,06,00
223935,1,206,0,0,8,00,00,00,00,00,00,00,00
223945,1,401,0,0,8,09,9F,00,00,46,00,00,00
223965,1,400,0,0,8,01,00,0C,00,00,00,00,00
223985,0,300,0,0,8,00,5A,64,5A,00,00,00,37
223985,0,301,0,0,3,B8,07,00
224005,1,201,0,0,5,30,02,A2,03,02
224015,1,203,0,0,8,90,08,10,15,20,00,00,00
224035,0,300,0,0,8,00,5A,64,5A,00,00,00,C8
224035,0,301,0,0,3,80,08,00
224035,1,206,0,0,8,00,00,00,00,00,00,00,00
224045,1,401,0,0,8,09,9F,00,00,46,00,00,00
224065,1,400,0,0,8,01,00,0C,00,00,00,00,00
224085,0,300,0,0,8,00,5A,64,5A,00,00,00,D9
224085,0,301,0,0,3,88,09,00
224105,1,201,0,0,5,30,02,4C,04,02
224115,1,203,0,0,8,8A,08,A0,CE,21,00,00,00
224135,0,300,0,0,8,00,5A,64,5A,00,00,00,EA
224135,0,301,0,0,3,C6,0A,00
224135,1,206,0,0,8,00,00,00,00,00,00,00,00
224145,1,401,0,0,8,09,9F,00,00,46,00,00,00
224165,1,400,0,0,8,01,00,0C,00,00,00,00,00
224185,0,300,0,0,8,00,5A,64,5A,00,00,00,FB
224185,0,301,0,0,3,43,0B,00
224205,1,201,0,0,5,3A,02,A6,04,02
224215,1,203,0,0,8,85,08,30,0D,29,00,00,00
224235,0,300,0,0,8,00,5A,64,5A,00,00,00,8C
224235,0,301,0,0,3,B5,0C,00
224235,1,206,0,0,8,00,00,00,00,00,00,00,00
224245,1,401,0,0,8,0B,9F,00,00,46,00,00,00
224265,1,400,0,0,8,01,00,0C,00,00,00,00,00
224285,0,300,0,0,8,00,5A,64,5A,00,00,00,9D
224285,0,301,0,0,3,4E,0D,00
224305,1,201,0,0,5,3A,02,16,03,02
224315,1,203,0,0,8,7F,08,40,7F,22,00,00,00
224335,0,300,0,0,8,00,5A,64,5A,00,00,00,AE
224335,0,301,0,0,3,1D,0E,00
224335,1,206,0,0,8,00,00,00,00,00,00,00,00
224345,1,401,0,0,8,0B,9F,00,00,46,00,00,00
224365,1,400,0,0,8,01,00,0C,00,00,00,00,00
224385,0,300,0,0,8,00,5A,64,5A,00,00,00,BF
224385,0,301,0,0,3,E8,0F,00
224405,1,201,0,0,5,3A,02,CC,01,02
224415,1,203,0,0,8,70,08,60,DE,0F,00,00,00
224425,1,403,0,0,8,64,00,00,00,40,E3,09,00
224435,0,300,0,0,8,00,5A,64,5A,00,00,00,40
224435,0,301,0,0,3,E2,00,00
224435,1,206,0,0,8,00,00,00,00,00,00,00,00
224445,1,401,0,0,8,0B,9F,00,00,46,00,00,00
224465,1,400,0,0,8,01,00,0C,00,00,00,00,00
224485,0,300,0,0,8,00,5A,64,5A,00,00,00,51
224485,0,301,0,0,3,B3,01,00
224505,1,201,0,0,5,3A,02,D0,02,02
224515,1,203,0,0,8,77,08,50,E7,10,00,00,00
224525,1,204,0,0,8,00,00,00,00,00,00,00,00
224535,0,300,0,0,8,00,5A,64,5A,00,00,00,62
224535,0,301,0,0,3,6B,02,00
224535,1,206,0,0,8,00,00,00,00,00,00,00,00
224545,1,202,0,0,8,E2,13,00,00,C1,7C,05,00
224545,1,401,0,0,8,0B,9F,00,00,46,00,00,00
224555,1,666,0,0,8,52,08,05,00,52,95,36,02
224565,1,400,0,0,8,01,00,0C,00,00,00,00,00
224565,1,665,0,0,8,00,00,00,53,4C,18,53,00
224575,1,200,0,0,8,58,00,3A,A4,08,00,02,00
224585,0,300,0,0,8,00,5A,64,5A,00,00,00,73
224585,0,301,0,0,3,96,03,00
224605,1,201,0,0,5,3A,02,A6,04,02
224615,1,203,0,0,8,7F,08,C0,41,25,00,00,00
224635,0,300,0,0,8,00,5A,64,5A,00,00,00,04
224635,0,301,0,0,3,03,04,00
224635,1,206,0,0,8,00,00,00,00,00,00,00,00
224645,1,401,0,0,8,0B,9F,00,00,46,00,00,00
224665,1,400,0,0,8,01,00,0C,00,00,00,00,00
224685,0,300,0,0,8,00,5A,64,5A,00,00,00,15
224685,0,301,0,0,3,54,05,00
224705,1,201,0,0,5,3A,02,50,05,02
224715,1,203,0,0,8,80,08,D0,42,2F,00,00,00
224735,0,300,0,0,8,00,5A,64,5A,00,00,00,26
224735,0,301,0,0,3,F5,06,00
224735,1,206,0,0,8,00,00,00,00,00,00,00,00
224745,1,401,0,0,8,09,9F,00,00,46,00,00,00
224765,1,400,0,0,8,01,00,0C,00,00,00,00,00
224785,0,300,0,0,8,00,5A,64,5A,00,00,00,37
224785,0,301,0,0,3,B8,07,00
224805,1,201,0,0,5,3A,02,80,02,02
224815,1,203,0,0,8,78,08,D0,2E,19,00,00,00
224835,0,300,0,0,8,00,5A,64,5A,00,00,00,C8
224835,0,301,0,0,3,80,08,00
224835,1,206,0,0,8,00,00,00,00,00,00,00,00
224845,1,401,0,0,8,09,9F,00,00,46,00,00,00
224865,1,400,0,0,8,01,00,0C,00,00,00,00,00
224885,0,300,0,0,8,00,5A,64,5A,00,00,00,D9
224885,0,301,0,0,3,88,09,00
224905,1,201,0,0,5,3A,02,26,02,02
224915,1,203,0,0,8,84,08,30,F9,12,00,00,00
224925,1,402,0,0,8,58,00,00,00,2C,A4,08,00
224935,0,300,0,0,8,00,5A,64,5A,00,00,00,EA
224935,0,301,0,0,3,C6,0A,00
224935,1,206,0,0,8,00,00,00,00,00,00,00,00
224945,1,401,0,0,8,09,9F,00,00,45,00,00,00
224965,1,400,0,0,8,01,00,0C,00,00,00,00,00
224985,0,300,0,0,8,00,5A,64,5A,00,00,00,FB
224985,0,301,0,0,3,43,0B,00
225005,1,201,0,0,5,3A,02,54,01,02
225015,1,203,0,0,8,7D,08,40,F0,11,00,00,00
225035,0,300,0,0,8,00,5A,64,5A,00,00,00,8C
225035,0,301,0,0,3,B5,0C,00
225035,1,206,0,0,8,00,00,00,00,00,00,00,00
225045,1,401,0,0,8,09,9F,00,00,45,00,00,00
225065,1,400,0,0,8,01,00,0C,00,00,00,00,00
225085,0,300,0,0,8,00,5A,64,5A,00,00,00,9D
225085,0,301,0,0,3,4E,0D,00
225105,1,201,0,0,5,3A,02,20,03,02
225115,1,203,0,0,8,80,08,D0,2E,19,00,00,00
225135,0,300,0,0,8,00,5A,64,5A,00,00,00,AE
225135,0,301,0,0,3,1D,0E,00
225135,1,206,0,0,8,00,00,00,00,00,00,00,00
225145,1,401,0,0,8,09,9F,00,00,45,00,00,00
225165,1,400,0,0,8,01,00,0C,00,00,00,00,00
225185,0,300,0,0,8,00,5A,64,5A,00,00,00,BF
225185,0,301,0,0,3,E8,0F,00
225205,1,201,0,0,5,3A,02,1E,05,02
225215,1,203,0,0,8,82,08,10,9A,25,00,00,00
225235,0,300,0,0,8,00,5A,64,5A,00,00,00,40
225235,0,301,0,0,3,E2,00,00
225235,1,206,0,0,8,00,00,00,00,00,00,00,00
225245,1,401,0,0,8,0B,9F,00,00,45,00,00,00
225265,1,400,0,0,8,01,00,0C,00,00,00,00,00
225285,0,300,0,0,8,00,5A,64,5A,00,00,00,51
225285,0,301,0,0,3,B3,01,00
225305,1,201,0,0,5,3A,02,92,04,02
225315,1,203,0,0,8,81,08,30,0D,29,00,00,00
225335,0,300,0,0,8,00,5A,64,5A,00,00,00,62
225335,0,301,0,0,3,6B,02,00
225335,1,206,0,0,8,00,00,00,00,00,00,00,00
225345,1,401,0,0,8,0B,9F,00,00,45,00,00,00
225365,1,400,0,0,8,01,00,0C,00,00,00,00,00
225385,0,300,0,0,8,00,5A,64,5A,00,00,00,73
225385,0,301,0,0,3,96,03,00
225405,1,201,0,0,5,3A,02,8E,03,02
225415,1,203,0,0,8,87,08,D0,B3,1E,00,00,00
225425,1,403,0,0,8,64,00,00,00,40,E3,09,00
225435,0,300,0,0,8,00,5A,64,5A,00,00,00,04
225435,0,301,0,0,3,03,04,00
225435,1,206,0,0,8,00,00,00,00,00,00,00,00
225445,1,401,0,0,8,09,9F,00,00,46,00,00,00
225465,1,400,0,0,8,01,00,0C,00,00,00,00,00
225485,0,300,0,0,8,00,5A,64,5A,00,00,00,15
225485,0,301,0,0,3,54,05,00
225505,1,201,0,0,5,3A,02,6C,02,02
225515,1,203,0,0,8,87,08,40,75,17,00,00,00
225525,1,204,0,0,8,00,00,00,00,00,00,00,00
225535,0,300,0,0,8,00,5A,64,5A,00,00,00,26
225535,0,301,0,0,3,F5,06,00
225535,1,206,0,0,8,00,00,00,00,00,00,00,00
225545,1,202,0,0,8,E2,12,00,00,C1,7C,05,00
225545,1,401,0,0,8,09,9F,00,00,46,00,00,00
225565,1,400,0,0,8,01,00,0C,00,00,00,00,00
225585,0,300,0,0,8,00,5A,64,5A,00,00,00,37
225585,0,301,0,0,3,B8,07,00
225605,1,201,0,0,5,30,02,80,02,02
225615,1,203,0,0,8,78,08,00,14,16,00,00,00
225635,0,300,0,0,8,00,5A,64,5A,00,00,00,C8
225635,0,301,0,0,3,80,08,00
225635,1,206,0,0,8,00,00,00,00,00,00,00,00
225645,1,401,0,0,8,09,9F,00,00,46,00,00,00
225665,1,400,0,0,8,01,00,0C,00,00,00,00,00
225685,0,300,0,0,8,00,5A,64,5A,00,00,00,D9
225685,0,301,0,0,3,88,09,00
225705,1,201,0,0,5,30,02,38,04,02
225715,1,203,0,0,8,75,08,60,6D,20,00,00,00
225735,0,300,0,0,8,00,5A,64,5A,00,00,00,EA
225735,0,301,0,0,3,C6,0A,00
225745,1,206,0,0,8,00,00,00,00,00,00,00,00
225745,1,401,0,0,8,0B,9F,00,00,46,00,00,00
225765,1,400,0,0,8,01,00,0C,00,00,00,00,00
225785,0,300,0,0,8,00,5A,64,5A,00,00,00,FB
225785,0,301,0,0,3,43,0B,00
225805,1,201,0,0,5,30,02,C4,04,02
225815,1,203,0,0,8,64,08,B4,40,29,00,00,00
225835,0,300,0,0,8,00,5A,64,5A,00,00,00,8C
225835,0,301,0,0,3,B5,0C,00
225845,1,206,0,0,8,00,00,00,00,00,00,00,00
225845,1,401,0,0,8,0B,9F,00,00,46,00,00,00
225865,1,400,0,0,8,01,00,0C,00,00,00,00,00
225885,0,300,0,0,8,00,5A,64,5A,00,00,00,9D
225885,0,301,0,0,3,4E,0D,00
225905,1,201,0,0,5,30,02,92,04,02
225915,1,203,0,0,8,67,08,64,3A,25,00,00,00
225925,1,402,0,0,8,58,00,00,00,2C,A4,08,00
225935,0,300,0,0,8,00,5A,64,5A,00,00,00,AE
225935,0,301,0,0,3,1D,0E,00
225945,1,206,0,0,8,00,00,00,00,00,00,00,00
225945,1,401,0,0,8,09,9F,00,00,46,00,00,00
225965,1,400,0,0,8,01,00,0C,00,00,00,00,00
225985,0,300,0,0,8,00,5A,64,5A,00,00,00,BF
225985,0,301,0,0,3,E8,0F,00
226005,1,201,0,0,5,30,02,E4,02,02
226015,1,203,0,0,8,61,08,9C,2A,1B,00,00,00
226035,0,300,0,0,8,00,5A,64,5A,00,00,00,40
226035,0,301,0,0,3,E2,00,00
226045,1,206,0,0,8,00,00,00,00,00,00,00,00
226045,1,401,0,0,8,09,9F,00,00,46,00,00,00
226065,1,400,0,0,8,01,00,0C,00,00,00,00,00
226085,0,300,0,0,8,00,5A,64,5A,00,00,00,51
226085,0,301,0,0,3,B3,01,00
226105,1,201,0,0,5,30,02,FE,01,02
226115,1,203,0,0,8,5F,08,6C,75,14,00,00,00
226135,0,300,0,0,8,00,5A,64,5A,00,00,00,62
226135,0,301,0,0,3,6B,02,00
226145,1,206,0,0,8,00,00,00,00,00,00,00,00
226145,1,401,0,0,8,09,9F,00,00,46,00,00,00
226165,1,400,0,0,8,01,00,0C,00,00,00,00,00
226185,0,300,0,0,8,00,5A,64,5A,00,00,00,73
226185,0,301,0,0,3,96,03,00
226205,1,201,0,0,5,30,02,48,03,02
226215,1,203,0,0,8,5F,08,94,78,16,00,00,00
226235,0,300,0,0,8,00,5A,64,5A,00,00,00,04
226235,0,301,0,0,3,03,04,00
226245,1,206,0,0,8,00,00,00,00,00,00,00,00
226245,1,401,0,0,8,0B,9F,00,00,46,00,00,00
226265,1,400,0,0,8,01,00,0C,00,00,00,00,00
226285,0,300,0,0,8,00,5A,64,5A,00,00,00,15
226285,0,301,0,0,3,54,05,00
226305,1,201,0,0,5,30,02,28,05,02
226315,1,203,0,0,8,67,08,70,45,2C,00,00,00
226335,0,300,0,0,8,00,5A,64,5A,00,00,00,26
226335,0,301,0,0,3,F5,06,00
226345,1,206,0,0,8,00,00,00,00,00,00,00,00
226345,1,401,0,0,8,0B,9F,00,00,46,00,00,00
226365,1,400,0,0,8,01,00,0C,00,00,00,00,00
226385,0,300,0,0,8,00,5A,64,5A,00,00,00,37
226385,0,301,0,0,3,B8,07,00
226405,1,201,0,0,5,30,02,50,05,02
226415,1,203,0,0,8,5E,08,C0,4B,30,00,00,00
226425,1,403,0,0,8,64,00,00,00,40,E3,09,00
226435,0,300,0,0,8,00,5A,64,5A,00,00,00,C8
226435,0,301,0,0,3,80,08,00
226445,1,206,0,0,8,00,00,00,00,00,00,00,00
226445,1,401,0,0,8,0B,9F,00,00,46,00,00,00
226465,1,400,0,0,8,01,00,0C,00,00,00,00,00
226485,0,300,0,0,8,00,5A,64,5A,00,00,00,D9
226485,0,301,0,0,3,88,09,00
226505,1,201,0,0,5,30,02,24,04,02
226515,1,203,0,0,8,4A,08,18,8D,23,00,00,00
226525,1,204,0,0,8,00,00,00,00,00,00,00,00
226535,0,300,0,0,8,00,5A,64,5A,00,00,00,EA
226535,0,301,0,0,3,C6,0A,00
226545,1,206,0,0,8,00,00,00,00,00,00,00,00
226545,1,202,0,0,8,E2,13,00,00,C3,7C,05,00
226545,1,401,0,0,8,0B,9F,00,00,46,00,00,00
226565,1,400,0,0,8,01,00,0C,00,00,00,00,00
226585,0,300,0,0,8,00,5A,64,5A,00,00,00,FB
226585,0,301,0,0,3,43,0B,00
226605,1,201,0,0,5,30,02,6C,02,02
226615,1,203,0,0,8,44,08,98,D1,18,00,00,00
226635,0,300,0,0,8,00,5A,64,5A,00,00,00,8C
226635,0,301,0,0,3,B5,0C,00
226645,1,206,0,0,8,00,00,00,00,00,00,00,00
226645,1,401,0,0,8,0B,9F,00,00,46,00,00,00
226665,1,400,0,0,8,01,00,0C,00,00,00,00,00
226685,0,300,0,0,8,00,5A,64,5A,00,00,00,9D
226685,0,301,0,0,3,4E,0D,00
226705,1,201,0,0,5,30,02,F4,01,02
226715,1,203,0,0,8,44,08,40,19,10,00,00,00
226735,0,300,0,0,8,00,5A,64,5A,00,00,00,AE
226735,0,301,0,0,3,1D,0E,00
226745,1,206,0,0,8,00,00,00,00,00,00,00,00
226745,1,401,0,0,8,0B,9F,00,00,46,00,00,00
226765,1,400,0,0,8,01,00,0C,00,00,00,00,00
226785,0,300,0,0,8,00,5A,64,5A,00,00,00,BF
226785,0,301,0,0,3,E8,0F,00
226805,1,201,0,0,5,30,02,B0,04,02
226815,1,203,0,0,8,4B,08,10,DB,1E,00,00,00
226835,0,300,0,0,8,00,5A,64,5A,00,00,00,40
226835,0,301,0,0,3,E2,00,00
226845,1,206,0,0,8,00,00,00,00,00,00,00,00
226845,1,401,0,0,8,0B,9F,00,00,46,00,00,00
226865,1,400,0,0,8,01,00,0C,00,00,00,00,00
226885,0,300,0,0,8,00,5A,64,5A,00,00,00,51
226885,0,301,0,0,3,B3,01,00
226905,1,201,0,0,5,30,02,EC,04,02
226915,1,203,0,0,8,4D,08,00,EE,2A,00,00,00
226925,1,402,0,0,8,58,00,00,00,2C,A4,08,00
226935,0,300,0,0,8,00,5A,64,5A,00,00,00,62
226935,0,301,0,0,3,6B,02,00
226945,1,206,0,0,8,00,00,00,00,00,00,00,00
226945,1,401,0,0,8,0B,9F,00,00,45,00,00,00
226965,1,400,0,0,8,01,00,0C,00,00,00,00,00
226985,0,300,0,0,8,00,5A,64,5A,00,00,00,73
226985,0,301,0,0,3,96,03,00
227005,1,201,0,0,5,26,02,56,04,02
227015,1,203,0,0,8,52,08,D0,38,24,00,00,00
227035,0,300,0,0,8,00,5A,64,5A,00,00,00,04
227035,0,301,0,0,3,03,04,00
227045,1,206,0,0,8,00,00,00,00,00,00,00,00
227045,1,401,0,0,8,0B,9F,00,00,45,00,00,00
227065,1,400,0,0,8,01,00,0C,00,00,00,00,00
227085,0,300,0,0,8,00,5A,64,5A,00,00,00,15
227085,0,301,0,0,3,54,05,00
227105,1,201,0,0,5,26,02,20,03,02
227115,1,203,0,0,8,54,08,30,2C,1C,00,00,00
227135,0,300,0,0,8,00,5A,64,5A,00,00,00,26
227135,0,301,0,0,3,F5,06,00
227145,1,206,0,0,8,00,00,00,00,00,00,00,00
227145,1,401,0,0,8,0B,9F,00,00,46,00,00,00
227165,1,400,0,0,8,01,00,0C,00,00,00,00,00
227185,0,300,0,0,8,00,5A,64,5A,00,00,00,37
227185,0,301,0,0,3,B8,07,00
227205,1,201,0,0,5,26,02,44,02,02
227215,1,203,0,0,8,4A,08,D8,73,13,00,00,00
227235,0,300,0,0,8,00,5A,64,5A,00,00,00,C8
227235,0,301,0,0,3,80,08,00
227245,1,206,0,0,8,00,00,00,00,00,00,00,00
227245,1,401,0,0,8,09,9F,00,00,46,00,00,00
227265,1,400,0,0,8,01,00,0C,00,00,00,00,00
227285,0,300,0,0,8,00,5A,64,5A,00,00,00,D9
227285,0,301,0,0,3,88,09,00
227305,1,201,0,0,5,26,02,76,02,02
227315,1,203,0,0,8,4E,08,B0,70,11,00,00,00
227335,0,300,0,0,8,00,5A,64,5A,00,00,00,EA
227335,0,301,0,0,3,C6,0A,00
227345,1,206,0,0,8,00,00,00,00,00,00,00,00
227345,1,401,0,0,8,09,9F,00,00,46,00,00,00
227365,1,400,0,0,8,01,00,0C,00,00,00,00,00
227385,0,300,0,0,8,00,5A,64,5A,00,00,00,FB
227385,0,301,0,0,3,43,0B,00
227405,1,201,0,0,5,26,02,EC,04,02
227415,1,203,0,0,8,56,08,B8,99,2B,00,00,00
227425,1,403,0,0,8,64,00,00,00,40,E3,09,00
227435,0,300,0,0,8,00,5A,64,5A,00,00,00,8C
227435,0,301,0,0,3,B5,0C,00
227445,1,206,0,0,8,00,00,00,00,00,00,00,00
227445,1,401,0,0,8,0D,9F,00,00,46,00,00,00
227465,1,400,0,0,8,01,00,0C,00,00,00,00,00
227485,0,300,0,0,8,00,5A,64,5A,00,00,00,9D
227485,0,301,0,0,3,4E,0D,00
227505,1,201,0,0,5,26,02,14,05,02
227515,1,203,0,0,8,5A,08,D4,91,26,00,00,00
227525,1,204,0,0,8,00,00,00,00,00,00,00,00
227535,0,300,0,0,8,00,5A,64,5A,00,00,00,AE
227535,0,301,0,0,3,1D,0E,00
227545,1,206,0,0,8,00,00,00,00,00,00,00,00
227545,1,202,0,0,8,E2,12,00,00,C5,7C,05,00
227545,1,401,0,0,8,0D,9F,00,00,46,00,00,00
227555,1,666,0,0,8,52,08,05,00,52,95,36,02
227565,1,665,0,0,8,00,00,00,53,4C,18,53,00
227565,1,400,0,0,8,01,00,0C,00,00,00,00,00
227575,1,200,0,0,8,58,00,37,A4,08,00,00,00
227585,0,300,0,0,8,00,5A,64,5A,00,00,00,BF
227585,0,301,0,0,3,E8,0F,00
227605,1,201,0,0,5,26,02,52,03,02
227615,1,203,0,0,8,59,08,34,85,1E,00,00,00
227635,0,300,0,0,8,00,5A,64,5A,00,00,00,40
227635,0,301,0,0,3,E2,00,00
227645,1,206,0,0,8,00,00,00,00,00,00,00,00
227645,1,401,0,0,8,0D,9F,00,00,46,00,00,00
227665,1,400,0,0,8,01,00,0C,00,00,00,00,00
227685,0,300,0,0,8,00,5A,64,5A,00,00,00,51
227685,0,301,0,0,3,B3,01,00
227705,1,201,0,0,5,26,02,FE,01,02
227715,1,203,0,0,8,55,08,00,77,15,00,00,00
227735,0,300,0,0,8,00,5A,64,5A,00,00,00,62
227735,0,301,0,0,3,6B,02,00
227745,1,206,0,0,8,00,00,00,00,00,00,00,00
227745,1,401,0,0,8,0B,9F,00,00,46,00,00,00
227765,1,400,0,0,8,01,00,0C,00,00,00,00,00
227785,0,300,0,0,8,00,5A,64,5A,00,00,00,73
227785,0,301,0,0,3,96,03,00
227805,1,201,0,0,5,26,02,0E,01,02
227815,1,203,0,0,8,4F,08,10,64,09,00,00,00
227835,0,300,0,0,8,00,5A,64,5A,00,00,00,04
227835,0,301,0,0,3,03,04,00
227845,1,206,0,0,8,00,00,00,00,00,00,00,00
227845,1,401,0,0,8,0B,9F,00,00,46,00,00,00
227875,1,400,0,0,8,01,00,0C,00,00,00,00,00
227885,0,300,0,0,8,00,5A,64,5A,00,00,00,15
227885,0,301,0,0,3,54,05,00
227905,1,201,0,0,5,26,02,80,02,02
227915,1,203,0,0,8,4D,08,E0,25,18,00,00,00
227935,1,402,0,0,8,58,00,00,00,2C,A4,08,00
227935,0,300,0,0,8,00,5A,64,5A,00,00,00,26
227935,0,301,0,0,3,F5,06,00
227945,1,206,0,0,8,00,00,00,00,00,00,00,00
227955,1,401,0,0,8,0B,9F,00,00,46,00,00,00
227975,1,400,0,0,8,01,00,0C,00,00,00,00,00
227985,0,300,0,0,8,00,5A,64,5A,00,00,00,37
227985,0,301,0,0,3,B8,07,00
228005,1,201,0,0,5,26,02,8E,03,02
228015,1,203,0,0,8,52,08,7C,D9,1D,00,00,00
228035,0,300,0,0,8,00,5A,64,5A,00,00,00,C8
228035,0,301,0,0,3,80,08,00
228045,1,206,0,0,8,00,00,00,00,00,00,00,00
228055,1,401,0,0,8,0B,9F,00,00,46,00,00,00
228075,1,400,0,0,8,01,00,0C,00,00,00,00,00
228085,0,300,0,0,8,00,5A,64,5A,00,00,00,D9
228085,0,301,0,0,3,88,09,00
228105,1,201,0,0,5,26,02,28,05,02
228115,1,203,0,0,8,4E,08,70,45,2C,00,00,00
228135,0,300,0,0,8,00,5A,64,5A,00,00,00,EA
228135,0,301,0,0,3,C6,0A,00
228145,1,206,0,0,8,00,00,00,00,00,00,00,00
228155,1,401,0,0,8,0B,9F,00,00,46,00,00,00
228175,1,400,0,0,8,01,00,0C,00,00,00,00,00
228185,0,300,0,0,8,00,5A,64,5A,00,00,00,FB
228185,0,301,0,0,3,43,0B,00
228205,1,201,0,0,5,26,02,52,03,02
228215,1,203,0,0,8,48,08,88,E4,24,00,00,00
228235,0,300,0,0,8,00,5A,64,5A,00,00,00,8C
228235,0,301,0,0,3,B5,0C,00
228245,1,206,0,0,8,00,00,00,00,00,00,00,00
228255,1,401,0,0,8,0B,9F,00,00,46,00,00,00
228275,1,400,0,0,8,01,00,0C,00,00,00,00,00
228285,0,300,0,0,8,00,5A,64,5A,00,00,00,9D
228285,0,301,0,0,3,4E,0D,00
228305,1,201,0,0,5,26,02,F4,01,02
228315,1,203,0,0,8,44,08,D4,1A,11,00,00,00
228335,0,300,0,0,8,00,5A,64,5A,00,00,00,AE
228335,0,301,0,0,3,1D,0E,00
228345,1,206,0,0,8,00,00,00,00,00,00,00,00
228355,1,401,0,0,8,0B,9F,00,00,46,00,00,00
228375,1,400,0,0,8,01,00,0C,00,00,00,00,00
228385,0,300,0,0,8,00,5A,64,5A,00,00,00,BF
228385,0,301,0,0,3,E8,0F,00
228405,1,201,0,0,5,26,02,4A,01,02
228415,1,203,0,0,8,4A,08,84,14,0D,00,00,00
228435,1,403,0,0,8,64,00,00,00,40,E3,09,00
228435,0,300,0,0,8,00,5A,64,5A,00,00,00,40
228435,0,301,0,0,3,E2,00,00
228445,1,206,0,0,8,00,00,00,00,00,00,00,00
228455,1,401,0,0,8,09,9F,00,00,46,00,00,00
228475,1,400,0,0,8,01,00,0C,00,00,00,00,00
228485,0,300,0,0,8,00,5A,64,5A,00,00,00,51
228485,0,301,0,0,3,B3,01,00
228505,1,201,0,0,5,26,02,CA,03,02
228515,1,203,0,0,8,55,08,30,2C,1C,00,00,00
228525,1,204,0,0,8,00,00,00,00,00,00,00,00
228535,0,300,0,0,8,00,5A,64,5A,00,00,00,62
228535,0,301,0,0,3,6B,02,00
228545,1,206,0,0,8,00,00,00,00,00,00,00,00
228545,1,202,0,0,8,E2,12,00,00,C7,7C,05,00
228555,1,401,0,0,8,09,9F,00,00,46,00,00,00
228575,1,400,0,0,8,01,00,0C,00,00,00,00,00
228585,0,300,0,0,8,00,5A,64,5A,00,00,00,73
228585,0,301,0,0,3,96,03,00
228605,1,201,0,0,5,26,02,7E,04,02
228615,1,203,0,0,8,5A,08,8C,3D,27,00,00,00
228635,0,300,0,0,8,00,5A,64,5A,00,00,00,04
228635,0,301,0,0,3,03,04,00
228645,1,206,0,0,8,00,00,00,00,00,00,00,00
228655,1,401,0,0,8,09,9F,00,00,46,00,00,00
228675,1,400,0,0,8,01,00,0C,00,00,00,00,00
228685,0,300,0,0,8,00,5A,64,5A,00,00,00,15
228685,0,301,0,0,3,54,05,00
228705,1,201,0,0,5,26,02,EC,04,02
228715,1,203,0,0,8,5B,08,6C,EC,29,00,00,00
228735,0,300,0,0,8,00,5A,64,5A,00,00,00,26
228735,0,301,0,0,3,F5,06,00
228745,1,206,0,0,8,00,00,00,00,00,00,00,00
228755,1,401,0,0,8,0B,9F,00,00,46,00,00,00
228775,1,400,0,0,8,01,00,0C,00,00,00,00,00
228785,0,300,0,0,8,00,5A,64,5A,00,00,00,37
228785,0,301,0,0,3,B8,07,00
228805,1,201,0,0,5,26,02,C6,02,02
228815,1,203,0,0,8,5B,08,04,D0,17,00,00,00
228835,0,300,0,0,8,00,5A,64,5A,00,00,00,C8
228835,0,301,0,0,3,80,08,00
228845,1,206,0,0,8,00,00,00,00,00,00,00,00
228855,1,401,0,0,8,0B,9F,00,00,46,00,00,00
228875,1,400,0,0,8,01,00,0C,00,00,00,00,00
228885,0,300,0,0,8,00,5A,64,5A,00,00,00,D9
228885,0,301,0,0,3,88,09,00
228905,1,201,0,0,5,26,02,E0,01,02
228915,1,203,0,0,8,5F,08,B0,70,11,00,00,00
228935,1,402,0,0,8,58,00,00,00,2C,A4,08,00
228935,0,300,0,0,8,00,5A,64,5A,00,00,00,EA
228935,0,301,0,0,3,C6,0A,00
228945,1,206,0,0,8,00,00,00,00,00,00,00,00
228955,1,401,0,0,8,0B,9F,00,00,46,00,00,00
228975,1,400,0,0,8,01,00,0C,00,00,00,00,00
228985,0,300,0,0,8,00,5A,64,5A,00,00,00,FB
228985,0,301,0,0,3,43,0B,00
229005,1,201,0,0,5,26,02,1A,04,02
229015,1,203,0,0,8,74,08,00,1E,21,00,00,00
229035,0,300,0,0,8,00,5A,64,5A,00,00,00,8C
229035,0,301,0,0,3,B5,0C,00
229045,1,206,0,0,8,00,00,00,00,00,00,00,00
229055,1,401,0,0,8,0B,9F,00,00,46,00,00,00
229075,1,400,0,0,8,01,00,0C,00,00,00,00,00
229085,0,300,0,0,8,00,5A,64,5A,00,00,00,9D
229085,0,301,0,0,3,4E,0D,00
229105,1,201,0,0,5,26,02,4A,06,02
229115,1,203,0,0,8,77,08,D0,C7,34,00,00,00
229135,0,300,0,0,8,00,5A,64,5A,00,00,00,AE
229135,0,301,0,0,3,1D,0E,00
229145,1,206,0,0,8,00,00,00,00,00,00,00,00
229155,1,401,0,0,8,0B,9F,00,00,46,00,00,00
229175,1,400,0,0,8,01,00,0C,00,00,00,00,00
229185,0,300,0,0,8,00,5A,64,5A,00,00,00,BF
229185,0,301,0,0,3,E8,0F,00
229205,1,201,0,0,5,26,02,82,05,02
229215,1,203,0,0,8,73,08,10,A4,30,00,00,00
229235,0,300,0,0,8,00,5A,64,5A,00,00,00,40
229235,0,301,0,0,3,E2,00,00
229245,1,206,0,0,8,00,00,00,00,00,00,00,00
229255,1,401,0,0,8,09,9F,00,00,46,00,00,00
229275,1,400,0,0,8,01,00,0C,00,00,00,00,00
229285,0,300,0,0,8,00,5A,64,5A,00,00,00,51
229285,0,301,0,0,3,B3,01,00
229305,1,201,0,0,5,26,02,1A,04,02
229315,1,203,0,0,8,74,08,80,65,29,00,00,00
229335,0,300,0,0,8,00,5A,64,5A,00,00,00,62
229335,0,301,0,0,3,6B,02,00
229345,1,206,0,0,8,00,00,00,00,00,00,00,00
229355,1,401,0,0,8,09,9F,00,00,46,00,00,00
229375,1,400,0,0,8,01,00,0C,00,00,00,00,00
229385,0,300,0,0,8,00,5A,64,5A,00,00,00,73
229385,0,301,0,0,3,96,03,00
229405,1,201,0,0,5,26,02,A8,02,02
229415,1,203,0,0,8,79,08,20,87,19,00,00,00
229435,1,403,0,0,8,64,00,00,00,40,E3,09,00
229435,0,300,0,0,8,00,5A,64,5A,00,00,00,04
229435,0,301,0,0,3,03,04,00
229445,1,206,0,0,8,00,00,00,00,00,00,00,00
229455,1,401,0,0,8,0B,9F,00,00,46,00,00,00
229475,1,400,0,0,8,01,00,0C,00,00,00,00,00
229485,0,300,0,0,8,00,5A,64,5A,00,00,00,15
229485,0,301,0,0,3,54,05,00
229505,1,201,0,0,5,26,02,F4,01,02
229515,1,203,0,0,8,71,08,E0,A0,12,00,00,00
229525,1,204,0,0,8,00,00,00,00,00,00,00,00
229535,0,300,0,0,8,00,5A,64,5A,00,00,00,26
229535,0,301,0,0,3,F5,06,00
229545,1,206,0,0,8,00,00,00,00,00,00,00,00
229545,1,202,0,0,8,E2,13,00,00,C7,7C,05,00
229555,1,401,0,0,8,0B,9F,00,00,46,00,00,00
229575,1,400,0,0,8,01,00,0C,00,00,00,00,00
229585,0,300,0,0,8,00,5A,64,5A,00,00,00,37
229585,0,301,0,0,3,B8,07,00
229605,1,201,0,0,5,26,02,3C,05,02
229615,1,203,0,0,8,76,08,40,04,28,00,00,00
229635,0,300,0,0,8,00,5A,64,5A,00,00,00,C8
229635,0,301,0,0,3,80,08,00
229645,1,206,0,0,8,00,00,00,00,00,00,00,00
229655,1,401,0,0,8,0B,9F,00,00,45,00,00,00
229675,1,400,0,0,8,01,00,0C,00,00,00,00,00
229685,0,300,0,0,8,00,5A,64,5A,00,00,00,D9
229685,0,301,0,0,3,88,09,00
229705,1,201,0,0,5,26,02,28,05,02
229715,1,203,0,0,8,66,08,70,45,2C,00,00,00
229735,0,300,0,0,8,00,5A,64,5A,00,00,00,EA
229735,0,301,0,0,3,C6,0A,00
229745,1,206,0,0,8,00,00,00,00,00,00,00,00
229755,1,401,0,0,8,0B,9F,00,00,45,00,00,00
229775,1,400,0,0,8,01,00,0C,00,00,00,00,00
229785,0,300,0,0,8,00,5A,64,5A,00,00,00,FB
229785,0,301,0,0,3,43,0B,00
229805,1,201,0,0,5,30,02,92,04,02
229815,1,203,0,0,8,62,08,B8,99,2B,00,00,00
229835,0,300,0,0,8,00,5A,64,5A,00,00,00,8C
229835,0,301,0,0,3,B5,0C,00
229845,1,206,0,0,8,00,00,00,00,00,00,00,00
229855,1,401,0,0,8,0B,9F,00,00,45,00,00,00
229875,1,400,0,0,8,01,00,0C,00,00,00,00,00
229885,0,300,0,0,8,00,5A,64,5A,00,00,00,9D
229885,0,301,0,0,3,4E,0D,00
229905,1,201,0,0,5,30,02,B6,03,02
229915,1,203,0,0,8,5E,08,80,32,20,00,00,00
229935,1,402,0,0,8,58,00,00,00,2C,A4,08,00
229935,0,300,0,0,8,00,5A,64,5A,00,00,00,AE
229935,0,301,0,0,3,1D,0E,00
229945,1,206,0,0,8,00,00,00,00,00,00,00,00
229955,1,401,0,0,8,09,9F,00,00,46,00,00,00
229975,1,400,0,0,8,01,00,0C,00,00,00,00,00
229985,0,300,0,0,8,00,5A,64,5A,00,00,00,BF
229985,0,301,0,0,3,E8,0F,00
230005,1,201,0,0,5,30,02,58,02,02
230015,1,203,0,0,8,60,08,54,D6,1B,00,00,00
230035,0,300,0,0,8,00,5A,64,5A,00,00,00,40
230035,0,301,0,0,3,E2,00,00
230045,1,206,0,0,8,00,00,00,00,00,00,00,00
230055,1,401,0,0,8,09,9F,00,00,46,00,00,00
230075,1,400,0,0,8,01,00,0C,00,00,00,00,00
230085,0,300,0,0,8,00,5A,64,5A,00,00,00,51
230085,0,301,0,0,3,B3,01,00
230105,1,201,0,0,5,30,02,5C,03,02
230115,1,203,0,0,8,5D,08,2C,D3,19,00,00,00
230135,0,300,0,0,8,00,5A,64,5A,00,00,00,62
230135,0,301,0,0,3,6B,02,00
230145,1,206,0,0,8,00,00,00,00,00,00,00,00
230155,1,401,0,0,8,09,9F,00,00,46,00,00,00
230175,1,400,0,0,8,01,00,0C,00,00,00,00,00
230185,0,300,0,0,8,00,5A,64,5A,00,00,00,73
230185,0,301,0,0,3,96,03,00
230205,1,201,0,0,5,30,02,AA,05,02
230215,1,203,0,0,8,66,08,78,F7,30,00,00,00
230235,0,300,0,0,8,00,5A,64,5A,00,00,00,04
230235,0,301,0,0,3,03,04,00
230245,1,206,0,0,8,00,00,00,00,00,00,00,00
230255,1,401,0,0,8,0D,9F,00,00,46,00,00,00
230275,1,400,0,0,8,01,00,0C,00,00,00,00,00
230285,0,300,0,0,8,00,5A,64,5A,00,00,00,15
230285,0,301,0,0,3,54,05,00
230305,1,201,0,0,5,30,02,FA,05,02
230315,1,203,0,0,8,67,08,30,A3,31,00,00,00
230335,0,300,0,0,8,00,5A,64,5A,00,00,00,26
230335,0,301,0,0,3,F5,06,00
230345,1,206,0,0,8,00,00,00,00,00,00,00,00
230355,1,401,0,0,8,0D,9F,00,00,46,00,00,00
230375,1,400,0,0,8,01,00,0C,00,00,00,00,00
230385,0,300,0,0,8,00,5A,64,5A,00,00,00,37
230385,0,301,0,0,3,B8,07,00
230405,1,201,0,0,5,30,02,E8,03,02
230415,1,203,0,0,8,57,08,F0,89,21,00,00,00
230435,1,403,0,0,8,64,00,00,00,40,E3,09,00
230435,0,300,0,0,8,00,5A,64,5A,00,00,00,C8
230435,0,301,0,0,3,80,08,00
230445,1,206,0,0,8,00,00,00,00,00,00,00,00
230455,1,401,0,0,8,0B,9F,00,00,45,00,00,00
230475,1,400,0,0,8,01,00,0C,00,00,00,00,00
230485,0,300,0,0,8,00,5A,64,5A,00,00,00,D9
230485,0,301,0,0,3,88,09,00
230505,1,201,0,0,5,30,02,F8,02,02
230515,1,203,0,0,8,5A,08,30,2C,1C,00,00,00
230525,1,204,0,0,8,00,00,00,00,00,00,00,00
230535,0,300,0,0,8,00,5A,64,5A,00,00,00,EA
230535,0,301,0,0,3,C6,0A,00
230545,1,206,0,0,8,00,00,00,00,00,00,00,00
230545,1,202,0,0,8,E2,13,00,00,C9,7C,05,00
230555,1,666,0,0,8,52,08,05,00,52,95,36,02
230555,1,401,0,0,8,0B,9F,00,00,45,00,00,00
230565,1,665,0,0,8,00,00,00,53,4C,18,53,00
230575,1,400,0,0,8,01,00,0C,00,00,00,00,00
230575,1,200,0,0,8,58,00,34,A4,08,00,01,00
230585,0,300,0,0,8,00,5A,64,5A,00,00,00,FB
230585,0,301,0,0,3,43,0B,00
230605,1,201,0,0,5,30,02,E0,01,02
230615,1,203,0,0,8,5D,08,F8,C4,10,00,00,00
230635,0,300,0,0,8,00,5A,64,5A,00,00,00,8C
230635,0,301,0,0,3,B5,0C,00
230645,1,206,0,0,8,00,00,00,00,00,00,00,00
230655,1,401,0,0,8,0B,9F,00,00,46,00,00,00
230675,1,400,0,0,8,01,00,0C,00,00,00,00,00
230685,0,300,0,0,8,00,5A,64,5A,00,00,00,9D
230685,0,301,0,0,3,4E,0D,00
230705,1,201,0,0,5,30,02,7A,03,02
230715,1,203,0,0,8,62,08,90,1F,14,00,00,00
230735,0,300,0,0,8,00,5A,64,5A,00,00,00,AE
230735,0,301,0,0,3,1D,0E,00
230745,1,206,0,0,8,00,00,00,00,00,00,00,00
230755,1,401,0,0,8,0B,9F,00,00,46,00,00,00
230775,1,400,0,0,8,01,00,0C,00,00,00,00,00
230785,0,300,0,0,8,00,5A,64,5A,00,00,00,BF
230785,0,301,0,0,3,E8,0F,00
230805,1,201,0,0,5,30,02,A0,05,02
230815,1,203,0,0,8,6F,08,E4,F5,2F,00,00,00
230835,0,300,0,0,8,00,5A,64,5A,00,00,00,40
230835,0,301,0,0,3,E2,00,00
230845,1,206,0,0,8,00,00,00,00,00,00,00,00
230855,1,401,0,0,8,0B,9F,00,00,46,00,00,00
230875,1,400,0,0,8,01,00,0C,00,00,00,00,00
230885,0,300,0,0,8,00,5A,64,5A,00,00,00,51
230885,0,301,0,0,3,B3,01,00
230905,1,201,0,0,5,30,02,50,05,02
230915,1,203,0,0,8,71,08,E0,BE,33,00,00,00
230935,1,402,0,0,8,58,00,00,00,2C,A4,08,00
230935,0,300,0,0,8,00,5A,64,5A,00,00,00,62
230935,0,301,0,0,3,6B,02,00
230945,1,206,0,0,8,00,00,00,00,00,00,00,00
230955,1,401,0,0,8,09,9F,00,00,46,00,00,00
230975,1,400,0,0,8,01,00,0C,00,00,00,00,00
230985,0,300,0,0,8,00,5A,64,5A,00,00,00,73
230985,0,301,0,0,3,96,03,00
231005,1,201,0,0,5,30,02,DE,03,02
231015,1,203,0,0,8,66,08,64,3A,25,00,00,00
231035,0,300,0,0,8,00,5A,64,5A,00,00,00,04
231035,0,301,0,0,3,03,04,00
231045,1,206,0,0,8,00,00,00,00,00,00,00,00
231055,1,401,0,0,8,09,9F,00,00,46,00,00,00
231075,1,400,0,0,8,01,00,0C,00,00,00,00,00
231085,0,300,0,0,8,00,5A,64,5A,00,00,00,15
231085,0,301,0,0,3,54,05,00
231105,1,201,0,0,5,30,02,B8,01,02
231115,1,203,0,0,8,5B,08,84,14,0D,00,00,00
231135,0,300,0,0,8,00,5A,64,5A,00,00,00,26
231135,0,301,0,0,3,F5,06,00
231145,1,206,0,0,8,00,00,00,00,00,00,00,00
231155,1,401,0,0,8,09,9F,00,00,46,00,00,00
231175,1,400,0,0,8,01,00,0C,00,00,00,00,00
231185,0,300,0,0,8,00,5A,64,5A,00,00,00,37
231185,0,301,0,0,3,B8,07,00
231205,1,201,0,0,5,30,02,8A,02,02
231215,1,203,0,0,8,62,08,64,C3,0F,00,00,00
231235,0,300,0,0,8,00,5A,64,5A,00,00,00,C8
231235,0,301,0,0,3,80,08,00
231245,1,206,0,0,8,00,00,00,00,00,00,00,00
231255,1,401,0,0,8,0B,9F,00,00,46,00,00,00
231275,0,404,0,0,2,4A,00
231275,1,405,0,0,8,4A,00,00,00,06,00,00,00
231275,1,400,0,0,8,01,00,0C,00,00,00,00,00
231285,0,300,0,0,8,00,5A,64,5A,00,00,00,D9
231285,0,301,0,0,3,88,09,00
231305,0,404,0,0,2,02,30
231305,1,405,0,0,7,02,30,00,00,00,00,00
231305,1,201,0,0,5,30,02,28,05,02
231315,1,203,0,0,8,6A,08,70,45,2C,00,00,00
231335,0,404,0,0,2,44,00
231335,1,405,0,0,6,44,00,00,00,50,46
231335,0,300,0,0,8,00,5A,64,5A,00,00,00,EA
231335,0,301,0,0,3,C6,0A,00
231345,1,206,0,0,8,00,00,00,00,00,00,00,00
231355,1,401,0,0,8,0B,9F,00,00,46,00,00,00
231375,0,404,0,0,2,01,00
231375,1,405,0,0,8,01,00,00,00,00,04,06,04
231375,1,400,0,0,8,01,00,0C,00,00,00,00,00
231385,0,300,0,0,8,00,5A,64,5A,00,00,00,FB
231385,0,301,0,0,3,43,0B,00
231395,0,404,0,0,2,A3,01
231395,1,405,0,0,5,A3,01,00,00,06
231405,1,201,0,0,5,30,02,8C,05,02
231415,1,203,0,0,8,6A,08,E4,F5,2F,00,00,00
231435,0,404,0,0,2,20,00
231435,1,405,0,0,8,20,00,00,00,32,33,36,47
231435,0,300,0,0,8,00,5A,64,5A,00,00,00,8C
231435,0,301,0,0,3,B5,0C,00
231435,1,403,0,0,8,64,00,00,00,40,E3,09,00
231445,1,206,0,0,8,00,00,00,00,00,00,00,00
231455,1,401,0,0,8,09,9F,00,00,46,00,00,00
231465,0,404,0,0,2,21,00
231465,1,405,0,0,8,21,00,00,00,35,4C,41,31
231475,1,400,0,0,8,01,00,0C,00,00,00,00,00
231485,0,300,0,0,8,00,5A,64,5A,00,00,00,9D
231485,0,301,0,0,3,4E,0D,00
231495,0,404,0,0,2,22,00
231495,1,405,0,0,8,22,00,00,00,30,30,34,52
231505,1,201,0,0,5,30,02,BA,04,02
231515,1,203,0,0,8,66,08,FC,94,28,00,00,00
231525,0,404,0,0,2,23,00
231535,1,405,0,0,8,23,00,00,00,4D,30,30,30
231535,1,204,0,0,8,00,00,00,00,00,00,00,00
231535,0,300,0,0,8,00,5A,64,5A,00,00,00,AE
231535,0,301,0,0,3,1D,0E,00
231545,1,206,0,0,8,00,00,00,00,00,00,00,00
231545,1,202,0,0,8,E2,12,00,00,CB,7C,05,00
231555,0,404,0,0,2,24,00
231555,1,405,0,0,8,24,00,00,00,30,30,30,30
231555,1,401,0,0,8,09,9F,00,00,46,00,00,00
231575,1,400,0,0,8,01,00,0C,00,00,00,00,00
231585,0,404,0,0,2,25,00
231585,1,405,0,0,8,25,00,00,00,30,30,30,30
231585,0,300,0,0,8,00,5A,64,5A,00,00,00,BF
231585,0,301,0,0,3,E8,0F,00
231605,1,201,0,0,5,30,02,F8,02,02
231615,0,404,0,0,2,26,00
231615,1,405,0,0,8,26,00,00,00,30,30,30,30
231615,1,203,0,0,8,63,08,A8,35,22,00,00,00
231635,0,300,0,0,8,00,5A,64,5A,00,00,00,40
231635,0,301,0,0,3,E2,00,00
231645,1,206,0,0,8,00,00,00,00,00,00,00,00
231645,0,404,0,0,2,27,00
231645,1,405,0,0,6,27,00,00,00,30,30
231655,1,401,0,0,8,09,9F,00,00,46,00,00,00
231675,1,400,0,0,8,01,00,0C,00,00,00,00,00
231685,0,404,0,0,2,4C,00
231685,1,405,0,0,8,4C,00,00,00,01,24,00,00
231685,0,300,0,0,8,00,5A,64,5A,00,00,00,51
231685,0,301,0,0,3,B3,01,00
231705,1,201,0,0,5,30,02,2C,01,02
231715,0,404,0,0,2,46,00
231715,1,405,0,0,5,46,00,00,00,00
231715,1,203,0,0,8,4E,08,84,14,0D,00,00,00
231735,0,300,0,0,8,00,5A,64,5A,00,00,00,62
231735,0,301,0,0,3,6B,02,00
231745,1,206,0,0,8,00,00,00,00,00,00,00,00
231745,0,404,0,0,2,4D,00
231745,1,405,0,0,8,4D,00,00,00,00,00,00,00
231755,1,401,0,0,8,09,9F,00,00,46,00,00,00
231775,0,404,0,0,2,50,00
231775,1,405,0,0,8,50,00,00,00,7F,00,7E,00
231775,1,400,0,0,8,01,00,0C,00,00,00,00,00
231785,0,300,0,0,8,00,5A,64,5A,00,00,00,73
231785,0,301,0,0,3,96,03,00
231805,0,404,0,0,2,02,00
231805,1,405,0,0,8,02,00,00,00,53,49,43,54
231805,1,201,0,0,5,30,02,44,02,02
231815,1,203,0,0,8,55,08,00,77,15,00,00,00
231835,0,300,0,0,8,00,5A,64,5A,00,00,00,04
231835,0,301,0,0,3,03,04,00
231845,0,404,0,0,2,0A,00
231845,1,206,0,0,8,00,00,00,00,00,00,00,00
231845,1,405,0,0,8,0A,00,00,00,30,3A,00,00
231855,1,401,0,0,8,09,9F,00,00,46,00,00,00
231865,0,404,0,0,2,04,00
231865,1,405,0,0,7,04,00,00,00,16,09,02
231875,1,400,0,0,8,01,00,0C,00,00,00,00,00
231885,0,300,0,0,8,00,5A,64,5A,00,00,00,15
231885,0,301,0,0,3,54,05,00
231895,0,404,0,0,2,B0,01
231895,1,405,0,0,6,B0,01,00,00,00,00
231905,1,201,0,0,5,30,02,92,04,02
231915,1,203,0,0,8,51,08,18,8D,23,00,00,00
231925,0,404,0,0,2,B1,01
231935,1,405,0,0,6,B1,01,00,00,00,00
231935,0,300,0,0,8,00,5A,64,5A,00,00,00,26
231935,0,301,0,0,3,F5,06,00
231935,1,402,0,0,8,58,00,00,00,2C,A4,08,00
231945,1,206,0,0,8,00,00,00,00,00,00,00,00
231955,1,401,0,0,8,09,9F,00,00,45,00,00,00
231975,1,400,0,0,8,01,00,0C,00,00,00,00,00
231985,0,300,0,0,8,00,5A,64,5A,00,00,00,37
231985,0,301,0,0,3,B8,07,00
232005,1,201,0,0,5,30,02,64,05,02
232015,1,203,0,0,8,4A,08,98,48,2E,00,00,00
232035,0,300,0,0,8,00,5A,64,5A,00,00,00,C8
232035,0,301,0,0,3,80,08,00
232045,1,206,0,0,8,00,00,00,00,00,00,00,00
232065,1,401,0,0,8,09,9F,00,00,45,00,00,00
232085,1,400,0,0,8,01,00,0C,00,00,00,00,00
232085,0,300,0,0,8,00,5A,64,5A,00,00,00,D9
232085,0,301,0,0,3,88,09,00
232105,1,201,0,0,5,30,02,74,04,02
232115,1,203,0,0,8,46,08,48,42,2A,00,00,00
232135,0,300,0,0,8,00,5A,64,5A,00,00,00,EA
232135,0,301,0,0,3,C6,0A,00
232145,1,206,0,0,8,00,00,00,00,00,00,00,00
232165,1,401,0,0,8,09,9F,00,00,45,00,00,00
232185,1,400,0,0,8,01,00,0C,00,00,00,00,00
232185,0,300,0,0,8,00,5A,64,5A,00,00,00,FB
232185,0,301,0,0,3,43,0B,00
232205,1,201,0,0,5,30,02,AE,01,02
232215,1,203,0,0,8,3A,08,40,19,10,00,00,00
232235,0,300,0,0,8,00,5A,64,5A,00,00,00,8C
232235,0,301,0,0,3,B5,0C,00
232245,1,206,0,0,8,00,00,00,00,00,00,00,00
232265,1,401,0,0,8,09,9F,00,00,45,00,00,00
232285,1,400,0,0,8,01,00,0C,00,00,00,00,00
232285,0,300,0,0,8,00,5A,64,5A,00,00,00,9D
232285,0,301,0,0,3,4E,0D,00
232305,1,201,0,0,5,30,02,4A,01,02
232315,1,203,0,0,8,31,08,08,0E,0C,00,00,00
232335,0,300,0,0,8,00,5A,64,5A,00,00,00,AE
232335,0,301,0,0,3,1D,0E,00
232345,1,206,0,0,8,00,00,00,00,00,00,00,00
232365,1,401,0,0,8,09,9F,00,00,45,00,00,00
232385,1,400,0,0,8,01,00,0C,00,00,00,00,00
232385,0,300,0,0,8,00,5A,64,5A,00,00,00,BF
232385,0,301,0,0,3,E8,0F,00
232405,1,201,0,0,5,30,02,4C,04,02
232415,1,203,0,0,8,43,08,14,34,21,00,00,00
232435,0,300,0,0,8,00,5A,64,5A,00,00,00,40
232435,0,301,0,0,3,E2,00,00
232445,1,403,0,0,8,64,00,00,00,40,E3,09,00
232445,1,206,0,0,8,00,00,00,00,00,00,00,00
232465,1,401,0,0,8,09,9F,00,00,46,00,00,00
232485,1,400,0,0,8,01,00,0C,00,00,00,00,00
232485,0,300,0,0,8,00,5A,64,5A,00,00,00,51
232485,0,301,0,0,3,B3,01,00
232505,1,201,0,0,5,26,02,C8,05,02
232515,1,203,0,0,8,4E,08,E0,9C,2D,00,00,00
232535,1,204,0,0,8,00,00,00,00,00,00,00,00
232535,0,300,0,0,8,00,5A,64,5A,00,00,00,62
232535,0,301,0,0,3,6B,02,00
232545,1,206,0,0,8,00,00,00,00,00,00,00,00
232545,1,202,0,0,8,E2,13,00,00,CB,7C,05,00
232565,1,401,0,0,8,09,9F,00,00,46,00,00,00
232585,1,400,0,0,8,01,00,0C,00,00,00,00,00
232585,0,300,0,0,8,00,5A,64,5A,00,00,00,73
232585,0,301,0,0,3,96,03,00
232605,1,201,0,0,5,26,02,82,05,02
232615,1,203,0,0,8,56,08,2C,4A,2F,00,00,00
232635,0,300,0,0,8,00,5A,64,5A,00,00,00,04
232635,0,301,0,0,3,03,04,00
232645,1,206,0,0,8,00,00,00,00,00,00,00,00
232665,1,401,0,0,8,09,9F,00,00,46,00,00,00
232685,1,400,0,0,8,01,00,0C,00,00,00,00,00
232685,0,300,0,0,8,00,5A,64,5A,00,00,00,15
232685,0,301,0,0,3,54,05,00
232705,1,201,0,0,5,26,02,2E,04,02
232715,1,203,0,0,8,4B,08,84,8B,22,00,00,00
232735,0,300,0,0,8,00,5A,64,5A,00,00,00,26
232735,0,301,0,0,3,F5,06,00
232745,1,206,0,0,8,00,00,00,00,00,00,00,00
232765,1,401,0,0,8,0D,9F,00,00,46,00,00,00
232785,1,400,0,0,8,01,00,0C,00,00,00,00,00
232785,0,300,0,0,8,00,5A,64,5A,00,00,00,37
232785,0,301,0,0,3,B8,07,00
232805,1,201,0,0,5,26,02,26,02,02
232815,1,203,0,0,8,4E,08,DC,CC,15,00,00,00
232835,0,300,0,0,8,00,5A,64,5A,00,00,00,C8
232835,0,301,0,0,3,80,08,00
232845,1,206,0,0,8,00,00,00,00,00,00,00,00
232865,1,401,0,0,8,0D,9F,00,00,46,00,00,00
232885,1,400,0,0,8,01,00,0C,00,00,00,00,00
232885,0,300,0,0,8,00,5A,64,5A,00,00,00,D9
232885,0,301,0,0,3,88,09,00
232905,1,201,0,0,5,26,02,9A,01,02
232915,1,203,0,0,8,49,08,3C,C0,0D,00,00,00
232935,0,300,0,0,8,00,5A,64,5A,00,00,00,EA
232935,0,301,0,0,3,C6,0A,00
232945,1,402,0,0,8,58,00,00,00,2C,A4,08,00
232945,1,206,0,0,8,00,00,00,00,00,00,00,00
232965,1,401,0,0,8,0B,9F,00,00,46,00,00,00
232985,1,400,0,0,8,01,00,0C,00,00,00,00,00
232985,0,300,0,0,8,00,5A,64,5A,00,00,00,FB
232985,0,301,0,0,3,43,0B,00
233005,1,201,0,0,5,26,02,F2,03,02
233015,1,203,0,0,8,50,08,94,78,16,00,00,00
233035,0,300,0,0,8,00,5A,64,5A,00,00,00,8C
233035,0,301,0,0,3,B5,0C,00
233045,1,206,0,0,8,00,00,00,00,00,00,00,00
233065,1,401,0,0,8,0B,9F,00,00,46,00,00,00
233085,1,400,0,0,8,01,00,0C,00,00,00,00,00
233085,0,300,0,0,8,00,5A,64,5A,00,00,00,9D
233085,0,301,0,0,3,4E,0D,00
233105,1,201,0,0,5,26,02,B0,04,02
233115,1,203,0,0,8,5D,08,68,93,27,00,00,00
233135,0,300,0,0,8,00,5A,64,5A,00,00,00,AE
233135,0,301,0,0,3,1D,0E,00
233145,1,206,0,0,8,00,00,00,00,00,00,00,00
233165,1,401,0,0,8,0B,9F,00,00,46,00,00,00
233185,1,400,0,0,8,01,00,0C,00,00,00,00,00
233185,0,300,0,0,8,00,5A,64,5A,00,00,00,BF
233185,0,301,0,0,3,E8,0F,00
233205,1,201,0,0,5,26,02,14,05,02
233215,1,203,0,0,8,5C,08,4C,9B,2C,00,00,00
233235,0,300,0,0,8,00,5A,64,5A,00,00,00,40
233235,0,301,0,0,3,E2,00,00
233245,1,206,0,0,8,00,00,00,00,00,00,00,00
233265,1,401,0,0,8,0D,9F,00,00,46,00,00,00
233285,1,400,0,0,8,01,00,0C,00,00,00,00,00
233285,0,300,0,0,8,00,5A,64,5A,00,00,00,51
233285,0,301,0,0,3,B3,01,00
233305,1,201,0,0,5,26,02,C6,02,02
233315,1,203,0,0,8,4D,08,9C,2A,1B,00,00,00
233335,0,300,0,0,8,00,5A,64,5A,00,00,00,62
233335,0,301,0,0,3,6B,02,00
233345,1,206,0,0,8,00,00,00,00,00,00,00,00
233365,1,401,0,0,8,0D,9F,00,00,46,00,00,00
233385,1,400,0,0,8,01,00,0C,00,00,00,00,00
233385,0,300,0,0,8,00,5A,64,5A,00,00,00,73
233385,0,301,0,0,3,96,03,00
233405,1,201,0,0,5,26,02,86,01,02
233415,1,203,0,0,8,4B,08,CC,68,0C,00,00,00
233435,0,300,0,0,8,00,5A,64,5A,00,00,00,04
233435,0,301,0,0,3,03,04,00
233445,1,206,0,0,8,00,00,00,00,00,00,00,00
233445,1,403,0,0,8,64,00,00,00,40,E3,09,00
233465,1,401,0,0,8,09,9F,00,00,46,00,00,00
233485,1,400,0,0,8,01,00,0C,00,00,00,00,00
233485,0,300,0,0,8,00,5A,64,5A,00,00,00,15
233485,0,301,0,0,3,54,05,00
233505,1,201,0,0,5,26,02,6C,02,02
233515,1,203,0,0,8,4E,08,8C,C6,11,00,00,00
233535,1,204,0,0,8,00,00,00,00,00,00,00,00
233535,0,300,0,0,8,00,5A,64,5A,00,00,00,26
233535,0,301,0,0,3,F5,06,00
233545,1,206,0,0,8,00,00,00,00,00,00,00,00
233545,1,202,0,0,8,E2,13,00,00,CD,7C,05,00
233555,1,666,0,0,8,52,08,05,00,52,95,36,02
233565,1,401,0,0,8,09,9F,00,00,46,00,00,00
233565,1,665,0,0,8,00,00,00,53,4C,18,53,00
233575,1,200,0,0,8,58,00,31,A4,08,00,02,00
233585,1,400,0,0,8,01,00,0C,00,00,00,00,00
233585,0,300,0,0,8,00,5A,64,5A,00,00,00,37
233585,0,301,0,0,3,B8,07,00
233605,1,201,0,0,5,26,02,1A,04,02
233615,1,203,0,0,8,4E,08,3C,37,23,00,00,00
233635,0,300,0,0,8,00,5A,64,5A,00,00,00,C8
233635,0,301,0,0,3,80,08,00
233645,1,206,0,0,8,00,00,00,00,00,00,00,00
233665,1,401,0,0,8,09,9F,00,00,46,00,00,00
233685,1,400,0,0,8,01,00,0C,00,00,00,00,00
233685,0,300,0,0,8,00,5A,64,5A,00,00,00,D9
233685,0,301,0,0,3,88,09,00
233705,1,201,0,0,5,26,02,E2,04,02
233715,1,203,0,0,8,55,08,90,96,29,00,00,00
233735,0,300,0,0,8,00,5A,64,5A,00,00,00,EA
233735,0,301,0,0,3,C6,0A,00
233745,1,206,0,0,8,00,00,00,00,00,00,00,00
233765,1,401,0,0,8,0B,9F,00,00,46,00,00,00
233785,1,400,0,0,8,01,00,0C,00,00,00,00,00
233785,0,300,0,0,8,00,5A,64,5A,00,00,00,FB
233785,0,301,0,0,3,43,0B,00
233805,1,201,0,0,5,26,02,E8,03,02
233815,1,203,0,0,8,51,08,CC,DF,21,00,00,00
233835,0,300,0,0,8,00,5A,64,5A,00,00,00,8C
233835,0,301,0,0,3,B5,0C,00
233845,1,206,0,0,8,00,00,00,00,00,00,00,00
233865,1,401,0,0,8,0B,9F,00,00,46,00,00,00
233885,1,400,0,0,8,01,00,0C,00,00,00,00,00
233885,0,300,0,0,8,00,5A,64,5A,00,00,00,9D
233885,0,301,0,0,3,4E,0D,00
233905,1,201,0,0,5,30,02,FE,01,02
233915,1,203,0,0,8,4C,08,50,7D,19,00,00,00
233935,0,300,0,0,8,00,5A,64,5A,00,00,00,AE
233935,0,301,0,0,3,1D,0E,00
233945,1,206,0,0,8,00,00,00,00,00,00,00,00
233945,1,402,0,0,8,58,00,00,00,2C,A4,08,00
233965,1,401,0,0,8,0D,9F,00,00,46,00,00,00
233985,1,400,0,0,8,01,00,0C,00,00,00,00,00
233985,0,300,0,0,8,00,5A,64,5A,00,00,00,BF
233985,0,301,0,0,3,E8,0F,00
234005,1,201,0,0,5,30,02,FA,00,02
234015,1,203,0,0,8,53,08,A0,0C,08,00,00,00
234035,0,300,0,0,8,00,5A,64,5A,00,00,00,40
234035,0,301,0,0,3,E2,00,00
234045,1,206,0,0,8,00,00,00,00,00,00,00,00
234065,1,401,0,0,8,0D,9F,00,00,46,00,00,00
234085,1,400,0,0,8,01,00,0C,00,00,00,00,00
234085,0,300,0,0,8,00,5A,64,5A,00,00,00,51
234085,0,301,0,0,3,B3,01,00
234105,1,201,0,0,5,30,02,3A,02,02
234115,1,203,0,0,8,5E,08,10,64,09,00,00,00
234135,0,300,0,0,8,00,5A,64,5A,00,00,00,62
234135,0,301,0,0,3,6B,02,00
234145,1,206,0,0,8,00,00,00,00,00,00,00,00
234165,1,401,0,0,8,0D,9F,00,00,45,00,00,00
234185,1,400,0,0,8,01,00,0C,00,00,00,00,00
234185,0,300,0,0,8,00,5A,64,5A,00,00,00,73
234185,0,301,0,0,3,96,03,00
234205,1,201,0,0,5,30,02,F2,03,02
234215,1,203,0,0,8,6D,08,C8,86,1F,00,00,00
234235,0,300,0,0,8,00,5A,64,5A,00,00,00,04
234235,0,301,0,0,3,03,04,00
234245,1,206,0,0,8,00,00,00,00,00,00,00,00
234265,1,401,0,0,8,0B,9F,00,00,45,00,00,00
234285,1,400,0,0,8,01,00,0C,00,00,00,00,00
234285,0,300,0,0,8,00,5A,64,5A,00,00,00,15
234285,0,301,0,0,3,54,05,00
234305,1,201,0,0,5,30,02,FC,03,02
234315,1,203,0,0,8,65,08,F0,89,21,00,00,00
234335,0,300,0,0,8,00,5A,64,5A,00,00,00,26
234335,0,301,0,0,3,F5,06,00
234345,1,206,0,0,8,00,00,00,00,00,00,00,00
234365,1,401,0,0,8,0B,9F,00,00,45,00,00,00
234385,1,400,0,0,8,01,00,0C,00,00,00,00,00
234385,0,300,0,0,8,00,5A,64,5A,00,00,00,37
234385,0,301,0,0,3,B8,07,00
234405,1,201,0,0,5,30,02,80,02,02
234415,1,203,0,0,8,66,08,BC,7B,18,00,00,00
234435,0,300,0,0,8,00,5A,64,5A,00,00,00,C8
234435,0,301,0,0,3,80,08,00
234445,1,206,0,0,8,00,00,00,00,00,00,00,00
234445,1,403,0,0,8,64,00,00,00,40,E3,09,00
234465,1,401,0,0,8,0D,9F,00,00,46,00,00,00
234485,1,400,0,0,8,01,00,0C,00,00,00,00,00
234485,0,300,0,0,8,00,5A,64,5A,00,00,00,D9
234485,0,301,0,0,3,88,09,00
234505,1,201,0,0,5,30,02,A4,01,02
234515,1,203,0,0,8,66,08,18,16,0E,00,00,00
234535,1,204,0,0,8,00,00,00,00,00,00,00,00
234535,0,300,0,0,8,00,5A,64,5A,00,00,00,EA
234535,0,301,0,0,3,C6,0A,00
234545,1,206,0,0,8,00,00,00,00,00,00,00,00
234545,1,202,0,0,8,E2,12,00,00,D0,7C,05,00
234565,1,401,0,0,8,0D,9F,00,00,46,00,00,00
234585,1,400,0,0,8,01,00,0C,00,00,00,00,00
234585,0,300,0,0,8,00,5A,64,5A,00,00,00,FB
234585,0,301,0,0,3,43,0B,00
234605,1,201,0,0,5,30,02,E0,01,02
234615,1,203,0,0,8,6B,08,84,14,0D,00,00,00
234635,0,300,0,0,8,00,5A,64,5A,00,00,00,8C
234635,0,301,0,0,3,B5,0C,00
234645,1,206,0,0,8,00,00,00,00,00,00,00,00
234665,1,401,0,0,8,0D,9F,00,00,46,00,00,00
234685,1,400,0,0,8,01,00,0C,00,00,00,00,00
234685,0,300,0,0,8,00,5A,64,5A,00,00,00,9D
234685,0,301,0,0,3,4E,0D,00
234705,1,201,0,0,5,30,02,42,04,02
234715,1,203,0,0,8,77,08,20,91,24,00,00,00
234735,0,300,0,0,8,00,5A,64,5A,00,00,00,AE
234735,0,301,0,0,3,1D,0E,00
234745,1,206,0,0,8,00,00,00,00,00,00,00,00
234765,1,401,0,0,8,0B,9F,00,00,46,00,00,00
234785,1,400,0,0,8,01,00,0C,00,00,00,00,00
234785,0,300,0,0,8,00,5A,64,5A,00,00,00,BF
234785,0,301,0,0,3,E8,0F,00
234805,1,201,0,0,5,30,02,46,05,02
234815,1,203,0,0,8,7C,08,A0,D8,2C,00,00,00
234835,0,300,0,0,8,00,5A,64,5A,00,00,00,40
234835,0,301,0,0,3,E2,00,00
234845,1,206,0,0,8,00,00,00,00,00,00,00,00
234865,1,401,0,0,8,0B,9F,00,00,46,00,00,00
234885,1,400,0,0,8,01,00,0C,00,00,00,00,00
234885,0,300,0,0,8,00,5A,64,5A,00,00,00,51
234885,0,301,0,0,3,B3,01,00
234905,1,201,0,0,5,30,02,66,03,02
234915,1,203,0,0,8,73,08,B0,C5,20,00,00,00
234935,0,300,0,0,8,00,5A,64,5A,00,00,00,62
234935,0,301,0,0,3,6B,02,00
234945,1,206,0,0,8,00,00,00,00,00,00,00,00
234945,1,402,0,0,8,58,00,00,00,2C,A4,08,00
234965,1,401,0,0,8,0B,9F,00,00,45,00,00,00
234985,1,400,0,0,8,01,00,0C,00,00,00,00,00
234985,0,300,0,0,8,00,5A,64,5A,00,00,00,73
234985,0,301,0,0,3,96,03,00
235005,1,201,0,0,5,30,02,A4,01,02
235015,1,203,0,0,8,7F,08,D0,24,0E,00,00,00
235035,0,300,0,0,8,00,5A,64,5A,00,00,00,04
235035,0,301,0,0,3,03,04,00
235045,1,206,0,0,8,00,00,00,00,00,00,00,00
235065,1,401,0,0,8,0B,9F,00,00,45,00,00,00
235085,1,400,0,0,8,01,00,0C,00,00,00,00,00
235085,0,300,0,0,8,00,5A,64,5A,00,00,00,15
235085,0,301,0,0,3,54,05,00
235105,1,201,0,0,5,30,02,22,01,02
235115,1,203,0,0,8,89,08,A0,BA,0B,00,00,00
235135,0,300,0,0,8,00,5A,64,5A,00,00,00,26
235135,0,301,0,0,3,F5,06,00
235145,1,206,0,0,8,00,00,00,00,00,00,00,00
235165,1,401,0,0,8,0B,9F,00,00,46,00,00,00
235185,1,400,0,0,8,01,00,0C,00,00,00,00,00
235185,0,300,0,0,8,00,5A,64,5A,00,00,00,37
235185,0,301,0,0,3,B8,07,00
235205,1,201,0,0,5,30,02,8A,02,02
235215,1,203,0,0,8,99,08,50,6C,16,00,00,00
235235,0,300,0,0,8,00,5A,64,5A,00,00,00,C8
235235,0,301,0,0,3,80,08,00
235245,1,206,0,0,8,00,00,00,00,00,00,00,00
235265,1,401,0,0,8,0D,9F,00,00,46,00,00,00
235285,1,400,0,0,8,01,00,0C,00,00,00,00,00
235285,0,300,0,0,8,00,5A,64,5A,00,00,00,D9
235285,0,301,0,0,3,88,09,00
235305,1,201,0,0,5,3A,02,3E,03,02
235315,1,203,0,0,8,95,08,90,52,1D,00,00,00
235335,0,300,0,0,8,00,5A,64,5A,00,00,00,EA
235335,0,301,0,0,3,C6,0A,00
235345,1,206,0,0,8,00,00,00,00,00,00,00,00
235365,1,401,0,0,8,0D,9F,00,00,46,00,00,00
235385,1,400,0,0,8,01,00,0C,00,00,00,00,00
235385,0,300,0,0,8,00,5A,64,5A,00,00,00,FB
235385,0,301,0,0,3,43,0B,00
235405,1,201,0,0,5,3A,02,16,03,02
235415,1,203,0,0,8,9E,08,B0,40,1B,00,00,00
235435,0,300,0,0,8,00,5A,64,5A,00,00,00,8C
235435,0,301,0,0,3,B5,0C,00
235445,1,206,0,0,8,00,00,00,00,00,00,00,00
235445,1,403,0,0,8,64,00,00,00,40,E3,09,00
235465,1,401,0,0,8,0B,9F,00,00,46,00,00,00
235485,0,300,0,0,8,00,5A,64,5A,00,00,00,9D
235485,1,400,0,0,8,01,00,0C,00,00,00,00,00
235485,0,301,0,0,3,4E,0D,00
235505,1,201,0,0,5,3A,02,44,02,02
235515,1,203,0,0,8,A3,08,80,D6,18,00,00,00
235535,1,204,0,0,8,00,00,00,00,00,00,00,00
235535,0,300,0,0,8,00,5A,64,5A,00,00,00,AE
235535,0,301,0,0,3,1D,0E,00
235545,1,206,0,0,8,00,00,00,00,00,00,00,00
235545,1,202,0,0,8,E2,12,00,00,D2,7C,05,00
235565,1,401,0,0,8,0B,9F,00,00,46,00,00,00
235585,0,300,0,0,8,00,5A,64,5A,00,00,00,BF
235585,0,301,0,0,3,E8,0F,00
235585,1,400,0,0,8,01,00,0C,00,00,00,00,00
235605,1,201,0,0,5,3A,02,9A,01,02
235615,1,203,0,0,8,A9,08,C0,2D,0F,00,00,00
235635,0,300,0,0,8,00,5A,64,5A,00,00,00,40
235635,0,301,0,0,3,E2,00,00
235645,1,206,0,0,8,00,00,00,00,00,00,00,00
235665,1,401,0,0,8,0B,9F,00,00,46,00,00,00
235685,0,300,0,0,8,00,5A,64,5A,00,00,00,51
235685,0,301,0,0,3,B3,01,00
235685,1,400,0,0,8,01,00,0C,00,00,00,00,00
235705,1,201,0,0,5,3A,02,26,02,02
235715,1,203,0,0,8,AC,08,CC,68,0C,00,00,00
235735,0,300,0,0,8,00,5A,64,5A,00,00,00,62
235735,0,301,0,0,3,6B,02,00
235745,1,206,0,0,8,00,00,00,00,00,00,00,00
235765,1,401,0,0,8,0B,9F,00,00,46,00,00,00
235785,0,300,0,0,8,00,5A,64,5A,00,00,00,73
235785,0,301,0,0,3,96,03,00
235785,1,400,0,0,8,01,00,0C,00,00,00,00,00
235805,1,201,0,0,5,3A,02,6A,04,02
235815,1,203,0,0,8,BD,08,74,A5,26,00,00,00
235835,0,300,0,0,8,00,5A,64,5A,00,00,00,04
235835,0,301,0,0,3,03,04,00
235845,1,206,0,0,8,00,00,00,00,00,00,00,00
235865,1,401,0,0,8,0B,9F,00,00,46,00,00,00
235885,0,300,0,0,8,00,5A,64,5A,00,00,00,15
235885,0,301,0,0,3,54,05,00
235885,1,400,0,0,8,01,00,0C,00,00,00,00,00
235905,1,201,0,0,5,3A,02,7E,04,02
235925,1,203,0,0,8,B3,08,74,A5,26,00,00,00
235935,0,300,0,0,8,00,5A,64,5A,00,00,00,26
235935,0,301,0,0,3,F5,06,00
235945,1,206,0,0,8,00,00,00,00,00,00,00,00
235945,1,402,0,0,8,58,00,00,00,2C,A4,08,00
235965,1,401,0,0,8,0B,9F,00,00,46,00,00,00
235985,0,300,0,0,8,00,5A,64,5A,00,00,00,37
235985,0,301,0,0,3,B8,07,00
235985,1,400,0,0,8,01,00,0C,00,00,00,00,00
236005,1,201,0,0,5,3A,02,0C,03,02
236025,1,203,0,0,8,B3,08,14,23,1E,00,00,00
236035,0,300,0,0,8,00,5A,64,5A,00,00,00,C8
236035,0,301,0,0,3,80,08,00
236045,1,206,0,0,8,00,00,00,00,00,00,00,00
236065,1,401,0,0,8,0B,9F,00,00,46,00,00,00
236085,0,300,0,0,8,00,5A,64,5A,00,00,00,D9
236085,0,301,0,0,3,88,09,00
236085,1,400,0,0,8,01,00,0C,00,00,00,00,00
236105,1,201,0,0,5,3A,02,9A,01,02
236125,1,203,0,0,8,B5,08,64,89,0E,00,00,00
236135,0,300,0,0,8,00,5A,64,5A,00,00,00,EA
236135,0,301,0,0,3,C6,0A,00
236145,1,206,0,0,8,00,00,00,00,00,00,00,00
236165,1,401,0,0,8,0B,9F,00,00,46,00,00,00
236185,0,300,0,0,8,00,5A,64,5A,00,00,00,FB
236185,0,301,0,0,3,43,0B,00
236185,1,400,0,0,8,01,00,0C,00,00,00,00,00
236205,1,201,0,0,5,3A,02,D2,00,02
236225,1,203,0,0,8,B3,08,9C,27,08,00,00,00
236235,0,300,0,0,8,00,5A,64,5A,00,00,00,8C
236235,0,301,0,0,3,B5,0C,00
236245,1,206,0,0,8,00,00,00,00,00,00,00,00
236265,1,401,0,0,8,0D,9F,00,00,46,00,00,00
236285,0,300,0,0,8,00,5A,64,5A,00,00,00,9D
236285,0,301,0,0,3,4E,0D,00
236295,1,400,0,0,8,01,00,0C,00,00,00,00,00
236305,1,201,0,0,5,3A,02,EA,01,02
236325,1,203,0,0,8,B7,08,38,4F,10,00,00,00
236335,0,300,0,0,8,00,5A,64,5A,00,00,00,AE
236335,0,301,0,0,3,1D,0E,00
236345,1,206,0,0,8,00,00,00,00,00,00,00,00
236375,1,401,0,0,8,0D,9F,00,00,46,00,00,00
236385,0,300,0,0,8,00,5A,64,5A,00,00,00,BF
236385,0,301,0,0,3,E8,0F,00
236395,1,400,0,0,8,01,00,0C,00,00,00,00,00
236405,1,201,0,0,5,3A,02,1C,02,02
236425,1,203,0,0,8,BE,08,E0,DA,13,00,00,00
236435,0,300,0,0,8,00,5A,64,5A,00,00,00,40
236435,0,301,0,0,3,E2,00,00
236445,1,206,0,0,8,00,00,00,00,00,00,00,00
236455,1,403,0,0,8,64,00,00,00,40,E3,09,00
236475,1,401,0,0,8,0B,9F,00,00,45,00,00,00
236485,0,300,0,0,8,00,5A,64,5A,00,00,00,51
236485,0,301,0,0,3,B3,01,00
236495,1,400,0,0,8,01,00,0C,00,00,00,00,00
236505,1,201,0,0,5,3A,02,A4,01,02
236525,1,203,0,0,8,BA,08,DC,D3,0D,00,00,00
236535,1,204,0,0,8,00,00,00,00,00,00,00,00
236535,0,300,0,0,8,00,5A,64,5A,00,00,00,62
236535,0,301,0,0,3,6B,02,00
236545,1,206,0,0,8,00,00,00,00,00,00,00,00
236545,1,202,0,0,8,E2,12,00,00,D2,7C,05,00
236555,1,666,0,0,8,52,08,05,00,52,95,36,02
236565,1,665,0,0,8,00,00,00,53,4C,18,53,00
236575,1,401,0,0,8,0B,9F,00,00,45,00,00,00
236585,1,200,0,0,8,58,00,2E,A4,08,00,00,00
236585,0,300,0,0,8,00,5A,64,5A,00,00,00,73
236585,0,301,0,0,3,96,03,00
236595,1,400,0,0,8,01,00,0C,00,00,00,00,00
236605,1,201,0,0,5,44,02,40,01,02
236625,1,203,0,0,8,A8,08,B0,B1,0A,00,00,00
236635,0,300,0,0,8,00,5A,64,5A,00,00,00,04
236635,0,301,0,0,3,03,04,00
236645,1,206,0,0,8,00,00,00,00,00,00,00,00
236675,1,401,0,0,8,0B,9F,00,00,46,00,00,00
236685,0,300,0,0,8,00,5A,64,5A,00,00,00,15
236685,0,301,0,0,3,54,05,00
236695,1,400,0,0,8,01,00,0C,00,00,00,00,00
236705,1,201,0,0,5,44,02,FA,00,02
236725,1,203,0,0,8,9C,08,C0,A8,09,00,00,00
236735,0,300,0,0,8,00,5A,64,5A,00,00,00,26
236735,0,301,0,0,3,F5,06,00
236745,1,206,0,0,8,00,00,00,00,00,00,00,00
236775,1,401,0,0,8,0D,9F,00,00,46,00,00,00
236785,0,300,0,0,8,00,5A,64,5A,00,00,00,37
236785,0,301,0,0,3,B8,07,00
236795,1,400,0,0,8,01,00,0C,00,00,00,00,00
236805,1,201,0,0,5,44,02,00,00,02
236825,1,203,0,0,8,82,08,00,00,00,00,00,00
236835,0,300,0,0,8,00,5A,64,5A,00,00,00,C8
236835,0,301,0,0,3,80,08,00
236845,1,206,0,0,8,00,00,00,00,00,00,00,00
236875,1,401,0,0,8,0D,9F,00,00,46,00,00,00
236885,0,300,0,0,8,00,5A,64,5A,00,00,00,D9
236885,0,301,0,0,3,88,09,00
236895,1,400,0,0,8,01,00,0C,00,00,00,00,00
236905,1,201,0,0,5,44,02,00,00,02
236925,1,203,0,0,8,7D,08,00,00,00,00,00,00
236935,0,300,0,0,8,00,5A,64,5A,00,00,00,EA
236935,0,301,0,0,3,C6,0A,00
236945,1,206,0,0,8,00,00,00,00,00,00,00,00
236955,1,402,0,0,8,58,00,00,00,2C,A4,08,00
236975,1,401,0,0,8,0D,9F,00,00,46,00,00,00
236985,0,300,0,0,8,00,5A,64,5A,00,00,00,FB
236985,0,301,0,0,3,43,0B,00
236995,1,400,0,0,8,01,00,0C,00,00,00,00,00
237005,1,201,0,0,5,44,02,AE,01,02
237025,1,203,0,0,8,70,08,20,7D,0E,00,00,00
237035,0,300,0,0,8,00,5A,64,5A,00,00,00,8C
237035,0,301,0,0,3,B5,0C,00
237045,1,206,0,0,8,00,00,00,00,00,00,00,00
237075,1,401,0,0,8,0D,9F,00,00,46,00,00,00
237085,0,300,0,0,8,00,5A,64,5A,00,00,00,9D
237085,0,301,0,0,3,4E,0D,00
237095,1,400,0,0,8,01,00,0C,00,00,00,00,00
237105,1,201,0,0,5,44,02,B2,02,02
237125,1,203,0,0,8,68,08,1C,6F,10,00,00,00
237135,0,300,0,0,8,00,5A,64,5A,00,00,00,AE
237135,0,301,0,0,3,1D,0E,00
237145,1,206,0,0,8,00,00,00,00,00,00,00,00
237175,1,401,0,0,8,0D,9F,00,00,46,00,00,00
237185,0,300,0,0,8,00,5A,64,5A,00,00,00,BF
237185,0,301,0,0,3,E8,0F,00
237195,1,400,0,0,8,01,00,0C,00,00,00,00,00
237205,1,201,0,0,5,44,02,90,01,02
237225,1,203,0,0,8,53,07,40,42,0E,00,00,00
237235,0,300,0,0,8,00,5A,64,5A,00,00,00,40
237235,0,301,0,0,3,E2,00,00
237245,1,206,0,0,8,00,00,00,00,00,00,00,00
237275,1,401,0,0,8,0B,9F,00,00,46,00,00,00
237285,0,300,0,0,8,00,5A,64,5A,00,00,00,51
237285,0,301,0,0,3,B3,01,00
237295,1,400,0,0,8,01,00,0C,00,00,00,00,00
237305,1,201,0,0,5,44,02,AA,00,02
237325,1,203,0,0,8,4D,07,E4,A4,05,00,00,00
237335,0,300,0,0,8,00,5A,64,5A,00,00,00,62
237335,0,301,0,0,3,6B,02,00
237345,1,206,0,0,8,00,00,00,00,00,00,00,00
237375,1,401,0,0,8,0B,9F,00,00,46,00,00,00
237385,0,300,0,0,8,00,5A,64,5A,00,00,00,73
237385,0,301,0,0,3,96,03,00
237395,1,400,0,0,8,01,00,0C,00,00,00,00,00
237405,1,201,0,0,5,44,02,46,00,02
237425,1,203,0,0,8,43,07,90,B9,01,00,00,00
237435,0,300,0,0,8,00,5A,64,5A,00,00,00,04
237435,0,301,0,0,3,03,04,00
237445,1,206,0,0,8,00,00,00,00,00,00,00,00
237455,1,403,0,0,8,64,00,00,00,40,E3,09,00
237475,1,401,0,0,8,0B,9F,00,00,46,00,00,00
237485,0,300,0,0,8,00,5A,64,5A,00,00,00,15
237485,0,301,0,0,3,54,05,00
237495,1,400,0,0,8,01,00,0C,00,00,00,00,00
237505,1,201,0,0,5,44,02,00,00,02
237525,1,203,0,0,8,58,04,00,00,00,00,00,00
237535,1,204,0,0,8,00,00,00,00,00,00,00,00
237535,0,300,0,0,8,00,5A,64,5A,00,00,00,26
237535,0,301,0,0,3,F5,06,00
237545,1,206,0,0,8,00,00,00,00,00,00,00,00
237545,1,202,0,0,8,E2,13,00,00,D4,7C,05,00
237575,1,401,0,0,8,0B,9F,00,00,46,00,00,00
237585,0,300,0,0,8,00,5A,64,5A,00,00,00,37
237585,0,301,0,0,3,B8,07,00
237595,1,400,0,0,8,01,00,0C,00,00,00,00,00
237605,1,201,0,0,5,44,02,00,00,02
237625,1,203,0,0,8,58,04,00,00,00,00,00,00
237635,0,300,0,0,8,00,5A,64,5A,00,00,00,C8
237635,0,301,0,0,3,80,08,00
237645,1,206,0,0,8,00,00,00,00,00,00,00,00
237675,1,401,0,0,8,0B,9F,00,00,46,00,00,00
237685,0,300,0,0,8,00,5A,64,5A,00,00,00,D9
237685,0,301,0,0,3,88,09,00
237695,1,400,0,0,8,01,00,0C,00,00,00,00,00
237705,1,201,0,0,5,44,02,00,00,02
237725,1,203,0,0,8,58,04,00,00,00,00,00,00
237735,0,300,0,0,8,00,5A,64,5A,00,00,00,EA
237735,0,301,0,0,3,C6,0A,00
237745,1,206,0,0,8,00,00,00,00,00,00,00,00
237775,1,401,0,0,8,0B,9F,00,00,46,00,00,00
237785,0,300,0,0,8,00,5A,64,5A,00,00,00,FB
237785,0,301,0,0,3,43,0B,00
237795,1,400,0,0,8,01,00,0C,00,00,00,00,00
237805,1,201,0,0,5,44,02,00,00,02
237825,1,203,0,0,8,00,00,00,00,00,00,00,00
237835,0,300,0,0,8,00,5A,64,5A,00,00,00,8C
237835,0,301,0,0,3,B5,0C,00
237845,1,206,0,0,8,00,00,00,00,00,00,00,00
237875,1,401,0,0,8,0B,9F,00,00,46,00,00,00
237885,0,300,0,0,8,00,5A,64,5A,00,00,00,9D
237885,0,301,0,0,3,4E,0D,00
237895,1,400,0,0,8,01,00,0C,00,00,00,00,00
237905,1,201,0,0,5,44,02,00,00,02
237925,1,203,0,0,8,00,00,00,00,00,00,00,00
237935,0,300,0,0,8,00,5A,64,5A,00,00,00,AE
237935,0,301,0,0,3,1D,0E,00
237945,1,206,0,0,8,00,00,00,00,00,00,00,00
237955,1,402,0,0,8,58,00,00,00,2C,A4,08,00
237975,1,401,0,0,8,0B,9F,00,00,45,00,00,00
237985,0,300,0,0,8,00,5A,64,5A,00,00,00,BF
237985,0,301,0,0,3,E8,0F,00
237995,1,400,0,0,8,01,00,0C,00,00,00,00,00
238005,1,201,0,0,5,44,02,00,00,02
238025,1,203,0,0,8,00,00,00,00,00,00,00,00
238035,0,300,0,0,8,00,5A,64,5A,00,00,00,40
238035,0,301,0,0,3,E2,00,00
238045,1,206,0,0,8,00,00,00,00,00,00,00,00
238075,1,401,0,0,8,0B,9F,00,00,45,00,00,00
238085,0,300,0,0,8,00,5A,64,5A,00,00,00,51
238085,0,301,0,0,3,B3,01,00
238095,1,400,0,0,8,01,00,0C,00,00,00,00,00
238105,1,201,0,0,5,F4,01,00,00,02
238125,1,203,0,0,8,00,00,00,00,00,00,00,00
238135,0,300,0,0,8,00,5A,64,5A,00,00,00,62
238135,0,301,0,0,3,6B,02,00
238145,1,206,0,0,8,00,00,00,00,00,00,00,00
238175,1,401,0,0,8,0B,9F,00,00,46,00,00,00
238185,0,300,0,0,8,00,5A,64,5A,00,00,00,73
238185,0,301,0,0,3,96,03,00
238195,1,400,0,0,8,01,00,0C,00,00,00,00,00
238205,1,201,0,0,5,EA,01,00,00,02
238225,1,203,0,0,8,00,00,00,00,00,00,00,00
238235,0,300,0,0,8,00,5A,64,5A,00,00,00,04
238235,0,301,0,0,3,03,04,00
238245,1,206,0,0,8,00,00,00,00,00,00,00,00
238275,1,401,0,0,8,0D,9F,00,00,46,00,00,00
238285,0,300,0,0,8,00,5A,64,5A,00,00,00,15
238285,0,301,0,0,3,54,05,00
238295,1,400,0,0,8,01,00,0C,00,00,00,00,00
238305,1,201,0,0,5,EA,01,00,00,02
238325,1,203,0,0,8,00,00,00,00,00,00,00,00
238335,0,300,0,0,8,00,5A,64,5A,00,00,00,26
238335,0,301,0,0,3,F5,06,00
238345,1,206,0,0,8,00,00,00,00,00,00,00,00
238375,1,401,0,0,8,0D,9F,00,00,46,00,00,00
238385,0,300,0,0,8,00,5A,64,5A,00,00,00,37
238385,0,301,0,0,3,B8,07,00
238395,1,400,0,0,8,01,00,0C,00,00,00,00,00
238405,1,201,0,0,5,EA,01,00,00,02
238425,1,203,0,0,8,00,00,00,00,00,00,00,00
238435,0,300,0,0,8,00,5A,64,5A,00,00,00,C8
238435,0,301,0,0,3,80,08,00
238445,1,206,0,0,8,00,00,00,00,00,00,00,00
238455,1,403,0,0,8,64,00,00,00,40,E3,09,00
238475,1,401,0,0,8,0D,9F,00,00,46,00,00,00
238485,0,300,0,0,8,00,5A,64,5A,00,00,00,D9
238485,0,301,0,0,3,88,09,00
238495,1,400,0,0,8,01,00,0C,00,00,00,00,00
238505,1,201,0,0,5,EA,01,00,00,02
238525,1,203,0,0,8,00,00,00,00,00,00,00,00
238535,1,204,0,0,8,00,00,00,00,00,00,00,00
238535,0,300,0,0,8,00,5A,64,5A,00,00,00,EA
238535,0,301,0,0,3,C6,0A,00
238545,1,206,0,0,8,00,00,00,00,00,00,00,00
238545,1,202,0,0,8,E2,13,00,00,D6,7C,05,00
238575,1,401,0,0,8,0D,9F,00,00,46,00,00,00
238585,0,300,0,0,8,00,5A,64,5A,00,00,00,FB
238585,0,301,0,0,3,43,0B,00
238595,1,400,0,0,8,01,00,0C,00,00,00,00,00
238605,1,201,0,0,5,EA,01,00,00,02
238625,1,203,0,0,8,00,00,00,00,00,00,00,00
238635,0,300,0,0,8,00,5A,64,5A,00,00,00,8C
238635,0,301,0,0,3,B5,0C,00
238645,1,206,0,0,8,00,00,00,00,00,00,00,00
238675,1,401,0,0,8,0D,9F,00,00,46,00,00,00
238685,0,300,0,0,8,00,5A,64,5A,00,00,00,9D
238685,0,301,0,0,3,4E,0D,00
238695,1,400,0,0,8,01,00,0C,00,00,00,00,00
238705,1,201,0,0,5,EA,01,00,00,02
238725,1,203,0,0,8,00,00,00,00,00,00,00,00
238735,0,300,0,0,8,00,5A,64,5A,00,00,00,AE
238735,0,301,0,0,3,1D,0E,00
238745,1,206,0,0,8,00,00,00,00,00,00,00,00
238775,1,401,0,0,8,0D,9F,00,00,46,00,00,00
238785,0,300,0,0,8,00,5A,64,5A,00,00,00,BF
238785,0,301,0,0,3,E8,0F,00
238795,1,400,0,0,8,01,00,0C,00,00,00,00,00
238805,1,201,0,0,5,EA,01,00,00,02
238825,1,203,0,0,8,00,00,00,00,00,00,00,00
238835,0,300,0,0,8,00,5A,64,5A,00,00,00,40
238835,0,301,0,0,3,E2,00,00
238845,1,206,0,0,8,00,00,00,00,00,00,00,00
238875,1,401,0,0,8,0D,9F,00,00,46,00,00,00
238885,0,300,0,0,8,00,5A,64,5A,00,00,00,51
238885,0,301,0,0,3,B3,01,00
238895,1,400,0,0,8,01,00,0C,00,00,00,00,00
238905,1,201,0,0,5,EA,01,00,00,02
238925,1,203,0,0,8,00,00,00,00,00,00,00,00
238935,0,300,0,0,8,00,5A,64,5A,00,00,00,62
238935,0,301,0,0,3,6B,02,00
238945,1,206,0,0,8,00,00,00,00,00,00,00,00
238955,1,402,0,0,8,58,00,00,00,2C,A4,08,00
238975,1,401,0,0,8,0B,9F,00,00,46,00,00,00
238985,0,300,0,0,8,00,5A,64,5A,00,00,00,73
238985,0,301,0,0,3,96,03,00
238995,1,400,0,0,8,01,00,0C,00,00,00,00,00
239005,1,201,0,0,5,EA,01,00,00,02
239025,1,203,0,0,8,00,00,00,00,00,00,00,00
239035,0,300,0,0,8,00,5A,64,5A,00,00,00,04
239035,0,301,0,0,3,03,04,00
239045,1,206,0,0,8,00,00,00,00,00,00,00,00
239075,1,401,0,0,8,0B,9F,00,00,46,00,00,00
239085,0,300,0,0,8,00,5A,64,5A,00,00,00,15
239085,0,301,0,0,3,54,05,00
239095,1,400,0,0,8,01,00,0C,00,00,00,00,00
239105,1,201,0,0,5,EA,01,E0,01,02
239125,1,203,0,0,8,9B,00,00,3A,01,00,00,00
239135,0,300,0,0,8,00,5A,64,5A,00,00,00,26
239135,0,301,0,0,3,F5,06,00
239145,1,206,0,0,8,00,00,00,00,00,00,00,00
239175,1,401,0,0,8,0B,9F,00,00,45,00,00,00
239185,0,300,0,0,8,00,5A,64,5A,00,00,00,37
239185,0,301,0,0,3,B8,07,00
239195,1,400,0,0,8,01,00,0C,00,00,00,00,00
239205,1,201,0,0,5,EA,01,0C,03,02
239225,1,203,0,0,8,D8,00,20,9C,01,00,00,00
239235,0,300,0,0,8,00,5A,64,5A,00,00,00,C8
239235,0,301,0,0,3,80,08,00
239245,1,206,0,0,8,00,00,00,00,00,00,00,00
239275,0,404,0,0,2,4A,00
239275,1,405,0,0,8,4A,00,00,00,06,00,00,00
239275,1,401,0,0,8,0D,9F,00,00,45,00,00,00
239285,0,300,0,0,8,00,5A,64,5A,00,00,00,D9
239285,0,301,0,0,3,88,09,00
239295,1,400,0,0,8,01,00,0C,00,00,00,00,00
239305,0,404,0,0,2,02,30
239305,1,405,0,0,7,02,30,00,00,00,00,00
239305,1,201,0,0,5,EA,01,66,03,02
239325,1,203,0,0,8,40,01,1C,2B,04,00,00,00
239335,0,300,0,0,8,00,5A,64,5A,00,00,00,EA
239335,0,301,0,0,3,C6,0A,00
239345,0,404,0,0,2,44,00
239345,1,405,0,0,6,44,00,00,00,50,46
239345,1,206,0,0,8,00,00,00,00,00,00,00,00
239365,0,404,0,0,2,01,00
239365,1,405,0,0,8,01,00,00,00,00,04,06,04
239375,1,401,0,0,8,0D,9F,00,00,45,00,00,00
239385,0,300,0,0,8,00,5A,64,5A,00,00,00,FB
239385,0,301,0,0,3,43,0B,00
239395,1,400,0,0,8,01,00,0C,00,00,00,00,00
239395,0,404,0,0,2,A3,01
239395,1,405,0,0,5,A3,01,00,00,06
239405,1,201,0,0,5,EA,01,00,00,02
239425,1,203,0,0,8,00,00,00,00,00,00,00,00
239425,0,404,0,0,2,20,00
239435,1,405,0,0,8,20,00,00,00,32,33,36,47
239435,0,300,0,0,8,00,5A,64,5A,00,00,00,8C
239435,0,301,0,0,3,B5,0C,00
239445,1,206,0,0,8,00,00,00,00,00,00,00,00
239455,1,403,0,0,8,64,00,00,00,40,E3,09,00
239465,0,404,0,0,2,21,00
239465,1,405,0,0,8,21,00,00,00,35,4C,41,31
239475,1,401,0,0,8,0B,9F,00,00,46,00,00,00
239485,0,300,0,0,8,00,5A,64,5A,00,00,00,9D
239485,0,301,0,0,3,4E,0D,00
239495,1,400,0,0,8,01,00,0C,00,00,00,00,00
239495,0,404,0,0,2,22,00
239495,1,405,0,0,8,22,00,00,00,30,30,34,52
239505,1,201,0,0,5,EA,01,00,00,02
239525,1,203,0,0,8,00,00,00,00,00,00,00,00
239525,0,404,0,0,2,23,00
239525,1,405,0,0,8,23,00,00,00,4D,30,30,30
239535,1,204,0,0,8,00,00,00,00,00,00,00,00
239535,0,300,0,0,8,00,5A,64,5A,00,00,00,AE
239535,0,301,0,0,3,1D,0E,00
239545,1,206,0,0,8,00,00,00,00,00,00,00,00
239545,1,202,0,0,8,E2,12,00,00,D6,7C,05,00
239555,0,404,0,0,2,24,00
239555,1,405,0,0,8,24,00,00,00,30,30,30,30
239555,1,666,0,0,8,52,08,05,00,52,95,36,02
239565,1,665,0,0,8,00,00,00,53,4C,18,53,00
239575,1,401,0,0,8,0B,9F,00,00,46,00,00,00
239585,1,200,0,0,8,58,00,2C,A4,08,00,01,00
239585,0,404,0,0,2,25,00
239585,1,405,0,0,8,25,00,00,00,30,30,30,30
239585,0,300,0,0,8,00,5A,64,5A,00,00,00,BF
239585,0,301,0,0,3,E8,0F,00
239595,1,400,0,0,8,01,00,0C,00,00,00,00,00
239605,1,201,0,0,5,EA,01,00,00,02
239615,0,404,0,0,2,26,00
239615,1,405,0,0,8,26,00,00,00,30,30,30,30
239625,1,203,0,0,8,00,00,00,00,00,00,00,00
239635,0,300,0,0,8,00,5A,64,5A,00,00,00,40
239635,0,301,0,0,3,E2,00,00
239645,1,206,0,0,8,00,00,00,00,00,00,00,00
239655,0,404,0,0,2,27,00
239655,1,405,0,0,6,27,00,00,00,30,30
239675,1,401,0,0,8,0B,9F,00,00,46,00,00,00
239675,0,404,0,0,2,4C,00
239685,1,405,0,0,8,4C,00,00,00,01,24,00,00
239685,0,300,0,0,8,00,5A,64,5A,00,00,00,51
239685,0,301,0,0,3,B3,01,00
239695,1,400,0,0,8,01,00,0C,00,00,00,00,00
239705,1,201,0,0,5,EA,01,00,00,02
239715,0,404,0,0,2,46,00
239715,1,405,0,0,5,46,00,00,00,00
239725,1,203,0,0,8,00,00,00,00,00,00,00,00
239735,0,300,0,0,8,00,5A,64,5A,00,00,00,62
239735,0,301,0,0,3,6B,02,00
239745,0,404,0,0,2,4D,00
239745,1,405,0,0,8,4D,00,00,00,00,00,00,00
239745,1,206,0,0,8,00,00,00,00,00,00,00,00
239775,0,404,0,0,2,50,00
239775,1,405,0,0,8,50,00,00,00,7F,00,7E,00
239775,1,401,0,0,8,0D,9F,00,00,46,00,00,00
239785,0,300,0,0,8,00,5A,64,5A,00,00,00,73
239785,0,301,0,0,3,96,03,00
239795,1,400,0,0,8,01,00,0C,00,00,00,00,00
239805,1,201,0,0,5,EA,01,00,00,02
239815,0,404,0,0,2,02,00
239815,1,405,0,0,8,02,00,00,00,53,49,43,54
239825,1,203,0,0,8,00,00,00,00,00,00,00,00
239835,0,404,0,0,2,0A,00
239835,1,405,0,0,8,0A,00,00,00,30,3A,00,00
239835,0,300,0,0,8,00,5A,64,5A,00,00,00,04
239835,0,301,0,0,3,03,04,00
239845,1,206,0,0,8,00,00,00,00,00,00,00,00
239865,0,404,0,0,2,04,00
239865,1,405,0,0,7,04,00,00,00,16,09,02
239875,1,401,0,0,8,0D,9F,00,00,46,00,00,00
239885,0,300,0,0,8,00,5A,64,5A,00,00,00,15
239885,0,301,0,0,3,54,05,00
239895,1,400,0,0,8,01,00,0C,00,00,00,00,00
239895,0,404,0,0,2,B0,01
239895,1,405,0,0,6,B0,01,00,00,00,00
239905,1,201,0,0,5,EA,01,00,00,02
239925,1,203,0,0,8,00,00,00,00,00,00,00,00
239925,0,404,0,0,2,B1,01
239935,1,405,0,0,6,B1,01,00,00,00,00
239935,0,300,0,0,8,00,5A,64,5A,00,00,00,26
239935,0,301,0,0,3,F5,06,00
239945,1,206,0,0,8,00,00,00,00,00,00,00,00
239955,1,402,0,0,8,58,00,00,00,2C,A4,08,00
239975,1,401,0,0,8,0B,9F,00,00,46,00,00,00
239985,0,300,0,0,8,00,5A,64,5A,00,00,00,37
239985,0,301,0,0,3,B8,07,00
239995,1,400,0,0,8,01,00,0C,00,00,00,00,00
240005,1,201,0,0,5,AE,01,00,00,02
240025,1,203,0,0,8,00,00,00,00,00,00,00,00
240035,0,300,0,0,8,00,5A,64,5A,00,00,00,C8
240035,0,301,0,0,3,80,08,00
240045,1,206,0,0,8,00,00,00,00,00,00,00,00
240075,1,401,0,0,8,0B,9F,00,00,46,00,00,00
240085,0,300,0,0,8,00,5A,64,5A,00,00,00,D9
240085,0,301,0,0,3,88,09,00
240095,1,400,0,0,8,01,00,0C,00,00,00,00,00
240105,1,201,0,0,5,AE,01,00,00,02
240125,1,203,0,0,8,00,00,00,00,00,00,00,00
240135,0,300,0,0,8,00,5A,64,5A,00,00,00,EA
240135,0,301,0,0,3,C6,0A,00
240145,1,206,0,0,8,00,00,00,00,00,00,00,00
240175,1,401,0,0,8,0B,9F,00,00,46,00,00,00
240185,0,300,0,0,8,00,5A,64,5A,00,00,00,FB
240185,0,301,0,0,3,43,0B,00
240195,1,400,0,0,8,01,00,0C,00,00,00,00,00
240205,1,201,0,0,5,86,01,00,00,02
240225,1,203,0,0,8,00,00,00,00,00,00,00,00
240235,0,300,0,0,8,00,5A,64,5A,00,00,00,8C
240235,0,301,0,0,3,B5,0C,00
240245,1,206,0,0,8,00,00,00,00,00,00,00,00
240275,1,401,0,0,8,0D,9F,00,00,46,00,00,00
240285,0,300,0,0,8,00,5A,64,5A,00,00,00,9D
240295,0,301,0,0,3,4E,0D,00
240295,1,400,0,0,8,01,00,0C,00,00,00,00,00
240305,1,201,0,0,5,86,01,00,00,02
240325,1,203,0,0,8,00,00,00,00,00,00,00,00
240335,0,300,0,0,8,00,5A,64,5A,00,00,00,AE
240335,0,301,0,0,3,1D,0E,00
240345,1,206,0,0,8,00,00,00,00,00,00,00,00
240375,1,401,0,0,8,0D,9F,00,00,46,00,00,00
240385,0,300,0,0,8,00,5A,64,5A,00,00,00,BF
240385,0,301,0,0,3,E8,0F,00
240395,1,400,0,0,8,01,00,0C,00,00,00,00,00
240405,1,201,0,0,5,5E,01,00,00,02
240425,1,203,0,0,8,00,00,00,00,00,00,00,00
240435,0,300,0,0,8,00,5A,64,5A,00,00,00,40
240435,0,301,0,0,3,E2,00,00
240445,1,206,0,0,8,00,00,00,00,00,00,00,00
240455,1,403,0,0,8,64,00,00,00,40,E3,09,00
240475,1,401,0,0,8,0B,9F,00,00,45,00,00,00
240485,0,300,0,0,8,00,5A,64,5A,00,00,00,51
240485,0,301,0,0,3,B3,01,00
240495,1,400,0,0,8,01,00,0C,00,00,00,00,00
240505,1,201,0,0,5,5E,01,00,00,02
240525,1,203,0,0,8,00,00,00,00,00,00,00,00
240535,1,204,0,0,8,00,00,00,00,00,00,00,00
240535,0,300,0,0,8,00,5A,64,5A,00,00,00,62
240535,0,301,0,0,3,6B,02,00
240545,1,206,0,0,8,00,00,00,00,00,00,00,00
240545,1,202,0,0,8,E2,13,00,00,D6,7C,05,00
240575,1,401,0,0,8,0B,9F,00,00,45,00,00,00
240585,0,300,0,0,8,00,5A,64,5A,00,00,00,73
240585,0,301,0,0,3,96,03,00
240595,1,400,0,0,8,01,00,0C,00,00,00,00,00
240605,1,201,0,0,5,40,01,00,00,02
240625,1,203,0,0,8,00,00,00,00,00,00,00,00
240635,0,300,0,0,8,00,5A,64,5A,00,00,00,04
240635,0,301,0,0,3,03,04,00
240645,1,206,0,0,8,00,00,00,00,00,00,00,00
240685,1,401,0,0,8,0B,9F,00,00,46,00,00,00
240685,0,300,0,0,8,00,5A,64,5A,00,00,00,15
240685,0,301,0,0,3,54,05,00
240705,1,400,0,0,8,01,00,0C,00,00,00,00,00
240705,1,201,0,0,5,40,01,00,00,02
240725,1,203,0,0,8,00,00,00,00,00,00,00,00
240735,0,300,0,0,8,00,5A,64,5A,00,00,00,26
240735,0,301,0,0,3,F5,06,00
240745,1,206,0,0,8,00,00,00,00,00,00,00,00
240785,1,401,0,0,8,0B,9F,00,00,46,00,00,00
240785,0,300,0,0,8,00,5A,64,5A,00,00,00,37
240785,0,301,0,0,3,B8,07,00
240805,1,400,0,0,8,01,00,0C,00,00,00,00,00
240805,1,201,0,0,5,2C,01,00,00,02
240825,1,203,0,0,8,00,00,00,00,00,00,00,00
240835,0,300,0,0,8,00,5A,64,5A,00,00,00,C8
240835,0,301,0,0,3,80,08,00
240845,1,206,0,0,8,00,00,00,00,00,00,00,00
240885,1,401,0,0,8,0B,9F,00,00,46,00,00,00
240885,0,300,0,0,8,00,5A,64,5A,00,00,00,D9
240885,0,301,0,0,3,88,09,00
240905,1,400,0,0,8,01,00,0C,00,00,00,00,00
240905,1,201,0,0,5,2C,01,00,00,02
240925,1,203,0,0,8,00,00,00,00,00,00,00,00
240935,0,300,0,0,8,00,5A,64,5A,00,00,00,EA
240935,0,301,0,0,3,C6,0A,00
240945,1,206,0,0,8,00,00,00,00,00,00,00,00
240965,1,402,0,0,8,58,00,00,00,2C,A4,08,00
240985,1,401,0,0,8,0D,9F,00,00,46,00,00,00
240985,0,300,0,0,8,00,5A,64,5A,00,00,00,FB
240985,0,301,0,0,3,43,0B,00
241005,1,400,0,0,8,01,00,0C,00,00,00,00,00
241005,1,201,0,0,5,0E,01,00,00,02
241025,1,203,0,0,8,00,00,00,00,00,00,00,00
241035,0,300,0,0,8,00,5A,64,5A,00,00,00,8C
241035,0,301,0,0,3,B5,0C,00
241045,1,206,0,0,8,00,00,00,00,00,00,00,00
241085,1,401,0,0,8,0D,9F,00,00,46,00,00,00
241085,0,300,0,0,8,00,5A,64,5A,00,00,00,9D
241085,0,301,0,0,3,4E,0D,00
241105,1,400,0,0,8,01,00,0C,00,00,00,00,00
241105,1,201,0,0,5,0E,01,00,00,02
241125,1,203,0,0,8,00,00,00,00,00,00,00,00
241135,0,300,0,0,8,00,5A,64,5A,00,00,00,AE
241135,0,301,0,0,3,1D,0E,00
241145,1,206,0,0,8,00,00,00,00,00,00,00,00
241185,1,401,0,0,8,0D,9F,00,00,45,00,00,00
241185,0,300,0,0,8,00,5A,64,5A,00,00,00,BF
241185,0,301,0,0,3,E8,0F,00
241205,1,400,0,0,8,01,00,0C,00,00,00,00,00
241215,1,201,0,0,5,04,01,00,00,02
241225,1,203,0,0,8,00,00,00,00,00,00,00,00
241235,0,300,0,0,8,00,5A,64,5A,00,00,00,40
241235,0,301,0,0,3,E2,00,00
241245,1,206,0,0,8,00,00,00,00,00,00,00,00
241285,1,401,0,0,8,0F,9F,00,00,45,00,00,00
241285,0,300,0,0,8,00,5A,64,5A,00,00,00,51
241295,0,301,0,0,3,B3,01,00
241305,1,400,0,0,8,01,00,0C,00,00,00,00,00
241315,1,201,0,0,5,04,01,00,00,02
241325,1,203,0,0,8,00,00,00,00,00,00,00,00
241335,0,300,0,0,8,00,5A,64,5A,00,00,00,62
241335,0,301,0,0,3,6B,02,00
241345,1,206,0,0,8,00,00,00,00,00,00,00,00
241385,1,401,0,0,8,0F,9F,00,00,45,00,00,00
241385,0,300,0,0,8,00,5A,64,5A,00,00,00,73
241385,0,301,0,0,3,96,03,00
241405,1,400,0,0,8,01,00,0C,00,00,00,00,00
241415,1,201,0,0,5,F0,00,00,00,02
241425,1,203,0,0,8,00,00,00,00,00,00,00,00
241435,0,300,0,0,8,00,5A,64,5A,00,00,00,04
241435,0,301,0,0,3,03,04,00
241445,1,206,0,0,8,00,00,00,00,00,00,00,00
241465,1,403,0,0,8,64,00,00,00,40,E3,09,00
241485,1,401,0,0,8,0D,9F,00,00,45,00,00,00
241485,0,300,0,0,8,00,5A,64,5A,00,00,00,15
241485,0,301,0,0,3,54,05,00
241505,1,400,0,0,8,01,00,0C,00,00,00,00,00
241515,1,201,0,0,5,F0,00,00,00,02
241525,1,203,0,0,8,00,00,00,00,00,00,00,00
241535,1,204,0,0,8,00,00,00,00,00,00,00,00
241535,0,300,0,0,8,00,5A,64,5A,00,00,00,26
241535,0,301,0,0,3,F5,06,00
241545,1,206,0,0,8,00,00,00,00,00,00,00,00
241545,1,202,0,0,8,E2,12,00,00,D6,7C,05,00
241585,1,401,0,0,8,0D,9F,00,00,45,00,00,00
241585,0,300,0,0,8,00,5A,64,5A,00,00,00,37
241585,0,301,0,0,3,B8,07,00
241605,1,400,0,0,8,01,00,0C,00,00,00,00,00
241615,1,201,0,0,5,DC,00,00,00,02
241625,1,203,0,0,8,00,00,00,00,00,00,00,00
241635,0,300,0,0,8,00,5A,64,5A,00,00,00,C8
241635,0,301,0,0,3,80,08,00
241645,1,206,0,0,8,00,00,00,00,00,00,00,00
241685,1,401,0,0,8,0D,9F,00,00,45,00,00,00
241685,0,300,0,0,8,00,5A,64,5A,00,00,00,D9
241685,0,301,0,0,3,88,09,00
241705,1,400,0,0,8,01,00,0C,00,00,00,00,00
241715,1,201,0,0,5,DC,00,00,00,02
241725,1,203,0,0,8,00,00,00,00,00,00,00,00
241735,0,300,0,0,8,00,5A,64,5A,00,00,00,EA
241735,0,301,0,0,3,C6,0A,00
241745,1,206,0,0,8,00,00,00,00,00,00,00,00
241785,1,401,0,0,8,0B,9F,00,00,45,00,00,00
241785,0,300,0,0,8,00,5A,64,5A,00,00,00,FB
241785,0,301,0,0,3,43,0B,00
241805,1,400,0,0,8,01,00,0C,00,00,00,00,00
241815,1,201,0,0,5,D2,00,00,00,02
241825,1,203,0,0,8,00,00,00,00,00,00,00,00
241835,0,300,0,0,8,00,5A,64,5A,00,00,00,8C
241835,0,301,0,0,3,B5,0C,00
241845,1,206,0,0,8,00,00,00,00,00,00,00,00
241885,1,401,0,0,8,0B,9F,00,00,46,00,00,00
241885,0,300,0,0,8,00,5A,64,5A,00,00,00,9D
241885,0,301,0,0,3,4E,0D,00
241905,1,400,0,0,8,01,00,0C,00,00,00,00,00
241915,1,201,0,0,5,D2,00,00,00,02
241925,1,203,0,0,8,00,00,00,00,00,00,00,00
241935,0,300,0,0,8,00,5A,64,5A,00,00,00,AE
241935,0,301,0,0,3,1D,0E,00
241945,1,206,0,0,8,00,00,00,00,00,00,00,00
241965,1,402,0,0,8,58,00,00,00,2C,A4,08,00
241985,1,401,0,0,8,0D,9F,00,00,46,00,00,00
241985,0,300,0,0,8,00,5A,64,5A,00,00,00,BF
241985,0,301,0,0,3,E8,0F,00
242005,1,400,0,0,8,01,00,0C,00,00,00,00,00
242015,1,201,0,0,5,C8,00,00,00,02
242025,1,203,0,0,8,00,00,00,00,00,00,00,00
242035,0,300,0,0,8,00,5A,64,5A,00,00,00,40
242035,0,301,0,0,3,E2,00,00
242045,1,206,0,0,8,00,00,00,00,00,00,00,00
242085,1,401,0,0,8,0D,9F,00,00,46,00,00,00
242085,0,300,0,0,8,00,5A,64,5A,00,00,00,51
242085,0,301,0,0,3,B3,01,00
242105,1,400,0,0,8,01,00,0C,00,00,00,00,00
242115,1,201,0,0,5,C8,00,00,00,02
242125,1,203,0,0,8,00,00,00,00,00,00,00,00
242135,0,300,0,0,8,00,5A,64,5A,00,00,00,62
242135,0,301,0,0,3,6B,02,00
242145,1,206,0,0,8,00,00,00,00,00,00,00,00
242185,1,401,0,0,8,0D,9F,00,00,46,00,00,00
242185,0,300,0,0,8,00,5A,64,5A,00,00,00,73
242185,0,301,0,0,3,96,03,00
242205,1,400,0,0,8,01,00,0C,00,00,00,00,00
242215,1,201,0,0,5,BE,00,00,00,02
242225,1,203,0,0,8,00,00,00,00,00,00,00,00
242235,0,300,0,0,8,00,5A,64,5A,00,00,00,04
242235,0,301,0,0,3,03,04,00
242245,1,206,0,0,8,00,00,00,00,00,00,00,00
242285,1,401,0,0,8,0D,9F,00,00,46,00,00,00
242285,0,300,0,0,8,00,5A,64,5A,00,00,00,15
242295,0,301,0,0,3,54,05,00
242305,1,400,0,0,8,01,00,0C,00,00,00,00,00
242315,1,201,0,0,5,BE,00,00,00,02
242325,1,203,0,0,8,00,00,00,00,00,00,00,00
242335,0,300,0,0,8,00,5A,64,5A,00,00,00,26
242335,0,301,0,0,3,F5,06,00
242345,1,206,0,0,8,00,00,00,00,00,00,00,00
242385,1,401,0,0,8,0D,9F,00,00,46,00,00,00
242385,0,300,0,0,8,00,5A,64,5A,00,00,00,37
242385,0,301,0,0,3,B8,07,00
242405,1,400,0,0,8,01,00,0C,00,00,00,00,00
242415,1,201,0,0,5,B4,00,00,00,02
242425,1,203,0,0,8,00,00,00,00,00,00,00,00
242435,0,300,0,0,8,00,5A,64,5A,00,00,00,C8
242435,0,301,0,0,3,80,08,00
242445,1,206,0,0,8,00,00,00,00,00,00,00,00
242465,1,403,0,0,8,64,00,00,00,40,E3,09,00
242485,1,401,0,0,8,0B,9F,00,00,46,00,00,00
242485,0,300,0,0,8,00,5A,64,5A,00,00,00,D9
242485,0,301,0,0,3,88,09,00
242505,1,400,0,0,8,01,00,0C,00,00,00,00,00
242515,1,201,0,0,5,B4,00,00,00,02
242525,1,203,0,0,8,00,00,00,00,00,00,00,00
242535,1,204,0,0,8,00,00,00,00,00,00,00,00
242535,0,300,0,0,8,00,5A,64,5A,00,00,00,EA
242535,0,301,0,0,3,C6,0A,00
242545,1,206,0,0,8,00,00,00,00,00,00,00,00
242545,1,202,0,0,8,E2,13,00,00,D6,7C,05,00
242555,1,666,0,0,8,52,08,05,00,52,95,36,02
242575,1,665,0,0,8,00,00,00,53,4C,18,53,00
242585,1,200,0,0,8,58,00,2C,A4,08,00,02,00
242585,1,401,0,0,8,0B,9F,00,00,46,00,00,00
242585,0,300,0,0,8,00,5A,64,5A,00,00,00,FB
242585,0,301,0,0,3,43,0B,00
