96565,1,400,0,0,8,01,00,0C,00,00,00,00,00
96565,1,203,0,0,8,00,00,00,00,00,00,00,00
96585,1,206,0,0,8,00,00,00,00,00,00,00,00
96605,0,300,0,0,8,03,5A,64,5A,64,00,64,34
96605,0,301,0,0,3,03,04,00
96625,1,402,0,0,8,58,00,00,00,00,A6,08,00
96645,1,401,0,0,8,1F,9F,00,00,46,00,00,00
96655,1,201,0,0,5,00,00,00,00,62
96655,0,300,0,0,8,03,5A,64,5A,64,00,64,25
96655,0,301,0,0,3,54,05,00
96665,1,400,0,0,8,01,00,0C,00,00,00,00,00
96665,1,203,0,0,8,00,00,00,00,00,00,00,00
96685,1,206,0,0,8,00,00,00,00,00,00,00,00
96705,0,300,0,0,8,03,5A,64,5A,64,00,64,36
96705,0,301,0,0,3,F5,06,00
96745,1,401,0,0,8,1F,9F,00,00,46,00,00,00
96755,1,201,0,0,5,00,00,00,00,62
96755,0,300,0,0,8,03,5A,64,5A,64,00,64,27
96755,0,301,0,0,3,B8,07,00
96765,1,400,0,0,8,01,00,0C,00,00,00,00,00
96765,1,203,0,0,8,00,00,00,00,00,00,00,00
96785,1,206,0,0,8,00,00,00,00,00,00,00,00
96805,0,300,0,0,8,03,5A,64,5A,64,00,64,B8
96805,0,301,0,0,3,80,08,00
96845,1,401,0,0,8,1F,9F,00,00,46,00,00,00
96855,1,201,0,0,5,00,00,00,00,62
96855,0,300,0,0,8,03,5A,64,5A,64,00,64,A9
96855,0,301,0,0,3,88,09,00
96865,1,400,0,0,8,01,00,0C,00,00,00,00,00
96865,1,203,0,0,8,00,00,00,00,00,00,00,00
96885,1,206,0,0,8,00,00,00,00,00,00,00,00
96905,0,300,0,0,8,03,5A,64,5A,64,00,64,BA
96905,0,301,0,0,3,C6,0A,00
96945,1,401,0,0,8,1D,9F,00,00,46,00,00,00
96955,1,201,0,0,5,00,00,00,00,62
96955,0,300,0,0,8,03,5A,64,5A,64,00,64,AB
96955,0,301,0,0,3,43,0B,00
96965,1,400,0,0,8,01,00,0C,00,00,00,00,00
96965,1,203,0,0,8,00,00,00,00,00,00,00,00
96985,1,206,0,0,8,00,00,00,00,00,00,00,00
97005,0,300,0,0,8,03,5A,64,5A,64,00,64,BC
97005,0,301,0,0,3,B5,0C,00
97045,1,401,0,0,8,1D,9F,00,00,46,00,00,00
97055,1,201,0,0,5,00,00,00,00,62
97055,0,300,0,0,8,03,5A,64,5A,64,00,64,AD
97055,0,301,0,0,3,4E,0D,00
97065,1,400,0,0,8,01,00,0C,00,00,00,00,00
97065,1,203,0,0,8,00,00,00,00,00,00,00,00
97085,1,206,0,0,8,00,00,00,00,00,00,00,00
97105,0,300,0,0,8,03,5A,64,5A,64,00,64,BE
97105,0,301,0,0,3,1D,0E,00
97125,1,403,0,0,8,64,00,00,00,40,E3,09,00
97145,1,401,0,0,8,1B,9F,00,00,46,00,00,00
97155,1,201,0,0,5,00,00,00,00,62
97155,0,300,0,0,8,03,5A,64,5A,64,00,64,AF
97155,0,301,0,0,3,E8,0F,00
97165,1,400,0,0,8,01,00,0C,00,00,00,00,00
97165,1,203,0,0,8,00,00,00,00,00,00,00,00
97185,1,206,0,0,8,00,00,00,00,00,00,00,00
97205,0,300,0,0,8,03,5A,64,5A,64,00,64,30
97205,0,301,0,0,3,E2,00,00
97245,1,401,0,0,8,1B,9F,00,00,46,00,00,00
97255,1,201,0,0,5,00,00,00,00,62
97255,0,300,0,0,8,03,5A,64,5A,64,00,64,21
97255,0,301,0,0,3,B3,01,00
97265,1,400,0,0,8,01,00,0C,00,00,00,00,00
97265,1,203,0,0,8,00,00,00,00,00,00,00,00
97285,1,206,0,0,8,00,00,00,00,00,00,00,00
97305,0,300,0,0,8,03,5A,64,5A,64,00,64,32
97305,0,301,0,0,3,6B,02,00
97345,1,401,0,0,8,1B,9F,00,00,46,00,00,00
97355,1,201,0,0,5,00,00,00,00,62
97355,0,300,0,0,8,03,5A,64,5A,64,00,64,23
97355,0,301,0,0,3,96,03,00
97365,1,400,0,0,8,01,00,0C,00,00,00,00,00
97365,1,203,0,0,8,00,00,00,00,00,00,00,00
97385,1,206,0,0,8,00,00,00,00,00,00,00,00
97405,0,300,0,0,8,03,5A,64,5A,64,00,64,34
97405,0,301,0,0,3,03,04,00
97445,1,401,0,0,8,1D,9F,00,00,46,00,00,00
97455,1,201,0,0,5,00,00,00,00,62
97455,0,300,0,0,8,03,5A,64,5A,64,00,64,25
97455,0,301,0,0,3,54,05,00
97465,1,400,0,0,8,01,00,0C,00,00,00,00,00
97465,1,203,0,0,8,00,00,00,00,00,00,00,00
97475,1,204,0,0,8,00,00,00,00,00,00,00,00
97485,1,206,0,0,8,00,00,00,00,00,00,00,00
97485,1,202,0,0,8,E2,11,00,00,64,7C,05,00
97505,0,300,0,0,8,03,5A,64,5A,64,00,64,36
97505,0,301,0,0,3,F5,06,00
97545,1,401,0,0,8,1D,9F,00,00,46,00,00,00
97555,1,201,0,0,5,00,00,00,00,62
97555,0,300,0,0,8,03,5A,64,5A,64,00,64,27
97555,0,301,0,0,3,B8,07,00
97565,1,400,0,0,8,01,00,0C,00,00,00,00,00
97565,1,203,0,0,8,00,00,00,00,00,00,00,00
97585,1,206,0,0,8,00,00,00,00,00,00,00,00
97605,0,300,0,0,8,03,5A,64,5A,64,00,64,B8
97605,0,301,0,0,3,80,08,00
97625,1,402,0,0,8,58,00,00,00,00,A6,08,00
97645,1,401,0,0,8,1D,9F,00,00,46,00,00,00
97655,1,201,0,0,5,00,00,00,00,62
97655,0,300,0,0,8,03,5A,64,5A,64,00,64,A9
97655,0,301,0,0,3,88,09,00
97665,1,400,0,0,8,01,00,0C,00,00,00,00,00
97665,1,203,0,0,8,00,00,00,00,00,00,00,00
97685,1,206,0,0,8,00,00,00,00,00,00,00,00
97705,0,300,0,0,8,03,5A,64,5A,64,00,64,BA
97705,0,301,0,0,3,C6,0A,00
97745,1,401,0,0,8,1D,9F,00,00,46,00,00,00
97755,1,201,0,0,5,00,00,00,00,62
97755,0,300,0,0,8,03,5A,64,5A,64,00,64,AB
97755,0,301,0,0,3,43,0B,00
97765,1,400,0,0,8,01,00,0C,00,00,00,00,00
97765,1,203,0,0,8,00,00,00,00,00,00,00,00
97785,1,206,0,0,8,00,00,00,00,00,00,00,00
97805,0,300,0,0,8,03,5A,64,5A,64,00,64,BC
97805,0,301,0,0,3,B5,0C,00
97845,1,401,0,0,8,1D,9F,00,00,46,00,00,00
97855,1,201,0,0,5,00,00,00,00,62
97855,0,300,0,0,8,03,5A,64,5A,64,00,64,AD
97855,0,301,0,0,3,4E,0D,00
97865,1,400,0,0,8,01,00,0C,00,00,00,00,00
97865,1,203,0,0,8,00,00,00,00,00,00,00,00
97885,1,206,0,0,8,00,00,00,00,00,00,00,00
97905,0,300,0,0,8,03,5A,64,5A,64,00,64,BE
97905,0,301,0,0,3,1D,0E,00
97945,1,401,0,0,8,1D,9F,00,00,46,00,00,00
97955,1,201,0,0,5,00,00,00,00,62
97955,0,300,0,0,8,03,5A,64,5A,64,00,64,AF
97955,0,301,0,0,3,E8,0F,00
97965,1,400,0,0,8,01,00,0C,00,00,00,00,00
97965,1,203,0,0,8,00,00,00,00,00,00,00,00
97985,1,206,0,0,8,00,00,00,00,00,00,00,00
98005,0,300,0,0,8,03,5A,64,5A,64,00,64,30
98005,0,301,0,0,3,E2,00,00
98045,1,401,0,0,8,1D,9F,00,00,46,00,00,00
98055,1,201,0,0,5,00,00,00,00,62
98055,0,300,0,0,8,03,5A,64,5A,64,00,64,21
98055,0,301,0,0,3,B3,01,00
98065,1,400,0,0,8,01,00,0C,00,00,00,00,00
98065,1,203,0,0,8,00,00,00,00,00,00,00,00
98085,1,206,0,0,8,00,00,00,00,00,00,00,00
98105,0,300,0,0,8,03,5A,64,5A,64,00,64,32
98105,0,301,0,0,3,6B,02,00
98125,1,403,0,0,8,64,00,00,00,40,E3,09,00
98145,1,401,0,0,8,1B,9F,00,00,45,00,00,00
98155,1,201,0,0,5,00,00,00,00,62
98155,0,300,0,0,8,03,5A,64,5A,64,00,64,23
98155,0,301,0,0,3,96,03,00
98165,1,400,0,0,8,01,00,0C,00,00,00,00,00
98165,1,203,0,0,8,00,00,00,00,00,00,00,00
98185,1,206,0,0,8,00,00,00,00,00,00,00,00
98205,0,300,0,0,8,03,5A,64,5A,64,00,64,34
98205,0,301,0,0,3,03,04,00
98245,1,401,0,0,8,1B,9F,00,00,45,00,00,00
98255,1,201,0,0,5,00,00,00,00,62
98255,0,300,0,0,8,03,5A,64,5A,64,00,64,25
98255,0,301,0,0,3,54,05,00
98265,1,400,0,0,8,01,00,0C,00,00,00,00,00
98265,1,203,0,0,8,00,00,00,00,00,00,00,00
98285,1,206,0,0,8,00,00,00,00,00,00,00,00
98305,0,300,0,0,8,03,5A,64,5A,64,00,64,36
98305,0,301,0,0,3,F5,06,00
98345,1,401,0,0,8,1B,9F,00,00,46,00,00,00
98355,1,201,0,0,5,00,00,00,00,62
98355,0,300,0,0,8,03,5A,64,5A,64,00,64,27
98355,0,301,0,0,3,B8,07,00
98365,1,400,0,0,8,01,00,0C,00,00,00,00,00
98365,1,203,0,0,8,00,00,00,00,00,00,00,00
98385,1,206,0,0,8,00,00,00,00,00,00,00,00
98405,0,300,0,0,8,03,5A,64,5A,64,00,64,B8
98405,0,301,0,0,3,80,08,00
98445,1,401,0,0,8,1D,9F,00,00,46,00,00,00
98455,1,201,0,0,5,00,00,00,00,62
98455,0,300,0,0,8,03,5A,64,5A,64,00,64,A9
98455,0,301,0,0,3,88,09,00
98465,1,400,0,0,8,01,00,0C,00,00,00,00,00
98465,1,203,0,0,8,00,00,00,00,00,00,00,00
98475,1,204,0,0,8,00,00,00,00,00,00,00,00
98485,1,206,0,0,8,00,00,00,00,00,00,00,00
98485,1,202,0,0,8,E2,14,00,00,64,7C,05,00
98505,1,666,0,0,8,52,08,05,00,52,95,36,02
98505,0,300,0,0,8,03,5A,64,5A,64,00,64,BA
98505,0,301,0,0,3,C6,0A,00
98515,1,665,0,0,8,00,00,00,53,4C,18,53,00
98525,1,200,0,0,8,58,00,00,A6,08,00,02,00
98545,1,401,0,0,8,1D,9F,00,00,46,00,00,00
98555,1,201,0,0,5,00,00,00,00,62
98555,0,300,0,0,8,03,5A,64,5A,64,00,64,AB
98555,0,301,0,0,3,43,0B,00
98565,1,400,0,0,8,01,00,0C,00,00,00,00,00
98565,1,203,0,0,8,00,00,00,00,00,00,00,00
98585,1,206,0,0,8,00,00,00,00,00,00,00,00
98605,0,300,0,0,8,03,5A,64,5A,64,00,64,BC
98605,0,301,0,0,3,B5,0C,00
98625,1,402,0,0,8,58,00,00,00,00,A6,08,00
98645,1,401,0,0,8,1D,9F,00,00,46,00,00,00
98655,1,201,0,0,5,00,00,00,00,62
98655,0,300,0,0,8,03,5A,64,5A,64,00,64,AD
98655,0,301,0,0,3,4E,0D,00
98665,1,400,0,0,8,01,00,0C,00,00,00,00,00
98665,1,203,0,0,8,00,00,00,00,00,00,00,00
98685,1,206,0,0,8,00,00,00,00,00,00,00,00
98705,0,300,0,0,8,03,5A,64,5A,64,00,64,BE
98705,0,301,0,0,3,1D,0E,00
98745,1,401,0,0,8,1D,9F,00,00,46,00,00,00
98755,1,201,0,0,5,00,00,00,00,62
98755,0,300,0,0,8,03,5A,64,5A,64,00,64,AF
98755,0,301,0,0,3,E8,0F,00
98765,1,400,0,0,8,01,00,0C,00,00,00,00,00
98765,1,203,0,0,8,00,00,00,00,00,00,00,00
98785,1,206,0,0,8,00,00,00,00,00,00,00,00
98805,0,300,0,0,8,03,5A,64,5A,64,00,64,30
98805,0,301,0,0,3,E2,00,00
98845,1,401,0,0,8,1D,9F,00,00,46,00,00,00
98855,1,201,0,0,5,00,00,00,00,62
98855,0,300,0,0,8,03,5A,64,5A,64,00,64,21
98855,0,301,0,0,3,B3,01,00
98865,1,203,0,0,8,00,00,00,00,00,00,00,00
98865,1,400,0,0,8,01,00,0C,00,00,00,00,00
98885,1,206,0,0,8,00,00,00,00,00,00,00,00
98905,0,300,0,0,8,03,5A,64,5A,64,00,64,32
98905,0,301,0,0,3,6B,02,00
98945,1,401,0,0,8,1D,9F,00,00,46,00,00,00
98955,1,201,0,0,5,00,00,00,00,62
98955,0,300,0,0,8,03,5A,64,5A,64,00,64,23
98955,0,301,0,0,3,96,03,00
98965,1,203,0,0,8,00,00,00,00,00,00,00,00
98965,1,400,0,0,8,01,00,0C,00,00,00,00,00
98985,1,206,0,0,8,00,00,00,00,00,00,00,00
99005,0,300,0,0,8,03,5A,64,5A,64,00,64,34
99005,0,301,0,0,3,03,04,00
99045,1,401,0,0,8,1D,9F,00,00,46,00,00,00
99055,1,201,0,0,5,00,00,00,00,62
99055,0,300,0,0,8,03,5A,64,5A,64,00,64,25
99055,0,301,0,0,3,54,05,00
99065,1,203,0,0,8,00,00,00,00,00,00,00,00
99065,1,400,0,0,8,01,00,0C,00,00,00,00,00
99085,1,206,0,0,8,00,00,00,00,00,00,00,00
99105,0,300,0,0,8,03,5A,64,5A,64,00,64,36
99105,0,301,0,0,3,F5,06,00
99125,1,403,0,0,8,64,00,00,00,40,E3,09,00
99145,1,401,0,0,8,1F,9F,00,00,46,00,00,00
99155,1,201,0,0,5,00,00,00,00,62
99155,0,300,0,0,8,03,5A,64,5A,64,00,64,27
99155,0,301,0,0,3,B8,07,00
99165,1,203,0,0,8,00,00,00,00,00,00,00,00
99165,1,400,0,0,8,01,00,0C,00,00,00,00,00
99185,1,206,0,0,8,00,00,00,00,00,00,00,00
99205,0,300,0,0,8,03,5A,64,5A,64,00,64,B8
99205,0,301,0,0,3,80,08,00
99245,1,401,0,0,8,1F,9F,00,00,46,00,00,00
99255,1,201,0,0,5,00,00,00,00,62
99255,0,300,0,0,8,03,5A,64,5A,64,00,64,A9
99255,0,301,0,0,3,88,09,00
99265,1,203,0,0,8,00,00,00,00,00,00,00,00
99265,1,400,0,0,8,01,00,0C,00,00,00,00,00
99285,1,206,0,0,8,00,00,00,00,00,00,00,00
99305,0,300,0,0,8,03,5A,64,5A,64,00,64,BA
99305,0,301,0,0,3,C6,0A,00
99345,1,401,0,0,8,1F,9F,00,00,45,00,00,00
99355,1,201,0,0,5,00,00,00,00,62
99355,0,300,0,0,8,03,5A,64,5A,64,00,64,AB
99355,0,301,0,0,3,43,0B,00
99365,1,203,0,0,8,00,00,00,00,00,00,00,00
99365,1,400,0,0,8,01,00,0C,00,00,00,00,00
99385,1,206,0,0,8,00,00,00,00,00,00,00,00
99405,0,300,0,0,8,03,5A,64,5A,64,00,64,BC
99405,0,301,0,0,3,B5,0C,00
99445,1,401,0,0,8,1D,9F,00,00,45,00,00,00
99455,1,201,0,0,5,00,00,00,00,62
99455,0,300,0,0,8,03,5A,64,5A,64,00,64,AD
99455,0,301,0,0,3,4E,0D,00
99465,1,203,0,0,8,00,00,00,00,00,00,00,00
99465,1,400,0,0,8,01,00,0C,00,00,00,00,00
99475,1,204,0,0,8,00,00,00,00,00,00,00,00
99485,1,206,0,0,8,00,00,00,00,00,00,00,00
99495,1,202,0,0,8,E2,11,00,00,64,7C,05,00
99505,0,300,0,0,8,03,5A,64,5A,64,00,64,BE
99505,0,301,0,0,3,1D,0E,00
99545,1,401,0,0,8,1D,9F,00,00,45,00,00,00
99555,1,201,0,0,5,00,00,00,00,62
99555,0,300,0,0,8,03,5A,64,5A,64,00,64,AF
99555,0,301,0,0,3,E8,0F,00
99565,1,203,0,0,8,00,00,00,00,00,00,00,00
99565,1,400,0,0,8,01,00,0C,00,00,00,00,00
99585,1,206,0,0,8,00,00,00,00,00,00,00,00
99605,0,300,0,0,8,03,5A,64,5A,64,00,64,30
99605,0,301,0,0,3,E2,00,00
99625,1,402,0,0,8,58,00,00,00,00,A6,08,00
99645,1,401,0,0,8,1D,9F,00,00,46,00,00,00
99655,1,201,0,0,5,00,00,00,00,62
99655,0,300,0,0,8,03,5A,64,5A,64,00,64,21
99655,0,301,0,0,3,B3,01,00
99665,1,203,0,0,8,00,00,00,00,00,00,00,00
99665,1,400,0,0,8,01,00,0C,00,00,00,00,00
99695,1,206,0,0,8,00,00,00,00,00,00,00,00
99705,0,300,0,0,8,03,5A,64,5A,64,00,64,32
99705,0,301,0,0,3,6B,02,00
99745,1,401,0,0,8,1D,9F,00,00,46,00,00,00
99755,1,201,0,0,5,00,00,00,00,62
99755,0,300,0,0,8,03,5A,64,5A,64,00,64,23
99755,0,301,0,0,3,96,03,00
99765,1,203,0,0,8,00,00,00,00,00,00,00,00
99765,1,400,0,0,8,01,00,0C,00,00,00,00,00
99795,1,206,0,0,8,00,00,00,00,00,00,00,00
99805,0,300,0,0,8,03,5A,64,5A,64,00,64,34
99805,0,301,0,0,3,03,04,00
99845,1,401,0,0,8,1D,9F,00,00,46,00,00,00
99855,1,201,0,0,5,00,00,00,00,62
99855,0,300,0,0,8,03,5A,64,5A,64,00,64,25
99855,0,301,0,0,3,54,05,00
99865,1,203,0,0,8,00,00,00,00,00,00,00,00
99865,1,400,0,0,8,01,00,0C,00,00,00,00,00
99895,1,206,0,0,8,00,00,00,00,00,00,00,00
99905,0,300,0,0,8,03,5A,64,5A,64,00,64,36
99905,0,301,0,0,3,F5,06,00
99945,1,401,0,0,8,1F,9F,00,00,46,00,00,00
99955,1,201,0,0,5,00,00,00,00,62
99955,0,300,0,0,8,03,5A,64,5A,64,00,64,27
99955,0,301,0,0,3,B8,07,00
99965,1,203,0,0,8,00,00,00,00,00,00,00,00
99965,1,400,0,0,8,01,00,0C,00,00,00,00,00
99995,1,206,0,0,8,00,00,00,00,00,00,00,00
100005,0,300,0,0,8,03,5A,64,5A,64,00,64,B8
100005,0,301,0,0,3,80,08,00
100045,1,401,0,0,8,1F,9F,00,00,46,00,00,00
100055,1,201,0,0,5,00,00,00,00,62
100055,0,300,0,0,8,03,5A,64,5A,64,00,64,A9
100055,0,301,0,0,3,88,09,00
100065,1,203,0,0,8,00,00,00,00,00,00,00,00
100065,1,400,0,0,8,01,00,0C,00,00,00,00,00
100095,1,206,0,0,8,00,00,00,00,00,00,00,00
100105,0,300,0,0,8,03,5A,64,5A,64,00,64,BA
100105,0,301,0,0,3,C6,0A,00
100125,1,403,0,0,8,64,00,00,00,40,E3,09,00
100145,1,401,0,0,8,1B,9F,00,00,46,00,00,00
100155,1,201,0,0,5,00,00,00,00,62
100155,0,300,0,0,8,03,5A,64,5A,64,00,64,AB
100155,0,301,0,0,3,43,0B,00
100165,1,203,0,0,8,00,00,00,00,00,00,00,00
100165,1,400,0,0,8,01,00,0C,00,00,00,00,00
100195,1,206,0,0,8,00,00,00,00,00,00,00,00
100205,0,300,0,0,8,03,5A,64,5A,64,00,64,BC
100205,0,301,0,0,3,B5,0C,00
100245,1,401,0,0,8,1B,9F,00,00,46,00,00,00
100255,1,201,0,0,5,00,00,00,00,62
100255,0,300,0,0,8,03,5A,64,5A,64,00,64,AD
100255,0,301,0,0,3,4E,0D,00
100265,1,203,0,0,8,00,00,00,00,00,00,00,00
100265,1,400,0,0,8,01,00,0C,00,00,00,00,00
100295,1,206,0,0,8,00,00,00,00,00,00,00,00
100305,0,300,0,0,8,03,5A,64,5A,64,00,64,BE
100305,0,301,0,0,3,1D,0E,00
100345,1,401,0,0,8,1B,9F,00,00,45,00,00,00
100355,1,201,0,0,5,00,00,00,00,62
100355,0,300,0,0,8,03,5A,64,5A,64,00,64,AF
100355,0,301,0,0,3,E8,0F,00
100365,1,203,0,0,8,00,00,00,00,00,00,00,00
100365,1,400,0,0,8,01,00,0C,00,00,00,00,00
100395,1,206,0,0,8,00,00,00,00,00,00,00,00
100405,0,300,0,0,8,03,5A,64,5A,64,00,64,30
100405,0,301,0,0,3,E2,00,00
100445,1,401,0,0,8,1D,9F,00,00,45,00,00,00
100455,1,201,0,0,5,00,00,00,00,62
100455,0,300,0,0,8,03,5A,64,5A,64,00,64,21
100455,0,301,0,0,3,B3,01,00
100465,1,203,0,0,8,00,00,00,00,00,00,00,00
100465,1,400,0,0,8,01,00,0C,00,00,00,00,00
100475,1,204,0,0,8,00,00,00,00,00,00,00,00
100495,1,206,0,0,8,00,00,00,00,00,00,00,00
100495,1,202,0,0,8,E2,11,00,00,64,7C,05,00
100505,0,300,0,0,8,03,5A,64,5A,64,00,64,32
100505,0,301,0,0,3,6B,02,00
100545,1,401,0,0,8,1D,9F,00,00,45,00,00,00
100555,1,201,0,0,5,00,00,00,00,62
100555,0,300,0,0,8,03,5A,64,5A,64,00,64,23
100555,0,301,0,0,3,96,03,00
100565,1,203,0,0,8,00,00,00,00,00,00,00,00
100565,1,400,0,0,8,01,00,0C,00,00,00,00,00
100595,1,206,0,0,8,00,00,00,00,00,00,00,00
100605,0,300,0,0,8,03,5A,64,5A,64,00,64,34
100605,0,301,0,0,3,03,04,00
100635,1,402,0,0,8,58,00,00,00,00,A6,08,00
100655,1,401,0,0,8,1B,9F,00,00,46,00,00,00
100655,1,201,0,0,5,00,00,00,00,62
100655,0,300,0,0,8,03,5A,64,5A,64,00,64,25
100655,0,301,0,0,3,54,05,00
100665,1,203,0,0,8,00,00,00,00,00,00,00,00
100675,1,400,0,0,8,01,00,0C,00,00,00,00,00
100695,1,206,0,0,8,00,00,00,00,00,00,00,00
100705,0,300,0,0,8,03,5A,64,5A,64,00,64,36
100705,0,301,0,0,3,F5,06,00
100755,1,401,0,0,8,1B,9F,00,00,46,00,00,00
100755,1,201,0,0,5,00,00,00,00,62
100755,0,300,0,0,8,03,5A,64,5A,64,00,64,27
100755,0,301,0,0,3,B8,07,00
100765,1,203,0,0,8,00,00,00,00,00,00,00,00
100775,1,400,0,0,8,01,00,0C,00,00,00,00,00
100795,1,206,0,0,8,00,00,00,00,00,00,00,00
100805,0,300,0,0,8,03,5A,64,5A,64,00,64,B8
100805,0,301,0,0,3,80,08,00
100855,1,401,0,0,8,1B,9F,00,00,46,00,00,00
100855,1,201,0,0,5,00,00,00,00,62
100855,0,300,0,0,8,03,5A,64,5A,64,00,64,A9
100855,0,301,0,0,3,88,09,00
100865,1,203,0,0,8,00,00,00,00,00,00,00,00
100875,1,400,0,0,8,01,00,0C,00,00,00,00,00
100895,1,206,0,0,8,00,00,00,00,00,00,00,00
100905,0,300,0,0,8,03,5A,64,5A,64,00,64,BA
100905,0,301,0,0,3,C6,0A,00
100955,1,401,0,0,8,1D,9F,00,00,46,00,00,00
100955,1,201,0,0,5,00,00,00,00,62
100955,0,300,0,0,8,03,5A,64,5A,64,00,64,AB
100955,0,301,0,0,3,43,0B,00
100965,1,203,0,0,8,00,00,00,00,00,00,00,00
100975,1,400,0,0,8,01,00,0C,00,00,00,00,00
100995,1,206,0,0,8,00,00,00,00,00,00,00,00
101005,0,300,0,0,8,03,5A,64,5A,64,00,64,BC
101005,0,301,0,0,3,B5,0C,00
101055,1,401,0,0,8,1D,9F,00,00,46,00,00,00
101055,1,201,0,0,5,00,00,00,00,62
101055,0,300,0,0,8,03,5A,64,5A,64,00,64,AD
101055,0,301,0,0,3,4E,0D,00
101065,1,203,0,0,8,00,00,00,00,00,00,00,00
101075,1,400,0,0,8,01,00,0C,00,00,00,00,00
101095,1,206,0,0,8,00,00,00,00,00,00,00,00
101105,0,300,0,0,8,03,5A,64,5A,64,00,64,BE
101105,0,301,0,0,3,1D,0E,00
101135,1,403,0,0,8,64,00,00,00,40,E3,09,00
101155,1,401,0,0,8,1D,9F,00,00,46,00,00,00
101155,1,201,0,0,5,00,00,00,00,62
101155,0,300,0,0,8,03,5A,64,5A,64,00,64,AF
101155,0,301,0,0,3,E8,0F,00
101165,1,203,0,0,8,00,00,00,00,00,00,00,00
101175,1,400,0,0,8,01,00,0C,00,00,00,00,00
101195,1,206,0,0,8,00,00,00,00,00,00,00,00
101205,0,300,0,0,8,03,5A,64,5A,64,00,64,30
101205,0,301,0,0,3,E2,00,00
101255,1,401,0,0,8,1D,9F,00,00,46,00,00,00
101255,1,201,0,0,5,00,00,00,00,62
101255,0,300,0,0,8,03,5A,64,5A,64,00,64,21
101255,0,301,0,0,3,B3,01,00
101265,1,203,0,0,8,00,00,00,00,00,00,00,00
101275,1,400,0,0,8,01,00,0C,00,00,00,00,00
101295,1,206,0,0,8,00,00,00,00,00,00,00,00
101305,0,300,0,0,8,03,5A,64,5A,64,00,64,32
101305,0,301,0,0,3,6B,02,00
101355,1,401,0,0,8,1D,9F,00,00,45,00,00,00
101355,1,201,0,0,5,00,00,00,00,62
101355,0,300,0,0,8,03,5A,64,5A,64,00,64,23
101355,0,301,0,0,3,96,03,00
101365,1,203,0,0,8,00,00,00,00,00,00,00,00
101375,1,400,0,0,8,01,00,0C,00,00,00,00,00
101395,1,206,0,0,8,00,00,00,00,00,00,00,00
101405,0,300,0,0,8,03,5A,64,5A,64,00,64,34
101405,0,301,0,0,3,03,04,00
101455,1,401,0,0,8,1B,9F,00,00,45,00,00,00
101455,1,201,0,0,5,00,00,00,00,62
101455,0,300,0,0,8,03,5A,64,5A,64,00,64,25
101455,0,301,0,0,3,54,05,00
101465,1,203,0,0,8,00,00,00,00,00,00,00,00
101475,1,400,0,0,8,01,00,0C,00,00,00,00,00
101475,1,204,0,0,8,00,00,00,00,00,00,00,00
101495,1,206,0,0,8,00,00,00,00,00,00,00,00
101495,1,202,0,0,8,E2,12,00,00,64,7C,05,00
101505,1,666,0,0,8,52,08,05,00,52,95,36,02
101505,0,300,0,0,8,03,5A,64,5A,64,00,64,36
101505,0,301,0,0,3,F5,06,00
101515,1,665,0,0,8,00,00,00,53,4C,18,53,00
101525,1,200,0,0,8,58,00,00,A6,08,00,00,00
101555,1,401,0,0,8,1B,9F,00,00,45,00,00,00
101555,1,201,0,0,5,00,00,00,00,62
101555,0,300,0,0,8,03,5A,64,5A,64,00,64,27
101555,0,301,0,0,3,B8,07,00
101565,1,203,0,0,8,00,00,00,00,00,00,00,00
101575,1,400,0,0,8,01,00,0C,00,00,00,00,00
101595,1,206,0,0,8,00,00,00,00,00,00,00,00
101605,0,300,0,0,8,03,5A,64,5A,64,00,64,B8
101605,0,301,0,0,3,80,08,00
101635,1,402,0,0,8,58,00,00,00,00,A6,08,00
101655,1,401,0,0,8,1B,9F,00,00,46,00,00,00
101655,1,201,0,0,5,00,00,00,00,62
101655,0,300,0,0,8,03,5A,64,5A,64,00,64,A9
101655,0,301,0,0,3,88,09,00
101665,1,203,0,0,8,00,00,00,00,00,00,00,00
101675,1,400,0,0,8,01,00,0C,00,00,00,00,00
101695,1,206,0,0,8,00,00,00,00,00,00,00,00
101705,0,300,0,0,8,03,5A,64,5A,64,00,64,BA
101705,0,301,0,0,3,C6,0A,00
101755,1,401,0,0,8,1B,9F,00,00,46,00,00,00
101755,1,201,0,0,5,00,00,00,00,62
101755,0,300,0,0,8,03,5A,64,5A,64,00,64,AB
101755,0,301,0,0,3,43,0B,00
101765,1,203,0,0,8,00,00,00,00,00,00,00,00
101775,1,400,0,0,8,01,00,0C,00,00,00,00,00
101795,1,206,0,0,8,00,00,00,00,00,00,00,00
101805,0,300,0,0,8,03,5A,64,5A,64,00,64,BC
101805,0,301,0,0,3,B5,0C,00
101855,1,401,0,0,8,1B,9F,00,00,46,00,00,00
101855,1,201,0,0,5,00,00,00,00,62
101855,0,300,0,0,8,03,5A,64,5A,64,00,64,AD
101855,0,301,0,0,3,4E,0D,00
101865,1,203,0,0,8,00,00,00,00,00,00,00,00
101875,1,400,0,0,8,01,00,0C,00,00,00,00,00
101895,1,206,0,0,8,00,00,00,00,00,00,00,00
101905,0,300,0,0,8,03,5A,64,5A,64,00,64,BE
101905,0,301,0,0,3,1D,0E,00
101955,1,401,0,0,8,1B,9F,00,00,46,00,00,00
101955,1,201,0,0,5,00,00,00,00,62
101955,0,300,0,0,8,03,5A,64,5A,64,00,64,AF
101955,0,301,0,0,3,E8,0F,00
101965,1,203,0,0,8,00,00,00,00,00,00,00,00
101975,1,400,0,0,8,01,00,0C,00,00,00,00,00
101995,1,206,0,0,8,00,00,00,00,00,00,00,00
102005,0,300,0,0,8,03,5A,64,5A,64,00,64,30
102005,0,301,0,0,3,E2,00,00
102055,1,401,0,0,8,1B,9F,00,00,46,00,00,00
102055,1,201,0,0,5,00,00,00,00,62
102055,0,300,0,0,8,03,5A,64,5A,64,00,64,21
102055,0,301,0,0,3,B3,01,00
102065,1,203,0,0,8,00,00,00,00,00,00,00,00
102075,1,400,0,0,8,01,00,0C,00,00,00,00,00
102095,1,206,0,0,8,00,00,00,00,00,00,00,00
102105,0,300,0,0,8,03,5A,64,5A,64,00,64,32
102105,0,301,0,0,3,6B,02,00
102135,1,403,0,0,8,64,00,00,00,40,E3,09,00
102155,1,401,0,0,8,1D,9F,00,00,46,00,00,00
102155,1,201,0,0,5,00,00,00,00,62
102155,0,300,0,0,8,03,5A,64,5A,64,00,64,23
102155,0,301,0,0,3,96,03,00
102165,1,203,0,0,8,00,00,00,00,00,00,00,00
102175,1,400,0,0,8,01,00,0C,00,00,00,00,00
102195,1,206,0,0,8,00,00,00,00,00,00,00,00
102205,0,300,0,0,8,03,5A,64,5A,64,00,64,34
102205,0,301,0,0,3,03,04,00
102255,1,401,0,0,8,1D,9F,00,00,46,00,00,00
102255,1,201,0,0,5,00,00,00,00,62
102255,0,300,0,0,8,03,5A,64,5A,64,00,64,25
102255,0,301,0,0,3,54,05,00
102265,1,203,0,0,8,00,00,00,00,00,00,00,00
102275,1,400,0,0,8,01,00,0C,00,00,00,00,00
102295,1,206,0,0,8,00,00,00,00,00,00,00,00
102305,0,300,0,0,8,03,5A,64,5A,64,00,64,36
102305,0,301,0,0,3,F5,06,00
102355,1,401,0,0,8,1D,9F,00,00,45,00,00,00
102355,1,201,0,0,5,00,00,00,00,62
102355,0,300,0,0,8,03,5A,64,5A,64,00,64,27
102355,0,301,0,0,3,B8,07,00
102365,1,203,0,0,8,00,00,00,00,00,00,00,00
102375,1,400,0,0,8,01,00,0C,00,00,00,00,00
102395,1,206,0,0,8,00,00,00,00,00,00,00,00
102405,0,300,0,0,8,03,5A,64,5A,64,00,64,B8
102405,0,301,0,0,3,80,08,00
102455,1,401,0,0,8,1D,9F,00,00,45,00,00,00
102455,1,201,0,0,5,00,00,00,00,62
102455,0,300,0,0,8,03,5A,64,5A,64,00,64,A9
102455,0,301,0,0,3,88,09,00
102465,1,203,0,0,8,00,00,00,00,00,00,00,00
102475,1,400,0,0,8,01,00,0C,00,00,00,00,00
102475,1,204,0,0,8,00,00,00,00,00,00,00,00
102495,1,206,0,0,8,00,00,00,00,00,00,00,00
102495,1,202,0,0,8,E2,11,00,00,64,7C,05,00
102505,0,300,0,0,8,03,5A,64,5A,64,00,64,BA
102505,0,301,0,0,3,C6,0A,00
102555,1,401,0,0,8,1D,9F,00,00,45,00,00,00
102555,1,201,0,0,5,00,00,00,00,62
102555,0,300,0,0,8,03,5A,64,5A,64,00,64,AB
102555,0,301,0,0,3,43,0B,00
102565,1,203,0,0,8,00,00,00,00,00,00,00,00
102575,1,400,0,0,8,01,00,0C,00,00,00,00,00
102595,1,206,0,0,8,00,00,00,00,00,00,00,00
102605,0,300,0,0,8,03,5A,64,5A,64,00,64,BC
102605,0,301,0,0,3,B5,0C,00
102635,1,402,0,0,8,58,00,00,00,00,A6,08,00
102655,1,401,0,0,8,1D,9F,00,00,46,00,00,00
102655,1,201,0,0,5,00,00,00,00,62
102655,0,300,0,0,8,03,5A,64,5A,64,00,64,AD
102655,0,301,0,0,3,4E,0D,00
102665,1,203,0,0,8,00,00,00,00,00,00,00,00
102675,1,400,0,0,8,01,00,0C,00,00,00,00,00
102695,1,206,0,0,8,00,00,00,00,00,00,00,00
102705,0,300,0,0,8,03,5A,64,5A,64,00,64,BE
102705,0,301,0,0,3,1D,0E,00
102755,1,401,0,0,8,1D,9F,00,00,46,00,00,00
102755,1,201,0,0,5,00,00,00,00,62
102755,0,300,0,0,8,03,5A,64,5A,64,00,64,AF
102755,0,301,0,0,3,E8,0F,00
102765,1,203,0,0,8,00,00,00,00,00,00,00,00
102775,1,400,0,0,8,01,00,0C,00,00,00,00,00
102795,1,206,0,0,8,00,00,00,00,00,00,00,00
102805,0,300,0,0,8,03,5A,64,5A,64,00,64,30
102805,0,301,0,0,3,E2,00,00
102855,1,201,0,0,5,00,00,00,00,62
102855,1,401,0,0,8,1D,9F,00,00,46,00,00,00
102855,0,300,0,0,8,03,5A,64,5A,64,00,64,21
102855,0,301,0,0,3,B3,01,00
102865,1,203,0,0,8,00,00,00,00,00,00,00,00
102875,1,400,0,0,8,01,00,0C,00,00,00,00,00
102895,1,206,0,0,8,00,00,00,00,00,00,00,00
102905,0,300,0,0,8,03,5A,64,5A,64,00,64,32
102905,0,301,0,0,3,6B,02,00
102955,1,201,0,0,5,00,00,00,00,62
102955,1,401,0,0,8,1D,9F,00,00,46,00,00,00
102955,0,300,0,0,8,03,5A,64,5A,64,00,64,23
102955,0,301,0,0,3,96,03,00
102965,1,203,0,0,8,00,00,00,00,00,00,00,00
102975,1,400,0,0,8,01,00,0C,00,00,00,00,00
102995,1,206,0,0,8,00,00,00,00,00,00,00,00
103005,0,300,0,0,8,03,5A,64,5A,64,00,64,34
103005,0,301,0,0,3,03,04,00
103055,1,201,0,0,5,00,00,00,00,62
103055,1,401,0,0,8,1D,9F,00,00,46,00,00,00
103055,0,300,0,0,8,03,5A,64,5A,64,00,64,25
103055,0,301,0,0,3,54,05,00
103065,1,203,0,0,8,00,00,00,00,00,00,00,00
103075,1,400,0,0,8,01,00,0C,00,00,00,00,00
103095,1,206,0,0,8,00,00,00,00,00,00,00,00
103105,0,300,0,0,8,03,5A,64,5A,64,00,64,36
103105,0,301,0,0,3,F5,06,00
103135,1,403,0,0,8,64,00,00,00,40,E3,09,00
103155,1,201,0,0,5,00,00,00,00,62
103155,1,401,0,0,8,1D,9F,00,00,46,00,00,00
103155,0,300,0,0,8,03,5A,64,5A,64,00,64,27
103155,0,301,0,0,3,B8,07,00
103165,1,203,0,0,8,00,00,00,00,00,00,00,00
103175,1,400,0,0,8,01,00,0C,00,00,00,00,00
103195,1,206,0,0,8,00,00,00,00,00,00,00,00
103205,0,300,0,0,8,03,5A,64,5A,64,00,64,B8
103205,0,301,0,0,3,80,08,00
103255,1,201,0,0,5,00,00,00,00,62
103255,1,401,0,0,8,1D,9F,00,00,46,00,00,00
103255,0,300,0,0,8,03,5A,64,5A,64,00,64,A9
103255,0,301,0,0,3,88,09,00
103265,1,203,0,0,8,00,00,00,00,00,00,00,00
103275,0,404,0,0,2,4A,00
103275,1,400,0,0,8,01,00,0C,00,00,00,00,00
103275,1,405,0,0,8,4A,00,00,00,06,00,00,00
103295,1,206,0,0,8,00,00,00,00,00,00,00,00
103305,0,404,0,0,2,02,30
103305,1,405,0,0,7,02,30,00,00,00,00,00
103305,0,300,0,0,8,03,5A,64,5A,64,00,64,BA
103305,0,301,0,0,3,C6,0A,00
103335,0,404,0,0,2,44,00
103335,1,405,0,0,6,44,00,00,00,50,46
103355,1,201,0,0,5,00,00,00,00,62
103355,1,401,0,0,8,1D,9F,00,00,46,00,00,00
103355,0,300,0,0,8,03,5A,64,5A,64,00,64,AB
103355,0,301,0,0,3,43,0B,00
103365,1,203,0,0,8,00,00,00,00,00,00,00,00
103365,0,404,0,0,2,01,00
103365,1,405,0,0,8,01,00,00,00,00,04,06,04
103375,1,400,0,0,8,01,00,0C,00,00,00,00,00
103395,1,206,0,0,8,00,00,00,00,00,00,00,00
103405,0,404,0,0,2,A3,01
103405,1,405,0,0,5,A3,01,00,00,06
103405,0,300,0,0,8,03,5A,64,5A,64,00,64,BC
103405,0,301,0,0,3,B5,0C,00
103435,0,404,0,0,2,20,00
103435,1,405,0,0,8,20,00,00,00,32,33,36,47
103455,1,201,0,0,5,00,00,00,00,62
103455,1,401,0,0,8,1B,9F,00,00,46,00,00,00
103455,0,300,0,0,8,03,5A,64,5A,64,00,64,AD
103455,0,301,0,0,3,4E,0D,00
103465,0,404,0,0,2,21,00
103465,1,405,0,0,8,21,00,00,00,35,4C,41,31
103465,1,203,0,0,8,00,00,00,00,00,00,00,00
103475,1,400,0,0,8,01,00,0C,00,00,00,00,00
103475,1,204,0,0,8,00,00,00,00,00,00,00,00
103495,1,206,0,0,8,00,00,00,00,00,00,00,00
103495,1,202,0,0,8,E2,12,00,00,64,7C,05,00
103495,0,404,0,0,2,22,00
103495,1,405,0,0,8,22,00,00,00,30,30,34,52
103505,0,300,0,0,8,03,5A,64,5A,64,00,64,BE
103505,0,301,0,0,3,1D,0E,00
103525,0,404,0,0,2,23,00
103525,1,405,0,0,8,23,00,00,00,4D,30,30,30
103555,1,201,0,0,5,00,00,00,00,62
103555,1,401,0,0,8,1B,9F,00,00,46,00,00,00
103555,0,300,0,0,8,03,5A,64,5A,64,00,64,AF
103555,0,301,0,0,3,E8,0F,00
103565,0,404,0,0,2,24,00
103565,1,405,0,0,8,24,00,00,00,30,30,30,30
103565,1,203,0,0,8,00,00,00,00,00,00,00,00
103575,1,400,0,0,8,01,00,0C,00,00,00,00,00
103585,0,404,0,0,2,25,00
103585,1,405,0,0,8,25,00,00,00,30,30,30,30
103595,1,206,0,0,8,00,00,00,00,00,00,00,00
103605,0,300,0,0,8,03,5A,64,5A,64,00,64,30
103605,0,301,0,0,3,E2,00,00
103615,0,404,0,0,2,26,00
103615,1,405,0,0,8,26,00,00,00,30,30,30,30
103635,1,402,0,0,8,58,00,00,00,00,A6,08,00
103645,0,404,0,0,2,27,00
103655,1,405,0,0,6,27,00,00,00,30,30
103655,1,201,0,0,5,00,00,00,00,62
103655,1,401,0,0,8,1D,9F,00,00,46,00,00,00
103655,0,300,0,0,8,03,5A,64,5A,64,00,64,21
103655,0,301,0,0,3,B3,01,00
103665,1,203,0,0,8,00,00,00,00,00,00,00,00
103675,1,400,0,0,8,01,00,0C,00,00,00,00,00
103685,0,404,0,0,2,4C,00
103685,1,405,0,0,8,4C,00,00,00,01,24,00,00
103695,1,206,0,0,8,00,00,00,00,00,00,00,00
103705,0,300,0,0,8,03,5A,64,5A,64,00,64,32
103705,0,301,0,0,3,6B,02,00
103715,0,404,0,0,2,46,00
103715,1,405,0,0,5,46,00,00,00,00
103745,0,404,0,0,2,4D,00
103745,1,405,0,0,8,4D,00,00,00,00,00,00,00
103755,1,201,0,0,5,00,00,00,00,62
103755,1,401,0,0,8,1D,9F,00,00,46,00,00,00
103755,0,300,0,0,8,03,5A,64,5A,64,00,64,23
103755,0,301,0,0,3,96,03,00
103765,1,203,0,0,8,00,00,00,00,00,00,00,00
103775,0,404,0,0,2,50,00
103775,1,405,0,0,8,50,00,00,00,7F,00,7E,00
103775,1,400,0,0,8,01,00,0C,00,00,00,00,00
103795,1,206,0,0,8,00,00,00,00,00,00,00,00
103805,0,404,0,0,2,02,00
103805,1,405,0,0,8,02,00,00,00,53,49,43,54
103805,0,300,0,0,8,03,5A,64,5A,64,00,64,34
103805,0,301,0,0,3,03,04,00
103835,0,404,0,0,2,0A,00
103835,1,405,0,0,8,0A,00,00,00,30,3A,00,00
103855,1,201,0,0,5,00,00,00,00,62
103855,1,401,0,0,8,1D,9F,00,00,45,00,00,00
103855,0,300,0,0,8,03,5A,64,5A,64,00,64,25
103855,0,301,0,0,3,54,05,00
103865,1,203,0,0,8,00,00,00,00,00,00,00,00
103875,0,404,0,0,2,04,00
103875,1,405,0,0,7,04,00,00,00,16,09,02
103875,1,400,0,0,8,01,00,0C,00,00,00,00,00
103895,1,206,0,0,8,00,00,00,00,00,00,00,00
103895,0,404,0,0,2,B0,01
103905,1,405,0,0,6,B0,01,00,00,00,00
103905,0,300,0,0,8,03,5A,64,5A,64,00,64,36
103905,0,301,0,0,3,F5,06,00
103935,0,404,0,0,2,B1,01
103935,1,405,0,0,6,B1,01,00,00,00,00
103955,1,201,0,0,5,00,00,00,00,62
103955,1,401,0,0,8,1B,9F,00,00,45,00,00,00
103955,0,300,0,0,8,03,5A,64,5A,64,00,64,27
103955,0,301,0,0,3,B8,07,00
103965,1,203,0,0,8,00,00,00,00,00,00,00,00
103975,1,400,0,0,8,01,00,0C,00,00,00,00,00
103995,1,206,0,0,8,00,00,00,00,00,00,00,00
104005,0,300,0,0,8,03,5A,64,5A,64,00,64,B8
104005,0,301,0,0,3,80,08,00
104055,1,201,0,0,5,00,00,00,00,62
104055,1,401,0,0,8,1B,9F,00,00,45,00,00,00
104055,0,300,0,0,8,03,5A,64,5A,64,00,64,A9
104055,0,301,0,0,3,88,09,00
104065,1,203,0,0,8,00,00,00,00,00,00,00,00
104075,1,400,0,0,8,01,00,0C,00,00,00,00,00
104095,1,206,0,0,8,00,00,00,00,00,00,00,00
104105,0,300,0,0,8,03,5A,64,5A,64,00,64,BA
104105,0,301,0,0,3,C6,0A,00
104135,1,403,0,0,8,64,00,00,00,40,E3,09,00
104155,1,201,0,0,5,00,00,00,00,62
104155,1,401,0,0,8,1B,9F,00,00,45,00,00,00
104155,0,300,0,0,8,03,5A,64,5A,64,00,64,AB
104155,0,301,0,0,3,43,0B,00
104165,1,203,0,0,8,00,00,00,00,00,00,00,00
104175,1,400,0,0,8,01,00,0C,00,00,00,00,00
104195,1,206,0,0,8,00,00,00,00,00,00,00,00
104205,0,300,0,0,8,03,5A,64,5A,64,00,64,BC
104205,0,301,0,0,3,B5,0C,00
104255,1,201,0,0,5,00,00,00,00,62
104255,1,401,0,0,8,1B,9F,00,00,45,00,00,00
104265,0,300,0,0,8,03,5A,64,5A,64,00,64,AD
104265,0,301,0,0,3,4E,0D,00
104265,1,203,0,0,8,00,00,00,00,00,00,00,00
104275,1,400,0,0,8,01,00,0C,00,00,00,00,00
104295,1,206,0,0,8,00,00,00,00,00,00,00,00
104305,0,300,0,0,8,03,5A,64,5A,64,00,64,BE
104305,0,301,0,0,3,1D,0E,00
104355,1,201,0,0,5,00,00,00,00,62
104355,1,401,0,0,8,1B,9F,00,00,46,00,00,00
104355,0,300,0,0,8,03,5A,64,5A,64,00,64,AF
104365,0,301,0,0,3,E8,0F,00
104365,1,203,0,0,8,00,00,00,00,00,00,00,00
104375,1,400,0,0,8,01,00,0C,00,00,00,00,00
104395,1,206,0,0,8,00,00,00,00,00,00,00,00
104405,0,300,0,0,8,03,5A,64,5A,64,00,64,30
104415,0,301,0,0,3,E2,00,00
104455,1,201,0,0,5,00,00,00,00,62
104455,1,401,0,0,8,1D,9F,00,00,46,00,00,00
104465,0,300,0,0,8,03,5A,64,5A,64,00,64,21
104465,0,301,0,0,3,B3,01,00
104465,1,203,0,0,8,00,00,00,00,00,00,00,00
104475,1,400,0,0,8,01,00,0C,00,00,00,00,00
104475,1,204,0,0,8,00,00,00,00,00,00,00,00
104495,1,206,0,0,8,00,00,00,00,00,00,00,00
104495,1,202,0,0,8,E2,11,00,00,64,7C,05,00
104505,1,666,0,0,8,52,08,05,00,52,95,36,02
104505,0,300,0,0,8,03,5A,64,5A,64,00,64,32
104515,0,301,0,0,3,6B,02,00
104515,1,665,0,0,8,00,00,00,53,4C,18,53,00
104525,1,200,0,0,8,58,00,00,A6,08,00,01,00
104555,1,201,0,0,5,00,00,00,00,62
104555,1,401,0,0,8,1D,9F,00,00,46,00,00,00
104555,0,300,0,0,8,03,5A,64,5A,64,00,64,23
104565,0,301,0,0,3,96,03,00
104565,1,203,0,0,8,00,00,00,00,00,00,00,00
104575,1,400,0,0,8,01,00,0C,00,00,00,00,00
104595,1,206,0,0,8,00,00,00,00,00,00,00,00
104605,0,300,0,0,8,03,5A,64,5A,64,00,64,34
104615,0,301,0,0,3,03,04,00
104635,1,402,0,0,8,58,00,00,00,00,A6,08,00
104655,1,201,0,0,5,00,00,00,00,62
104655,1,401,0,0,8,1D,9F,00,00,46,00,00,00
104655,0,300,0,0,8,03,5A,64,5A,64,00,64,25
104665,0,301,0,0,3,54,05,00
104665,1,203,0,0,8,00,00,00,00,00,00,00,00
104675,1,400,0,0,8,01,00,0C,00,00,00,00,00
104695,1,206,0,0,8,00,00,00,00,00,00,00,00
104705,0,300,0,0,8,03,5A,64,5A,64,00,64,36
104715,0,301,0,0,3,F5,06,00
104755,1,201,0,0,5,00,00,00,00,62
104755,0,300,0,0,8,03,5A,64,5A,64,00,64,27
104755,1,401,0,0,8,1D,9F,00,00,46,00,00,00
104765,0,301,0,0,3,B8,07,00
104765,1,203,0,0,8,00,00,00,00,00,00,00,00
104775,1,400,0,0,8,01,00,0C,00,00,00,00,00
104795,1,206,0,0,8,00,00,00,00,00,00,00,00
104805,0,300,0,0,8,03,5A,64,5A,64,00,64,B8
104815,0,301,0,0,3,80,08,00
104855,1,201,0,0,5,00,00,00,00,62
104855,0,300,0,0,8,03,5A,64,5A,64,00,64,A9
104865,0,301,0,0,3,88,09,00
104865,1,401,0,0,8,1D,9F,00,00,45,00,00,00
104865,1,203,0,0,8,00,00,00,00,00,00,00,00
104885,1,400,0,0,8,01,00,0C,00,00,00,00,00
104895,1,206,0,0,8,00,00,00,00,00,00,00,00
104905,0,300,0,0,8,03,5A,64,5A,64,00,64,BA
104915,0,301,0,0,3,C6,0A,00
104955,1,201,0,0,5,00,00,00,00,62
104955,0,300,0,0,8,03,5A,64,5A,64,00,64,AB
104965,0,301,0,0,3,43,0B,00
104965,1,401,0,0,8,1D,9F,00,00,45,00,00,00
104965,1,203,0,0,8,00,00,00,00,00,00,00,00
104985,1,400,0,0,8,01,00,0C,00,00,00,00,00
104995,1,206,0,0,8,00,00,00,00,00,00,00,00
105005,0,300,0,0,8,03,5A,64,5A,64,00,64,BC
105015,0,301,0,0,3,B5,0C,00
105055,1,201,0,0,5,00,00,00,00,62
105055,0,300,0,0,8,03,5A,64,5A,64,00,64,AD
105065,0,301,0,0,3,4E,0D,00
105065,1,401,0,0,8,1D,9F,00,00,45,00,00,00
105065,1,203,0,0,8,00,00,00,00,00,00,00,00
105085,1,400,0,0,8,01,00,0C,00,00,00,00,00
105095,1,206,0,0,8,00,00,00,00,00,00,00,00
105105,0,300,0,0,8,03,5A,64,5A,64,00,64,BE
105115,0,301,0,0,3,1D,0E,00
105145,1,403,0,0,8,64,00,00,00,40,E3,09,00
105155,1,201,0,0,5,00,00,00,00,62
105155,0,300,0,0,8,03,5A,64,5A,64,00,64,AF
105165,0,301,0,0,3,E8,0F,00
105165,1,401,0,0,8,1D,9F,00,00,45,00,00,00
105165,1,203,0,0,8,00,00,00,00,00,00,00,00
105185,1,400,0,0,8,01,00,0C,00,00,00,00,00
105195,1,206,0,0,8,00,00,00,00,00,00,00,00
105205,0,300,0,0,8,03,5A,64,5A,64,00,64,30
105215,0,301,0,0,3,E2,00,00
105255,1,201,0,0,5,00,00,00,00,62
105265,0,300,0,0,8,03,5A,64,5A,64,00,64,21
105265,0,301,0,0,3,B3,01,00
105265,1,401,0,0,8,1D,9F,00,00,45,00,00,00
105265,1,203,0,0,8,00,00,00,00,00,00,00,00
105285,1,400,0,0,8,01,00,0C,00,00,00,00,00
105295,1,206,0,0,8,00,00,00,00,00,00,00,00
105305,0,300,0,0,8,03,5A,64,5A,64,00,64,32
105315,0,301,0,0,3,6B,02,00
105355,1,201,0,0,5,00,00,00,00,62
105355,0,300,0,0,8,03,5A,64,5A,64,00,64,23
105365,0,301,0,0,3,96,03,00
105365,1,401,0,0,8,1D,9F,00,00,46,00,00,00
105365,1,203,0,0,8,00,00,00,00,00,00,00,00
105385,1,400,0,0,8,01,00,0C,00,00,00,00,00
105395,1,206,0,0,8,00,00,00,00,00,00,00,00
105405,0,300,0,0,8,03,5A,64,5A,64,00,64,34
105415,0,301,0,0,3,03,04,00
105455,1,201,0,0,5,00,00,00,00,62
105455,0,300,0,0,8,03,5A,64,5A,64,00,64,25
105465,0,301,0,0,3,54,05,00
105465,1,401,0,0,8,1D,9F,00,00,46,00,00,00
105465,1,203,0,0,8,00,00,00,00,00,00,00,00
105485,1,204,0,0,8,00,00,00,00,00,00,00,00
105485,1,400,0,0,8,01,00,0C,00,00,00,00,00
105495,1,206,0,0,8,00,00,00,00,00,00,00,00
105495,1,202,0,0,8,E2,12,00,00,64,7C,05,00
105505,0,300,0,0,8,03,5A,64,5A,64,00,64,36
105515,0,301,0,0,3,F5,06,00
105555,1,201,0,0,5,00,00,00,00,62
105555,0,300,0,0,8,03,5A,64,5A,64,00,64,27
105565,0,301,0,0,3,B8,07,00
105565,1,401,0,0,8,1D,9F,00,00,46,00,00,00
105565,1,203,0,0,8,00,00,00,00,00,00,00,00
105585,1,400,0,0,8,01,00,0C,00,00,00,00,00
105595,1,206,0,0,8,00,00,00,00,00,00,00,00
105605,0,300,0,0,8,03,5A,64,5A,64,00,64,B8
105615,0,301,0,0,3,80,08,00
105645,1,402,0,0,8,58,00,00,00,00,A6,08,00
105655,1,201,0,0,5,00,00,00,00,62
105655,0,300,0,0,8,03,5A,64,5A,64,00,64,A9
105665,0,301,0,0,3,88,09,00
105665,1,401,0,0,8,1D,9F,00,00,46,00,00,00
105665,1,203,0,0,8,00,00,00,00,00,00,00,00
105685,1,400,0,0,8,01,00,0C,00,00,00,00,00
105695,1,206,0,0,8,00,00,00,00,00,00,00,00
105705,0,300,0,0,8,03,5A,64,5A,64,00,64,BA
105715,0,301,0,0,3,C6,0A,00
105755,1,201,0,0,5,00,00,00,00,62
105755,0,300,0,0,8,03,5A,64,5A,64,00,64,AB
105765,0,301,0,0,3,43,0B,00
105765,1,401,0,0,8,1D,9F,00,00,46,00,00,00
105765,1,203,0,0,8,00,00,00,00,00,00,00,00
105785,1,400,0,0,8,01,00,0C,00,00,00,00,00
105795,1,206,0,0,8,00,00,00,00,00,00,00,00
105805,0,300,0,0,8,03,5A,64,5A,64,00,64,BC
105815,0,301,0,0,3,B5,0C,00
105855,1,201,0,0,5,00,00,00,00,62
105855,0,300,0,0,8,03,A5,64,5A,64,00,64,ED
105865,0,301,0,0,3,4E,0D,00
105865,1,401,0,0,8,1D,9F,00,00,46,00,00,00
105865,1,203,0,0,8,00,00,00,00,00,00,00,00
105885,1,400,0,0,8,01,00,0C,00,00,00,00,00
105895,1,206,0,0,8,00,00,00,00,00,00,00,00
105905,0,300,0,0,8,03,A5,64,5A,64,00,64,FE
105915,0,301,0,0,3,1D,0E,00
105955,1,201,0,0,5,00,00,00,00,63
105955,0,300,0,0,8,03,A5,64,5A,64,00,64,EF
105965,0,301,0,0,3,E8,0F,00
105965,1,401,0,0,8,1D,9F,00,00,46,00,00,00
105965,1,203,0,0,8,00,00,00,00,00,00,00,00
105985,1,400,0,0,8,01,00,0C,00,00,00,00,00
105995,1,206,0,0,8,00,00,00,00,00,00,00,00
106005,0,300,0,0,8,03,A5,64,5A,64,00,64,70
106015,0,301,0,0,3,E2,00,00
106055,1,201,0,0,5,00,00,00,00,63
106055,0,300,0,0,8,03,A5,64,5A,64,00,64,61
106065,0,301,0,0,3,B3,01,00
106065,1,401,0,0,8,1D,9F,00,00,46,00,00,00
106065,1,203,0,0,8,00,00,00,00,00,00,00,00
106085,1,400,0,0,8,01,00,0C,00,00,00,00,00
106095,1,206,0,0,8,00,00,00,00,00,00,00,00
106105,0,300,0,0,8,03,A5,64,5A,64,00,64,72
106115,0,301,0,0,3,6B,02,00
106145,1,403,0,0,8,64,00,00,00,40,E3,09,00
106155,1,201,0,0,5,00,00,00,00,63
106155,0,300,0,0,8,03,A5,64,5A,64,00,64,63
106165,0,301,0,0,3,96,03,00
106165,1,401,0,0,8,1B,9F,00,00,50,00,00,00
106165,1,203,0,0,8,00,00,00,00,00,00,00,00
106185,1,400,0,0,8,01,00,0C,00,00,00,00,00
106195,1,206,0,0,8,00,00,00,00,00,00,00,00
106205,0,300,0,0,8,03,A5,64,5A,64,00,64,74
106215,0,301,0,0,3,03,04,00
106255,1,201,0,0,5,00,00,00,00,63
106265,0,300,0,0,8,03,A5,64,5A,64,00,64,65
106265,0,301,0,0,3,54,05,00
106265,1,401,0,0,8,1B,9F,00,00,50,00,00,00
106265,1,203,0,0,8,00,00,00,00,00,00,00,00
106285,1,400,0,0,8,01,00,0C,00,00,00,00,00
106295,1,206,0,0,8,00,00,00,00,00,00,00,00
106305,0,300,0,0,8,03,A5,64,5A,64,00,64,76
106315,0,301,0,0,3,F5,06,00
106355,1,201,0,0,5,00,00,00,00,63
106355,0,300,0,0,8,03,A5,64,5A,64,00,64,67
106365,0,301,0,0,3,B8,07,00
106365,1,401,0,0,8,1B,9F,00,00,82,00,00,00
106365,1,203,0,0,8,00,00,00,00,00,00,00,00
106385,1,400,0,0,8,01,00,0C,00,00,00,00,00
106395,1,206,0,0,8,00,00,00,00,00,00,00,00
106405,0,300,0,0,8,03,A5,64,5A,64,00,64,F8
106415,0,301,0,0,3,80,08,00
106455,1,201,0,0,5,00,00,00,00,63
106455,0,300,0,0,8,03,A5,64,5A,64,00,64,E9
106465,0,301,0,0,3,88,09,00
106465,1,401,0,0,8,E8,9E,00,00,82,00,00,00
106465,1,203,0,0,8,00,00,00,00,00,00,00,00
106485,1,204,0,0,8,00,00,00,00,00,00,00,00
106485,1,400,0,0,8,01,00,0C,00,00,00,00,00
106495,1,206,0,0,8,00,00,00,00,00,00,00,00
106495,1,202,0,0,8,E2,11,00,00,64,7C,05,00
106505,0,300,0,0,8,03,A5,64,5A,64,00,64,FA
106515,0,301,0,0,3,C6,0A,00
106555,1,201,0,0,5,00,00,00,00,63
106555,0,300,0,0,8,03,A5,64,5A,64,00,64,EB
106565,0,301,0,0,3,43,0B,00
106565,1,401,0,0,8,E8,9E,00,00,82,00,00,00
106565,1,203,0,0,8,00,00,00,00,00,00,00,00
106585,1,400,0,0,8,01,00,0C,00,00,00,00,00
106595,1,206,0,0,8,00,00,00,00,00,00,00,00
106605,0,300,0,0,8,03,A5,64,5A,64,00,64,FC
106615,0,301,0,0,3,B5,0C,00
106645,1,402,0,0,8,58,00,00,00,00,A6,08,00
106655,1,201,0,0,5,00,00,00,00,63
106655,0,300,0,0,8,03,A5,64,5A,64,00,64,ED
106665,0,301,0,0,3,4E,0D,00
106665,1,401,0,0,8,D4,9E,00,00,A9,01,00,00
106665,1,203,0,0,8,00,00,00,00,00,00,00,00
106685,1,400,0,0,8,01,00,2C,00,00,00,00,00
106695,1,206,0,0,8,00,00,00,00,00,00,00,00
106705,0,300,0,0,8,03,A5,64,5A,64,00,64,FE
106715,0,301,0,0,3,1D,0E,00
106755,1,201,0,0,5,00,00,00,00,63
106755,0,300,0,0,8,03,A5,64,5A,64,00,64,EF
106765,0,301,0,0,3,E8,0F,00
106765,1,401,0,0,8,D4,9E,00,00,A9,01,00,00
106765,1,203,0,0,8,00,00,00,00,00,00,00,00
106785,1,400,0,0,8,01,00,2C,00,00,00,00,00
106795,1,206,0,0,8,00,00,00,00,00,00,00,00
106805,0,300,0,0,8,03,A5,64,5A,64,00,64,70
106815,0,301,0,0,3,E2,00,00
106855,1,201,0,0,5,00,00,00,00,63
106855,0,300,0,0,8,03,A5,64,5A,64,00,64,61
106865,0,301,0,0,3,B3,01,00
106865,1,401,0,0,8,D4,9E,00,00,92,02,00,00
106865,1,203,0,0,8,00,00,00,00,00,00,00,00
106885,1,400,0,0,8,01,00,2C,00,00,00,00,00
106895,1,206,0,0,8,00,00,00,00,00,00,00,00
106905,0,300,0,0,8,03,A5,64,5A,64,00,64,72
106915,0,301,0,0,3,6B,02,00
106955,1,201,0,0,5,00,00,00,00,63
106955,0,300,0,0,8,03,A5,64,5A,64,00,64,63
106965,0,301,0,0,3,96,03,00
106965,1,401,0,0,8,EA,9E,00,00,92,02,00,00
106965,1,203,0,0,8,5A,00,00,00,00,00,00,00
106985,1,400,0,0,8,01,00,2C,00,00,00,00,00
106995,1,206,0,0,8,00,00,00,00,00,00,00,00
107005,0,300,0,0,8,03,A5,64,5A,64,00,64,74
107015,0,301,0,0,3,03,04,00
107055,1,201,0,0,5,00,00,00,00,63
107055,0,300,0,0,8,03,A5,64,5A,64,00,64,65
107065,0,301,0,0,3,54,05,00
107065,1,401,0,0,8,EA,9E,00,00,92,02,00,00
107065,1,203,0,0,8,6A,00,00,00,00,00,00,00
107085,1,400,0,0,8,01,00,2C,00,00,00,00,00
107095,1,206,0,0,8,00,00,00,00,00,00,00,00
107105,0,300,0,0,8,03,A5,64,5A,64,00,64,76
107115,0,301,0,0,3,F5,06,00
107145,1,403,0,0,8,64,00,00,00,40,E3,09,00
107155,1,201,0,0,5,00,00,00,00,63
107155,0,300,0,0,8,03,A5,64,5A,64,00,64,67
107165,0,301,0,0,3,B8,07,00
107165,1,401,0,0,8,EA,9E,00,00,0D,02,00,00
107165,1,203,0,0,8,85,00,00,00,00,00,00,00
107185,1,400,0,0,8,01,00,2C,00,00,00,00,00
107195,1,206,0,0,8,00,00,00,00,00,00,00,00
107205,0,300,0,0,8,03,A5,64,5A,64,00,64,F8
107215,0,301,0,0,3,80,08,00
107255,1,201,0,0,5,00,00,00,00,63
107265,0,300,0,0,8,03,A5,64,5A,64,00,64,E9
107265,0,301,0,0,3,88,09,00
107265,1,401,0,0,8,EA,9E,00,00,0D,02,00,00
107265,1,203,0,0,8,93,00,00,00,00,00,00,00
107285,1,400,0,0,8,01,00,2C,00,00,00,00,00
107295,1,206,0,0,8,00,00,00,00,00,00,00,00
107305,0,300,0,0,8,03,A5,64,5A,64,00,64,FA
107315,0,301,0,0,3,C6,0A,00
107355,1,201,0,0,5,00,00,00,00,63
107355,0,300,0,0,8,03,A5,64,5A,64,00,64,EB
107365,0,301,0,0,3,43,0B,00
107365,1,401,0,0,8,EA,9E,00,00,D5,01,00,00
107365,1,203,0,0,8,AA,00,00,00,00,00,00,00
107385,1,400,0,0,8,01,00,2C,00,00,00,00,00
107395,1,206,0,0,8,00,00,00,00,00,00,00,00
107405,0,300,0,0,8,03,A5,64,5A,64,00,64,FC
107415,0,301,0,0,3,B5,0C,00
107455,1,201,0,0,5,00,00,00,00,63
107455,0,300,0,0,8,03,A5,64,5A,64,00,64,ED
107465,0,301,0,0,3,4E,0D,00
107465,1,401,0,0,8,F8,9E,00,00,D5,01,00,00
107465,1,203,0,0,8,B8,00,00,00,00,00,00,00
107485,1,204,0,0,8,00,00,00,00,00,00,00,00
107485,1,400,0,0,8,01,00,2C,00,00,00,00,00
107495,1,206,0,0,8,00,00,00,00,00,00,00,00
107495,1,202,0,0,8,E2,11,00,00,64,7C,05,00
107505,1,666,0,0,8,52,08,05,00,52,95,36,02
107505,0,300,0,0,8,03,A5,64,5A,64,00,64,FE
107515,0,301,0,0,3,1D,0E,00
107515,1,665,0,0,8,00,00,00,53,4C,18,53,00
107525,1,200,0,0,8,58,00,00,A6,08,00,02,00
107555,1,201,0,0,5,00,00,00,00,63
107555,0,300,0,0,8,03,A5,64,5A,64,00,64,EF
107565,0,301,0,0,3,E8,0F,00
107565,1,401,0,0,8,F8,9E,00,00,D5,01,00,00
107565,1,203,0,0,8,CF,00,00,00,00,00,00,00
107585,1,400,0,0,8,01,00,2C,00,00,00,00,00
107595,1,206,0,0,8,00,00,00,00,00,00,00,00
107605,0,300,0,0,8,03,A5,64,5A,64,00,64,70
107615,0,301,0,0,3,E2,00,00
107645,1,402,0,0,8,58,00,00,00,00,A6,08,00
107655,1,201,0,0,5,00,00,00,00,63
107655,0,300,0,0,8,03,A5,64,5A,64,00,64,61
107665,0,301,0,0,3,B3,01,00
107665,1,401,0,0,8,0D,9F,00,00,7D,01,00,00
107665,1,203,0,0,8,DB,00,00,00,00,00,00,00
107685,1,400,0,0,8,01,00,2C,00,00,00,00,00
107695,1,206,0,0,8,00,00,00,00,00,00,00,00
107705,0,300,0,0,8,03,A5,64,5A,64,00,64,72
107715,0,301,0,0,3,6B,02,00
107755,1,201,0,0,5,00,00,00,00,63
107755,0,300,0,0,8,03,A5,64,5A,64,00,64,63
107765,0,301,0,0,3,96,03,00
107765,1,401,0,0,8,0D,9F,00,00,7D,01,00,00
107765,1,203,0,0,8,EE,00,00,00,00,00,00,00
107785,1,400,0,0,8,01,00,2C,00,00,00,00,00
107795,1,206,0,0,8,00,00,00,00,00,00,00,00
107805,0,300,0,0,8,03,A5,64,5A,64,00,64,74
107815,0,301,0,0,3,03,04,00
107855,1,201,0,0,5,00,00,00,00,63
107855,0,300,0,0,8,03,A5,64,5A,64,00,64,65
107865,0,301,0,0,3,54,05,00
107865,1,401,0,0,8,0D,9F,00,00,D9,00,00,00
107865,1,203,0,0,8,FA,00,00,00,00,00,00,00
107885,1,400,0,0,8,01,00,0C,00,00,00,00,00
107895,1,206,0,0,8,00,00,00,00,00,00,00,00
107905,0,300,0,0,8,03,A5,64,5A,64,00,64,76
107915,0,301,0,0,3,F5,06,00
107955,1,201,0,0,5,00,00,00,00,63
107955,0,300,0,0,8,03,A5,64,5A,64,00,64,67
107965,0,301,0,0,3,B8,07,00
107965,1,401,0,0,8,11,9F,00,00,D9,00,00,00
107965,1,203,0,0,8,FE,00,00,00,00,00,00,00
107985,1,400,0,0,8,01,00,0C,00,00,00,00,00
107995,1,206,0,0,8,00,00,00,00,00,00,00,00
108005,0,300,0,0,8,03,A5,64,5A,64,00,64,F8
108015,0,301,0,0,3,80,08,00
108055,1,201,0,0,5,00,00,00,00,63
108055,0,300,0,0,8,03,A5,64,5A,64,00,64,E9
108065,0,301,0,0,3,88,09,00
108065,1,401,0,0,8,11,9F,00,00,D9,00,00,00
108065,1,203,0,0,8,02,01,00,00,00,00,00,00
108085,1,400,0,0,8,01,00,0C,00,00,00,00,00
108095,1,206,0,0,8,00,00,00,00,00,00,00,00
108105,0,300,0,0,8,03,A5,64,5A,64,00,64,FA
108115,0,301,0,0,3,C6,0A,00
108145,1,403,0,0,8,64,00,00,00,40,E3,09,00
108155,1,201,0,0,5,00,00,00,00,63
108155,0,300,0,0,8,03,A5,64,5A,64,00,64,EB
108165,0,301,0,0,3,43,0B,00
108165,1,401,0,0,8,0F,9F,00,00,A6,00,00,00
108165,1,203,0,0,8,02,01,00,00,00,00,00,00
108185,1,400,0,0,8,01,00,0C,00,00,00,00,00
108195,1,206,0,0,8,00,00,00,00,00,00,00,00
108205,0,300,0,0,8,03,A5,64,5A,64,00,64,FC
108215,0,301,0,0,3,B5,0C,00
108255,1,201,0,0,5,00,00,00,00,63
108265,0,300,0,0,8,03,A5,64,5A,64,00,64,ED
108265,0,301,0,0,3,4E,0D,00
108265,1,401,0,0,8,0F,9F,00,00,A6,00,00,00
108265,1,203,0,0,8,03,01,00,00,00,00,00,00
108285,1,400,0,0,8,01,00,0C,00,00,00,00,00
108295,1,206,0,0,8,00,00,00,00,00,00,00,00
108305,0,300,0,0,8,03,A5,64,5A,64,00,64,FE
108315,0,301,0,0,3,1D,0E,00
108355,1,201,0,0,5,00,00,00,00,63
108355,0,300,0,0,8,03,A5,64,5A,64,00,64,EF
108365,0,301,0,0,3,E8,0F,00
108365,1,401,0,0,8,0F,9F,00,00,BA,00,00,00
108365,1,203,0,0,8,03,01,00,00,00,00,00,00
108385,1,400,0,0,8,01,00,0C,00,00,00,00,00
108395,1,206,0,0,8,00,00,00,00,00,00,00,00
108405,0,300,0,0,8,03,A5,64,5A,64,00,64,70
108415,0,301,0,0,3,E2,00,00
108455,1,201,0,0,5,00,00,00,00,63
108455,0,300,0,0,8,03,A5,64,5A,64,00,64,61
108465,0,301,0,0,3,B3,01,00
108465,1,401,0,0,8,09,9F,00,00,BA,00,00,00
108465,1,203,0,0,8,06,01,00,00,00,00,00,00
108485,1,204,0,0,8,00,00,00,00,00,00,00,00
108485,1,400,0,0,8,01,00,0C,00,00,00,00,00
108495,1,206,0,0,8,00,00,00,00,00,00,00,00
108495,1,202,0,0,8,E2,12,00,00,64,7C,05,00
108505,0,300,0,0,8,03,A5,64,5A,64,00,64,72
108515,0,301,0,0,3,6B,02,00
108555,1,201,0,0,5,00,00,00,00,63
108555,0,300,0,0,8,03,A5,64,5A,64,00,64,63
108565,0,301,0,0,3,96,03,00
108565,1,401,0,0,8,09,9F,00,00,BA,00,00,00
108565,1,203,0,0,8,0A,01,00,00,00,00,00,00
108585,1,400,0,0,8,01,00,0C,00,00,00,00,00
108595,1,206,0,0,8,00,00,00,00,00,00,00,00
108605,0,300,0,0,8,03,A5,64,5A,64,00,64,74
108615,0,301,0,0,3,03,04,00
108645,1,402,0,0,8,58,00,00,00,00,A6,08,00
108655,1,201,0,0,5,00,00,00,00,63
108655,0,300,0,0,8,03,A5,64,5A,64,00,64,65
108665,0,301,0,0,3,54,05,00
108665,1,401,0,0,8,07,9F,00,00,CA,00,00,00
108665,1,203,0,0,8,0B,01,00,00,00,00,00,00
108685,1,400,0,0,8,01,00,0C,00,00,00,00,00
108695,1,206,0,0,8,00,00,00,00,00,00,00,00
108705,0,300,0,0,8,03,A5,64,5A,64,00,64,76
108715,0,301,0,0,3,F5,06,00
108755,1,201,0,0,5,00,00,00,00,63
108755,0,300,0,0,8,03,A5,64,5A,64,00,64,67
108765,0,301,0,0,3,B8,07,00
108765,1,401,0,0,8,07,9F,00,00,CA,00,00,00
108765,1,203,0,0,8,0D,01,00,00,00,00,00,00
108785,1,400,0,0,8,01,00,0C,00,00,00,00,00
108795,1,206,0,0,8,00,00,00,00,00,00,00,00
108805,0,300,0,0,8,03,A5,64,5A,64,00,64,F8
108815,0,301,0,0,3,80,08,00
108855,1,201,0,0,5,00,00,00,00,63
108855,0,300,0,0,8,03,A5,64,5A,64,00,64,E9
108865,0,301,0,0,3,88,09,00
108865,1,401,0,0,8,07,9F,00,00,E7,00,00,00
108875,1,203,0,0,8,0E,01,00,00,00,00,00,00
108885,1,400,0,0,8,01,00,0C,00,00,00,00,00
108895,1,206,0,0,8,00,00,00,00,00,00,00,00
108905,0,300,0,0,8,03,A5,64,5A,64,00,64,FA
108915,0,301,0,0,3,C6,0A,00
108955,1,201,0,0,5,00,00,00,00,63
108955,0,300,0,0,8,03,A5,64,5A,64,00,64,EB
108965,0,301,0,0,3,43,0B,00
108965,1,203,0,0,8,0F,01,00,00,00,00,00,00
108975,1,401,0,0,8,03,9F,00,00,E7,00,00,00
108985,1,400,0,0,8,01,00,0C,00,00,00,00,00
108995,1,206,0,0,8,00,00,00,00,00,00,00,00
109005,0,300,0,0,8,03,A5,64,5A,64,00,64,FC
109015,0,301,0,0,3,B5,0C,00
109055,1,201,0,0,5,00,00,00,00,63
109055,0,300,0,0,8,03,A5,64,5A,64,00,64,ED
109065,0,301,0,0,3,4E,0D,00
109065,1,203,0,0,8,0F,01,00,00,00,00,00,00
109075,1,401,0,0,8,03,9F,00,00,E7,00,00,00
109095,1,400,0,0,8,01,00,0C,00,00,00,00,00
109095,1,206,0,0,8,00,00,00,00,00,00,00,00
109105,0,300,0,0,8,03,A5,64,5A,64,00,64,FE
109115,0,301,0,0,3,1D,0E,00
109155,1,403,0,0,8,64,00,00,00,40,E3,09,00
109155,1,201,0,0,5,00,00,00,00,63
109155,0,300,0,0,8,03,A5,64,5A,64,00,64,EF
109165,0,301,0,0,3,E8,0F,00
109165,1,203,0,0,8,13,01,00,00,00,00,00,00
109175,1,401,0,0,8,FF,9E,00,00,1D,01,00,00
109195,1,400,0,0,8,01,00,0C,00,00,00,00,00
109195,1,206,0,0,8,00,00,00,00,00,00,00,00
109205,0,300,0,0,8,03,A5,64,5A,64,00,64,70
109215,0,301,0,0,3,E2,00,00
109255,1,201,0,0,5,00,00,00,00,63
109265,0,300,0,0,8,03,A5,64,5A,64,00,64,61
109265,0,301,0,0,3,B3,01,00
109265,1,203,0,0,8,15,01,00,00,00,00,00,00
109275,1,401,0,0,8,FF,9E,00,00,1D,01,00,00
109295,1,400,0,0,8,01,00,0C,00,00,00,00,00
109295,1,206,0,0,8,00,00,00,00,00,00,00,00
109305,0,300,0,0,8,03,A5,64,5A,64,00,64,72
109315,0,301,0,0,3,6B,02,00
109355,1,201,0,0,5,00,00,00,00,63
109355,0,300,0,0,8,03,A5,64,5A,64,00,64,63
109365,0,301,0,0,3,96,03,00
109365,1,203,0,0,8,16,01,00,00,00,00,00,00
109375,1,401,0,0,8,FF,9E,00,00,2F,01,00,00
109395,1,400,0,0,8,01,00,2C,00,00,00,00,00
109395,1,206,0,0,8,00,00,00,00,00,00,00,00
109405,0,300,0,0,8,03,A5,64,5A,64,00,64,74
109415,0,301,0,0,3,03,04,00
109455,1,201,0,0,5,00,00,00,00,63
109455,0,300,0,0,8,03,A5,64,5A,64,00,64,65
109465,0,301,0,0,3,54,05,00
109465,1,203,0,0,8,16,01,00,00,00,00,00,00
109475,1,401,0,0,8,F4,9E,00,00,2F,01,00,00
109485,1,204,0,0,8,00,00,00,00,00,00,00,00
109495,1,400,0,0,8,01,00,2C,00,00,00,00,00
109495,1,206,0,0,8,00,00,00,00,00,00,00,00
109495,1,202,0,0,8,E2,12,00,00,64,7C,05,00
109505,0,300,0,0,8,03,A5,64,5A,64,00,64,76
109515,0,301,0,0,3,F5,06,00
109555,1,201,0,0,5,00,00,00,00,63
109555,0,300,0,0,8,03,A5,64,5A,64,00,64,67
109565,0,301,0,0,3,B8,07,00
109565,1,203,0,0,8,15,01,00,00,00,00,00,00
109575,1,401,0,0,8,F4,9E,00,00,2F,01,00,00
109595,1,400,0,0,8,01,00,2C,00,00,00,00,00
109595,1,206,0,0,8,00,00,00,00,00,00,00,00
109605,0,300,0,0,8,03,A5,64,5A,64,00,64,F8
109615,0,301,0,0,3,80,08,00
109655,1,402,0,0,8,58,00,00,00,00,A6,08,00
109655,1,201,0,0,5,00,00,00,00,63
109655,0,300,0,0,8,03,A5,64,5A,64,00,64,E9
109665,0,301,0,0,3,88,09,00
109675,1,203,0,0,8,13,01,00,00,00,00,00,00
109675,1,401,0,0,8,E8,9E,00,00,70,01,00,00
109695,1,400,0,0,8,01,00,2C,00,00,00,00,00
109695,1,206,0,0,8,00,00,00,00,00,00,00,00
109705,0,300,0,0,8,03,A5,64,5A,64,00,64,FA
109715,0,301,0,0,3,C6,0A,00
109755,1,201,0,0,5,00,00,00,00,63
109755,0,300,0,0,8,03,A5,64,5A,64,00,64,EB
109765,0,301,0,0,3,43,0B,00
109775,1,203,0,0,8,12,01,00,00,00,00,00,00
109775,1,401,0,0,8,E8,9E,00,00,70,01,00,00
109795,1,400,0,0,8,01,00,2C,00,00,00,00,00
109795,1,206,0,0,8,00,00,00,00,00,00,00,00
109805,0,300,0,0,8,03,A5,64,5A,64,00,64,FC
109815,0,301,0,0,3,B5,0C,00
109855,1,201,0,0,5,00,00,00,00,63
109855,0,300,0,0,8,03,A5,64,5A,64,00,64,ED
109865,0,301,0,0,3,4E,0D,00
109875,1,203,0,0,8,13,01,00,00,00,00,00,00
109875,1,401,0,0,8,E8,9E,00,00,EB,01,00,00
109895,1,400,0,0,8,01,00,2C,00,00,00,00,00
109895,1,206,0,0,8,00,00,00,00,00,00,00,00
109905,0,300,0,0,8,03,A5,64,5A,64,00,64,FE
109915,0,301,0,0,3,1D,0E,00
109955,1,201,0,0,5,00,00,00,00,63
109955,0,300,0,0,8,03,A5,64,5A,64,00,64,EF
109965,0,301,0,0,3,E8,0F,00
109975,1,203,0,0,8,14,01,00,00,00,00,00,00
109975,1,401,0,0,8,E8,9E,00,00,EB,01,00,00
109995,1,400,0,0,8,01,00,2C,00,00,00,00,00
109995,1,206,0,0,8,00,00,00,00,00,00,00,00
110005,0,300,0,0,8,03,A5,64,5A,64,00,64,70
110015,0,301,0,0,3,E2,00,00
110055,1,201,0,0,5,00,00,00,00,63
110055,0,300,0,0,8,03,A5,64,5A,64,00,64,61
110065,0,301,0,0,3,B3,01,00
110075,1,203,0,0,8,19,01,00,00,00,00,00,00
110075,1,401,0,0,8,E8,9E,00,00,EB,01,00,00
110095,1,400,0,0,8,01,00,2C,00,00,00,00,00
110095,1,206,0,0,8,00,00,00,00,00,00,00,00
110105,0,300,0,0,8,03,A5,64,5A,64,00,64,72
110115,0,301,0,0,3,6B,02,00
110155,1,403,0,0,8,64,00,00,00,40,E3,09,00
110155,1,201,0,0,5,00,00,00,00,63
110155,0,300,0,0,8,03,A5,64,5A,64,00,64,63
110165,0,301,0,0,3,96,03,00
110175,1,203,0,0,8,1F,01,00,00,00,00,00,00
110175,1,401,0,0,8,FA,9E,00,00,D8,01,00,00
110195,1,400,0,0,8,01,00,2C,00,00,00,00,00
110195,1,206,0,0,8,00,00,00,00,00,00,00,00
110205,0,300,0,0,8,03,A5,64,5A,64,00,64,74
110215,0,301,0,0,3,03,04,00
110255,1,201,0,0,5,00,00,00,00,63
110265,0,300,0,0,8,03,A5,64,5A,64,00,64,65
110265,0,301,0,0,3,54,05,00
110275,1,203,0,0,8,21,01,00,00,00,00,00,00
110275,1,401,0,0,8,FA,9E,00,00,D8,01,00,00
110295,1,400,0,0,8,01,00,2C,00,00,00,00,00
110295,1,206,0,0,8,00,00,00,00,00,00,00,00
110305,0,300,0,0,8,03,A5,64,5A,64,00,64,76
110315,0,301,0,0,3,F5,06,00
110355,1,201,0,0,5,32,00,00,00,63
110355,0,300,0,0,8,03,A5,64,5A,64,00,64,67
110365,0,301,0,0,3,B8,07,00
110375,1,203,0,0,8,23,01,00,00,00,00,00,00
110375,1,401,0,0,8,FA,9E,00,00,69,01,00,00
110395,1,400,0,0,8,01,00,2C,00,00,00,00,00
110395,1,206,0,0,8,00,00,00,00,00,00,00,00
110405,0,300,0,0,8,03,A5,64,5A,64,00,64,F8
110415,0,301,0,0,3,80,08,00
110455,1,201,0,0,5,32,00,00,00,63
110455,0,300,0,0,8,03,A5,64,5A,64,00,64,E9
110465,0,301,0,0,3,88,09,00
110475,1,203,0,0,8,22,01,00,00,00,00,00,00
110475,1,401,0,0,8,FD,9E,00,00,69,01,00,00
110485,1,204,0,0,8,00,00,00,00,00,00,00,00
110495,1,400,0,0,8,01,00,2C,00,00,00,00,00
110495,1,206,0,0,8,00,00,00,00,00,00,00,00
110495,1,202,0,0,8,E2,12,00,00,66,7C,05,00
110505,1,666,0,0,8,52,08,05,00,52,95,36,02
110505,0,300,0,0,8,03,A5,64,5A,64,00,64,FA
110515,0,301,0,0,3,C6,0A,00
110515,1,665,0,0,8,00,00,00,53,4C,18,53,00
110535,1,200,0,0,8,58,00,00,A6,08,00,00,00
110555,1,201,0,0,5,32,00,00,00,63
110555,0,300,0,0,8,03,A5,64,5A,64,00,64,EB
110565,0,301,0,0,3,43,0B,00
110575,1,203,0,0,8,22,01,00,00,00,00,00,00
110575,1,401,0,0,8,FD,9E,00,00,69,01,00,00
110595,1,400,0,0,8,01,00,2C,00,00,00,00,00
110595,1,206,0,0,8,00,00,00,00,00,00,00,00
110605,0,300,0,0,8,03,A5,64,5A,64,00,64,FC
110615,0,301,0,0,3,B5,0C,00
110655,1,402,0,0,8,58,00,00,00,DC,A5,08,00
110655,1,201,0,0,5,32,00,00,00,63
110655,0,300,0,0,8,03,A5,64,5A,64,00,64,ED
110665,0,301,0,0,3,4E,0D,00
110675,1,203,0,0,8,23,01,00,00,00,00,00,00
110675,1,401,0,0,8,F8,9E,00,00,39,01,00,00
110695,1,400,0,0,8,01,00,2C,00,00,00,00,00
110695,1,206,0,0,8,00,00,00,00,00,00,00,00
110705,0,300,0,0,8,03,A5,64,5A,64,00,64,FE
110715,0,301,0,0,3,1D,0E,00
110755,1,201,0,0,5,32,00,00,00,63
110755,0,300,0,0,8,03,A5,64,5A,64,00,64,EF
110765,0,301,0,0,3,E8,0F,00
110775,1,203,0,0,8,22,01,00,00,00,00,00,00
110775,1,401,0,0,8,F8,9E,00,00,39,01,00,00
110795,1,400,0,0,8,01,00,2C,00,00,00,00,00
110795,1,206,0,0,8,00,00,00,00,00,00,00,00
110805,0,300,0,0,8,03,A5,64,5A,64,00,64,70
110815,0,301,0,0,3,E2,00,00
110855,1,201,0,0,5,32,00,00,00,63
110855,0,300,0,0,8,03,A5,64,5A,64,00,64,61
110865,0,301,0,0,3,B3,01,00
110875,1,203,0,0,8,20,01,00,00,00,00,00,00
110875,1,401,0,0,8,F8,9E,00,00,50,01,00,00
110895,1,400,0,0,8,01,00,2C,00,00,00,00,00
110895,1,206,0,0,8,00,00,00,00,00,00,00,00
110905,0,300,0,0,8,03,A5,64,5A,64,00,64,72
110915,0,301,0,0,3,6B,02,00
110955,1,201,0,0,5,32,00,00,00,63
110955,0,300,0,0,8,03,A5,64,5A,64,00,64,63
110965,0,301,0,0,3,96,03,00
110975,1,203,0,0,8,1E,01,00,00,00,00,00,00
110975,1,401,0,0,8,F2,9E,00,00,50,01,00,00
110995,1,206,0,0,8,00,00,00,00,00,00,00,00
110995,1,400,0,0,8,01,00,2C,00,00,00,00,00
111005,0,300,0,0,8,03,A5,64,5A,64,00,64,74
111015,0,301,0,0,3,03,04,00
111055,1,201,0,0,5,32,00,00,00,63
111055,0,300,0,0,8,03,A5,64,5A,64,00,64,65
111065,0,301,0,0,3,54,05,00
111075,1,203,0,0,8,20,01,00,00,00,00,00,00
111075,1,401,0,0,8,F2,9E,00,00,50,01,00,00
111095,1,206,0,0,8,00,00,00,00,00,00,00,00
111095,1,400,0,0,8,01,00,2C,00,00,00,00,00
111105,0,300,0,0,8,03,A5,64,5A,64,00,64,76
111115,0,301,0,0,3,F5,06,00
111155,1,403,0,0,8,64,00,00,00,40,E3,09,00
111155,1,201,0,0,5,32,00,00,00,63
111155,0,300,0,0,8,03,A5,64,5A,64,00,64,67
111165,0,301,0,0,3,B8,07,00
111175,1,203,0,0,8,21,01,00,00,00,00,00,00
111175,1,401,0,0,8,FA,9E,00,00,82,01,00,00
111195,1,206,0,0,8,00,00,00,00,00,00,00,00
111195,1,400,0,0,8,01,00,2C,00,00,00,00,00
111205,0,300,0,0,8,03,A5,64,5A,64,00,64,F8
111215,0,301,0,0,3,80,08,00
111255,1,201,0,0,5,32,00,00,00,63
111265,0,300,0,0,8,03,A5,64,5A,64,00,64,E9
111265,0,301,0,0,3,88,09,00
111275,1,203,0,0,8,21,01,00,00,00,00,00,00
111275,1,401,0,0,8,FA,9E,00,00,82,01,00,00
111275,0,404,0,0,2,4A,00
111275,1,405,0,0,8,4A,00,00,00,06,00,00,00
111295,1,206,0,0,8,00,00,00,00,00,00,00,00
111295,1,400,0,0,8,01,00,2C,00,00,00,00,00
111305,0,404,0,0,2,02,30
111305,1,405,0,0,7,02,30,00,00,00,00,00
111305,0,300,0,0,8,03,A5,64,5A,64,00,64,FA
111315,0,301,0,0,3,C6,0A,00
111335,0,404,0,0,2,44,00
111335,1,405,0,0,6,44,00,00,00,50,46
111355,1,201,0,0,5,32,00,00,00,63
111355,0,300,0,0,8,03,A5,64,5A,64,00,64,EB
111365,0,301,0,0,3,43,0B,00
111375,1,203,0,0,8,21,01,00,00,00,00,00,00
111375,0,404,0,0,2,01,00
111375,1,405,0,0,8,01,00,00,00,00,04,06,04
111375,1,401,0,0,8,FA,9E,00,00,52,01,00,00
111395,1,206,0,0,8,00,00,00,00,00,00,00,00
111395,1,400,0,0,8,01,00,2C,00,00,00,00,00
111395,0,404,0,0,2,A3,01
111405,1,405,0,0,5,A3,01,00,00,06
111405,0,300,0,0,8,03,A5,64,5A,64,00,64,FC
111415,0,301,0,0,3,B5,0C,00
111435,0,404,0,0,2,20,00
111435,1,405,0,0,8,20,00,00,00,32,33,36,47
111455,1,201,0,0,5,32,00,00,00,63
111455,0,300,0,0,8,03,A5,64,5A,64,00,64,ED
111465,0,301,0,0,3,4E,0D,00
111465,0,404,0,0,2,21,00
111465,1,405,0,0,8,21,00,00,00,35,4C,41,31
111475,1,203,0,0,8,21,01,00,00,00,00,00,00
111475,1,401,0,0,8,FA,9E,00,00,52,01,00,00
111485,1,204,0,0,8,00,00,00,00,00,00,00,00
111495,0,404,0,0,2,22,00
111495,1,405,0,0,8,22,00,00,00,30,30,34,52
111495,1,206,0,0,8,00,00,00,00,00,00,00,00
111495,1,202,0,0,8,E2,12,00,00,66,7C,05,00
111495,1,400,0,0,8,01,00,2C,00,00,00,00,00
111505,0,300,0,0,8,03,A5,64,5A,64,00,64,FE
111515,0,301,0,0,3,1D,0E,00
111525,0,404,0,0,2,23,00
111535,1,405,0,0,8,23,00,00,00,4D,30,30,30
111555,0,404,0,0,2,24,00
111555,1,405,0,0,8,24,00,00,00,30,30,30,30
111555,1,201,0,0,5,32,00,00,00,63
111555,0,300,0,0,8,03,A5,64,5A,64,00,64,EF
111565,0,301,0,0,3,E8,0F,00
111575,1,203,0,0,8,21,01,00,00,00,00,00,00
111575,1,401,0,0,8,FA,9E,00,00,52,01,00,00
111585,0,404,0,0,2,25,00
111585,1,405,0,0,8,25,00,00,00,30,30,30,30
111595,1,206,0,0,8,00,00,00,00,00,00,00,00
111595,1,400,0,0,8,01,00,2C,00,00,00,00,00
111605,0,300,0,0,8,03,A5,64,5A,64,00,64,70
111615,0,301,0,0,3,E2,00,00
111615,0,404,0,0,2,26,00
111615,1,405,0,0,8,26,00,00,00,30,30,30,30
111645,0,404,0,0,2,27,00
111655,1,405,0,0,6,27,00,00,00,30,30
111655,1,402,0,0,8,58,00,00,00,DC,A5,08,00
111655,1,201,0,0,5,32,00,00,00,63
111655,0,300,0,0,8,03,A5,64,5A,64,00,64,61
111665,0,301,0,0,3,B3,01,00
111675,1,203,0,0,8,22,01,00,00,00,00,00,00
111675,1,401,0,0,8,01,9F,00,00,3E,01,00,00
111685,0,404,0,0,2,4C,00
111685,1,405,0,0,8,4C,00,00,00,00,24,00,00
111695,1,206,0,0,8,00,00,00,00,00,00,00,00
111695,1,400,0,0,8,01,00,2C,00,00,00,00,00
111705,0,300,0,0,8,03,A5,64,5A,64,00,64,72
111715,0,301,0,0,3,6B,02,00
111715,0,404,0,0,2,46,00
111715,1,405,0,0,5,46,00,00,00,00
111745,0,404,0,0,2,4D,00
111745,1,405,0,0,8,4D,00,00,00,00,00,00,00
111755,1,201,0,0,5,32,00,00,00,63
111755,0,300,0,0,8,03,A5,64,5A,64,00,64,63
111765,0,301,0,0,3,96,03,00
111775,1,203,0,0,8,23,01,00,00,00,00,00,00
111775,0,404,0,0,2,50,00
111775,1,405,0,0,8,50,00,00,00,7F,00,7E,00
111775,1,401,0,0,8,01,9F,00,00,3E,01,00,00
111795,1,206,0,0,8,00,00,00,00,00,00,00,00
111795,1,400,0,0,8,01,00,2C,00,00,00,00,00
111805,0,404,0,0,2,02,00
111805,1,405,0,0,8,02,00,00,00,53,49,43,54
111805,0,300,0,0,8,03,A5,64,5A,64,00,64,74
111815,0,301,0,0,3,03,04,00
111845,0,404,0,0,2,0A,00
111845,1,405,0,0,8,0A,00,00,00,30,3A,00,00
111855,1,201,0,0,5,32,00,00,00,63
111855,0,300,0,0,8,03,A5,64,5A,64,00,64,65
111865,0,301,0,0,3,54,05,00
111865,0,404,0,0,2,04,00
111865,1,405,0,0,7,04,00,00,00,16,09,02
111875,1,203,0,0,8,24,01,00,00,00,00,00,00
111875,1,401,0,0,8,01,9F,00,00,30,01,00,00
111895,1,206,0,0,8,00,00,00,00,00,00,00,00
111895,1,400,0,0,8,01,00,2C,00,00,00,00,00
111895,0,404,0,0,2,B0,01
111905,1,405,0,0,6,B0,01,00,00,00,00
111915,0,300,0,0,8,03,A5,64,5A,64,00,64,76
111915,0,301,0,0,3,F5,06,00
111935,0,404,0,0,2,B1,01
111935,1,405,0,0,6,B1,01,00,00,00,00
111955,1,201,0,0,5,32,00,00,00,63
111965,0,300,0,0,8,03,A5,64,5A,64,00,64,67
111965,0,301,0,0,3,B8,07,00
111975,1,203,0,0,8,25,01,00,00,00,00,00,00
111975,1,401,0,0,8,01,9F,00,00,30,01,00,00
111995,1,206,0,0,8,00,00,00,00,00,00,00,00
111995,1,400,0,0,8,01,00,2C,00,00,00,00,00
112015,0,300,0,0,8,03,A5,64,5A,64,00,64,F8
112015,0,301,0,0,3,80,08,00
112055,1,201,0,0,5,32,00,00,00,63
112065,0,300,0,0,8,03,A5,64,5A,64,00,64,E9
112065,0,301,0,0,3,88,09,00
112075,1,203,0,0,8,24,01,00,00,00,00,00,00
112075,1,401,0,0,8,01,9F,00,00,30,01,00,00
112095,1,206,0,0,8,00,00,00,00,00,00,00,00
112095,1,400,0,0,8,01,00,2C,00,00,00,00,00
112115,0,300,0,0,8,03,A5,64,5A,64,00,64,FA
112115,0,301,0,0,3,C6,0A,00
112155,1,403,0,0,8,64,00,00,00,40,E3,09,00
112155,1,201,0,0,5,32,00,00,00,63
112165,0,300,0,0,8,03,A5,64,5A,64,00,64,EB
112165,0,301,0,0,3,43,0B,00
112175,1,203,0,0,8,22,01,00,00,00,00,00,00
112175,1,401,0,0,8,FF,9E,00,00,19,01,00,00
112195,1,206,0,0,8,00,00,00,00,00,00,00,00
112195,1,400,0,0,8,01,00,0C,00,00,00,00,00
112215,0,300,0,0,8,03,A5,64,5A,64,00,64,FC
112215,0,301,0,0,3,B5,0C,00
112255,1,201,0,0,5,32,00,00,00,63
112265,0,300,0,0,8,03,A5,64,5A,64,00,64,ED
112265,0,301,0,0,3,4E,0D,00
112275,1,203,0,0,8,22,01,00,00,00,00,00,00
112275,1,401,0,0,8,FF,9E,00,00,19,01,00,00
112295,1,206,0,0,8,00,00,00,00,00,00,00,00
112295,1,400,0,0,8,01,00,0C,00,00,00,00,00
112315,0,300,0,0,8,03,A5,64,5A,64,00,64,FE
112315,0,301,0,0,3,1D,0E,00
112355,1,201,0,0,5,32,00,00,00,63
112365,0,300,0,0,8,03,A5,64,5A,64,00,64,EF
112365,0,301,0,0,3,E8,0F,00
112375,1,203,0,0,8,21,01,00,00,00,00,00,00
112375,1,401,0,0,8,FF,9E,00,00,3D,01,00,00
112395,1,206,0,0,8,00,00,00,00,00,00,00,00
112395,1,400,0,0,8,01,00,2C,00,00,00,00,00
112415,0,300,0,0,8,03,A5,64,5A,64,00,64,70
112415,0,301,0,0,3,E2,00,00
112455,1,201,0,0,5,32,00,00,00,63
112465,0,300,0,0,8,03,A5,64,5A,64,00,64,61
112465,0,301,0,0,3,B3,01,00
112475,1,203,0,0,8,23,01,00,00,00,00,00,00
112475,1,401,0,0,8,E6,9E,00,00,3D,01,00,00
112485,1,204,0,0,8,00,00,00,00,00,00,00,00
112495,1,206,0,0,8,00,00,00,00,00,00,00,00
112495,1,202,0,0,8,E2,12,00,00,66,7C,05,00
112495,1,400,0,0,8,01,00,2C,00,00,00,00,00
112515,0,300,0,0,8,03,A5,64,5A,64,00,64,72
112515,0,301,0,0,3,6B,02,00
112555,1,201,0,0,5,32,00,00,00,63
112565,0,300,0,0,8,03,A5,64,5A,64,00,64,63
112565,0,301,0,0,3,96,03,00
112575,1,203,0,0,8,27,01,00,00,00,00,00,00
112575,1,401,0,0,8,E6,9E,00,00,3D,01,00,00
112595,1,206,0,0,8,00,00,00,00,00,00,00,00
112595,1,400,0,0,8,01,00,2C,00,00,00,00,00
112615,0,300,0,0,8,03,A5,64,5A,64,00,64,74
112615,0,301,0,0,3,03,04,00
112655,1,402,0,0,8,58,00,00,00,DC,A5,08,00
112655,1,201,0,0,5,32,00,00,00,63
112665,0,300,0,0,8,03,A5,64,5A,64,00,64,65
112665,0,301,0,0,3,54,05,00
112675,1,203,0,0,8,33,01,00,00,00,00,00,00
112675,1,401,0,0,8,D2,9E,00,00,DD,01,00,00
112695,1,206,0,0,8,00,00,00,00,00,00,00,00
112695,1,400,0,0,8,01,00,2C,00,00,00,00,00
112715,0,300,0,0,8,03,A5,64,5A,64,00,64,76
112715,0,301,0,0,3,F5,06,00
112755,1,201,0,0,5,32,00,00,00,63
112765,0,300,0,0,8,03,A5,64,5A,64,00,64,67
112765,0,301,0,0,3,B8,07,00
112775,1,203,0,0,8,3A,01,00,00,00,00,00,00
112775,1,401,0,0,8,D2,9E,00,00,DD,01,00,00
112795,1,206,0,0,8,00,00,00,00,00,00,00,00
112795,1,400,0,0,8,01,00,2C,00,00,00,00,00
112815,0,300,0,0,8,03,A5,64,5A,64,00,64,F8
112815,0,301,0,0,3,80,08,00
112855,1,201,0,0,5,32,00,00,00,63
112865,0,300,0,0,8,03,A5,64,5A,64,00,64,E9
112865,0,301,0,0,3,88,09,00
112875,1,203,0,0,8,48,01,00,00,00,00,00,00
112875,1,401,0,0,8,D2,9E,00,00,86,02,00,00
112895,1,206,0,0,8,00,00,00,00,00,00,00,00
112895,1,400,0,0,8,01,00,2C,00,00,00,00,00
112915,0,300,0,0,8,03,A5,64,5A,64,00,64,FA
112915,0,301,0,0,3,C6,0A,00
112955,1,201,0,0,5,32,00,00,00,63
112965,0,300,0,0,8,03,A5,64,5A,64,00,64,EB
112965,0,301,0,0,3,43,0B,00
112975,1,203,0,0,8,4F,01,00,00,00,00,00,00
112975,1,401,0,0,8,BA,9E,00,00,86,02,00,00
112995,1,206,0,0,8,00,00,00,00,00,00,00,00
112995,1,400,0,0,8,01,00,2C,00,00,00,00,00
113015,0,300,0,0,8,03,A5,64,5A,64,00,64,FC
113015,0,301,0,0,3,B5,0C,00
113055,1,201,0,0,5,32,00,00,00,63
113065,0,300,0,0,8,03,A5,64,5A,64,00,64,ED
113065,0,301,0,0,3,4E,0D,00
113075,1,203,0,0,8,5E,01,00,00,00,00,00,00
113075,1,401,0,0,8,BA,9E,00,00,86,02,00,00
113095,1,206,0,0,8,00,00,00,00,00,00,00,00
113095,1,400,0,0,8,01,00,2C,00,00,00,00,00
113115,0,300,0,0,8,03,A5,64,5A,64,00,64,FE
113115,0,301,0,0,3,1D,0E,00
113155,1,201,0,0,5,32,00,00,00,63
113155,1,403,0,0,8,64,00,00,00,40,E3,09,00
113165,0,300,0,0,8,03,A5,64,5A,64,00,64,EF
113165,0,301,0,0,3,E8,0F,00
113175,1,203,0,0,8,66,01,00,00,00,00,00,00
113175,1,401,0,0,8,95,9E,00,00,5B,03,00,00
113195,1,206,0,0,8,00,00,00,00,00,00,00,00
113195,1,400,0,0,8,01,00,2C,00,00,00,00,00
113215,0,300,0,0,8,03,A5,64,5A,64,00,64,70
113215,0,301,0,0,3,E2,00,00
113255,1,201,0,0,5,32,00,00,00,63
113265,0,300,0,0,8,03,A5,64,5A,64,00,64,61
113265,0,301,0,0,3,B3,01,00
113275,1,203,0,0,8,78,01,00,00,00,00,00,00
113275,1,401,0,0,8,95,9E,00,00,5B,03,00,00
113295,1,206,0,0,8,00,00,00,00,00,00,00,00
113305,1,400,0,0,8,01,00,2C,00,00,00,00,00
113315,0,300,0,0,8,03,A5,64,5A,64,00,64,72
113315,0,301,0,0,3,6B,02,00
113355,1,201,0,0,5,32,00,00,00,63
113365,0,300,0,0,8,03,A5,64,5A,64,00,64,63
113365,0,301,0,0,3,96,03,00
113375,1,203,0,0,8,92,01,00,00,00,00,00,00
113385,1,401,0,0,8,95,9E,00,00,84,04,00,00
113395,1,206,0,0,8,00,00,00,00,00,00,00,00
113405,1,400,0,0,8,01,00,2C,00,00,00,00,00
113415,0,300,0,0,8,03,A5,64,5A,64,00,64,74
113415,0,301,0,0,3,03,04,00
113455,1,201,0,0,5,32,00,00,00,63
113465,0,300,0,0,8,03,A5,64,5A,64,00,64,65
113465,0,301,0,0,3,54,05,00
113475,1,203,0,0,8,9F,01,00,00,00,00,00,00
113485,1,401,0,0,8,75,9E,00,00,84,04,00,00
113485,1,204,0,0,8,00,00,00,00,00,00,00,00
113495,1,206,0,0,8,00,00,00,00,00,00,00,00
113495,1,202,0,0,8,E2,12,00,00,66,7C,05,00
113505,1,400,0,0,8,01,00,2C,00,00,00,00,00
113505,1,666,0,0,8,52,08,05,00,52,95,36,02
113515,0,300,0,0,8,03,A5,64,5A,64,00,64,76
113515,0,301,0,0,3,F5,06,00
113515,1,665,0,0,8,00,00,00,53,4C,18,53,00
113535,1,200,0,0,8,58,00,FB,A5,08,00,01,00
113555,1,201,0,0,5,32,00,00,00,63
113565,0,300,0,0,8,03,A5,64,5A,64,00,64,67
113565,0,301,0,0,3,B8,07,00
113575,1,203,0,0,8,C6,01,00,00,00,00,00,00
113585,1,401,0,0,8,75,9E,00,00,84,04,00,00
113595,1,206,0,0,8,00,00,00,00,00,00,00,00
113605,1,400,0,0,8,01,00,2C,00,00,00,00,00
113615,0,300,0,0,8,03,A5,64,5A,64,00,64,F8
113615,0,301,0,0,3,80,08,00
113655,1,201,0,0,5,32,00,00,00,63
113665,1,402,0,0,8,58,00,00,00,DC,A5,08,00
113665,0,300,0,0,8,03,A5,64,5A,64,00,64,E9
113665,0,301,0,0,3,88,09,00
113675,1,203,0,0,8,D7,01,00,00,00,00,00,00
113685,1,401,0,0,8,61,9E,00,00,93,05,00,00
113695,1,206,0,0,8,00,00,00,00,00,00,00,00
113705,1,400,0,0,8,01,00,2C,00,00,00,00,00
113715,0,300,0,0,8,03,A5,64,5A,64,00,64,FA
113715,0,301,0,0,3,C6,0A,00
113755,1,201,0,0,5,32,00,00,00,63
113765,0,300,0,0,8,03,A5,64,5A,64,00,64,EB
113765,0,301,0,0,3,43,0B,00
113775,1,203,0,0,8,F8,01,00,00,00,00,00,00
113785,1,401,0,0,8,61,9E,00,00,93,05,00,00
113795,1,206,0,0,8,00,00,00,00,00,00,00,00
113805,1,400,0,0,8,01,00,2C,00,00,00,00,00
113815,0,300,0,0,8,03,A5,64,5A,64,00,64,FC
113815,0,301,0,0,3,B5,0C,00
113855,1,201,0,0,5,32,00,00,00,63
113865,0,300,0,0,8,03,A5,64,5A,64,00,64,ED
113865,0,301,0,0,3,4E,0D,00
113875,1,203,0,0,8,05,02,00,00,00,00,00,00
113885,1,401,0,0,8,61,9E,00,00,57,06,00,00
113895,1,206,0,0,8,00,00,00,00,00,00,00,00
113905,1,400,0,0,8,01,00,2C,00,00,00,00,00
113915,0,300,0,0,8,03,A5,64,5A,64,00,64,FE
113915,0,301,0,0,3,1D,0E,00
113955,1,201,0,0,5,32,00,00,00,63
113965,0,300,0,0,8,03,A5,64,5A,64,00,64,EF
113965,0,301,0,0,3,E8,0F,00
113975,1,203,0,0,8,28,02,00,00,00,00,00,00
113985,1,401,0,0,8,3B,9E,00,00,57,06,00,00
113995,1,206,0,0,8,00,00,00,00,00,00,00,00
114005,1,400,0,0,8,01,00,2C,00,00,00,00,00
114015,0,300,0,0,8,03,A5,64,5A,64,00,64,70
114015,0,301,0,0,3,E2,00,00
114055,1,201,0,0,5,C8,00,00,00,63
114065,0,300,0,0,8,03,A5,64,5A,64,00,64,61
114065,0,301,0,0,3,B3,01,00
114075,1,203,0,0,8,3C,02,00,00,00,00,00,00
114085,1,401,0,0,8,3B,9E,00,00,57,06,00,00
114095,1,206,0,0,8,00,00,00,00,00,00,00,00
114105,1,400,0,0,8,01,00,2C,00,00,00,00,00
114115,0,300,0,0,8,03,A5,64,5A,64,00,64,72
114115,0,301,0,0,3,6B,02,00
114155,1,201,0,0,5,C8,00,00,00,63
114165,1,403,0,0,8,64,00,00,00,40,E3,09,00
114165,0,300,0,0,8,03,A5,64,5A,64,00,64,63
114165,0,301,0,0,3,96,03,00
114175,1,203,0,0,8,63,02,00,00,00,00,00,00
114185,1,401,0,0,8,14,9E,00,00,60,07,00,00
114195,1,206,0,0,8,00,00,00,00,00,00,00,00
114205,1,400,0,0,8,01,00,2C,00,00,00,00,00
114215,0,300,0,0,8,03,A5,64,5A,64,00,64,74
114215,0,301,0,0,3,03,04,00
114255,1,201,0,0,5,C8,00,00,00,63
114265,0,300,0,0,8,03,A5,64,5A,64,00,64,65
114265,0,301,0,0,3,54,05,00
114275,1,203,0,0,8,8B,02,00,00,00,00,00,00
114285,1,401,0,0,8,14,9E,00,00,60,07,00,00
114295,1,206,0,0,8,00,00,00,00,00,00,00,00
114305,1,400,0,0,8,01,00,2C,00,00,00,00,00
114315,0,300,0,0,8,03,A5,64,5A,64,00,64,76
114315,0,301,0,0,3,F5,06,00
114355,1,201,0,0,5,C8,00,00,00,63
114365,0,300,0,0,8,03,A5,64,5A,64,00,64,67
114365,0,301,0,0,3,B8,07,00
114375,1,203,0,0,8,A2,02,00,00,00,00,00,00
114385,1,401,0,0,8,14,9E,00,00,81,08,00,00
114395,1,206,0,0,8,00,00,00,00,00,00,00,00
114405,1,400,0,0,8,01,00,2C,00,00,00,00,00
114415,0,300,0,0,8,03,A5,64,5A,64,00,64,F8
114415,0,301,0,0,3,80,08,00
114455,1,201,0,0,5,C8,00,00,00,63
114465,0,300,0,0,8,03,A5,64,5A,64,00,64,E9
114465,0,301,0,0,3,88,09,00
114475,1,203,0,0,8,CF,02,00,00,00,00,00,00
114485,1,401,0,0,8,1E,9E,00,00,81,08,00,00
114485,1,204,0,0,8,00,00,00,00,00,00,00,00
114495,1,206,0,0,8,00,00,00,00,00,00,00,00
114495,1,202,0,0,8,E2,12,00,00,68,7C,05,00
114505,1,400,0,0,8,01,00,2C,00,00,00,00,00
114515,0,300,0,0,8,03,A5,64,5A,64,00,64,FA
114515,0,301,0,0,3,C6,0A,00
114555,1,201,0,0,5,C8,00,00,00,63
114565,0,300,0,0,8,03,A5,64,5A,64,00,64,EB
114565,0,301,0,0,3,43,0B,00
114575,1,203,0,0,8,E4,02,00,00,00,00,00,00
114585,1,401,0,0,8,1E,9E,00,00,81,08,00,00
114595,1,206,0,0,8,00,00,00,00,00,00,00,00
114605,1,400,0,0,8,01,00,2C,00,00,00,00,00
114615,0,300,0,0,8,03,A5,64,5A,64,00,64,FC
114615,0,301,0,0,3,B5,0C,00
114655,1,201,0,0,5,C8,00,00,00,63
114665,0,300,0,0,8,03,A5,64,5A,64,00,64,ED
114665,1,402,0,0,8,58,00,00,00,DC,A5,08,00
114665,0,301,0,0,3,4E,0D,00
114675,1,203,0,0,8,08,03,00,00,00,00,00,00
114685,1,401,0,0,8,3B,9E,00,00,8D,08,00,00
114695,1,206,0,0,8,00,00,00,00,00,00,00,00
114705,1,400,0,0,8,01,00,2C,00,00,00,00,00
114715,0,300,0,0,8,03,A5,64,5A,64,00,64,FE
114715,0,301,0,0,3,1D,0E,00
114755,1,201,0,0,5,C8,00,00,00,63
114765,0,300,0,0,8,03,A5,64,5A,64,00,64,EF
114765,0,301,0,0,3,E8,0F,00
114775,1,203,0,0,8,19,03,00,00,00,00,00,00
114785,1,401,0,0,8,3B,9E,00,00,8D,08,00,00
114795,1,206,0,0,8,00,00,00,00,00,00,00,00
114805,1,400,0,0,8,01,00,2C,00,00,00,00,00
114815,0,300,0,0,8,03,A5,64,5A,64,00,64,70
114815,0,301,0,0,3,E2,00,00
114855,1,201,0,0,5,C8,00,00,00,63
114865,0,300,0,0,8,03,A5,64,5A,64,00,64,61
114865,0,301,0,0,3,B3,01,00
114875,1,203,0,0,8,3C,03,00,00,00,00,00,00
114885,1,401,0,0,8,3B,9E,00,00,A2,07,00,00
114895,1,206,0,0,8,00,00,00,00,00,00,00,00
114905,1,400,0,0,8,01,00,2C,00,00,00,00,00
114915,0,300,0,0,8,03,A5,64,5A,64,00,64,72
114915,0,301,0,0,3,6B,02,00
114965,1,201,0,0,5,C8,00,00,00,63
114965,0,300,0,0,8,03,A5,64,5A,64,00,64,63
114965,0,301,0,0,3,96,03,00
114975,1,203,0,0,8,52,03,00,00,00,00,00,00
114985,1,401,0,0,8,61,9E,00,00,A2,07,00,00
114995,1,206,0,0,8,00,00,00,00,00,00,00,00
115005,1,400,0,0,8,01,00,2C,00,00,00,00,00
115015,0,300,0,0,8,03,A5,64,5A,64,00,64,74
115015,0,301,0,0,3,03,04,00
115065,1,201,0,0,5,C8,00,00,00,63
115065,0,300,0,0,8,03,A5,64,5A,64,00,64,65
115065,0,301,0,0,3,54,05,00
115075,1,203,0,0,8,61,03,00,00,00,00,00,00
115085,1,401,0,0,8,61,9E,00,00,A2,07,00,00
115095,1,206,0,0,8,00,00,00,00,00,00,00,00
115105,1,400,0,0,8,01,00,2C,00,00,00,00,00
115115,0,300,0,0,8,03,A5,64,5A,64,00,64,76
115115,0,301,0,0,3,F5,06,00
115165,1,201,0,0,5,C8,00,00,00,63
115165,0,300,0,0,8,03,A5,64,5A,64,00,64,67
115165,0,301,0,0,3,B8,07,00
115165,1,403,0,0,8,64,00,00,00,40,E3,09,00
115175,1,203,0,0,8,79,03,00,00,00,00,00,00
115185,1,401,0,0,8,87,9E,00,00,6C,06,00,00
115195,1,206,0,0,8,00,00,00,00,00,00,00,00
115205,1,400,0,0,8,01,00,2C,00,00,00,00,00
115215,0,300,0,0,8,03,A5,64,5A,64,00,64,F8
115215,0,301,0,0,3,80,08,00
115265,1,201,0,0,5,C8,00,00,00,63
115265,0,300,0,0,8,03,A5,64,5A,64,00,64,E9
115265,0,301,0,0,3,88,09,00
115275,1,203,0,0,8,80,03,00,00,00,00,00,00
115285,1,401,0,0,8,87,9E,00,00,6C,06,00,00
115295,1,206,0,0,8,00,00,00,00,00,00,00,00
115305,1,400,0,0,8,01,00,2C,00,00,00,00,00
115315,0,300,0,0,8,03,A5,64,5A,64,00,64,FA
115315,0,301,0,0,3,C6,0A,00
115365,1,201,0,0,5,C8,00,00,00,63
115365,0,300,0,0,8,03,A5,64,5A,64,00,64,EB
115365,0,301,0,0,3,43,0B,00
115375,1,203,0,0,8,8F,03,00,00,00,00,00,00
115385,1,401,0,0,8,87,9E,00,00,01,05,00,00
115395,1,206,0,0,8,00,00,00,00,00,00,00,00
115405,1,400,0,0,8,01,00,2C,00,00,00,00,00
115415,0,300,0,0,8,03,A5,64,5A,64,00,64,FC
115415,0,301,0,0,3,B5,0C,00
115465,1,201,0,0,5,C8,00,00,00,63
115465,0,300,0,0,8,03,A5,64,5A,64,00,64,ED
115465,0,301,0,0,3,4E,0D,00
115475,1,203,0,0,8,92,03,00,00,00,00,00,00
115485,1,204,0,0,8,00,00,00,00,00,00,00,00
115485,1,401,0,0,8,B2,9E,00,00,01,05,00,00
115495,1,206,0,0,8,00,00,00,00,00,00,00,00
115495,1,202,0,0,8,E2,12,00,00,68,7C,05,00
115505,1,400,0,0,8,01,00,2C,00,00,00,00,00
115515,0,300,0,0,8,03,A5,64,5A,64,00,64,FE
115515,0,301,0,0,3,1D,0E,00
115565,1,201,0,0,5,C8,00,00,00,63
115565,0,300,0,0,8,03,A5,64,5A,64,00,64,EF
115565,0,301,0,0,3,E8,0F,00
115575,1,203,0,0,8,97,03,00,00,00,00,00,00
115585,1,401,0,0,8,B2,9E,00,00,01,05,00,00
115595,1,206,0,0,8,00,00,00,00,00,00,00,00
115605,1,400,0,0,8,01,00,2C,00,00,00,00,00
115615,0,300,0,0,8,03,A5,64,5A,64,00,64,70
115615,0,301,0,0,3,E2,00,00
115665,1,201,0,0,5,EA,01,00,00,63
115665,0,300,0,0,8,03,A5,64,5A,64,00,64,61
115665,0,301,0,0,3,B3,01,00
115665,1,402,0,0,8,58,00,00,00,B8,A5,08,00
115675,1,203,0,0,8,9A,03,00,00,00,00,00,00
115685,1,401,0,0,8,CC,9E,00,00,A0,03,00,00
115695,1,206,0,0,8,00,00,00,00,00,00,00,00
115705,1,400,0,0,8,01,00,2C,00,00,00,00,00
115715,0,300,0,0,8,03,A5,64,5A,64,00,64,72
115715,0,301,0,0,3,6B,02,00
115765,1,201,0,0,5,EA,01,00,00,63
115765,0,300,0,0,8,03,A5,64,5A,64,00,64,63
115765,0,301,0,0,3,96,03,00
115775,1,203,0,0,8,9F,03,00,00,00,00,00,00
115785,1,401,0,0,8,CC,9E,00,00,A0,03,00,00
115795,1,206,0,0,8,00,00,00,00,00,00,00,00
115805,1,400,0,0,8,01,00,2C,00,00,00,00,00
115815,0,300,0,0,8,03,A5,64,5A,64,00,64,74
115815,0,301,0,0,3,03,04,00
115865,1,201,0,0,5,EA,01,00,00,63
115865,0,300,0,0,8,03,A5,64,5A,64,00,64,65
115865,0,301,0,0,3,54,05,00
115875,1,203,0,0,8,9D,03,00,00,00,00,00,00
115885,1,401,0,0,8,CC,9E,00,00,92,02,00,00
115895,1,206,0,0,8,00,00,00,00,00,00,00,00
115905,1,400,0,0,8,01,00,2C,00,00,00,00,00
115915,0,300,0,0,8,03,A5,64,5A,64,00,64,76
115915,0,301,0,0,3,F5,06,00
115965,1,201,0,0,5,EA,01,00,00,63
115965,0,300,0,0,8,03,A5,64,5A,64,00,64,67
115965,0,301,0,0,3,B8,07,00
115975,1,203,0,0,8,99,03,00,00,00,00,00,80
115985,1,401,0,0,8,E4,9E,00,00,92,02,00,00
115995,1,206,0,0,8,00,00,00,00,00,00,00,00
116005,1,400,0,0,8,01,00,2C,00,00,00,00,00
116015,0,300,0,0,8,03,A5,64,5A,64,00,64,F8
116015,0,301,0,0,3,80,08,00
116065,1,201,0,0,5,EA,01,00,00,63
116065,0,300,0,0,8,03,A5,64,5A,64,00,64,E9
116065,0,301,0,0,3,88,09,00
116075,1,203,0,0,8,90,03,00,00,00,00,00,80
116085,1,401,0,0,8,E4,9E,00,00,92,02,00,00
116095,1,206,0,0,8,00,00,00,00,00,00,00,00
116105,1,400,0,0,8,01,00,2C,00,00,00,00,00
116115,0,300,0,0,8,03,A5,64,5A,64,00,64,FA
116115,0,301,0,0,3,C6,0A,00
116165,1,201,0,0,5,EA,01,00,00,63
116165,0,300,0,0,8,03,A5,64,5A,64,00,64,EB
116165,0,301,0,0,3,43,0B,00
116165,1,403,0,0,8,64,00,00,00,40,E3,09,00
116175,1,203,0,0,8,89,03,00,00,00,00,00,80
116185,1,401,0,0,8,E4,9E,00,00,C7,01,00,00
116195,1,206,0,0,8,00,00,00,00,00,00,00,00
116205,1,400,0,0,8,01,00,2C,00,00,00,00,00
116215,0,300,0,0,8,03,A5,64,5A,64,00,64,FC
116215,0,301,0,0,3,B5,0C,00
116265,1,201,0,0,5,EA,01,00,00,63
116265,0,300,0,0,8,03,A5,64,5A,64,00,64,ED
116265,0,301,0,0,3,4E,0D,00
116275,1,203,0,0,8,1E,03,00,00,00,00,00,80
116285,1,401,0,0,8,E4,9E,00,00,C7,01,00,00
116295,1,206,0,0,8,00,00,00,00,00,00,00,00
116305,1,400,0,0,8,01,00,2C,00,00,00,00,00
116315,0,300,0,0,8,03,A5,64,5A,64,00,64,FE
116315,0,301,0,0,3,1D,0E,00
116365,1,201,0,0,5,EA,01,00,00,63
116365,0,300,0,0,8,03,A5,64,5A,64,00,64,EF
116365,0,301,0,0,3,E8,0F,00
116375,1,203,0,0,8,1B,03,00,00,00,00,00,80
116385,1,401,0,0,8,E4,9E,00,00,9A,01,00,00
116395,1,206,0,0,8,00,00,00,00,00,00,00,00
116405,1,400,0,0,8,01,00,2C,00,00,00,00,00
116415,0,300,0,0,8,03,A5,64,5A,64,00,64,70
116415,0,301,0,0,3,E2,00,00
116465,1,201,0,0,5,EA,01,00,00,63
116465,0,300,0,0,8,03,A5,64,5A,64,00,64,61
116465,0,301,0,0,3,B3,01,00
116475,1,203,0,0,8,16,03,00,00,00,00,00,80
116485,1,204,0,0,8,00,00,00,00,00,00,00,00
116485,1,401,0,0,8,CC,9E,00,00,9A,01,00,00
116495,1,206,0,0,8,00,00,00,00,00,00,00,00
116495,1,202,0,0,8,E2,12,00,00,6A,7C,05,00
116505,1,400,0,0,8,01,00,2C,00,00,00,00,00
116505,1,666,0,0,8,52,08,05,00,52,95,36,02
116515,0,300,0,0,8,03,A5,64,5A,64,00,64,72
116515,0,301,0,0,3,6B,02,00
116525,1,665,0,0,8,00,00,00,53,4C,18,53,00
116535,1,200,0,0,8,58,00,F6,A5,08,00,02,00
116565,1,201,0,0,5,EA,01,00,00,63
116565,0,300,0,0,8,03,A5,64,5A,64,00,64,63
116565,0,301,0,0,3,96,03,00
116575,1,203,0,0,8,17,03,00,00,00,00,00,80
116585,1,401,0,0,8,CC,9E,00,00,3C,02,00,00
116595,1,206,0,0,8,00,00,00,00,00,00,00,00
116605,1,400,0,0,8,01,00,2C,00,00,00,00,00
116615,0,300,0,0,8,03,A5,64,5A,64,00,64,74
116615,0,301,0,0,3,03,04,00
116665,1,201,0,0,5,EA,01,00,00,63
116665,0,300,0,0,8,03,A5,64,5A,64,00,64,65
116665,0,301,0,0,3,54,05,00
116665,1,402,0,0,8,58,00,00,00,B8,A5,08,00
116675,1,203,0,0,8,19,03,00,00,00,00,00,80
116685,1,401,0,0,8,B8,9E,00,00,3C,02,00,00
116695,1,206,0,0,8,00,00,00,00,00,00,00,00
116705,1,400,0,0,8,01,00,2C,00,00,00,00,00
116715,0,300,0,0,8,03,A5,64,5A,64,00,64,76
116715,0,301,0,0,3,F5,06,00
116765,1,201,0,0,5,EA,01,00,00,63
116765,0,300,0,0,8,03,A5,64,5A,64,00,64,67
116765,0,301,0,0,3,B8,07,00
116775,1,203,0,0,8,17,03,00,00,00,00,00,80
116785,1,401,0,0,8,B8,9E,00,00,3C,02,00,00
116795,1,206,0,0,8,00,00,00,00,00,00,00,00
116805,1,400,0,0,8,01,00,2C,00,00,00,00,00
116815,0,300,0,0,8,03,A5,64,5A,64,00,64,F8
116815,0,301,0,0,3,80,08,00
116865,1,201,0,0,5,EA,01,00,00,63
116865,0,300,0,0,8,03,A5,64,5A,64,00,64,E9
116865,0,301,0,0,3,88,09,00
116875,1,203,0,0,8,18,03,00,00,00,00,00,80
116885,1,401,0,0,8,B8,9E,00,00,F3,02,00,00
116895,1,206,0,0,8,00,00,00,00,00,00,00,00
116905,1,400,0,0,8,01,00,2C,00,00,00,00,00
116915,0,300,0,0,8,03,A5,64,5A,64,00,64,FA
116915,0,301,0,0,3,C6,0A,00
116965,1,201,0,0,5,EA,01,00,00,63
116965,0,300,0,0,8,03,A5,64,5A,64,00,64,EB
116965,0,301,0,0,3,43,0B,00
116975,1,203,0,0,8,1A,03,00,00,00,00,00,80
116985,1,401,0,0,8,AC,9E,00,00,F3,02,00,00
116995,1,206,0,0,8,00,00,00,00,00,00,00,00
117005,1,400,0,0,8,01,00,2C,00,00,00,00,00
117015,0,300,0,0,8,03,A5,64,5A,64,00,64,FC
117015,0,301,0,0,3,B5,0C,00
117065,1,201,0,0,5,EA,01,00,00,63
117065,0,300,0,0,8,03,A5,64,5A,64,00,64,ED
117065,0,301,0,0,3,4E,0D,00
117075,1,203,0,0,8,1B,03,00,00,00,00,00,80
117085,1,401,0,0,8,AC,9E,00,00,6F,03,00,00
117095,1,206,0,0,8,00,00,00,00,00,00,00,00
117105,1,400,0,0,8,01,00,2C,00,00,00,00,00
117115,0,300,0,0,8,03,A5,64,5A,64,00,64,FE
117115,0,301,0,0,3,1D,0E,00
117165,1,201,0,0,5,EA,01,00,00,63
117165,0,300,0,0,8,03,A5,64,5A,64,00,64,EF
117165,0,301,0,0,3,E8,0F,00
117165,1,403,0,0,8,64,00,00,00,40,E3,09,00
117175,1,203,0,0,8,1F,03,00,00,00,00,00,80
117185,1,401,0,0,8,A0,9E,00,00,6F,03,00,00
117195,1,206,0,0,8,00,00,00,00,00,00,00,00
117205,1,400,0,0,8,01,00,2C,00,00,00,00,00
117215,0,300,0,0,8,03,A5,64,5A,64,00,64,70
117215,0,301,0,0,3,E2,00,00
117265,1,201,0,0,5,EA,01,00,00,63
117265,0,300,0,0,8,03,A5,64,5A,64,00,64,61
117265,0,301,0,0,3,B3,01,00
117275,1,203,0,0,8,20,03,00,00,00,00,00,80
117285,1,401,0,0,8,A0,9E,00,00,6F,03,00,00
117295,1,206,0,0,8,00,00,00,00,00,00,00,00
117305,1,400,0,0,8,01,00,2C,00,00,00,00,00
117315,0,300,0,0,8,03,A5,64,5A,64,00,64,72
117315,0,301,0,0,3,6B,02,00
117365,1,201,0,0,5,AE,01,00,00,63
117365,0,300,0,0,8,03,A5,64,5A,64,00,64,63
117365,0,301,0,0,3,96,03,00
117375,1,203,0,0,8,19,03,00,00,00,00,00,80
117385,1,401,0,0,8,A0,9E,00,00,DD,03,00,00
117395,1,206,0,0,8,00,00,00,00,00,00,00,00
117405,1,400,0,0,8,01,00,2C,00,00,00,00,00
117415,0,300,0,0,8,03,A5,64,5A,64,00,64,74
117415,0,301,0,0,3,03,04,00
117465,1,201,0,0,5,AE,01,00,00,63
117465,0,300,0,0,8,03,A5,64,5A,64,00,64,65
117465,0,301,0,0,3,54,05,00
117475,1,203,0,0,8,1B,03,00,00,00,00,00,80
117485,1,204,0,0,8,00,00,00,00,00,00,00,00
117495,1,401,0,0,8,8B,9E,00,00,DD,03,00,00
117495,1,206,0,0,8,00,00,00,00,00,00,00,00
117495,1,202,0,0,8,E2,12,00,00,6C,7C,05,00
117515,1,400,0,0,8,01,00,2C,00,00,00,00,00
117515,0,300,0,0,8,03,A5,64,5A,64,00,64,76
117515,0,301,0,0,3,F5,06,00
117565,1,201,0,0,5,AE,01,00,00,63
117565,0,300,0,0,8,03,A5,64,5A,64,00,64,67
117565,0,301,0,0,3,B8,07,00
117575,1,203,0,0,8,1B,03,00,00,00,00,00,80
117595,1,401,0,0,8,8B,9E,00,00,80,04,00,00
117595,1,206,0,0,8,00,00,00,00,00,00,00,00
117615,1,400,0,0,8,01,00,2C,00,00,00,00,00
117615,0,300,0,0,8,03,A5,64,5A,64,00,64,F8
117615,0,301,0,0,3,80,08,00
117665,1,201,0,0,5,AE,01,00,00,63
117665,0,300,0,0,8,03,A5,64,5A,64,00,64,E9
117665,0,301,0,0,3,88,09,00
117675,1,402,0,0,8,58,00,00,00,B8,A5,08,00
117675,1,203,0,0,8,27,03,00,00,00,00,00,80
117695,1,401,0,0,8,7B,9E,00,00,80,04,00,00
117695,1,206,0,0,8,00,00,00,00,00,00,00,00
117715,1,400,0,0,8,01,00,2C,00,00,00,00,00
117715,0,300,0,0,8,03,A5,64,5A,64,00,64,FA
117715,0,301,0,0,3,C6,0A,00
117765,1,201,0,0,5,AE,01,00,00,63
117765,0,300,0,0,8,03,A5,64,5A,64,00,64,EB
117765,0,301,0,0,3,43,0B,00
117775,1,203,0,0,8,2C,03,00,00,00,00,00,80
117795,1,401,0,0,8,7B,9E,00,00,80,04,00,00
117795,1,206,0,0,8,00,00,00,00,00,00,00,00
117815,1,400,0,0,8,01,00,2C,00,00,00,00,00
117815,0,300,0,0,8,03,A5,64,5A,64,00,64,FC
117815,0,301,0,0,3,B5,0C,00
117865,1,201,0,0,5,AE,01,00,00,63
117865,0,300,0,0,8,03,A5,64,5A,64,00,64,ED
117865,0,301,0,0,3,4E,0D,00
117875,1,203,0,0,8,3C,03,00,00,00,00,00,80
117895,1,401,0,0,8,7B,9E,00,00,1A,05,00,00
117895,1,206,0,0,8,00,00,00,00,00,00,00,00
117915,1,400,0,0,8,01,00,2C,00,00,00,00,00
117915,0,300,0,0,8,03,A5,64,5A,64,00,64,FE
117915,0,301,0,0,3,1D,0E,00
117965,1,201,0,0,5,AE,01,00,00,63
117965,0,300,0,0,8,03,A5,64,5A,64,00,64,EF
117965,0,301,0,0,3,E8,0F,00
117975,1,203,0,0,8,41,03,00,00,00,00,00,80
117995,1,401,0,0,8,85,9E,00,00,1A,05,00,00
117995,1,206,0,0,8,00,00,00,00,00,00,00,00
118015,1,400,0,0,8,01,00,2C,00,00,00,00,00
118015,0,300,0,0,8,03,A5,64,5A,64,00,64,70
118015,0,301,0,0,3,E2,00,00
118065,1,201,0,0,5,AE,01,00,00,63
118065,0,300,0,0,8,03,A5,64,5A,64,00,64,61
118065,0,301,0,0,3,B3,01,00
118075,1,203,0,0,8,4E,03,00,00,00,00,00,80
118095,1,401,0,0,8,85,9E,00,00,F1,04,00,00
118095,1,206,0,0,8,00,00,00,00,00,00,00,00
118115,1,400,0,0,8,01,00,2C,00,00,00,00,00
118115,0,300,0,0,8,03,A5,64,5A,64,00,64,72
118115,0,301,0,0,3,6B,02,00
118165,1,201,0,0,5,AE,01,00,00,63
118165,0,300,0,0,8,03,A5,64,5A,64,00,64,63
118165,0,301,0,0,3,96,03,00
118175,1,403,0,0,8,64,00,00,00,40,E3,09,00
118175,1,203,0,0,8,5A,03,00,00,00,00,00,80
118195,1,401,0,0,8,91,9E,00,00,F1,04,00,00
118195,1,206,0,0,8,00,00,00,00,00,00,00,00
118215,1,400,0,0,8,01,00,2C,00,00,00,00,00
118215,0,300,0,0,8,03,A5,64,5A,64,00,64,74
118215,0,301,0,0,3,03,04,00
118265,1,201,0,0,5,AE,01,00,00,63
118265,0,300,0,0,8,03,A5,64,5A,64,00,64,65
118265,0,301,0,0,3,54,05,00
118275,1,203,0,0,8,5D,03,00,00,00,00,00,80
118295,1,401,0,0,8,91,9E,00,00,F1,04,00,00
118295,1,206,0,0,8,00,00,00,00,00,00,00,00
118315,1,400,0,0,8,01,00,2C,00,00,00,00,00
118315,0,300,0,0,8,03,A5,64,5A,64,00,64,76
118315,0,301,0,0,3,F5,06,00
118365,1,201,0,0,5,AE,01,00,00,63
118365,0,300,0,0,8,03,A5,64,5A,64,00,64,67
118365,0,301,0,0,3,B8,07,00
118375,1,203,0,0,8,60,03,00,00,00,00,00,80
118395,1,401,0,0,8,91,9E,00,00,87,04,00,00
118395,1,206,0,0,8,00,00,00,00,00,00,00,00
118415,1,400,0,0,8,01,00,2C,00,00,00,00,00
118415,0,300,0,0,8,03,A5,64,5A,64,00,64,F8
118415,0,301,0,0,3,80,08,00
118465,1,201,0,0,5,AE,01,00,00,63
118465,0,300,0,0,8,03,A5,64,5A,64,00,64,E9
118465,0,301,0,0,3,88,09,00
118475,1,203,0,0,8,60,03,00,00,00,00,00,80
118485,1,204,0,0,8,00,00,00,00,00,00,00,00
118495,1,401,0,0,8,9A,9E,00,00,87,04,00,00
118495,1,206,0,0,8,00,00,00,00,00,00,00,00
118495,1,202,0,0,8,E2,11,00,00,6C,7C,05,00
118515,1,400,0,0,8,01,00,2C,00,00,00,00,00
118515,0,300,0,0,8,03,A5,64,5A,64,00,64,FA
118515,0,301,0,0,3,C6,0A,00
118565,1,201,0,0,5,AE,01,00,00,63
118565,0,300,0,0,8,03,A5,64,5A,64,00,64,EB
118565,0,301,0,0,3,43,0B,00
118575,1,203,0,0,8,68,03,00,00,00,00,00,80
118595,1,401,0,0,8,9A,9E,00,00,3D,04,00,00
118595,1,206,0,0,8,00,00,00,00,00,00,00,00
118615,1,400,0,0,8,01,00,2C,00,00,00,00,00
118615,0,300,0,0,8,03,A5,64,5A,64,00,64,FC
118615,0,301,0,0,3,B5,0C,00
118665,1,201,0,0,5,AE,01,00,00,63
118665,0,300,0,0,8,03,A5,64,5A,64,00,64,ED
118665,0,301,0,0,3,4E,0D,00
118675,1,402,0,0,8,58,00,00,00,94,A5,08,00
118675,1,203,0,0,8,6C,03,00,00,00,00,00,80
118695,1,401,0,0,8,A0,9E,00,00,3D,04,00,00
118695,1,206,0,0,8,00,00,00,00,00,00,00,00
118715,1,400,0,0,8,01,00,2C,00,00,00,00,00
118715,0,300,0,0,8,03,A5,64,5A,64,00,64,FE
118715,0,301,0,0,3,1D,0E,00
118765,1,201,0,0,5,AE,01,00,00,63
118765,0,300,0,0,8,03,A5,64,5A,64,00,64,EF
118765,0,301,0,0,3,E8,0F,00
118775,1,203,0,0,8,6D,03,00,00,00,00,00,80
118795,1,401,0,0,8,A0,9E,00,00,3D,04,00,00
118795,1,206,0,0,8,00,00,00,00,00,00,00,00
118815,1,400,0,0,8,01,00,2C,00,00,00,00,00
118815,0,300,0,0,8,03,A5,64,5A,64,00,64,70
118815,0,301,0,0,3,E2,00,00
118865,1,201,0,0,5,AE,01,00,00,63
118865,0,300,0,0,8,03,A5,64,5A,64,00,64,61
118865,0,301,0,0,3,B3,01,00
118875,1,203,0,0,8,6B,03,00,00,00,00,00,80
118895,1,401,0,0,8,A0,9E,00,00,E7,03,00,00
118895,1,206,0,0,8,00,00,00,00,00,00,00,00
118915,0,300,0,0,8,03,A5,64,5A,64,00,64,72
118915,1,400,0,0,8,01,00,2C,00,00,00,00,00
118915,0,301,0,0,3,6B,02,00
118965,1,201,0,0,5,AE,01,00,00,63
118965,0,300,0,0,8,03,A5,64,5A,64,00,64,63
118965,0,301,0,0,3,96,03,00
118975,1,203,0,0,8,65,03,00,00,00,00,00,80
118995,1,401,0,0,8,A2,9E,00,00,E7,03,00,00
118995,1,206,0,0,8,00,00,00,00,00,00,00,00
119015,0,300,0,0,8,03,A5,64,5A,64,00,64,74
119015,0,301,0,0,3,03,04,00
119015,1,400,0,0,8,01,00,2C,00,00,00,00,00
119065,1,201,0,0,5,CC,01,00,00,63
119065,0,300,0,0,8,03,A5,64,5A,64,00,64,65
119065,0,301,0,0,3,54,05,00
119075,1,203,0,0,8,5E,03,00,00,00,00,00,80
119095,1,401,0,0,8,A2,9E,00,00,C7,03,00,00
119095,1,206,0,0,8,00,00,00,00,00,00,00,00
119115,0,300,0,0,8,03,A5,64,5A,64,00,64,76
119115,0,301,0,0,3,F5,06,00
119115,1,400,0,0,8,01,00,2C,00,00,00,00,00
119165,1,201,0,0,5,CC,01,00,00,63
119165,0,300,0,0,8,03,A5,64,5A,64,00,64,67
119165,0,301,0,0,3,B8,07,00
119175,1,203,0,0,8,5D,03,00,00,00,00,00,80
119175,1,403,0,0,8,64,00,00,00,40,E3,09,00
119195,1,401,0,0,8,98,9E,00,00,C7,03,00,00
119195,1,206,0,0,8,00,00,00,00,00,00,00,00
119215,0,300,0,0,8,03,A5,64,5A,64,00,64,F8
119215,0,301,0,0,3,80,08,00
119215,1,400,0,0,8,01,00,2C,00,00,00,00,00
119265,1,201,0,0,5,CC,01,00,00,63
119265,0,300,0,0,8,03,A5,64,5A,64,00,64,E9
119265,0,301,0,0,3,88,09,00
119275,1,203,0,0,8,57,03,00,00,00,00,00,80
119275,0,404,0,0,2,4A,00
119275,1,405,0,0,8,4A,00,00,00,06,00,00,00
119295,1,401,0,0,8,98,9E,00,00,C7,03,00,00
119295,1,206,0,0,8,00,00,00,00,00,00,00,00
119305,0,404,0,0,2,02,30
119305,1,405,0,0,7,02,30,00,00,00,00,00
119315,0,300,0,0,8,03,A5,64,5A,64,00,64,FA
119315,0,301,0,0,3,C6,0A,00
119315,1,400,0,0,8,01,00,2C,00,00,00,00,00
119345,0,404,0,0,2,44,00
119345,1,405,0,0,6,44,00,00,00,50,46
119365,1,201,0,0,5,CC,01,00,00,63
119365,0,300,0,0,8,03,A5,64,5A,64,00,64,EB
119365,0,301,0,0,3,43,0B,00
119365,0,404,0,0,2,01,00
119365,1,405,0,0,8,01,00,00,00,00,04,06,04
119375,1,203,0,0,8,57,03,00,00,00,00,00,80
119395,1,401,0,0,8,98,9E,00,00,01,04,00,00
119395,1,206,0,0,8,00,00,00,00,00,00,00,00
119395,0,404,0,0,2,A3,01
119405,1,405,0,0,5,A3,01,00,00,06
119415,0,300,0,0,8,03,A5,64,5A,64,00,64,FC
119415,0,301,0,0,3,B5,0C,00
119415,1,400,0,0,8,01,00,2C,00,00,00,00,00
119435,0,404,0,0,2,20,00
119435,1,405,0,0,8,20,00,00,00,32,33,36,47
119465,1,201,0,0,5,CC,01,00,00,63
119465,0,404,0,0,2,21,00
119465,1,405,0,0,8,21,00,00,00,35,4C,41,31
119465,0,300,0,0,8,03,A5,64,5A,64,00,64,ED
119465,0,301,0,0,3,4E,0D,00
119475,1,203,0,0,8,53,03,00,00,00,00,00,80
119485,1,204,0,0,8,00,00,00,00,00,00,00,00
119495,1,401,0,0,8,95,9E,00,00,01,04,00,00
119495,1,206,0,0,8,00,00,00,00,00,00,00,00
119495,1,202,0,0,8,E2,12,00,00,6E,7C,05,00
119495,0,404,0,0,2,22,00
119495,1,405,0,0,8,22,00,00,00,30,30,34,52
119505,1,666,0,0,8,52,08,05,00,52,95,36,02
119515,0,300,0,0,8,03,A5,64,5A,64,00,64,FE
119515,0,301,0,0,3,1D,0E,00
119515,1,400,0,0,8,01,00,2C,00,00,00,00,00
119525,1,665,0,0,8,00,00,00,53,4C,18,53,00
119525,0,404,0,0,2,23,00
119525,1,405,0,0,8,23,00,00,00,4D,30,30,30
119535,1,200,0,0,8,58,00,EF,A5,08,00,00,00
119555,0,404,0,0,2,24,00
119555,1,405,0,0,8,24,00,00,00,30,30,30,30
119565,1,201,0,0,5,CC,01,00,00,63
119565,0,300,0,0,8,03,A5,64,5A,64,00,64,EF
119565,0,301,0,0,3,E8,0F,00
119575,1,203,0,0,8,50,03,00,00,00,00,00,80
119585,0,404,0,0,2,25,00
119585,1,405,0,0,8,25,00,00,00,30,30,30,30
119595,1,401,0,0,8,95,9E,00,00,22,04,00,00
119595,1,206,0,0,8,00,00,00,00,00,00,00,00
119615,0,300,0,0,8,03,A5,64,5A,64,00,64,70
119615,0,301,0,0,3,E2,00,00
119615,1,400,0,0,8,01,00,2C,00,00,00,00,00
119615,0,404,0,0,2,26,00
119615,1,405,0,0,8,26,00,00,00,30,30,30,30
119655,0,404,0,0,2,27,00
119655,1,405,0,0,6,27,00,00,00,30,30
119665,1,201,0,0,5,CC,01,00,00,63
119665,0,300,0,0,8,03,A5,64,5A,64,00,64,61
119665,0,301,0,0,3,B3,01,00
119675,1,203,0,0,8,4A,03,00,00,00,00,00,80
119675,1,402,0,0,8,58,00,00,00,94,A5,08,00
119685,0,404,0,0,2,4C,00
119685,1,405,0,0,8,4C,00,00,00,00,24,00,00
119695,1,401,0,0,8,8B,9E,00,00,22,04,00,00
119695,1,206,0,0,8,00,00,00,00,00,00,00,00
119715,0,404,0,0,2,46,00
119715,1,405,0,0,5,46,00,00,00,00
119715,0,300,0,0,8,03,A5,64,5A,64,00,64,72
119715,0,301,0,0,3,6B,02,00
119715,1,400,0,0,8,01,00,2C,00,00,00,00,00
119745,0,404,0,0,2,4D,00
119745,1,405,0,0,8,4D,00,00,00,00,00,00,00
119765,1,201,0,0,5,CC,01,00,00,63
119765,0,300,0,0,8,03,A5,64,5A,64,00,64,63
119765,0,301,0,0,3,96,03,00
119775,1,203,0,0,8,41,03,00,00,00,00,00,80
119775,0,404,0,0,2,50,00
119775,1,405,0,0,8,50,00,00,00,7F,00,7E,00
119795,1,401,0,0,8,8B,9E,00,00,22,04,00,00
119795,1,206,0,0,8,00,00,00,00,00,00,00,00
119815,0,404,0,0,2,02,00
119815,1,405,0,0,8,02,00,00,00,53,49,43,54
119815,0,300,0,0,8,03,A5,64,5A,64,00,64,74
119815,0,301,0,0,3,03,04,00
119815,1,400,0,0,8,01,00,2C,00,00,00,00,00
119835,0,404,0,0,2,0A,00
119835,1,405,0,0,8,0A,00,00,00,30,3A,00,00
119865,1,201,0,0,5,CC,01,00,00,63
119865,0,300,0,0,8,03,A5,64,5A,64,00,64,65
119865,0,301,0,0,3,54,05,00
119865,0,404,0,0,2,04,00
119865,1,405,0,0,7,04,00,00,00,16,09,02
119875,1,203,0,0,8,3F,03,00,00,00,00,00,80
119895,1,401,0,0,8,8B,9E,00,00,6F,04,00,00
119895,1,206,0,0,8,00,00,00,00,00,00,00,00
119895,0,404,0,0,2,B0,01
119905,1,405,0,0,6,B0,01,00,00,00,00
119915,0,300,0,0,8,03,A5,64,5A,64,00,64,76
119915,0,301,0,0,3,F5,06,00
119915,1,400,0,0,8,01,00,2C,00,00,00,00,00
119935,0,404,0,0,2,B1,01
119935,1,405,0,0,6,B1,01,00,00,00,00
119965,1,201,0,0,5,CC,01,00,00,63
119965,0,300,0,0,8,03,A5,64,5A,64,00,64,67
119965,0,301,0,0,3,B8,07,00
119975,1,203,0,0,8,3C,03,00,00,00,00,00,80
119995,1,401,0,0,8,79,9E,00,00,6F,04,00,00
119995,1,206,0,0,8,00,00,00,00,00,00,00,00
120015,0,300,0,0,8,03,A5,64,5A,64,00,64,F8
120015,0,301,0,0,3,80,08,00
120015,1,400,0,0,8,01,00,2C,00,00,00,00,00
120065,1,201,0,0,5,CC,01,00,00,63
120065,0,300,0,0,8,03,A5,64,5A,64,00,64,E9
120065,0,301,0,0,3,88,09,00
120075,1,203,0,0,8,3A,03,00,00,00,00,00,80
120095,1,401,0,0,8,79,9E,00,00,EB,04,00,00
120095,1,206,0,0,8,00,00,00,00,00,00,00,00
120115,0,300,0,0,8,03,A5,64,5A,64,00,64,FA
120115,0,301,0,0,3,C6,0A,00
120115,1,400,0,0,8,01,00,2C,00,00,00,00,00
120165,1,201,0,0,5,CC,01,00,00,63
120165,0,300,0,0,8,03,A5,64,5A,64,00,64,EB
120165,0,301,0,0,3,43,0B,00
120175,1,203,0,0,8,34,03,00,00,00,00,00,80
120175,1,403,0,0,8,64,00,00,00,40,E3,09,00
120195,1,401,0,0,8,6D,9E,00,00,EB,04,00,00
120195,1,206,0,0,8,00,00,00,00,00,00,00,00
120215,0,300,0,0,8,03,A5,64,5A,64,00,64,FC
120215,0,301,0,0,3,B5,0C,00
120215,1,400,0,0,8,01,00,2C,00,00,00,00,00
120265,1,201,0,0,5,CC,01,00,00,63
120265,0,300,0,0,8,03,A5,64,5A,64,00,64,ED
120265,0,301,0,0,3,4E,0D,00
120275,1,203,0,0,8,36,03,00,00,00,00,00,80
120295,1,401,0,0,8,6D,9E,00,00,EB,04,00,00
120295,1,206,0,0,8,00,00,00,00,00,00,00,00
120315,0,300,0,0,8,03,A5,64,5A,64,00,64,FE
120315,0,301,0,0,3,1D,0E,00
120315,1,400,0,0,8,01,00,2C,00,00,00,00,00
120365,1,201,0,0,5,CC,01,00,00,63
120365,0,300,0,0,8,03,A5,64,5A,64,00,64,EF
120365,0,301,0,0,3,E8,0F,00
120375,1,203,0,0,8,3D,03,00,00,00,00,00,80
120395,1,401,0,0,8,6D,9E,00,00,66,05,00,00
120395,1,206,0,0,8,00,00,00,00,00,00,00,00
120415,0,300,0,0,8,03,A5,64,5A,64,00,64,70
120415,0,301,0,0,3,E2,00,00
120415,1,400,0,0,8,01,00,2C,00,00,00,00,00
120465,1,201,0,0,5,CC,01,00,00,63
120465,0,300,0,0,8,03,A5,64,5A,64,00,64,61
120465,0,301,0,0,3,B3,01,00
120475,1,203,0,0,8,42,03,00,00,00,00,00,80
120485,1,204,0,0,8,00,00,00,00,00,00,00,00
120495,1,401,0,0,8,6F,9E,00,00,66,05,00,00
120495,1,206,0,0,8,00,00,00,00,00,00,00,00
120495,1,202,0,0,8,E2,12,00,00,6E,7C,05,00
120515,0,300,0,0,8,03,A5,64,5A,64,00,64,72
120515,0,301,0,0,3,6B,02,00
120515,1,400,0,0,8,01,00,2C,00,00,00,00,00
120565,1,201,0,0,5,CC,01,00,00,63
120565,0,300,0,0,8,03,A5,64,5A,64,00,64,63
120565,0,301,0,0,3,96,03,00
120575,1,203,0,0,8,48,03,00,00,00,00,00,80
120595,1,401,0,0,8,6F,9E,00,00,88,05,00,00
120595,1,206,0,0,8,00,00,00,00,00,00,00,00
120615,0,300,0,0,8,03,A5,64,5A,64,00,64,74
120615,0,301,0,0,3,03,04,00
120615,1,400,0,0,8,01,00,2C,00,00,00,00,00
120665,1,201,0,0,5,CC,01,00,00,63
120665,0,300,0,0,8,03,A5,64,5A,64,00,64,65
120665,0,301,0,0,3,54,05,00
120675,1,203,0,0,8,55,03,00,00,00,00,00,80
120675,1,402,0,0,8,58,00,00,00,94,A5,08,00
120695,1,401,0,0,8,71,9E,00,00,88,05,00,00
120695,1,206,0,0,8,00,00,00,00,00,00,00,00
120715,0,300,0,0,8,03,A5,64,5A,64,00,64,76
120715,0,301,0,0,3,F5,06,00
120715,1,400,0,0,8,01,00,2C,00,00,00,00,00
120765,1,201,0,0,5,CC,01,00,00,63
120765,0,300,0,0,8,03,A5,64,5A,64,00,64,67
120765,0,301,0,0,3,B8,07,00
120775,1,203,0,0,8,57,03,00,00,00,00,00,80
120795,1,401,0,0,8,71,9E,00,00,88,05,00,00
120795,1,206,0,0,8,00,00,00,00,00,00,00,00
120815,0,300,0,0,8,03,A5,64,5A,64,00,64,F8
120815,0,301,0,0,3,80,08,00
120815,1,400,0,0,8,01,00,2C,00,00,00,00,00
120865,1,201,0,0,5,B8,01,00,00,63
120865,0,300,0,0,8,03,A5,64,5A,64,00,64,E9
120865,0,301,0,0,3,88,09,00
120875,1,203,0,0,8,66,03,00,00,00,00,00,80
120895,1,401,0,0,8,71,9E,00,00,57,05,00,00
120895,1,206,0,0,8,00,00,00,00,00,00,00,00
120915,0,300,0,0,8,03,A5,64,5A,64,00,64,FA
120915,0,301,0,0,3,C6,0A,00
120915,1,400,0,0,8,01,00,2C,00,00,00,00,00
120965,1,201,0,0,5,B8,01,00,00,63
120965,0,300,0,0,8,03,A5,64,5A,64,00,64,EB
120965,0,301,0,0,3,43,0B,00
120975,1,203,0,0,8,6E,03,00,00,00,00,00,80
120995,1,401,0,0,8,89,9E,00,00,57,05,00,00
120995,1,206,0,0,8,00,00,00,00,00,00,00,00
121015,0,300,0,0,8,03,A5,64,5A,64,00,64,FC
121015,0,301,0,0,3,B5,0C,00
121015,1,400,0,0,8,01,00,2C,00,00,00,00,00
121065,1,201,0,0,5,B8,01,00,00,63
121065,0,300,0,0,8,03,A5,64,5A,64,00,64,ED
121065,0,301,0,0,3,4E,0D,00
121075,1,203,0,0,8,74,03,00,00,00,00,00,80
121095,1,206,0,0,8,00,00,00,00,00,00,00,00
121095,1,401,0,0,8,89,9E,00,00,AC,04,00,00
121115,0,300,0,0,8,03,A5,64,5A,64,00,64,FE
121115,0,301,0,0,3,1D,0E,00
121115,1,400,0,0,8,01,00,2C,00,00,00,00,00
121165,1,201,0,0,5,B8,01,00,00,63
121165,0,300,0,0,8,03,A5,64,5A,64,00,64,EF
121165,0,301,0,0,3,E8,0F,00
121175,1,203,0,0,8,76,03,00,00,00,00,00,80
121175,1,403,0,0,8,64,00,00,00,40,E3,09,00
121195,1,206,0,0,8,00,00,00,00,00,00,00,00
121195,1,401,0,0,8,9E,9E,00,00,AC,04,00,00
121215,0,300,0,0,8,03,A5,64,5A,64,00,64,70
121215,0,301,0,0,3,E2,00,00
121215,1,400,0,0,8,01,00,2C,00,00,00,00,00
121265,1,201,0,0,5,B8,01,00,00,63
121265,0,300,0,0,8,03,A5,64,5A,64,00,64,61
121265,0,301,0,0,3,B3,01,00
121275,1,203,0,0,8,76,03,00,00,00,00,00,80
121295,1,206,0,0,8,00,00,00,00,00,00,00,00
121295,1,401,0,0,8,9E,9E,00,00,AC,04,00,00
121315,0,300,0,0,8,03,A5,64,5A,64,00,64,72
121315,0,301,0,0,3,6B,02,00
121315,1,400,0,0,8,01,00,2C,00,00,00,00,00
121365,1,201,0,0,5,B8,01,00,00,63
121365,0,300,0,0,8,03,A5,64,5A,64,00,64,63
121365,0,301,0,0,3,96,03,00
121375,1,203,0,0,8,7A,03,00,00,00,00,00,80
121395,1,206,0,0,8,00,00,00,00,00,00,00,00
121395,1,401,0,0,8,9E,9E,00,00,F9,03,00,00
121415,0,300,0,0,8,03,A5,64,5A,64,00,64,74
121415,0,301,0,0,3,03,04,00
121415,1,400,0,0,8,01,00,2C,00,00,00,00,00
121465,1,201,0,0,5,B8,01,00,00,63
121465,0,300,0,0,8,03,A5,64,5A,64,00,64,65
121465,0,301,0,0,3,54,05,00
121475,1,203,0,0,8,7E,03,00,00,00,00,00,80
121485,1,204,0,0,8,00,00,00,00,00,00,00,00
121495,1,206,0,0,8,00,00,00,00,00,00,00,00
121495,1,202,0,0,8,E2,11,00,00,71,7C,05,00
121495,1,401,0,0,8,AA,9E,00,00,F9,03,00,00
121515,0,300,0,0,8,03,A5,64,5A,64,00,64,76
121515,0,301,0,0,3,F5,06,00
121515,1,400,0,0,8,01,00,2C,00,00,00,00,00
121565,1,201,0,0,5,B8,01,00,00,63
121565,0,300,0,0,8,03,A5,64,5A,64,00,64,67
121565,0,301,0,0,3,B8,07,00
121575,1,203,0,0,8,7E,03,00,00,00,00,00,80
121595,1,206,0,0,8,00,00,00,00,00,00,00,00
121595,1,401,0,0,8,AA,9E,00,00,78,03,00,00
121615,0,300,0,0,8,03,A5,64,5A,64,00,64,F8
121615,0,301,0,0,3,80,08,00
121615,1,400,0,0,8,01,00,2C,00,00,00,00,00
121665,1,201,0,0,5,B8,01,00,00,63
121665,0,300,0,0,8,03,A5,64,5A,64,00,64,E9
121665,0,301,0,0,3,88,09,00
121675,1,203,0,0,8,80,03,00,00,00,00,00,80
121675,1,402,0,0,8,58,00,00,00,70,A5,08,00
121695,1,206,0,0,8,00,00,00,00,00,00,00,00
121705,1,401,0,0,8,B6,9E,00,00,78,03,00,00
121715,0,300,0,0,8,03,A5,64,5A,64,00,64,FA
121715,0,301,0,0,3,C6,0A,00
121725,1,400,0,0,8,01,00,2C,00,00,00,00,00
121765,1,201,0,0,5,B8,01,00,00,63
121765,0,300,0,0,8,03,A5,64,5A,64,00,64,EB
121765,0,301,0,0,3,43,0B,00
121775,1,203,0,0,8,81,03,00,00,00,00,00,80
121795,1,206,0,0,8,00,00,00,00,00,00,00,00
121805,1,401,0,0,8,B6,9E,00,00,78,03,00,00
121815,0,300,0,0,8,03,A5,64,5A,64,00,64,FC
121815,0,301,0,0,3,B5,0C,00
121825,1,400,0,0,8,01,00,2C,00,00,00,00,00
121865,1,201,0,0,5,B8,01,00,00,63
121865,0,300,0,0,8,03,A5,64,5A,64,00,64,ED
121865,0,301,0,0,3,4E,0D,00
121875,1,203,0,0,8,7F,03,00,00,00,00,00,80
121895,1,206,0,0,8,00,00,00,00,00,00,00,00
121905,1,401,0,0,8,B6,9E,00,00,F6,02,00,00
121915,0,300,0,0,8,03,A5,64,5A,64,00,64,FE
121915,0,301,0,0,3,1D,0E,00
121925,1,400,0,0,8,01,00,2C,00,00,00,00,00
121965,1,201,0,0,5,B8,01,00,00,63
121965,0,300,0,0,8,03,A5,64,5A,64,00,64,EF
121965,0,301,0,0,3,E8,0F,00
121975,1,203,0,0,8,78,03,00,00,00,00,00,80
121995,1,206,0,0,8,00,00,00,00,00,00,00,00
122005,1,401,0,0,8,C2,9E,00,00,F6,02,00,00
122015,0,300,0,0,8,03,A5,64,5A,64,00,64,70
122015,0,301,0,0,3,E2,00,00
122025,1,400,0,0,8,01,00,2C,00,00,00,00,00
122065,1,201,0,0,5,B8,01,00,00,63
122065,0,300,0,0,8,03,A5,64,5A,64,00,64,61
122065,0,301,0,0,3,B3,01,00
122075,1,203,0,0,8,72,03,00,00,00,00,00,80
122095,1,206,0,0,8,00,00,00,00,00,00,00,00
122105,1,401,0,0,8,C2,9E,00,00,8C,02,00,00
122115,0,300,0,0,8,03,A5,64,5A,64,00,64,72
122115,0,301,0,0,3,6B,02,00
122125,1,400,0,0,8,01,00,2C,00,00,00,00,00
122165,1,201,0,0,5,B8,01,00,00,63
122165,0,300,0,0,8,03,A5,64,5A,64,00,64,63
122165,0,301,0,0,3,96,03,00
122175,1,203,0,0,8,67,03,00,00,00,00,00,80
122185,1,403,0,0,8,64,00,00,00,40,E3,09,00
122195,1,206,0,0,8,00,00,00,00,00,00,00,00
122205,1,401,0,0,8,B8,9E,00,00,8C,02,00,00
122215,0,300,0,0,8,03,A5,64,5A,64,00,64,74
122215,0,301,0,0,3,03,04,00
122225,1,400,0,0,8,01,00,2C,00,00,00,00,00
122265,1,201,0,0,5,B8,01,00,00,63
122265,0,300,0,0,8,03,A5,64,5A,64,00,64,65
122265,0,301,0,0,3,54,05,00
122275,1,203,0,0,8,5A,03,00,00,00,00,00,80
122295,1,206,0,0,8,00,00,00,00,00,00,00,00
122305,1,401,0,0,8,B8,9E,00,00,8C,02,00,00
122315,0,300,0,0,8,03,A5,64,5A,64,00,64,76
122315,0,301,0,0,3,F5,06,00
122325,1,400,0,0,8,01,00,2C,00,00,00,00,00
122365,1,201,0,0,5,B8,01,00,00,63
122365,0,300,0,0,8,03,A5,64,5A,64,00,64,67
122365,0,301,0,0,3,B8,07,00
122375,1,203,0,0,8,53,03,00,00,00,00,00,80
122395,1,206,0,0,8,00,00,00,00,00,00,00,00
122405,1,401,0,0,8,B8,9E,00,00,B9,02,00,00
122415,0,300,0,0,8,03,A5,64,5A,64,00,64,F8
122415,0,301,0,0,3,80,08,00
122425,1,400,0,0,8,01,00,2C,00,00,00,00,00
122465,1,201,0,0,5,CC,01,00,00,63
122465,0,300,0,0,8,03,A5,64,5A,64,00,64,E9
122465,0,301,0,0,3,88,09,00
122475,1,203,0,0,8,47,03,00,00,00,00,00,80
122485,1,204,0,0,8,00,00,00,00,00,00,00,00
122495,1,206,0,0,8,00,00,00,00,00,00,00,00
122495,1,202,0,0,8,E2,13,00,00,73,7C,05,00
122505,1,401,0,0,8,A6,9E,00,00,B9,02,00,00
122515,1,666,0,0,8,52,08,05,00,52,95,36,02
122515,0,300,0,0,8,03,A5,64,5A,64,00,64,FA
122515,0,301,0,0,3,C6,0A,00
122525,1,400,0,0,8,01,00,2C,00,00,00,00,00
122525,1,665,0,0,8,00,00,00,53,4C,18,53,00
122535,1,200,0,0,8,58,00,E5,A5,08,00,01,00
122565,1,201,0,0,5,CC,01,00,00,63
122565,0,300,0,0,8,03,A5,64,5A,64,00,64,EB
122565,0,301,0,0,3,43,0B,00
122575,1,203,0,0,8,42,03,00,00,00,00,00,80
122595,1,206,0,0,8,00,00,00,00,00,00,00,00
122605,1,401,0,0,8,A6,9E,00,00,67,03,00,00
122615,0,300,0,0,8,03,A5,64,5A,64,00,64,FC
122615,0,301,0,0,3,B5,0C,00
122625,1,400,0,0,8,01,00,2C,00,00,00,00,00
122665,1,201,0,0,5,CC,01,00,00,63
122665,0,300,0,0,8,03,A5,64,5A,64,00,64,ED
122665,0,301,0,0,3,4E,0D,00
122675,1,203,0,0,8,3C,03,00,00,00,00,00,80
122685,1,402,0,0,8,58,00,00,00,70,A5,08,00
122695,1,206,0,0,8,00,00,00,00,00,00,00,00
122705,1,401,0,0,8,8F,9E,00,00,67,03,00,00
122715,0,300,0,0,8,03,A5,64,5A,64,00,64,FE
122715,0,301,0,0,3,1D,0E,00
122725,1,400,0,0,8,01,00,2C,00,00,00,00,00
122765,1,201,0,0,5,CC,01,00,00,63
122765,0,300,0,0,8,03,A5,64,5A,64,00,64,EF
122765,0,301,0,0,3,E8,0F,00
122775,1,203,0,0,8,3B,03,00,00,00,00,00,80
122795,1,206,0,0,8,00,00,00,00,00,00,00,00
122805,1,401,0,0,8,8F,9E,00,00,67,03,00,00
122815,0,300,0,0,8,03,A5,64,5A,64,00,64,70
122815,0,301,0,0,3,E2,00,00
122825,1,400,0,0,8,01,00,2C,00,00,00,00,00
122865,1,201,0,0,5,CC,01,00,00,63
122865,0,300,0,0,8,03,A5,64,5A,64,00,64,61
122865,0,301,0,0,3,B3,01,00
122875,1,203,0,0,8,3C,03,00,00,00,00,00,80
122895,1,206,0,0,8,00,00,00,00,00,00,00,00
122905,1,401,0,0,8,8F,9E,00,00,0F,04,00,00
122915,0,300,0,0,8,03,A5,64,5A,64,00,64,72
122915,0,301,0,0,3,6B,02,00
122925,1,400,0,0,8,01,00,2C,00,00,00,00,00
122965,1,201,0,0,5,CC,01,00,00,63
122965,0,300,0,0,8,03,A5,64,5A,64,00,64,63
122965,0,301,0,0,3,96,03,00
122975,1,203,0,0,8,41,03,00,00,00,00,00,80
122995,1,206,0,0,8,00,00,00,00,00,00,00,00
123005,1,401,0,0,8,8D,9E,00,00,0F,04,00,00
123015,0,300,0,0,8,03,A5,64,5A,64,00,64,74
123015,0,301,0,0,3,03,04,00
123025,1,400,0,0,8,01,00,2C,00,00,00,00,00
123065,1,201,0,0,5,CC,01,00,00,63
123065,0,300,0,0,8,03,A5,64,5A,64,00,64,65
123065,0,301,0,0,3,54,05,00
123075,1,203,0,0,8,45,03,00,00,00,00,00,80
123095,1,206,0,0,8,00,00,00,00,00,00,00,00
123105,1,401,0,0,8,8D,9E,00,00,45,04,00,00
123115,0,300,0,0,8,03,A5,64,5A,64,00,64,76
123115,0,301,0,0,3,F5,06,00
123125,1,400,0,0,8,01,00,2C,00,00,00,00,00
123165,1,201,0,0,5,CC,01,00,00,63
123165,0,300,0,0,8,03,A5,64,5A,64,00,64,67
123165,0,301,0,0,3,B8,07,00
123175,1,203,0,0,8,48,03,00,00,00,00,00,80
123185,1,403,0,0,8,64,00,00,00,40,E3,09,00
123195,1,206,0,0,8,00,00,00,00,00,00,00,00
123205,1,401,0,0,8,8D,9E,00,00,45,04,00,00
123215,0,300,0,0,8,03,A5,64,5A,64,00,64,F8
123215,0,301,0,0,3,80,08,00
123225,1,400,0,0,8,01,00,2C,00,00,00,00,00
123265,1,201,0,0,5,CC,01,00,00,63
123265,0,300,0,0,8,03,A5,64,5A,64,00,64,E9
123265,0,301,0,0,3,88,09,00
123275,1,203,0,0,8,4A,03,00,00,00,00,00,80
123295,1,206,0,0,8,00,00,00,00,00,00,00,00
123305,1,401,0,0,8,8D,9E,00,00,45,04,00,00
123315,0,300,0,0,8,03,A5,64,5A,64,00,64,FA
123315,0,301,0,0,3,C6,0A,00
123325,1,400,0,0,8,01,00,2C,00,00,00,00,00
123365,1,201,0,0,5,CC,01,00,00,63
123365,0,300,0,0,8,03,A5,64,5A,64,00,64,EB
123365,0,301,0,0,3,43,0B,00
123375,1,203,0,0,8,4A,03,00,00,00,00,00,80
123395,1,206,0,0,8,00,00,00,00,00,00,00,00
123405,1,401,0,0,8,8D,9E,00,00,3F,04,00,00
123415,0,300,0,0,8,03,A5,64,5A,64,00,64,FC
123415,0,301,0,0,3,B5,0C,00
123425,1,400,0,0,8,01,00,2C,00,00,00,00,00
123465,1,201,0,0,5,CC,01,00,00,63
123465,0,300,0,0,8,03,A5,64,5A,64,00,64,ED
123465,0,301,0,0,3,4E,0D,00
123475,1,203,0,0,8,4E,03,00,00,00,00,00,80
123485,1,204,0,0,8,00,00,00,00,00,00,00,00
123495,1,206,0,0,8,00,00,00,00,00,00,00,00
123495,1,202,0,0,8,E2,12,00,00,73,7C,05,00
123505,1,401,0,0,8,8B,9E,00,00,3F,04,00,00
123515,0,300,0,0,8,03,A5,64,5A,64,00,64,FE
123515,0,301,0,0,3,1D,0E,00
123525,1,400,0,0,8,01,00,2C,00,00,00,00,00
123565,1,201,0,0,5,CC,01,00,00,63
123565,0,300,0,0,8,03,A5,64,5A,64,00,64,EF
123565,0,301,0,0,3,E8,0F,00
123575,1,203,0,0,8,50,03,00,00,00,00,00,80
123595,1,206,0,0,8,00,00,00,00,00,00,00,00
123605,1,401,0,0,8,8B,9E,00,00,51,04,00,00
123615,0,300,0,0,8,03,A5,64,5A,64,00,64,70
123615,0,301,0,0,3,E2,00,00
123625,1,400,0,0,8,01,00,2C,00,00,00,00,00
123665,1,201,0,0,5,CC,01,00,00,63
123665,0,300,0,0,8,03,A5,64,5A,64,00,64,61
123665,0,301,0,0,3,B3,01,00
123675,1,203,0,0,8,54,03,00,00,00,00,00,80
123685,1,402,0,0,8,58,00,00,00,70,A5,08,00
123695,1,206,0,0,8,00,00,00,00,00,00,00,00
123705,1,401,0,0,8,8D,9E,00,00,51,04,00,00
123715,0,300,0,0,8,03,A5,64,5A,64,00,64,72
123715,0,301,0,0,3,6B,02,00
123725,1,400,0,0,8,01,00,2C,00,00,00,00,00
123765,1,201,0,0,5,CC,01,00,00,63
123765,0,300,0,0,8,03,A5,64,5A,64,00,64,63
123765,0,301,0,0,3,96,03,00
123775,1,203,0,0,8,59,03,00,00,00,00,00,80
123795,1,206,0,0,8,00,00,00,00,00,00,00,00
123805,1,401,0,0,8,8D,9E,00,00,51,04,00,00
123815,0,300,0,0,8,03,A5,64,5A,64,00,64,74
123815,0,301,0,0,3,03,04,00
123825,1,400,0,0,8,01,00,2C,00,00,00,00,00
123865,1,201,0,0,5,CC,01,00,00,63
123865,0,300,0,0,8,03,A5,64,5A,64,00,64,65
123865,0,301,0,0,3,54,05,00
123875,1,203,0,0,8,5F,03,00,00,00,00,00,80
123895,1,206,0,0,8,00,00,00,00,00,00,00,00
123905,1,401,0,0,8,8D,9E,00,00,3C,04,00,00
123915,0,300,0,0,8,03,A5,64,5A,64,00,64,76
123915,0,301,0,0,3,F5,06,00
123925,1,400,0,0,8,01,00,2C,00,00,00,00,00
123965,1,201,0,0,5,CC,01,00,00,63
123965,0,300,0,0,8,03,A5,64,5A,64,00,64,67
123965,0,301,0,0,3,B8,07,00
123975,1,203,0,0,8,64,03,00,00,00,00,00,80
123995,1,206,0,0,8,00,00,00,00,00,00,00,00
124005,1,401,0,0,8,A0,9E,00,00,3C,04,00,00
124015,0,300,0,0,8,03,A5,64,5A,64,00,64,F8
124015,0,301,0,0,3,80,08,00
124025,1,400,0,0,8,01,00,2C,00,00,00,00,00
124065,1,201,0,0,5,CC,01,00,00,63
124065,0,300,0,0,8,03,A5,64,5A,64,00,64,E9
124065,0,301,0,0,3,88,09,00
124075,1,203,0,0,8,69,03,00,00,00,00,00,80
124095,1,206,0,0,8,00,00,00,00,00,00,00,00
124105,1,401,0,0,8,A0,9E,00,00,D6,03,00,00
124115,0,300,0,0,8,03,A5,64,5A,64,00,64,FA
124115,0,301,0,0,3,C6,0A,00
124125,1,400,0,0,8,01,00,2C,00,00,00,00,00
124165,1,201,0,0,5,C2,01,00,00,63
124165,0,300,0,0,8,03,A5,64,5A,64,00,64,EB
124165,0,301,0,0,3,43,0B,00
124175,1,203,0,0,8,6E,03,00,00,00,00,00,80
124185,1,403,0,0,8,64,00,00,00,40,E3,09,00
124195,1,206,0,0,8,00,00,00,00,00,00,00,00
124205,1,401,0,0,8,AC,9E,00,00,D6,03,00,00
124215,0,300,0,0,8,03,A5,64,5A,64,00,64,FC
124215,0,301,0,0,3,B5,0C,00
124225,1,400,0,0,8,01,00,2C,00,00,00,00,00
124265,1,201,0,0,5,C2,01,00,00,63
124265,0,300,0,0,8,03,A5,64,5A,64,00,64,ED
124265,0,301,0,0,3,4E,0D,00
124275,1,203,0,0,8,74,03,00,00,00,00,00,80
124295,1,206,0,0,8,00,00,00,00,00,00,00,00
124305,1,401,0,0,8,AC,9E,00,00,D6,03,00,00
124315,0,300,0,0,8,03,A5,64,5A,64,00,64,FE
124315,0,301,0,0,3,1D,0E,00
124325,1,400,0,0,8,01,00,2C,00,00,00,00,00
124365,1,201,0,0,5,C2,01,00,00,63
124365,0,300,0,0,8,03,A5,64,5A,64,00,64,EF
124365,0,301,0,0,3,E8,0F,00
124375,1,203,0,0,8,71,03,00,00,00,00,00,80
124395,1,206,0,0,8,00,00,00,00,00,00,00,00
124405,1,401,0,0,8,AC,9E,00,00,56,03,00,00
124415,0,300,0,0,8,03,A5,64,5A,64,00,64,70
124415,0,301,0,0,3,E2,00,00
124425,1,400,0,0,8,01,00,2C,00,00,00,00,00
124465,1,201,0,0,5,C2,01,00,00,63
124465,0,300,0,0,8,03,A5,64,5A,64,00,64,61
124465,0,301,0,0,3,B3,01,00
124475,1,203,0,0,8,73,03,00,00,00,00,00,80
124485,1,204,0,0,8,00,00,00,00,00,00,00,00
124495,1,206,0,0,8,00,00,00,00,00,00,00,00
124505,1,202,0,0,8,E2,12,00,00,75,7C,05,00
124505,1,401,0,0,8,B8,9E,00,00,56,03,00,00
124515,0,300,0,0,8,03,A5,64,5A,64,00,64,72
124515,0,301,0,0,3,6B,02,00
124525,1,400,0,0,8,01,00,2C,00,00,00,00,00
124565,1,201,0,0,5,C2,01,00,00,63
124565,0,300,0,0,8,03,A5,64,5A,64,00,64,63
124565,0,301,0,0,3,96,03,00
124575,1,203,0,0,8,6C,03,00,00,00,00,00,80
124595,1,206,0,0,8,00,00,00,00,00,00,00,00
124605,1,401,0,0,8,B8,9E,00,00,FB,02,00,00
124615,0,300,0,0,8,03,A5,64,5A,64,00,64,74
124615,0,301,0,0,3,03,04,00
124625,1,400,0,0,8,01,00,2C,00,00,00,00,00
124665,1,201,0,0,5,C2,01,00,00,63
124665,0,300,0,0,8,03,A5,64,5A,64,00,64,65
124665,0,301,0,0,3,54,05,00
124675,1,203,0,0,8,69,03,00,00,00,00,00,80
124685,1,402,0,0,8,58,00,00,00,70,A5,08,00
124695,1,206,0,0,8,00,00,00,00,00,00,00,00
124705,1,401,0,0,8,B6,9E,00,00,FB,02,00,00
124715,0,300,0,0,8,03,A5,64,5A,64,00,64,76
124715,0,301,0,0,3,F5,06,00
124725,1,400,0,0,8,01,00,2C,00,00,00,00,00
124765,1,201,0,0,5,C2,01,00,00,63
124765,0,300,0,0,8,03,A5,64,5A,64,00,64,67
124765,0,301,0,0,3,B8,07,00
124775,1,203,0,0,8,62,03,00,00,00,00,00,80
124795,1,206,0,0,8,00,00,00,00,00,00,00,00
124805,1,401,0,0,8,B6,9E,00,00,FB,02,00,00
124815,0,300,0,0,8,03,A5,64,5A,64,00,64,F8
124815,0,301,0,0,3,80,08,00
124825,1,400,0,0,8,01,00,2C,00,00,00,00,00
124865,1,201,0,0,5,C2,01,00,00,63
124865,0,300,0,0,8,03,A5,64,5A,64,00,64,E9
124865,0,301,0,0,3,88,09,00
124875,1,203,0,0,8,5D,03,00,00,00,00,00,80
124905,1,206,0,0,8,00,00,00,00,00,00,00,00
124905,1,401,0,0,8,B6,9E,00,00,E3,02,00,00
124915,0,300,0,0,8,03,A5,64,5A,64,00,64,FA
124915,0,301,0,0,3,C6,0A,00
124925,1,400,0,0,8,01,00,2C,00,00,00,00,00
124965,1,201,0,0,5,C2,01,00,00,63
124965,0,300,0,0,8,03,A5,64,5A,64,00,64,EB
124965,0,301,0,0,3,43,0B,00
124975,1,203,0,0,8,55,03,00,00,00,00,00,80
125005,1,206,0,0,8,00,00,00,00,00,00,00,00
125005,1,401,0,0,8,AA,9E,00,00,E3,02,00,00
125015,0,300,0,0,8,03,A5,64,5A,64,00,64,FC
125015,0,301,0,0,3,B5,0C,00
125025,1,400,0,0,8,01,00,2C,00,00,00,00,00
125065,1,201,0,0,5,C2,01,00,00,63
125065,0,300,0,0,8,03,A5,64,5A,64,00,64,ED
125065,0,301,0,0,3,4E,0D,00
125075,1,203,0,0,8,55,03,00,00,00,00,00,80
125105,1,206,0,0,8,00,00,00,00,00,00,00,00
125105,1,401,0,0,8,AA,9E,00,00,1F,03,00,00
125115,0,300,0,0,8,03,A5,64,5A,64,00,64,FE
125115,0,301,0,0,3,1D,0E,00
125125,1,400,0,0,8,01,00,2C,00,00,00,00,00
125165,1,201,0,0,5,C2,01,00,00,63
125165,0,300,0,0,8,03,A5,64,5A,64,00,64,EF
125165,0,301,0,0,3,E8,0F,00
125175,1,203,0,0,8,55,03,00,00,00,00,00,80
125185,1,403,0,0,8,64,00,00,00,40,E3,09,00
125205,1,206,0,0,8,00,00,00,00,00,00,00,00
125205,1,401,0,0,8,AA,9E,00,00,1F,03,00,00
125215,0,300,0,0,8,03,A5,64,5A,64,00,64,70
125215,0,301,0,0,3,E2,00,00
125225,1,400,0,0,8,01,00,2C,00,00,00,00,00
125265,1,201,0,0,5,C2,01,00,00,63
125265,0,300,0,0,8,03,A5,64,5A,64,00,64,61
125265,0,301,0,0,3,B3,01,00
125275,1,203,0,0,8,54,03,00,00,00,00,00,80
125305,1,206,0,0,8,00,00,00,00,00,00,00,00
125305,1,401,0,0,8,AA,9E,00,00,1F,03,00,00
125315,0,300,0,0,8,03,A5,64,5A,64,00,64,72
125315,0,301,0,0,3,6B,02,00
125325,1,400,0,0,8,01,00,2C,00,00,00,00,00
125365,1,201,0,0,5,C2,01,00,00,63
125365,0,300,0,0,8,03,A5,64,5A,64,00,64,63
125365,0,301,0,0,3,96,03,00
125375,1,203,0,0,8,53,03,00,00,00,00,00,80
125405,1,206,0,0,8,00,00,00,00,00,00,00,00
125405,1,401,0,0,8,AA,9E,00,00,43,03,00,00
125415,0,300,0,0,8,03,A5,64,5A,64,00,64,74
125415,0,301,0,0,3,03,04,00
125425,1,400,0,0,8,01,00,2C,00,00,00,00,00
125465,1,201,0,0,5,C2,01,00,00,63
125465,0,300,0,0,8,03,A5,64,5A,64,00,64,65
125465,0,301,0,0,3,54,05,00
125475,1,203,0,0,8,53,03,00,00,00,00,00,80
125485,1,204,0,0,8,00,00,00,00,00,00,00,00
125505,1,206,0,0,8,00,00,00,00,00,00,00,00
125505,1,202,0,0,8,E2,12,00,00,75,7C,05,00
125505,1,401,0,0,8,AE,9E,00,00,43,03,00,00
125515,1,666,0,0,8,52,08,05,00,52,95,36,02
125515,0,300,0,0,8,03,A5,64,5A,64,00,64,76
125515,0,301,0,0,3,F5,06,00
125525,1,665,0,0,8,00,00,00,53,4C,18,53,00
125525,1,400,0,0,8,01,00,2C,00,00,00,00,00
125535,1,200,0,0,8,58,00,D9,A5,08,00,02,00
125565,1,201,0,0,5,C2,01,00,00,63
125565,0,300,0,0,8,03,A5,64,5A,64,00,64,67
125565,0,301,0,0,3,B8,07,00
125575,1,203,0,0,8,51,03,00,00,00,00,00,80
125605,1,206,0,0,8,00,00,00,00,00,00,00,00
125605,1,401,0,0,8,AE,9E,00,00,27,03,00,00
125615,0,300,0,0,8,03,A5,64,5A,64,00,64,F8
125615,0,301,0,0,3,80,08,00
125625,1,400,0,0,8,01,00,2C,00,00,00,00,00
125665,1,201,0,0,5,C2,01,00,00,63
125665,0,300,0,0,8,03,A5,64,5A,64,00,64,E9
125665,0,301,0,0,3,88,09,00
125675,1,203,0,0,8,50,03,00,00,00,00,00,80
125685,1,402,0,0,8,58,00,00,00,4C,A5,08,00
125705,1,206,0,0,8,00,00,00,00,00,00,00,00
125705,1,401,0,0,8,AE,9E,00,00,27,03,00,00
125715,0,300,0,0,8,03,A5,64,5A,64,00,64,FA
125715,0,301,0,0,3,C6,0A,00
125725,1,400,0,0,8,01,00,2C,00,00,00,00,00
125765,1,201,0,0,5,C2,01,00,00,63
125765,0,300,0,0,8,03,A5,64,5A,64,00,64,EB
125765,0,301,0,0,3,43,0B,00
125775,1,203,0,0,8,50,03,00,00,00,00,00,80
125805,1,206,0,0,8,00,00,00,00,00,00,00,00
125805,1,401,0,0,8,AE,9E,00,00,27,03,00,00
125815,0,300,0,0,8,03,A5,64,5A,64,00,64,FC
125815,0,301,0,0,3,B5,0C,00
125825,1,400,0,0,8,01,00,2C,00,00,00,00,00
125865,1,201,0,0,5,C2,01,00,00,63
125865,0,300,0,0,8,03,A5,64,5A,64,00,64,ED
125865,0,301,0,0,3,4E,0D,00
125875,1,203,0,0,8,52,03,00,00,00,00,00,80
125905,1,206,0,0,8,00,00,00,00,00,00,00,00
125905,1,401,0,0,8,AE,9E,00,00,1C,03,00,00
125915,0,300,0,0,8,03,A5,64,5A,64,00,64,FE
125915,0,301,0,0,3,1D,0E,00
125925,1,400,0,0,8,01,00,2C,00,00,00,00,00
125965,1,201,0,0,5,C2,01,00,00,63
125965,0,300,0,0,8,03,A5,64,5A,64,00,64,EF
125965,0,301,0,0,3,E8,0F,00
125975,1,203,0,0,8,51,03,00,00,00,00,00,80
126005,1,206,0,0,8,00,00,00,00,00,00,00,00
126005,1,401,0,0,8,AA,9E,00,00,1C,03,00,00
126015,0,300,0,0,8,03,A5,64,5A,64,00,64,70
126015,0,301,0,0,3,E2,00,00
126035,1,400,0,0,8,01,00,2C,00,00,00,00,00
126065,1,201,0,0,5,C2,01,00,00,63
126065,0,300,0,0,8,03,A5,64,5A,64,00,64,61
126065,0,301,0,0,3,B3,01,00
126075,1,203,0,0,8,50,03,00,00,00,00,00,80
126105,1,206,0,0,8,00,00,00,00,00,00,00,00
126115,1,401,0,0,8,AA,9E,00,00,2A,03,00,00
126115,0,300,0,0,8,03,A5,64,5A,64,00,64,72
126115,0,301,0,0,3,6B,02,00
126135,1,400,0,0,8,01,00,2C,00,00,00,00,00
126165,1,201,0,0,5,C2,01,00,00,63
126165,0,300,0,0,8,03,A5,64,5A,64,00,64,63
126165,0,301,0,0,3,96,03,00
126175,1,203,0,0,8,56,03,00,00,00,00,00,80
126195,1,403,0,0,8,64,00,00,00,40,E3,09,00
126205,1,206,0,0,8,00,00,00,00,00,00,00,00
126215,1,401,0,0,8,A8,9E,00,00,2A,03,00,00
126215,0,300,0,0,8,03,A5,64,5A,64,00,64,74
126215,0,301,0,0,3,03,04,00
126235,1,400,0,0,8,01,00,2C,00,00,00,00,00
126265,1,201,0,0,5,C2,01,00,00,63
126265,0,300,0,0,8,03,A5,64,5A,64,00,64,65
126265,0,301,0,0,3,54,05,00
126275,1,203,0,0,8,5A,03,00,00,00,00,00,80
126305,1,206,0,0,8,00,00,00,00,00,00,00,00
126315,1,401,0,0,8,A8,9E,00,00,2A,03,00,00
126315,0,300,0,0,8,03,A5,64,5A,64,00,64,76
126315,0,301,0,0,3,F5,06,00
126335,1,400,0,0,8,01,00,2C,00,00,00,00,00
126365,1,201,0,0,5,C2,01,00,00,63
126365,0,300,0,0,8,03,A5,64,5A,64,00,64,67
126365,0,301,0,0,3,B8,07,00
126375,1,203,0,0,8,5D,03,00,00,00,00,00,80
126405,1,206,0,0,8,00,00,00,00,00,00,00,00
126415,1,401,0,0,8,A8,9E,00,00,40,03,00,00
126415,0,300,0,0,8,03,A5,64,5A,64,00,64,F8
126415,0,301,0,0,3,80,08,00
126435,1,400,0,0,8,01,00,2C,00,00,00,00,00
126465,1,201,0,0,5,C2,01,00,00,63
126465,0,300,0,0,8,03,A5,64,5A,64,00,64,E9
126465,0,301,0,0,3,88,09,00
126475,1,203,0,0,8,5F,03,00,00,00,00,00,80
126485,1,204,0,0,8,00,00,00,00,00,00,00,00
126505,1,206,0,0,8,00,00,00,00,00,00,00,00
126505,1,202,0,0,8,E2,12,00,00,77,7C,05,00
126515,1,401,0,0,8,B2,9E,00,00,40,03,00,00
126515,0,300,0,0,8,03,A5,64,5A,64,00,64,FA
126515,0,301,0,0,3,C6,0A,00
126535,1,400,0,0,8,01,00,2C,00,00,00,00,00
126565,1,201,0,0,5,C2,01,00,00,63
126565,0,300,0,0,8,03,A5,64,5A,64,00,64,EB
126565,0,301,0,0,3,43,0B,00
126575,1,203,0,0,8,61,03,00,00,00,00,00,80
126605,1,206,0,0,8,00,00,00,00,00,00,00,00
126615,1,401,0,0,8,B2,9E,00,00,15,03,00,00
126615,0,300,0,0,8,03,A5,64,5A,64,00,64,FC
126615,0,301,0,0,3,B5,0C,00
126635,1,400,0,0,8,01,00,2C,00,00,00,00,00
126665,1,201,0,0,5,C2,01,00,00,63
126665,0,300,0,0,8,03,A5,64,5A,64,00,64,ED
126665,0,301,0,0,3,4E,0D,00
126675,1,203,0,0,8,64,03,00,00,00,00,00,80
126695,1,402,0,0,8,58,00,00,00,4C,A5,08,00
126705,1,206,0,0,8,00,00,00,00,00,00,00,00
126715,1,401,0,0,8,BC,9E,00,00,15,03,00,00
126715,0,300,0,0,8,03,A5,64,5A,64,00,64,FE
126715,0,301,0,0,3,1D,0E,00
126735,1,400,0,0,8,01,00,2C,00,00,00,00,00
126765,1,201,0,0,5,C2,01,00,00,63
126765,0,300,0,0,8,03,A5,64,5A,64,00,64,EF
126765,0,301,0,0,3,E8,0F,00
126775,1,203,0,0,8,67,03,00,00,00,00,00,80
126805,1,206,0,0,8,00,00,00,00,00,00,00,00
126815,1,401,0,0,8,BC,9E,00,00,15,03,00,00
126815,0,300,0,0,8,03,A5,64,5A,64,00,64,70
126815,0,301,0,0,3,E2,00,00
126835,1,400,0,0,8,01,00,2C,00,00,00,00,00
126865,1,201,0,0,5,C2,01,00,00,63
126865,0,300,0,0,8,03,A5,64,5A,64,00,64,61
126865,0,301,0,0,3,B3,01,00
126875,1,203,0,0,8,64,03,00,00,00,00,00,80
126905,1,206,0,0,8,00,00,00,00,00,00,00,00
126915,1,401,0,0,8,BC,9E,00,00,BC,02,00,00
126915,0,300,0,0,8,03,A5,64,5A,64,00,64,72
126915,0,301,0,0,3,6B,02,00
126935,1,400,0,0,8,01,00,2C,00,00,00,00,00
126965,1,201,0,0,5,C2,01,00,00,63
126965,0,300,0,0,8,03,A5,64,5A,64,00,64,63
126965,0,301,0,0,3,96,03,00
126975,1,203,0,0,8,5F,03,00,00,00,00,00,80
127005,1,206,0,0,8,00,00,00,00,00,00,00,00
127015,1,401,0,0,8,BA,9E,00,00,BC,02,00,00
127015,0,300,0,0,8,03,A5,64,5A,64,00,64,74
127015,0,301,0,0,3,03,04,00
127035,1,400,0,0,8,01,00,2C,00,00,00,00,00
127065,1,201,0,0,5,C2,01,00,00,63
127065,0,300,0,0,8,03,A5,64,5A,64,00,64,65
127065,0,301,0,0,3,54,05,00
127075,1,203,0,0,8,5C,03,00,00,00,00,00,80
127105,1,206,0,0,8,00,00,00,00,00,00,00,00
127115,1,401,0,0,8,BA,9E,00,00,9D,02,00,00
127115,0,300,0,0,8,03,A5,64,5A,64,00,64,76
127115,0,301,0,0,3,F5,06,00
127135,1,400,0,0,8,01,00,2C,00,00,00,00,00
127165,1,201,0,0,5,C2,01,00,00,63
127165,0,300,0,0,8,03,A5,64,5A,64,00,64,67
127165,0,301,0,0,3,B8,07,00
127175,1,203,0,0,8,56,03,00,00,00,00,00,80
127195,1,403,0,0,8,64,00,00,00,40,E3,09,00
127205,1,206,0,0,8,00,00,00,00,00,00,00,00
127215,1,401,0,0,8,B0,9E,00,00,9D,02,00,00
127215,0,300,0,0,8,03,A5,64,5A,64,00,64,F8
127215,0,301,0,0,3,80,08,00
127235,1,400,0,0,8,01,00,2C,00,00,00,00,00
127265,1,201,0,0,5,C2,01,00,00,63
127265,0,300,0,0,8,03,A5,64,5A,64,00,64,E9
127265,0,301,0,0,3,88,09,00
127275,0,404,0,0,2,4A,00
127275,1,405,0,0,8,4A,00,00,00,06,00,00,00
127275,1,203,0,0,8,55,03,00,00,00,00,00,80
127305,1,206,0,0,8,00,00,00,00,00,00,00,00
127315,0,404,0,0,2,02,30
127315,1,405,0,0,7,02,30,00,00,00,00,00
127315,1,401,0,0,8,B0,9E,00,00,9D,02,00,00
127315,0,300,0,0,8,03,A5,64,5A,64,00,64,FA
127315,0,301,0,0,3,C6,0A,00
127335,1,400,0,0,8,01,00,2C,00,00,00,00,00
127335,0,404,0,0,2,44,00
127335,1,405,0,0,6,44,00,00,00,50,46
127365,1,201,0,0,5,C2,01,00,00,63
127365,0,300,0,0,8,03,A5,64,5A,64,00,64,EB
127365,0,301,0,0,3,43,0B,00
127365,0,404,0,0,2,01,00
127365,1,405,0,0,8,01,00,00,00,00,04,06,04
127375,1,203,0,0,8,56,03,00,00,00,00,00,80
127395,0,404,0,0,2,A3,01
127405,1,405,0,0,5,A3,01,00,00,06
127405,1,206,0,0,8,00,00,00,00,00,00,00,00
127415,1,401,0,0,8,B0,9E,00,00,FC,02,00,00
127415,0,300,0,0,8,03,A5,64,5A,64,00,64,FC
127415,0,301,0,0,3,B5,0C,00
127435,0,404,0,0,2,20,00
127435,1,405,0,0,8,20,00,00,00,32,33,36,47
127435,1,400,0,0,8,01,00,2C,00,00,00,00,00
127465,1,201,0,0,5,C2,01,00,00,63
127465,0,300,0,0,8,03,A5,64,5A,64,00,64,ED
127465,0,301,0,0,3,4E,0D,00
127465,0,404,0,0,2,21,00
127465,1,405,0,0,8,21,00,00,00,35,4C,41,31
127475,1,203,0,0,8,5D,03,00,00,00,00,00,80
127485,1,204,0,0,8,00,00,00,00,00,00,00,00
127495,0,404,0,0,2,22,00
127495,1,405,0,0,8,22,00,00,00,30,30,34,52
127505,1,206,0,0,8,00,00,00,00,00,00,00,00
127505,1,202,0,0,8,E2,12,00,00,77,7C,05,00
127515,1,401,0,0,8,B2,9E,00,00,FC,02,00,00
127515,0,300,0,0,8,03,A5,64,5A,64,00,64,FE
127515,0,301,0,0,3,1D,0E,00
127525,0,404,0,0,2,23,00
127525,1,405,0,0,8,23,00,00,00,4D,30,30,30
127535,1,400,0,0,8,01,00,2C,00,00,00,00,00
127555,0,404,0,0,2,24,00
127555,1,405,0,0,8,24,00,00,00,30,30,30,30
127565,1,201,0,0,5,C2,01,00,00,63
127565,0,300,0,0,8,03,A5,64,5A,64,00,64,EF
127565,0,301,0,0,3,E8,0F,00
127575,1,203,0,0,8,5E,03,00,00,00,00,00,80
127585,0,404,0,0,2,25,00
127585,1,405,0,0,8,25,00,00,00,30,30,30,30
127605,1,206,0,0,8,00,00,00,00,00,00,00,00
127615,1,401,0,0,8,B2,9E,00,00,06,03,00,00
127615,0,300,0,0,8,03,A5,64,5A,64,00,64,70
127615,0,301,0,0,3,E2,00,00
127625,0,404,0,0,2,26,00
127625,1,405,0,0,8,26,00,00,00,30,30,30,30
127635,1,400,0,0,8,01,00,2C,00,00,00,00,00
127645,0,404,0,0,2,27,00
127655,1,405,0,0,6,27,00,00,00,30,30
127665,1,201,0,0,5,C2,01,00,00,63
127665,0,300,0,0,8,03,A5,64,5A,64,00,64,61
127665,0,301,0,0,3,B3,01,00
127675,1,203,0,0,8,5E,03,00,00,00,00,00,80
127685,0,404,0,0,2,4C,00
127685,1,405,0,0,8,4C,00,00,00,00,24,00,00
127695,1,402,0,0,8,58,00,00,00,4C,A5,08,00
127705,1,206,0,0,8,00,00,00,00,00,00,00,00
127715,0,404,0,0,2,46,00
127715,1,405,0,0,5,46,00,00,00,00
127715,1,401,0,0,8,B8,9E,00,00,06,03,00,00
127715,0,300,0,0,8,03,A5,64,5A,64,00,64,72
127715,0,301,0,0,3,6B,02,00
127735,1,400,0,0,8,01,00,2C,00,00,00,00,00
127745,0,404,0,0,2,4D,00
127745,1,405,0,0,8,4D,00,00,00,00,00,00,00
127765,1,201,0,0,5,C2,01,00,00,63
127765,0,300,0,0,8,03,A5,64,5A,64,00,64,63
127765,0,301,0,0,3,96,03,00
127775,1,203,0,0,8,5B,03,00,00,00,00,00,80
127775,0,404,0,0,2,50,00
127785,1,405,0,0,8,50,00,00,00,7F,00,7E,00
127805,1,206,0,0,8,00,00,00,00,00,00,00,00
127805,0,404,0,0,2,02,00
127805,1,405,0,0,8,02,00,00,00,53,49,43,54
127815,1,401,0,0,8,B8,9E,00,00,06,03,00,00
127815,0,300,0,0,8,03,A5,64,5A,64,00,64,74
127815,0,301,0,0,3,03,04,00
127835,1,400,0,0,8,01,00,2C,00,00,00,00,00
127835,0,404,0,0,2,0A,00
127835,1,405,0,0,8,0A,00,00,00,30,3A,00,00
127865,1,201,0,0,5,C2,01,00,00,63
127865,0,300,0,0,8,03,A5,64,5A,64,00,64,65
127865,0,301,0,0,3,54,05,00
127865,0,404,0,0,2,04,00
127865,1,405,0,0,7,04,00,00,00,16,09,02
127875,1,203,0,0,8,59,03,00,00,00,00,00,80
127895,0,404,0,0,2,B0,01
127905,1,405,0,0,6,B0,01,00,00,00,00
127905,1,206,0,0,8,00,00,00,00,00,00,00,00
127915,1,401,0,0,8,B8,9E,00,00,BC,02,00,00
127915,0,300,0,0,8,03,A5,64,5A,64,00,64,76
127915,0,301,0,0,3,F5,06,00
127935,1,400,0,0,8,01,00,2C,00,00,00,00,00
127935,0,404,0,0,2,B1,01
127935,1,405,0,0,6,B1,01,00,00,00,00
127965,1,201,0,0,5,C2,01,00,00,63
127965,0,300,0,0,8,03,A5,64,5A,64,00,64,67
127965,0,301,0,0,3,B8,07,00
127975,1,203,0,0,8,50,03,00,00,00,00,00,80
128005,1,206,0,0,8,00,00,00,00,00,00,00,00
128015,1,401,0,0,8,AE,9E,00,00,BC,02,00,00
128015,0,300,0,0,8,03,A5,64,5A,64,00,64,F8
128015,0,301,0,0,3,80,08,00
128035,1,400,0,0,8,01,00,2C,00,00,00,00,00
128065,1,201,0,0,5,C2,01,00,00,63
128065,0,300,0,0,8,03,A5,64,5A,64,00,64,E9
128065,0,301,0,0,3,88,09,00
128075,1,203,0,0,8,00,03,00,00,00,00,00,80
128105,1,206,0,0,8,00,00,00,00,00,00,00,00
128115,1,401,0,0,8,AE,9E,00,00,DF,02,00,00
128115,0,300,0,0,8,03,A5,64,5A,64,00,64,FA
128115,0,301,0,0,3,C6,0A,00
128135,1,400,0,0,8,01,00,2C,00,00,00,00,00
128165,1,201,0,0,5,C2,01,00,00,63
128165,0,300,0,0,8,03,A5,64,5A,64,00,64,EB
128165,0,301,0,0,3,43,0B,00
128175,1,203,0,0,8,09,03,00,00,00,00,00,80
128195,1,403,0,0,8,64,00,00,00,40,E3,09,00
128205,1,206,0,0,8,00,00,00,00,00,00,00,00
128215,1,401,0,0,8,A6,9E,00,00,DF,02,00,00
128215,0,300,0,0,8,03,A5,64,5A,64,00,64,FC
128215,0,301,0,0,3,B5,0C,00
128235,1,400,0,0,8,01,00,2C,00,00,00,00,00
128265,1,201,0,0,5,C2,01,00,00,63
128265,0,300,0,0,8,03,A5,64,5A,64,00,64,ED
128265,0,301,0,0,3,4E,0D,00
128275,1,203,0,0,8,0C,03,00,00,00,00,00,80
128305,1,206,0,0,8,00,00,00,00,00,00,00,00
128315,1,401,0,0,8,A6,9E,00,00,DF,02,00,00
128315,0,300,0,0,8,03,A5,64,5A,64,00,64,FE
128315,0,301,0,0,3,1D,0E,00
128335,1,400,0,0,8,01,00,2C,00,00,00,00,00
128365,1,201,0,0,5,C2,01,00,00,63
128365,0,300,0,0,8,03,A5,64,5A,64,00,64,EF
128365,0,301,0,0,3,E8,0F,00
128375,1,203,0,0,8,15,03,00,00,00,00,00,80
128405,1,206,0,0,8,00,00,00,00,00,00,00,00
128415,1,401,0,0,8,A6,9E,00,00,52,03,00,00
128415,0,300,0,0,8,03,A5,64,5A,64,00,64,70
128415,0,301,0,0,3,E2,00,00
128435,1,400,0,0,8,01,00,2C,00,00,00,00,00
128465,1,201,0,0,5,C2,01,00,00,63
128465,0,300,0,0,8,03,A5,64,5A,64,00,64,61
128465,0,301,0,0,3,B3,01,00
128475,1,203,0,0,8,1D,03,00,00,00,00,00,80
128485,1,204,0,0,8,00,00,00,00,00,00,00,00
128505,1,206,0,0,8,00,00,00,00,00,00,00,00
128505,1,202,0,0,8,E2,12,00,00,79,7C,05,00
128515,1,666,0,0,8,52,08,05,00,52,95,36,02
128515,1,401,0,0,8,A4,9E,00,00,52,03,00,00
128515,0,300,0,0,8,03,A5,64,5A,64,00,64,72
128515,0,301,0,0,3,6B,02,00
128525,1,665,0,0,8,00,00,00,53,4C,18,53,00
128535,1,400,0,0,8,01,00,2C,00,00,00,00,00
128535,1,200,0,0,8,58,00,CA,A5,08,00,00,00
128565,1,201,0,0,5,C2,01,00,00,63
128565,0,300,0,0,8,03,A5,64,5A,64,00,64,63
128565,0,301,0,0,3,96,03,00
128575,1,203,0,0,8,29,03,00,00,00,00,00,80
128605,1,206,0,0,8,00,00,00,00,00,00,00,00
128615,1,401,0,0,8,A4,9E,00,00,77,03,00,00
128615,0,300,0,0,8,03,A5,64,5A,64,00,64,74
128615,0,301,0,0,3,03,04,00
128635,1,400,0,0,8,01,00,2C,00,00,00,00,00
128665,1,201,0,0,5,C2,01,00,00,63
128665,0,300,0,0,8,03,A5,64,5A,64,00,64,65
128665,0,301,0,0,3,54,05,00
128675,1,203,0,0,8,2F,03,00,00,00,00,00,80
128695,1,402,0,0,8,58,00,00,00,4C,A5,08,00
128705,1,206,0,0,8,00,00,00,00,00,00,00,00
128715,1,401,0,0,8,A2,9E,00,00,77,03,00,00
128715,0,300,0,0,8,03,A5,64,5A,64,00,64,76
128715,0,301,0,0,3,F5,06,00
128735,1,400,0,0,8,01,00,2C,00,00,00,00,00
128765,1,201,0,0,5,C2,01,00,00,63
128765,0,300,0,0,8,03,A5,64,5A,64,00,64,67
128765,0,301,0,0,3,B8,07,00
128775,1,203,0,0,8,30,03,00,00,00,00,00,80
128805,1,206,0,0,8,00,00,00,00,00,00,00,00
128815,1,401,0,0,8,A2,9E,00,00,77,03,00,00
128815,0,300,0,0,8,03,A5,64,5A,64,00,64,F8
128815,0,301,0,0,3,80,08,00
128835,1,400,0,0,8,01,00,2C,00,00,00,00,00
128865,1,201,0,0,5,C2,01,00,00,63
128865,0,300,0,0,8,03,A5,64,5A,64,00,64,E9
128865,0,301,0,0,3,88,09,00
128875,1,203,0,0,8,32,03,00,00,00,00,00,80
128905,1,206,0,0,8,00,00,00,00,00,00,00,00
128915,0,300,0,0,8,03,A5,64,5A,64,00,64,FA
128915,1,401,0,0,8,A2,9E,00,00,77,03,00,00
128915,0,301,0,0,3,C6,0A,00
128935,1,400,0,0,8,01,00,2C,00,00,00,00,00
128965,1,201,0,0,5,C2,01,00,00,63
128965,0,300,0,0,8,03,A5,64,5A,64,00,64,EB
128965,0,301,0,0,3,43,0B,00
128975,1,203,0,0,8,31,03,00,00,00,00,00,80
129005,1,206,0,0,8,00,00,00,00,00,00,00,00
129015,0,300,0,0,8,03,A5,64,5A,64,00,64,FC
129015,0,301,0,0,3,B5,0C,00
129015,1,401,0,0,8,95,9E,00,00,77,03,00,00
129035,1,400,0,0,8,01,00,2C,00,00,00,00,00
129065,1,201,0,0,5,C2,01,00,00,63
129065,0,300,0,0,8,03,A5,64,5A,64,00,64,ED
129065,0,301,0,0,3,4E,0D,00
129075,1,203,0,0,8,38,03,00,00,00,00,00,80
129105,1,206,0,0,8,00,00,00,00,00,00,00,00
129115,0,300,0,0,8,03,A5,64,5A,64,00,64,FE
129115,0,301,0,0,3,1D,0E,00
129115,1,401,0,0,8,95,9E,00,00,CF,03,00,00
129135,1,400,0,0,8,01,00,2C,00,00,00,00,00
129165,1,201,0,0,5,C2,01,00,00,63
129165,0,300,0,0,8,03,A5,64,5A,64,00,64,EF
129165,0,301,0,0,3,E8,0F,00
129175,1,203,0,0,8,36,03,00,00,00,00,00,80
129195,1,403,0,0,8,64,00,00,00,40,E3,09,00
129205,1,206,0,0,8,00,00,00,00,00,00,00,00
129215,1,401,0,0,8,8D,9E,00,00,CF,03,00,00
129215,0,300,0,0,8,03,A5,64,5A,64,00,64,70
129215,0,301,0,0,3,E2,00,00
129235,1,400,0,0,8,01,00,2C,00,00,00,00,00
129265,1,201,0,0,5,C2,01,00,00,63
129265,0,300,0,0,8,03,A5,64,5A,64,00,64,61
129265,0,301,0,0,3,B3,01,00
129275,1,203,0,0,8,3C,03,00,00,00,00,00,80
129305,1,206,0,0,8,00,00,00,00,00,00,00,00
129315,0,300,0,0,8,03,A5,64,5A,64,00,64,72
129315,1,401,0,0,8,8D,9E,00,00,CF,03,00,00
129315,0,301,0,0,3,6B,02,00
129335,1,400,0,0,8,01,00,2C,00,00,00,00,00
129365,1,201,0,0,5,B8,01,00,00,63
129365,0,300,0,0,8,03,A5,64,5A,64,00,64,63
129365,0,301,0,0,3,96,03,00
129375,1,203,0,0,8,3E,03,00,00,00,00,00,80
129405,1,206,0,0,8,00,00,00,00,00,00,00,00
129415,0,300,0,0,8,03,A5,64,5A,64,00,64,74
129415,1,401,0,0,8,8D,9E,00,00,20,04,00,00
129415,0,301,0,0,3,03,04,00
129435,1,400,0,0,8,01,00,2C,00,00,00,00,00
129465,1,201,0,0,5,B8,01,00,00,63
129465,0,300,0,0,8,03,A5,64,5A,64,00,64,65
129465,0,301,0,0,3,54,05,00
129475,1,203,0,0,8,41,03,00,00,00,00,00,80
129485,1,204,0,0,8,00,00,00,00,00,00,00,00
129505,1,206,0,0,8,00,00,00,00,00,00,00,00
129505,1,202,0,0,8,E2,12,00,00,7B,7C,05,00
129515,0,300,0,0,8,03,A5,64,5A,64,00,64,76
129515,0,301,0,0,3,F5,06,00
129515,1,401,0,0,8,87,9E,00,00,20,04,00,00
129535,1,400,0,0,8,01,00,2C,00,00,00,00,00
129565,1,201,0,0,5,B8,01,00,00,63
129565,0,300,0,0,8,03,A5,64,5A,64,00,64,67
129565,0,301,0,0,3,B8,07,00
129575,1,203,0,0,8,46,03,00,00,00,00,00,80
129605,1,206,0,0,8,00,00,00,00,00,00,00,00
129615,0,300,0,0,8,03,A5,64,5A,64,00,64,F8
129615,0,301,0,0,3,80,08,00
129615,1,401,0,0,8,87,9E,00,00,5A,04,00,00
129635,1,400,0,0,8,01,00,2C,00,00,00,00,00
129665,1,201,0,0,5,B8,01,00,00,63
129665,0,300,0,0,8,03,A5,64,5A,64,00,64,E9
129665,0,301,0,0,3,88,09,00
129675,1,203,0,0,8,4A,03,00,00,00,00,00,80
129695,1,402,0,0,8,58,00,00,00,28,A5,08,00
129705,1,206,0,0,8,00,00,00,00,00,00,00,00
129715,0,300,0,0,8,03,A5,64,5A,64,00,64,FA
129715,0,301,0,0,3,C6,0A,00
129715,1,401,0,0,8,85,9E,00,00,5A,04,00,00
129735,1,400,0,0,8,01,00,2C,00,00,00,00,00
129765,1,201,0,0,5,B8,01,00,00,63
129765,0,300,0,0,8,03,A5,64,5A,64,00,64,EB
129765,0,301,0,0,3,43,0B,00
129775,1,203,0,0,8,4B,03,00,00,00,00,00,80
129805,1,206,0,0,8,00,00,00,00,00,00,00,00
129815,0,300,0,0,8,03,A5,64,5A,64,00,64,FC
129815,0,301,0,0,3,B5,0C,00
129815,1,401,0,0,8,85,9E,00,00,5A,04,00,00
129835,1,400,0,0,8,01,00,2C,00,00,00,00,00
129865,1,201,0,0,5,B8,01,00,00,63
129865,0,300,0,0,8,03,A5,64,5A,64,00,64,ED
129865,0,301,0,0,3,4E,0D,00
129875,1,203,0,0,8,4D,03,00,00,00,00,00,80
129905,1,206,0,0,8,00,00,00,00,00,00,00,00
129915,0,300,0,0,8,03,A5,64,5A,64,00,64,FE
129915,0,301,0,0,3,1D,0E,00
129915,1,401,0,0,8,85,9E,00,00,61,04,00,00
129935,1,400,0,0,8,01,00,2C,00,00,00,00,00
129965,1,201,0,0,5,B8,01,00,00,63
129965,0,300,0,0,8,03,A5,64,5A,64,00,64,EF
129965,0,301,0,0,3,E8,0F,00
129975,1,203,0,0,8,4C,03,00,00,00,00,00,80
130005,1,206,0,0,8,00,00,00,00,00,00,00,00
130015,0,300,0,0,8,03,A5,64,5A,64,00,64,70
130015,0,301,0,0,3,E2,00,00
130015,1,401,0,0,8,83,9E,00,00,61,04,00,00
130035,1,400,0,0,8,01,00,2C,00,00,00,00,00
130065,1,201,0,0,5,B8,01,00,00,63
130065,0,300,0,0,8,03,A5,64,5A,64,00,64,61
130065,0,301,0,0,3,B3,01,00
130075,1,203,0,0,8,4E,03,00,00,00,00,00,80
130105,1,206,0,0,8,00,00,00,00,00,00,00,00
130115,0,300,0,0,8,03,A5,64,5A,64,00,64,72
130115,0,301,0,0,3,6B,02,00
130115,1,401,0,0,8,83,9E,00,00,6D,04,00,00
130135,1,400,0,0,8,01,00,2C,00,00,00,00,00
130165,1,201,0,0,5,B8,01,00,00,63
130165,0,300,0,0,8,03,A5,64,5A,64,00,64,63
130165,0,301,0,0,3,96,03,00
130175,1,203,0,0,8,53,03,00,00,00,00,00,80
130195,1,403,0,0,8,64,00,00,00,40,E3,09,00
130205,1,206,0,0,8,00,00,00,00,00,00,00,00
130215,0,300,0,0,8,03,A5,64,5A,64,00,64,74
130215,0,301,0,0,3,03,04,00
130215,1,401,0,0,8,83,9E,00,00,6D,04,00,00
130235,1,400,0,0,8,01,00,2C,00,00,00,00,00
130265,1,201,0,0,5,B8,01,00,00,63
130265,0,300,0,0,8,03,A5,64,5A,64,00,64,65
130265,0,301,0,0,3,54,05,00
130275,1,203,0,0,8,58,03,00,00,00,00,00,80
130305,1,206,0,0,8,00,00,00,00,00,00,00,00
130315,0,300,0,0,8,03,A5,64,5A,64,00,64,76
130315,0,301,0,0,3,F5,06,00
130315,1,401,0,0,8,83,9E,00,00,6D,04,00,00
130345,1,400,0,0,8,01,00,2C,00,00,00,00,00
130365,1,201,0,0,5,B8,01,00,00,63
130365,0,300,0,0,8,03,A5,64,5A,64,00,64,67
130365,0,301,0,0,3,B8,07,00
130375,1,203,0,0,8,5C,03,00,00,00,00,00,80
130405,1,206,0,0,8,00,00,00,00,00,00,00,00
130415,0,300,0,0,8,03,A5,64,5A,64,00,64,F8
130415,0,301,0,0,3,80,08,00
130425,1,401,0,0,8,83,9E,00,00,6F,04,00,00
130445,1,400,0,0,8,01,00,2C,00,00,00,00,00
130465,1,201,0,0,5,B8,01,00,00,63
130465,0,300,0,0,8,03,A5,64,5A,64,00,64,E9
130465,0,301,0,0,3,88,09,00
130475,1,203,0,0,8,5F,03,00,00,00,00,00,80
130495,1,204,0,0,8,00,00,00,00,00,00,00,00
130505,1,206,0,0,8,00,00,00,00,00,00,00,00
130505,1,202,0,0,8,E2,11,00,00,7B,7C,05,00
130515,0,300,0,0,8,03,A5,64,5A,64,00,64,FA
130515,0,301,0,0,3,C6,0A,00
130525,1,401,0,0,8,89,9E,00,00,6F,04,00,00
130545,1,400,0,0,8,01,00,2C,00,00,00,00,00
130565,1,201,0,0,5,B8,01,00,00,63
130565,0,300,0,0,8,03,A5,64,5A,64,00,64,EB
130565,0,301,0,0,3,43,0B,00
130575,1,203,0,0,8,5F,03,00,00,00,00,00,80
130605,1,206,0,0,8,00,00,00,00,00,00,00,00
130615,0,300,0,0,8,03,A5,64,5A,64,00,64,FC
130615,0,301,0,0,3,B5,0C,00
130625,1,401,0,0,8,89,9E,00,00,49,04,00,00
130645,1,400,0,0,8,01,00,2C,00,00,00,00,00
130665,1,201,0,0,5,B8,01,00,00,63
130665,0,300,0,0,8,03,A5,64,5A,64,00,64,ED
130665,0,301,0,0,3,4E,0D,00
130675,1,203,0,0,8,65,03,00,00,00,00,00,80
130705,1,402,0,0,8,58,00,00,00,28,A5,08,00
130705,1,206,0,0,8,00,00,00,00,00,00,00,00
130715,0,300,0,0,8,03,A5,64,5A,64,00,64,FE
130715,0,301,0,0,3,1D,0E,00
130725,1,401,0,0,8,93,9E,00,00,49,04,00,00
130745,1,400,0,0,8,01,00,2C,00,00,00,00,00
130765,1,201,0,0,5,B8,01,00,00,63
130765,0,300,0,0,8,03,A5,64,5A,64,00,64,EF
130765,0,301,0,0,3,E8,0F,00
130775,1,203,0,0,8,66,03,00,00,00,00,00,80
130805,1,206,0,0,8,00,00,00,00,00,00,00,00
130815,0,300,0,0,8,03,A5,64,5A,64,00,64,70
130815,0,301,0,0,3,E2,00,00
130825,1,401,0,0,8,93,9E,00,00,49,04,00,00
130845,1,400,0,0,8,01,00,2C,00,00,00,00,00
130865,1,201,0,0,5,B8,01,00,00,63
130865,0,300,0,0,8,03,A5,64,5A,64,00,64,61
130865,0,301,0,0,3,B3,01,00
130875,1,203,0,0,8,5F,03,00,00,00,00,00,80
130905,1,206,0,0,8,00,00,00,00,00,00,00,00
130915,0,300,0,0,8,03,A5,64,5A,64,00,64,72
130915,0,301,0,0,3,6B,02,00
130925,1,401,0,0,8,93,9E,00,00,01,04,00,00
130945,1,400,0,0,8,01,00,2C,00,00,00,00,00
130965,1,201,0,0,5,B8,01,00,00,63
130965,0,300,0,0,8,03,A5,64,5A,64,00,64,63
130965,0,301,0,0,3,96,03,00
130975,1,203,0,0,8,61,03,00,00,00,00,00,80
131005,1,206,0,0,8,00,00,00,00,00,00,00,00
131015,0,300,0,0,8,03,A5,64,5A,64,00,64,74
131015,0,301,0,0,3,03,04,00
131025,1,401,0,0,8,98,9E,00,00,01,04,00,00
131045,1,400,0,0,8,01,00,2C,00,00,00,00,00
131065,1,201,0,0,5,CC,01,00,00,63
131065,0,300,0,0,8,03,A5,64,5A,64,00,64,65
131065,0,301,0,0,3,54,05,00
131075,1,203,0,0,8,5F,03,00,00,00,00,00,80
131105,1,206,0,0,8,00,00,00,00,00,00,00,00
131115,0,300,0,0,8,03,A5,64,5A,64,00,64,76
131115,0,301,0,0,3,F5,06,00
131125,1,401,0,0,8,98,9E,00,00,CF,03,00,00
131145,1,400,0,0,8,01,00,2C,00,00,00,00,00
131165,1,201,0,0,5,CC,01,00,00,63
131165,0,300,0,0,8,03,A5,64,5A,64,00,64,67
131165,0,301,0,0,3,B8,07,00
131175,1,203,0,0,8,5B,03,00,00,00,00,00,80
131205,1,403,0,0,8,64,00,00,00,40,E3,09,00
131205,1,206,0,0,8,00,00,00,00,00,00,00,00
131215,0,300,0,0,8,03,A5,64,5A,64,00,64,F8
131215,0,301,0,0,3,80,08,00
131225,1,401,0,0,8,9A,9E,00,00,CF,03,00,00
131245,1,400,0,0,8,01,00,2C,00,00,00,00,00
131265,1,201,0,0,5,CC,01,00,00,63
131265,0,300,0,0,8,03,A5,64,5A,64,00,64,E9
131265,0,301,0,0,3,88,09,00
131275,1,203,0,0,8,59,03,00,00,00,00,00,80
131305,1,206,0,0,8,00,00,00,00,00,00,00,00
131315,0,300,0,0,8,03,A5,64,5A,64,00,64,FA
131315,0,301,0,0,3,C6,0A,00
131325,1,401,0,0,8,9A,9E,00,00,CF,03,00,00
131345,1,400,0,0,8,01,00,2C,00,00,00,00,00
131365,1,201,0,0,5,CC,01,00,00,63
131365,0,300,0,0,8,03,A5,64,5A,64,00,64,EB
131365,0,301,0,0,3,43,0B,00
131375,1,203,0,0,8,54,03,00,00,00,00,00,80
131405,1,206,0,0,8,00,00,00,00,00,00,00,00
131415,0,300,0,0,8,03,A5,64,5A,64,00,64,FC
131415,0,301,0,0,3,B5,0C,00
131425,1,401,0,0,8,9A,9E,00,00,B2,03,00,00
131445,1,400,0,0,8,01,00,2C,00,00,00,00,00
131465,1,201,0,0,5,CC,01,00,00,63
131465,0,300,0,0,8,03,A5,64,5A,64,00,64,ED
131465,0,301,0,0,3,4E,0D,00
131475,1,203,0,0,8,51,03,00,00,00,00,00,80
131495,1,204,0,0,8,00,00,00,00,00,00,00,00
131505,1,206,0,0,8,00,00,00,00,00,00,00,00
131505,1,202,0,0,8,E2,11,00,00,7E,7C,05,00
131515,1,666,0,0,8,52,08,05,00,52,95,36,02
131515,0,300,0,0,8,03,A5,64,5A,64,00,64,FE
131515,0,301,0,0,3,1D,0E,00
131525,1,401,0,0,8,8D,9E,00,00,B2,03,00,00
131525,1,665,0,0,8,00,00,00,53,4C,18,53,00
131535,1,200,0,0,8,58,00,BC,A5,08,00,01,00
131545,1,400,0,0,8,01,00,2C,00,00,00,00,00
131565,1,201,0,0,5,CC,01,00,00,63
131565,0,300,0,0,8,03,A5,64,5A,64,00,64,EF
131565,0,301,0,0,3,E8,0F,00
131575,1,203,0,0,8,4F,03,00,00,00,00,00,80
131605,1,206,0,0,8,00,00,00,00,00,00,00,00
131615,0,300,0,0,8,03,A5,64,5A,64,00,64,70
131615,0,301,0,0,3,E2,00,00
131625,1,401,0,0,8,8D,9E,00,00,E6,03,00,00
131645,1,400,0,0,8,01,00,2C,00,00,00,00,00
131665,1,201,0,0,5,CC,01,00,00,63
131665,0,300,0,0,8,03,A5,64,5A,64,00,64,61
131665,0,301,0,0,3,B3,01,00
131675,1,203,0,0,8,50,03,00,00,00,00,00,80
131705,1,206,0,0,8,00,00,00,00,00,00,00,00
131705,1,402,0,0,8,58,00,00,00,28,A5,08,00
131715,0,300,0,0,8,03,A5,64,5A,64,00,64,72
131715,0,301,0,0,3,6B,02,00
131725,1,401,0,0,8,89,9E,00,00,E6,03,00,00
131745,1,400,0,0,8,01,00,2C,00,00,00,00,00
131765,1,201,0,0,5,CC,01,00,00,63
131765,0,300,0,0,8,03,A5,64,5A,64,00,64,63
131765,0,301,0,0,3,96,03,00
131775,1,203,0,0,8,4B,03,00,00,00,00,00,80
131805,1,206,0,0,8,00,00,00,00,00,00,00,00
131815,0,300,0,0,8,03,A5,64,5A,64,00,64,74
131815,0,301,0,0,3,03,04,00
131825,1,401,0,0,8,89,9E,00,00,E6,03,00,00
131845,1,400,0,0,8,01,00,2C,00,00,00,00,00
131865,1,201,0,0,5,CC,01,00,00,63
131865,0,300,0,0,8,03,A5,64,5A,64,00,64,65
131865,0,301,0,0,3,54,05,00
131875,1,203,0,0,8,4B,03,00,00,00,00,00,80
131905,1,206,0,0,8,00,00,00,00,00,00,00,00
131915,0,300,0,0,8,03,A5,64,5A,64,00,64,76
131915,0,301,0,0,3,F5,06,00
131925,1,401,0,0,8,89,9E,00,00,31,04,00,00
131945,1,400,0,0,8,01,00,2C,00,00,00,00,00
131965,1,201,0,0,5,CC,01,00,00,63
131965,0,300,0,0,8,03,A5,64,5A,64,00,64,67
131965,0,301,0,0,3,B8,07,00
131975,1,203,0,0,8,46,03,00,00,00,00,00,80
132005,1,206,0,0,8,00,00,00,00,00,00,00,00
132015,0,300,0,0,8,03,A5,64,5A,64,00,64,F8
132015,0,301,0,0,3,80,08,00
132025,1,401,0,0,8,7B,9E,00,00,31,04,00,00
132045,1,400,0,0,8,01,00,2C,00,00,00,00,00
132065,1,201,0,0,5,CC,01,00,00,63
132065,0,300,0,0,8,03,A5,64,5A,64,00,64,E9
132065,0,301,0,0,3,88,09,00
132075,1,203,0,0,8,44,03,00,00,00,00,00,80
132105,1,206,0,0,8,00,00,00,00,00,00,00,00
132115,0,300,0,0,8,03,A5,64,5A,64,00,64,FA
132115,0,301,0,0,3,C6,0A,00
132125,1,401,0,0,8,7B,9E,00,00,7D,04,00,00
132145,1,400,0,0,8,01,00,2C,00,00,00,00,00
132165,1,201,0,0,5,CC,01,00,00,63
132165,0,300,0,0,8,03,A5,64,5A,64,00,64,EB
132165,0,301,0,0,3,43,0B,00
132175,1,203,0,0,8,45,03,00,00,00,00,00,80
132205,1,206,0,0,8,00,00,00,00,00,00,00,00
132205,1,403,0,0,8,64,00,00,00,40,E3,09,00
132215,0,300,0,0,8,03,A5,64,5A,64,00,64,FC
132215,0,301,0,0,3,B5,0C,00
132225,1,401,0,0,8,6D,9E,00,00,7D,04,00,00
132245,1,400,0,0,8,01,00,2C,00,00,00,00,00
132265,1,201,0,0,5,CC,01,00,00,63
132265,0,300,0,0,8,03,A5,64,5A,64,00,64,ED
132265,0,301,0,0,3,4E,0D,00
132275,1,203,0,0,8,44,03,00,00,00,00,00,80
132305,1,206,0,0,8,00,00,00,00,00,00,00,00
132315,0,300,0,0,8,03,A5,64,5A,64,00,64,FE
132315,0,301,0,0,3,1D,0E,00
132325,1,401,0,0,8,6D,9E,00,00,7D,04,00,00
132345,1,400,0,0,8,01,00,2C,00,00,00,00,00
132365,1,201,0,0,5,CC,01,00,00,63
132365,0,300,0,0,8,03,A5,64,5A,64,00,64,EF
132365,0,301,0,0,3,E8,0F,00
132375,1,203,0,0,8,44,03,00,00,00,00,00,80
132405,1,206,0,0,8,00,00,00,00,00,00,00,00
132415,0,300,0,0,8,03,A5,64,5A,64,00,64,70
132415,0,301,0,0,3,E2,00,00
132425,1,401,0,0,8,6D,9E,00,00,EE,04,00,00
132445,1,400,0,0,8,01,00,2C,00,00,00,00,00
132465,1,201,0,0,5,CC,01,00,00,63
132465,0,300,0,0,8,03,A5,64,5A,64,00,64,61
132465,0,301,0,0,3,B3,01,00
132475,1,203,0,0,8,4C,03,00,00,00,00,00,80
132495,1,204,0,0,8,00,00,00,00,00,00,00,00
132505,1,206,0,0,8,00,00,00,00,00,00,00,00
132505,1,202,0,0,8,E2,12,00,00,7E,7C,05,00
132515,0,300,0,0,8,03,A5,64,5A,64,00,64,72
132515,0,301,0,0,3,6B,02,00
132525,1,401,0,0,8,71,9E,00,00,EE,04,00,00
132545,1,400,0,0,8,01,00,2C,00,00,00,00,00
132565,1,201,0,0,5,CC,01,00,00,63
132565,0,300,0,0,8,03,A5,64,5A,64,00,64,63
132565,0,301,0,0,3,96,03,00
132575,1,203,0,0,8,53,03,00,00,00,00,00,80
132605,1,206,0,0,8,00,00,00,00,00,00,00,00
132615,0,300,0,0,8,03,A5,64,5A,64,00,64,74
132615,0,301,0,0,3,03,04,00
132625,1,401,0,0,8,71,9E,00,00,07,05,00,00
132645,1,400,0,0,8,01,00,2C,00,00,00,00,00
132665,1,201,0,0,5,CC,01,00,00,63
132665,0,300,0,0,8,03,A5,64,5A,64,00,64,65
132665,0,301,0,0,3,54,05,00
132675,1,203,0,0,8,59,03,00,00,00,00,00,80
132705,1,206,0,0,8,00,00,00,00,00,00,00,00
132705,1,402,0,0,8,58,00,00,00,28,A5,08,00
132715,0,300,0,0,8,03,A5,64,5A,64,00,64,76
132715,0,301,0,0,3,F5,06,00
132725,1,401,0,0,8,81,9E,00,00,07,05,00,00
132745,1,400,0,0,8,01,00,2C,00,00,00,00,00
132765,1,201,0,0,5,C2,01,00,00,63
132765,0,300,0,0,8,03,A5,64,5A,64,00,64,67
132765,0,301,0,0,3,B8,07,00
132775,1,203,0,0,8,61,03,00,00,00,00,00,80
132805,1,206,0,0,8,00,00,00,00,00,00,00,00
132815,0,300,0,0,8,03,A5,64,5A,64,00,64,F8
132815,0,301,0,0,3,80,08,00
132825,1,401,0,0,8,81,9E,00,00,07,05,00,00
132845,1,400,0,0,8,01,00,2C,00,00,00,00,00
132865,1,201,0,0,5,C2,01,00,00,63
132865,0,300,0,0,8,03,A5,64,5A,64,00,64,E9
132865,0,301,0,0,3,88,09,00
132875,1,203,0,0,8,64,03,00,00,00,00,00,80
132905,1,206,0,0,8,00,00,00,00,00,00,00,00
132915,0,300,0,0,8,03,A5,64,5A,64,00,64,FA
132915,0,301,0,0,3,C6,0A,00
132925,1,401,0,0,8,81,9E,00,00,AD,04,00,00
132945,1,400,0,0,8,01,00,2C,00,00,00,00,00
132965,1,201,0,0,5,C2,01,00,00,63
132965,0,300,0,0,8,03,A5,64,5A,64,00,64,EB
132965,0,301,0,0,3,43,0B,00
132975,1,203,0,0,8,64,03,00,00,00,00,00,80
133005,1,206,0,0,8,00,00,00,00,00,00,00,00
133015,0,300,0,0,8,03,A5,64,5A,64,00,64,FC
133015,0,301,0,0,3,B5,0C,00
133025,1,401,0,0,8,89,9E,00,00,AD,04,00,00
133045,1,400,0,0,8,01,00,2C,00,00,00,00,00
133065,1,201,0,0,5,C2,01,00,00,63
133065,0,300,0,0,8,03,A5,64,5A,64,00,64,ED
133065,0,301,0,0,3,4E,0D,00
133075,1,203,0,0,8,64,03,00,00,00,00,00,80
133105,1,206,0,0,8,00,00,00,00,00,00,00,00
133115,0,300,0,0,8,03,A5,64,5A,64,00,64,FE
133115,0,301,0,0,3,1D,0E,00
133125,1,401,0,0,8,89,9E,00,00,51,04,00,00
133145,1,400,0,0,8,01,00,2C,00,00,00,00,00
133165,1,201,0,0,5,C2,01,00,00,63
133165,0,300,0,0,8,03,A5,64,5A,64,00,64,EF
133165,0,301,0,0,3,E8,0F,00
133175,1,203,0,0,8,5E,03,00,00,00,00,00,80
133205,1,206,0,0,8,00,00,00,00,00,00,00,00
133205,1,403,0,0,8,64,00,00,00,40,E3,09,00
133215,0,300,0,0,8,03,A5,64,5A,64,00,64,70
133215,0,301,0,0,3,E2,00,00
133225,1,401,0,0,8,85,9E,00,00,51,04,00,00
133245,1,400,0,0,8,01,00,2C,00,00,00,00,00
133265,1,201,0,0,5,C2,01,00,00,63
133265,0,300,0,0,8,03,A5,64,5A,64,00,64,61
133265,0,301,0,0,3,B3,01,00
133275,1,203,0,0,8,5C,03,00,00,00,00,00,80
133305,1,206,0,0,8,00,00,00,00,00,00,00,00
133315,0,300,0,0,8,03,A5,64,5A,64,00,64,72
133315,0,301,0,0,3,6B,02,00
133325,1,401,0,0,8,85,9E,00,00,51,04,00,00
133345,1,400,0,0,8,01,00,2C,00,00,00,00,00
133365,1,201,0,0,5,C2,01,00,00,63
133365,0,300,0,0,8,03,A5,64,5A,64,00,64,63
133365,0,301,0,0,3,96,03,00
133375,1,203,0,0,8,59,03,00,00,00,00,00,80
133405,1,206,0,0,8,00,00,00,00,00,00,00,00
133415,0,300,0,0,8,03,A5,64,5A,64,00,64,74
133415,0,301,0,0,3,03,04,00
133425,1,401,0,0,8,85,9E,00,00,45,04,00,00
133445,1,400,0,0,8,01,00,2C,00,00,00,00,00
133465,1,201,0,0,5,C2,01,00,00,63
133465,0,300,0,0,8,03,A5,64,5A,64,00,64,65
133465,0,301,0,0,3,54,05,00
133475,1,203,0,0,8,5F,03,00,00,00,00,00,80
133495,1,204,0,0,8,00,00,00,00,00,00,00,00
133505,1,206,0,0,8,00,00,00,00,00,00,00,00
133505,1,202,0,0,8,E2,13,00,00,80,7C,05,00
133515,0,300,0,0,8,03,A5,64,5A,64,00,64,76
133515,0,301,0,0,3,F5,06,00
133525,1,401,0,0,8,87,9E,00,00,45,04,00,00
133545,1,400,0,0,8,01,00,2C,00,00,00,00,00
133565,1,201,0,0,5,C2,01,00,00,63
133565,0,300,0,0,8,03,A5,64,5A,64,00,64,67
133565,0,301,0,0,3,B8,07,00
133575,1,203,0,0,8,61,03,00,00,00,00,00,80
133605,1,206,0,0,8,00,00,00,00,00,00,00,00
133615,0,300,0,0,8,03,A5,64,5A,64,00,64,F8
133615,0,301,0,0,3,80,08,00
133625,1,401,0,0,8,87,9E,00,00,3C,04,00,00
133645,1,400,0,0,8,01,00,2C,00,00,00,00,00
133665,1,201,0,0,5,C2,01,00,00,63
133665,0,300,0,0,8,03,A5,64,5A,64,00,64,E9
133665,0,301,0,0,3,88,09,00
133675,1,203,0,0,8,61,03,00,00,00,00,00,80
133705,1,206,0,0,8,00,00,00,00,00,00,00,00
133705,1,402,0,0,8,58,00,00,00,04,A5,08,00
133715,0,300,0,0,8,03,A5,64,5A,64,00,64,FA
133715,0,301,0,0,3,C6,0A,00
133725,1,401,0,0,8,9E,9E,00,00,3C,04,00,00
133745,1,400,0,0,8,01,00,2C,00,00,00,00,00
133765,1,201,0,0,5,C2,01,00,00,63
133765,0,300,0,0,8,03,A5,64,5A,64,00,64,EB
133765,0,301,0,0,3,43,0B,00
133775,1,203,0,0,8,67,03,00,00,00,00,00,80
133805,1,206,0,0,8,00,00,00,00,00,00,00,00
133815,0,300,0,0,8,03,A5,64,5A,64,00,64,FC
133815,0,301,0,0,3,B5,0C,00
133825,1,401,0,0,8,9E,9E,00,00,3C,04,00,00
133845,1,400,0,0,8,01,00,2C,00,00,00,00,00
133865,1,201,0,0,5,C2,01,00,00,63
133865,0,300,0,0,8,03,A5,64,5A,64,00,64,ED
133865,0,301,0,0,3,4E,0D,00
133875,1,203,0,0,8,6B,03,00,00,00,00,00,80
133905,1,206,0,0,8,00,00,00,00,00,00,00,00
133915,0,300,0,0,8,03,A5,64,5A,64,00,64,FE
133915,0,301,0,0,3,1D,0E,00
133925,1,401,0,0,8,9E,9E,00,00,BA,03,00,00
133945,1,400,0,0,8,01,00,2C,00,00,00,00,00
133965,1,201,0,0,5,C2,01,00,00,63
133965,0,300,0,0,8,03,A5,64,5A,64,00,64,EF
133965,0,301,0,0,3,E8,0F,00
133975,1,203,0,0,8,6A,03,00,00,00,00,00,80
134005,1,206,0,0,8,00,00,00,00,00,00,00,00
134015,0,300,0,0,8,03,A5,64,5A,64,00,64,70
134015,0,301,0,0,3,E2,00,00
134025,1,401,0,0,8,AA,9E,00,00,BA,03,00,00
134045,1,400,0,0,8,01,00,2C,00,00,00,00,00
134065,1,201,0,0,5,C2,01,00,00,63
134065,0,300,0,0,8,03,A5,64,5A,64,00,64,61
134065,0,301,0,0,3,B3,01,00
134075,1,203,0,0,8,6C,03,00,00,00,00,00,80
134105,1,206,0,0,8,00,00,00,00,00,00,00,00
134115,0,300,0,0,8,03,A5,64,5A,64,00,64,72
134115,0,301,0,0,3,6B,02,00
134125,1,401,0,0,8,AA,9E,00,00,2A,03,00,00
134145,1,400,0,0,8,01,00,2C,00,00,00,00,00
134165,1,201,0,0,5,C2,01,00,00,63
134165,0,300,0,0,8,03,A5,64,5A,64,00,64,63
134165,0,301,0,0,3,96,03,00
134175,1,203,0,0,8,6A,03,00,00,00,00,00,80
134205,1,206,0,0,8,00,00,00,00,00,00,00,00
134205,1,403,0,0,8,64,00,00,00,40,E3,09,00
134215,0,300,0,0,8,03,A5,64,5A,64,00,64,74
134215,0,301,0,0,3,03,04,00
134225,1,401,0,0,8,B2,9E,00,00,2A,03,00,00
134245,1,400,0,0,8,01,00,2C,00,00,00,00,00
134265,1,201,0,0,5,C2,01,00,00,63
134265,0,300,0,0,8,03,A5,64,5A,64,00,64,65
134265,0,301,0,0,3,54,05,00
134275,1,203,0,0,8,6B,03,00,00,00,00,00,80
134305,1,206,0,0,8,00,00,00,00,00,00,00,00
134315,0,300,0,0,8,03,A5,64,5A,64,00,64,76
134315,0,301,0,0,3,F5,06,00
134325,1,401,0,0,8,B2,9E,00,00,2A,03,00,00
134345,1,400,0,0,8,01,00,2C,00,00,00,00,00
134365,1,201,0,0,5,C2,01,00,00,63
134365,0,300,0,0,8,03,A5,64,5A,64,00,64,67
134365,0,301,0,0,3,B8,07,00
134375,1,203,0,0,8,69,03,00,00,00,00,00,80
134405,1,206,0,0,8,00,00,00,00,00,00,00,00
134415,0,300,0,0,8,03,A5,64,5A,64,00,64,F8
134415,0,301,0,0,3,80,08,00
134425,1,401,0,0,8,B2,9E,00,00,CE,02,00,00
134445,1,400,0,0,8,01,00,2C,00,00,00,00,00
134465,1,201,0,0,5,CC,01,00,00,63
134465,0,300,0,0,8,03,A5,64,5A,64,00,64,E9
134475,0,301,0,0,3,88,09,00
134475,1,203,0,0,8,65,03,00,00,00,00,00,80
134495,1,204,0,0,8,00,00,00,00,00,00,00,00
134505,1,206,0,0,8,00,00,00,00,00,00,00,00
134505,1,202,0,0,8,E2,13,00,00,82,7C,05,00
134515,1,666,0,0,8,52,08,05,00,52,95,36,02
134515,0,300,0,0,8,03,A5,64,5A,64,00,64,FA
134525,0,301,0,0,3,C6,0A,00
134525,1,665,0,0,8,00,00,00,53,4C,18,53,00
134525,1,401,0,0,8,AE,9E,00,00,CE,02,00,00
134535,1,200,0,0,8,58,00,AC,A5,08,00,02,00
134545,1,400,0,0,8,01,00,2C,00,00,00,00,00
134565,1,201,0,0,5,CC,01,00,00,63
134565,0,300,0,0,8,03,A5,64,5A,64,00,64,EB
134575,0,301,0,0,3,43,0B,00
134575,1,203,0,0,8,5E,03,00,00,00,00,00,80
134605,1,206,0,0,8,00,00,00,00,00,00,00,00
134615,0,300,0,0,8,03,A5,64,5A,64,00,64,FC
134625,0,301,0,0,3,B5,0C,00
134625,1,401,0,0,8,AE,9E,00,00,C5,02,00,00
134645,1,400,0,0,8,01,00,2C,00,00,00,00,00
134665,1,201,0,0,5,CC,01,00,00,63
134665,0,300,0,0,8,03,A5,64,5A,64,00,64,ED
134675,0,301,0,0,3,4E,0D,00
134675,1,203,0,0,8,5D,03,00,00,00,00,00,80
134705,1,206,0,0,8,00,00,00,00,00,00,00,00
134715,1,402,0,0,8,58,00,00,00,04,A5,08,00
134715,0,300,0,0,8,03,A5,64,5A,64,00,64,FE
134725,0,301,0,0,3,1D,0E,00
134735,1,401,0,0,8,A4,9E,00,00,C5,02,00,00
134755,1,400,0,0,8,01,00,2C,00,00,00,00,00
134765,1,201,0,0,5,CC,01,00,00,63
134765,0,300,0,0,8,03,A5,64,5A,64,00,64,EF
134775,0,301,0,0,3,E8,0F,00
134775,1,203,0,0,8,5C,03,00,00,00,00,00,80
134805,1,206,0,0,8,00,00,00,00,00,00,00,00
134815,0,300,0,0,8,03,A5,64,5A,64,00,64,70
134825,0,301,0,0,3,E2,00,00
134835,1,401,0,0,8,A4,9E,00,00,C5,02,00,00
134855,1,400,0,0,8,01,00,2C,00,00,00,00,00
134865,1,201,0,0,5,CC,01,00,00,63
134865,0,300,0,0,8,03,A5,64,5A,64,00,64,61
134875,0,301,0,0,3,B3,01,00
134875,1,203,0,0,8,5C,03,00,00,00,00,00,80
134905,1,206,0,0,8,00,00,00,00,00,00,00,00
134915,0,300,0,0,8,03,A5,64,5A,64,00,64,72
134925,0,301,0,0,3,6B,02,00
134935,1,401,0,0,8,A4,9E,00,00,04,03,00,00
134955,1,400,0,0,8,01,00,2C,00,00,00,00,00
134965,1,201,0,0,5,CC,01,00,00,63
134965,0,300,0,0,8,03,A5,64,5A,64,00,64,63
134975,0,301,0,0,3,96,03,00
134985,1,203,0,0,8,5B,03,00,00,00,00,00,80
135005,1,206,0,0,8,00,00,00,00,00,00,00,00
135015,0,300,0,0,8,03,A5,64,5A,64,00,64,74
135025,0,301,0,0,3,03,04,00
135035,1,401,0,0,8,A4,9E,00,00,04,03,00,00
135055,1,400,0,0,8,01,00,2C,00,00,00,00,00
135065,1,201,0,0,5,CC,01,00,00,63
135065,0,300,0,0,8,03,A5,64,5A,64,00,64,65
135075,0,301,0,0,3,54,05,00
135085,1,203,0,0,8,55,03,00,00,00,00,00,80
135105,1,206,0,0,8,00,00,00,00,00,00,00,00
135115,0,300,0,0,8,03,A5,64,5A,64,00,64,76
135125,0,301,0,0,3,F5,06,00
135135,1,401,0,0,8,A4,9E,00,00,2D,03,00,00
135155,1,400,0,0,8,01,00,2C,00,00,00,00,00
135165,1,201,0,0,5,CC,01,00,00,63
135165,0,300,0,0,8,03,A5,64,5A,64,00,64,67
135175,0,301,0,0,3,B8,07,00
135185,1,203,0,0,8,55,03,00,00,00,00,00,80
135205,1,206,0,0,8,00,00,00,00,00,00,00,00
135215,1,403,0,0,8,64,00,00,00,40,E3,09,00
135215,0,300,0,0,8,03,A5,64,5A,64,00,64,F8
135225,0,301,0,0,3,80,08,00
135235,1,401,0,0,8,A0,9E,00,00,2D,03,00,00
135255,1,400,0,0,8,01,00,2C,00,00,00,00,00
135265,1,201,0,0,5,CC,01,00,00,63
135275,0,300,0,0,8,03,A5,64,5A,64,00,64,E9
135275,0,301,0,0,3,88,09,00
135285,1,203,0,0,8,54,03,00,00,00,00,00,80
135285,0,404,0,0,2,4A,00
135285,1,405,0,0,8,4A,00,00,00,06,00,00,00
135305,1,206,0,0,8,00,00,00,00,00,00,00,00
135305,0,404,0,0,2,02,30
135305,1,405,0,0,7,02,30,00,00,00,00,00
135315,0,300,0,0,8,03,A5,64,5A,64,00,64,FA
135325,0,301,0,0,3,C6,0A,00
135335,1,401,0,0,8,A0,9E,00,00,2D,03,00,00
135335,0,404,0,0,2,44,00
135335,1,405,0,0,6,44,00,00,00,50,46
135355,1,400,0,0,8,01,00,2C,00,00,00,00,00
135365,1,201,0,0,5,CC,01,00,00,63
135365,0,404,0,0,2,01,00
135365,1,405,0,0,8,01,00,00,00,00,04,06,04
135365,0,300,0,0,8,03,A5,64,5A,64,00,64,EB
135375,0,301,0,0,3,43,0B,00
135385,1,203,0,0,8,56,03,00,00,00,00,00,80
135395,0,404,0,0,2,A3,01
135405,1,405,0,0,5,A3,01,00,00,06
135405,1,206,0,0,8,00,00,00,00,00,00,00,00
135415,0,300,0,0,8,03,A5,64,5A,64,00,64,FC
135425,0,301,0,0,3,B5,0C,00
135435,1,401,0,0,8,A0,9E,00,00,4B,03,00,00
135435,0,404,0,0,2,20,00
135435,1,405,0,0,8,20,00,00,00,32,33,36,47
135455,1,400,0,0,8,01,00,2C,00,00,00,00,00
135465,0,404,0,0,2,21,00
135465,1,405,0,0,8,21,00,00,00,35,4C,41,31
135465,1,201,0,0,5,CC,01,00,00,63
135465,0,300,0,0,8,03,A5,64,5A,64,00,64,ED
135475,0,301,0,0,3,4E,0D,00
135485,1,203,0,0,8,56,03,00,00,00,00,00,80
135495,1,204,0,0,8,00,00,00,00,00,00,00,00
135495,0,404,0,0,2,22,00
135495,1,405,0,0,8,22,00,00,00,30,30,34,52
135505,1,206,0,0,8,00,00,00,00,00,00,00,00
135505,1,202,0,0,8,E2,12,00,00,82,7C,05,00
135515,0,300,0,0,8,03,A5,64,5A,64,00,64,FE
135525,0,301,0,0,3,1D,0E,00
135525,0,404,0,0,2,23,00
135525,1,405,0,0,8,23,00,00,00,4D,30,30,30
135535,1,401,0,0,8,9E,9E,00,00,4B,03,00,00
135555,1,400,0,0,8,01,00,2C,00,00,00,00,00
135555,0,404,0,0,2,24,00
135555,1,405,0,0,8,24,00,00,00,30,30,30,30
135565,1,201,0,0,5,CC,01,00,00,63
135565,0,300,0,0,8,03,A5,64,5A,64,00,64,EF
135575,0,301,0,0,3,E8,0F,00
135585,1,203,0,0,8,51,03,00,00,00,00,00,80
135595,0,404,0,0,2,25,00
135595,1,405,0,0,8,25,00,00,00,30,30,30,30
135605,1,206,0,0,8,00,00,00,00,00,00,00,00
135615,0,404,0,0,2,26,00
135615,1,405,0,0,8,26,00,00,00,30,30,30,30
135615,0,300,0,0,8,03,A5,64,5A,64,00,64,70
135625,0,301,0,0,3,E2,00,00
135635,1,401,0,0,8,9E,9E,00,00,57,03,00,00
135645,0,404,0,0,2,27,00
135655,1,405,0,0,6,27,00,00,00,30,30
135655,1,400,0,0,8,01,00,2C,00,00,00,00,00
135665,1,201,0,0,5,CC,01,00,00,63
135665,0,300,0,0,8,03,A5,64,5A,64,00,64,61
135675,0,301,0,0,3,B3,01,00
135685,1,203,0,0,8,4C,03,00,00,00,00,00,80
135685,0,404,0,0,2,4C,00
135685,1,405,0,0,8,4C,00,00,00,00,24,00,00
135705,1,206,0,0,8,00,00,00,00,00,00,00,00
135715,0,404,0,0,2,46,00
135715,1,402,0,0,8,58,00,00,00,04,A5,08,00
135715,1,405,0,0,5,46,00,00,00,00
135715,0,300,0,0,8,03,A5,64,5A,64,00,64,72
135725,0,301,0,0,3,6B,02,00
135735,1,401,0,0,8,98,9E,00,00,57,03,00,00
135745,0,404,0,0,2,4D,00
135745,1,405,0,0,8,4D,00,00,00,00,00,00,00
135755,1,400,0,0,8,01,00,2C,00,00,00,00,00
135765,1,201,0,0,5,CC,01,00,00,63
135765,0,300,0,0,8,03,A5,64,5A,64,00,64,63
135775,0,301,0,0,3,96,03,00
135775,0,404,0,0,2,50,00
135775,1,405,0,0,8,50,00,00,00,7F,00,7E,00
135785,1,203,0,0,8,4C,03,00,00,00,00,00,80
135805,1,206,0,0,8,00,00,00,00,00,00,00,00
135805,0,404,0,0,2,02,00
135805,1,405,0,0,8,02,00,00,00,53,49,43,54
135815,0,300,0,0,8,03,A5,64,5A,64,00,64,74
135825,0,301,0,0,3,03,04,00
135835,1,401,0,0,8,98,9E,00,00,57,03,00,00
135835,0,404,0,0,2,0A,00
135835,1,405,0,0,8,0A,00,00,00,30,3A,00,00
135855,1,400,0,0,8,01,00,2C,00,00,00,00,00
135865,0,404,0,0,2,04,00
135865,1,201,0,0,5,CC,01,00,00,63
135865,1,405,0,0,7,04,00,00,00,16,09,02
135865,0,300,0,0,8,03,A5,64,5A,64,00,64,65
135875,0,301,0,0,3,54,05,00
135885,1,203,0,0,8,4E,03,00,00,00,00,00,80
135905,1,206,0,0,8,00,00,00,00,00,00,00,00
135905,0,404,0,0,2,B0,01
135905,1,405,0,0,6,B0,01,00,00,00,00
135915,0,300,0,0,8,03,A5,64,5A,64,00,64,76
135925,0,301,0,0,3,F5,06,00
135935,0,404,0,0,2,B1,01
135935,1,405,0,0,6,B1,01,00,00,00,00
135935,1,401,0,0,8,98,9E,00,00,8C,03,00,00
135955,1,400,0,0,8,01,00,2C,00,00,00,00,00
135965,1,201,0,0,5,CC,01,00,00,63
135965,0,300,0,0,8,03,A5,64,5A,64,00,64,67
135975,0,301,0,0,3,B8,07,00
135985,1,203,0,0,8,4F,03,00,00,00,00,00,80
136005,1,206,0,0,8,00,00,00,00,00,00,00,00
136015,0,300,0,0,8,03,A5,64,5A,64,00,64,F8
136025,0,301,0,0,3,80,08,00
136035,1,401,0,0,8,98,9E,00,00,8C,03,00,00
136055,1,400,0,0,8,01,00,2C,00,00,00,00,00
136065,1,201,0,0,5,CC,01,00,00,63
136065,0,300,0,0,8,03,A5,64,5A,64,00,64,E9
136075,0,301,0,0,3,88,09,00
136085,1,203,0,0,8,4F,03,00,00,00,00,00,80
136105,1,206,0,0,8,00,00,00,00,00,00,00,00
136115,0,300,0,0,8,03,A5,64,5A,64,00,64,FA
136125,0,301,0,0,3,C6,0A,00
136135,1,401,0,0,8,98,9E,00,00,AC,03,00,00
136155,1,400,0,0,8,01,00,2C,00,00,00,00,00
136165,1,201,0,0,5,B8,01,00,00,63
136165,0,300,0,0,8,03,A5,64,5A,64,00,64,EB
136175,0,301,0,0,3,43,0B,00
136185,1,203,0,0,8,50,03,00,00,00,00,00,80
136205,1,206,0,0,8,00,00,00,00,00,00,00,00
136215,1,403,0,0,8,64,00,00,00,40,E3,09,00
136215,0,300,0,0,8,03,A5,64,5A,64,00,64,FC
136225,0,301,0,0,3,B5,0C,00
136235,1,401,0,0,8,95,9E,00,00,AC,03,00,00
136255,1,400,0,0,8,01,00,2C,00,00,00,00,00
136265,1,201,0,0,5,B8,01,00,00,63
136275,0,300,0,0,8,03,A5,64,5A,64,00,64,ED
136275,0,301,0,0,3,4E,0D,00
136285,1,203,0,0,8,51,03,00,00,00,00,00,80
136305,1,206,0,0,8,00,00,00,00,00,00,00,00
136315,0,300,0,0,8,03,A5,64,5A,64,00,64,FE
136325,0,301,0,0,3,1D,0E,00
136335,1,401,0,0,8,95,9E,00,00,AC,03,00,00
136355,1,400,0,0,8,01,00,2C,00,00,00,00,00
136365,1,201,0,0,5,B8,01,00,00,63
136365,0,300,0,0,8,03,A5,64,5A,64,00,64,EF
136375,0,301,0,0,3,E8,0F,00
136385,1,203,0,0,8,4D,03,00,00,00,00,00,80
136405,1,206,0,0,8,00,00,00,00,00,00,00,00
136415,0,300,0,0,8,03,A5,64,5A,64,00,64,70
136425,0,301,0,0,3,E2,00,00
136435,1,401,0,0,8,95,9E,00,00,9C,03,00,00
136455,1,400,0,0,8,01,00,2C,00,00,00,00,00
136465,1,201,0,0,5,B8,01,00,00,63
136465,0,300,0,0,8,03,A5,64,5A,64,00,64,61
136475,0,301,0,0,3,B3,01,00
136485,1,203,0,0,8,47,03,00,00,00,00,00,80
136495,1,204,0,0,8,00,00,00,00,00,00,00,00
136505,1,206,0,0,8,00,00,00,00,00,00,00,00
136505,1,202,0,0,8,E2,12,00,00,84,7C,05,00
136515,0,300,0,0,8,03,A5,64,5A,64,00,64,72
136525,0,301,0,0,3,6B,02,00
136535,1,401,0,0,8,89,9E,00,00,9C,03,00,00
136555,1,400,0,0,8,01,00,2C,00,00,00,00,00
136565,1,201,0,0,5,B8,01,00,00,63
136565,0,300,0,0,8,03,A5,64,5A,64,00,64,63
136575,0,301,0,0,3,96,03,00
136585,1,203,0,0,8,FD,02,00,00,00,00,00,80
136605,1,206,0,0,8,00,00,00,00,00,00,00,00
136615,0,300,0,0,8,03,A5,64,5A,64,00,64,74
136625,0,301,0,0,3,03,04,00
136635,1,401,0,0,8,89,9E,00,00,EF,03,00,00
136655,1,400,0,0,8,01,00,2C,00,00,00,00,00
136665,1,201,0,0,5,B8,01,00,00,63
136665,0,300,0,0,8,03,A5,64,5A,64,00,64,65
136675,0,301,0,0,3,54,05,00
136685,1,203,0,0,8,02,03,00,00,00,00,00,80
136705,1,206,0,0,8,00,00,00,00,00,00,00,00
136715,1,402,0,0,8,58,00,00,00,04,A5,08,00
136715,0,300,0,0,8,03,A5,64,5A,64,00,64,76
136725,0,301,0,0,3,F5,06,00
136735,1,401,0,0,8,73,9E,00,00,EF,03,00,00
136755,1,400,0,0,8,01,00,2C,00,00,00,00,00
136765,1,201,0,0,5,B8,01,00,00,63
136765,0,300,0,0,8,03,A5,64,5A,64,00,64,67
136775,0,301,0,0,3,B8,07,00
136785,1,203,0,0,8,03,03,00,00,00,00,00,80
136805,1,206,0,0,8,00,00,00,00,00,00,00,00
136815,0,300,0,0,8,03,A5,64,5A,64,00,64,F8
136825,0,301,0,0,3,80,08,00
136835,1,401,0,0,8,73,9E,00,00,EF,03,00,00
136855,1,400,0,0,8,01,00,2C,00,00,00,00,00
136865,1,201,0,0,5,B8,01,00,00,63
136865,0,300,0,0,8,03,A5,64,5A,64,00,64,E9
136875,0,301,0,0,3,88,09,00
136885,1,203,0,0,8,0C,03,00,00,00,00,00,80
136905,1,206,0,0,8,00,00,00,00,00,00,00,00
136915,0,300,0,0,8,03,A5,64,5A,64,00,64,FA
136925,0,301,0,0,3,C6,0A,00
136935,1,401,0,0,8,73,9E,00,00,90,04,00,00
136955,1,400,0,0,8,01,00,2C,00,00,00,00,00
136965,1,201,0,0,5,B8,01,00,00,63
136965,0,300,0,0,8,03,A5,64,5A,64,00,64,EB
136975,0,301,0,0,3,43,0B,00
136985,1,203,0,0,8,16,03,00,00,00,00,00,80
137005,1,206,0,0,8,00,00,00,00,00,00,00,00
137025,0,300,0,0,8,03,A5,64,5A,64,00,64,FC
137025,0,301,0,0,3,B5,0C,00
137035,1,401,0,0,8,6F,9E,00,00,90,04,00,00
137055,1,400,0,0,8,01,00,2C,00,00,00,00,00
137065,1,201,0,0,5,B8,01,00,00,63
137065,0,300,0,0,8,03,A5,64,5A,64,00,64,ED
137075,0,301,0,0,3,4E,0D,00
137085,1,203,0,0,8,2B,03,00,00,00,00,00,80
137105,1,206,0,0,8,00,00,00,00,00,00,00,00
137125,0,300,0,0,8,03,A5,64,5A,64,00,64,FE
137125,0,301,0,0,3,1D,0E,00
137135,1,401,0,0,8,6F,9E,00,00,FE,04,00,00
137155,1,400,0,0,8,01,00,2C,00,00,00,00,00
137165,1,201,0,0,5,B8,01,00,00,63
137175,0,300,0,0,8,03,A5,64,5A,64,00,64,EF
137175,0,301,0,0,3,E8,0F,00
137185,1,203,0,0,8,35,03,00,00,00,00,00,80
137205,1,206,0,0,8,00,00,00,00,00,00,00,00
137215,1,403,0,0,8,64,00,00,00,40,E3,09,00
137225,0,300,0,0,8,03,A5,64,5A,64,00,64,70
137225,0,301,0,0,3,E2,00,00
137235,1,401,0,0,8,7D,9E,00,00,FE,04,00,00
137255,1,400,0,0,8,01,00,2C,00,00,00,00,00
137265,1,201,0,0,5,B8,01,00,00,63
137275,0,300,0,0,8,03,A5,64,5A,64,00,64,61
137275,0,301,0,0,3,B3,01,00
137285,1,203,0,0,8,43,03,00,00,00,00,00,80
137305,1,206,0,0,8,00,00,00,00,00,00,00,00
137325,0,300,0,0,8,03,A5,64,5A,64,00,64,72
137325,0,301,0,0,3,6B,02,00
137335,1,401,0,0,8,7D,9E,00,00,FE,04,00,00
137355,1,400,0,0,8,01,00,2C,00,00,00,00,00
137365,1,201,0,0,5,B8,01,00,00,63
137375,0,300,0,0,8,03,A5,64,5A,64,00,64,63
137375,0,301,0,0,3,96,03,00
137385,1,203,0,0,8,4D,03,00,00,00,00,00,80
137405,1,206,0,0,8,00,00,00,00,00,00,00,00
137425,0,300,0,0,8,03,A5,64,5A,64,00,64,74
137425,0,301,0,0,3,03,04,00
137435,1,401,0,0,8,7D,9E,00,00,AA,04,00,00
137455,1,400,0,0,8,01,00,2C,00,00,00,00,00
137465,1,201,0,0,5,B8,01,00,00,63
137475,0,300,0,0,8,03,A5,64,5A,64,00,64,65
137475,0,301,0,0,3,54,05,00
137485,1,203,0,0,8,53,03,00,00,00,00,00,80
137495,1,204,0,0,8,00,00,00,00,00,00,00,00
137505,1,206,0,0,8,00,00,00,00,00,00,00,00
137505,1,202,0,0,8,E2,13,00,00,84,7C,05,00
137515,1,666,0,0,8,52,08,05,00,52,95,36,02
137525,0,300,0,0,8,03,A5,64,5A,64,00,64,76
137525,0,301,0,0,3,F5,06,00
137525,1,665,0,0,8,00,00,00,53,4C,18,53,00
137535,1,401,0,0,8,89,9E,00,00,AA,04,00,00
137545,1,200,0,0,8,58,00,9B,A5,08,00,00,00
137555,1,400,0,0,8,01,00,2C,00,00,00,00,00
137565,1,201,0,0,5,B8,01,00,00,63
137575,0,300,0,0,8,03,A5,64,5A,64,00,64,67
137575,0,301,0,0,3,B8,07,00
137585,1,203,0,0,8,59,03,00,00,00,00,00,80
137605,1,206,0,0,8,00,00,00,00,00,00,00,00
137625,0,300,0,0,8,03,A5,64,5A,64,00,64,F8
137625,0,301,0,0,3,80,08,00
137635,1,401,0,0,8,89,9E,00,00,46,04,00,00
137655,1,400,0,0,8,01,00,2C,00,00,00,00,00
137665,1,201,0,0,5,B8,01,00,00,63
137675,0,300,0,0,8,03,A5,64,5A,64,00,64,E9
137675,0,301,0,0,3,88,09,00
137685,1,203,0,0,8,5D,03,00,00,00,00,00,80
137705,1,206,0,0,8,00,00,00,00,00,00,00,00
137715,1,402,0,0,8,58,00,00,00,E0,A4,08,00
137725,0,300,0,0,8,03,A5,64,5A,64,00,64,FA
137725,0,301,0,0,3,C6,0A,00
137735,1,401,0,0,8,8D,9E,00,00,46,04,00,00
137755,1,400,0,0,8,01,00,2C,00,00,00,00,00
137765,1,201,0,0,5,B8,01,00,00,63
137775,0,300,0,0,8,03,A5,64,5A,64,00,64,EB
137775,0,301,0,0,3,43,0B,00
137785,1,203,0,0,8,5E,03,00,00,00,00,00,80
137805,1,206,0,0,8,00,00,00,00,00,00,00,00
137825,0,300,0,0,8,03,A5,64,5A,64,00,64,FC
137825,0,301,0,0,3,B5,0C,00
137835,1,401,0,0,8,8D,9E,00,00,46,04,00,00
137855,1,400,0,0,8,01,00,2C,00,00,00,00,00
137865,1,201,0,0,5,C2,01,00,00,63
137875,0,300,0,0,8,03,A5,64,5A,64,00,64,ED
137875,0,301,0,0,3,4E,0D,00
137885,1,203,0,0,8,58,03,00,00,00,00,00,80
137905,1,206,0,0,8,00,00,00,00,00,00,00,00
137925,0,300,0,0,8,03,A5,64,5A,64,00,64,FE
137925,0,301,0,0,3,1D,0E,00
137935,1,401,0,0,8,8D,9E,00,00,00,04,00,00
137955,1,400,0,0,8,01,00,2C,00,00,00,00,00
137965,1,201,0,0,5,C2,01,00,00,63
137975,0,300,0,0,8,03,A5,64,5A,64,00,64,EF
137975,0,301,0,0,3,E8,0F,00
137985,1,203,0,0,8,57,03,00,00,00,00,00,80
138005,1,206,0,0,8,00,00,00,00,00,00,00,00
138025,0,300,0,0,8,03,A5,64,5A,64,00,64,70
138025,0,301,0,0,3,E2,00,00
138035,1,401,0,0,8,85,9E,00,00,00,04,00,00
138055,1,400,0,0,8,01,00,2C,00,00,00,00,00
138065,1,201,0,0,5,C2,01,00,00,63
138075,0,300,0,0,8,03,A5,64,5A,64,00,64,61
138075,0,301,0,0,3,B3,01,00
138085,1,203,0,0,8,59,03,00,00,00,00,00,80
138105,1,206,0,0,8,00,00,00,00,00,00,00,00
138125,0,300,0,0,8,03,A5,64,5A,64,00,64,72
138125,0,301,0,0,3,6B,02,00
138135,1,401,0,0,8,85,9E,00,00,1A,04,00,00
138155,1,400,0,0,8,01,00,2C,00,00,00,00,00
138165,1,201,0,0,5,C2,01,00,00,63
138175,0,300,0,0,8,03,A5,64,5A,64,00,64,63
138175,0,301,0,0,3,96,03,00
138185,1,203,0,0,8,58,03,00,00,00,00,00,80
138205,1,206,0,0,8,00,00,00,00,00,00,00,00
138215,1,403,0,0,8,64,00,00,00,40,E3,09,00
138225,0,300,0,0,8,03,A5,64,5A,64,00,64,74
138225,0,301,0,0,3,03,04,00
138235,1,401,0,0,8,83,9E,00,00,1A,04,00,00
138255,1,400,0,0,8,01,00,2C,00,00,00,00,00
138265,1,201,0,0,5,C2,01,00,00,63
138275,0,300,0,0,8,03,A5,64,5A,64,00,64,65
138275,0,301,0,0,3,54,05,00
138285,1,203,0,0,8,5C,03,00,00,00,00,00,80
138305,1,206,0,0,8,00,00,00,00,00,00,00,00
138325,0,300,0,0,8,03,A5,64,5A,64,00,64,76
138325,0,301,0,0,3,F5,06,00
138335,1,401,0,0,8,83,9E,00,00,1A,04,00,00
138355,1,400,0,0,8,01,00,2C,00,00,00,00,00
138365,1,201,0,0,5,C2,01,00,00,63
138375,0,300,0,0,8,03,A5,64,5A,64,00,64,67
138375,0,301,0,0,3,B8,07,00
138385,1,203,0,0,8,5E,03,00,00,00,00,00,80
138405,1,206,0,0,8,00,00,00,00,00,00,00,00
138425,0,300,0,0,8,03,A5,64,5A,64,00,64,F8
138425,0,301,0,0,3,80,08,00
138435,1,401,0,0,8,83,9E,00,00,33,04,00,00
138455,1,400,0,0,8,01,00,2C,00,00,00,00,00
138465,1,201,0,0,5,C2,01,00,00,63
138475,0,300,0,0,8,03,A5,64,5A,64,00,64,E9
138475,0,301,0,0,3,88,09,00
138485,1,203,0,0,8,5E,03,00,00,00,00,00,80
138495,1,204,0,0,8,00,00,00,00,00,00,00,00
138505,1,206,0,0,8,00,00,00,00,00,00,00,00
138505,1,202,0,0,8,E2,12,00,00,86,7C,05,00
138525,0,300,0,0,8,03,A5,64,5A,64,00,64,FA
138525,0,301,0,0,3,C6,0A,00
138535,1,401,0,0,8,89,9E,00,00,33,04,00,00
138555,1,400,0,0,8,01,00,2C,00,00,00,00,00
138565,1,201,0,0,5,C2,01,00,00,63
138575,0,300,0,0,8,03,A5,64,5A,64,00,64,EB
138575,0,301,0,0,3,43,0B,00
138585,1,203,0,0,8,61,03,00,00,00,00,00,80
138605,1,206,0,0,8,00,00,00,00,00,00,00,00
138625,0,300,0,0,8,03,A5,64,5A,64,00,64,FC
138625,0,301,0,0,3,B5,0C,00
138635,1,401,0,0,8,89,9E,00,00,21,04,00,00
138655,1,400,0,0,8,01,00,2C,00,00,00,00,00
138665,1,201,0,0,5,C2,01,00,00,63
138675,0,300,0,0,8,03,A5,64,5A,64,00,64,ED
138675,0,301,0,0,3,4E,0D,00
138685,1,203,0,0,8,64,03,00,00,00,00,00,80
138705,1,206,0,0,8,00,00,00,00,00,00,00,00
138715,1,402,0,0,8,58,00,00,00,E0,A4,08,00
138725,0,300,0,0,8,03,A5,64,5A,64,00,64,FE
138725,0,301,0,0,3,1D,0E,00
138735,1,401,0,0,8,8F,9E,00,00,21,04,00,00
138755,1,400,0,0,8,01,00,2C,00,00,00,00,00
138765,1,201,0,0,5,C2,01,00,00,63
138775,0,300,0,0,8,03,A5,64,5A,64,00,64,EF
138775,0,301,0,0,3,E8,0F,00
138785,1,203,0,0,8,62,03,00,00,00,00,00,80
138805,1,206,0,0,8,00,00,00,00,00,00,00,00
138825,0,300,0,0,8,03,A5,64,5A,64,00,64,70
138825,0,301,0,0,3,E2,00,00
138835,1,401,0,0,8,8F,9E,00,00,21,04,00,00
138855,1,400,0,0,8,01,00,2C,00,00,00,00,00
138865,1,201,0,0,5,C2,01,00,00,63
138875,0,300,0,0,8,03,A5,64,5A,64,00,64,61
138875,0,301,0,0,3,B3,01,00
138885,1,203,0,0,8,5C,03,00,00,00,00,00,80
138905,1,206,0,0,8,00,00,00,00,00,00,00,00
138925,0,300,0,0,8,03,A5,64,5A,64,00,64,72
138925,0,301,0,0,3,6B,02,00
138945,1,401,0,0,8,8F,9E,00,00,E1,03,00,00
138965,1,400,0,0,8,01,00,2C,00,00,00,00,00
138965,1,201,0,0,5,C2,01,00,00,63
138975,0,300,0,0,8,03,A5,64,5A,64,00,64,63
138975,0,301,0,0,3,96,03,00
138985,1,203,0,0,8,5C,03,00,00,00,00,00,80
139005,1,206,0,0,8,00,00,00,00,00,00,00,00
139025,0,300,0,0,8,03,A5,64,5A,64,00,64,74
139025,0,301,0,0,3,03,04,00
139045,1,401,0,0,8,8B,9E,00,00,E1,03,00,00
139065,1,400,0,0,8,01,00,2C,00,00,00,00,00
139065,1,201,0,0,5,C2,01,00,00,63
139075,0,300,0,0,8,03,A5,64,5A,64,00,64,65
139075,0,301,0,0,3,54,05,00
139085,1,203,0,0,8,5E,03,00,00,00,00,00,80
139105,1,206,0,0,8,00,00,00,00,00,00,00,00
139125,0,300,0,0,8,03,A5,64,5A,64,00,64,76
139125,0,301,0,0,3,F5,06,00
139145,1,401,0,0,8,8B,9E,00,00,DE,03,00,00
139165,1,400,0,0,8,01,00,2C,00,00,00,00,00
139165,1,201,0,0,5,C2,01,00,00,63
139175,0,300,0,0,8,03,A5,64,5A,64,00,64,67
139175,0,301,0,0,3,B8,07,00
139185,1,203,0,0,8,5E,03,00,00,00,00,00,80
139205,1,206,0,0,8,00,00,00,00,00,00,00,00
139225,1,403,0,0,8,64,00,00,00,40,E3,09,00
139225,0,300,0,0,8,03,A5,64,5A,64,00,64,F8
139225,0,301,0,0,3,80,08,00
139245,1,401,0,0,8,93,9E,00,00,DE,03,00,00
139265,1,400,0,0,8,01,00,2C,00,00,00,00,00
139265,1,201,0,0,5,C2,01,00,00,63
139275,0,300,0,0,8,03,A5,64,5A,64,00,64,E9
139275,0,301,0,0,3,88,09,00
139285,1,203,0,0,8,5A,03,00,00,00,00,00,80
139305,1,206,0,0,8,00,00,00,00,00,00,00,00
139325,0,300,0,0,8,03,A5,64,5A,64,00,64,FA
139325,0,301,0,0,3,C6,0A,00
139345,1,401,0,0,8,93,9E,00,00,DE,03,00,00
139365,1,400,0,0,8,01,00,2C,00,00,00,00,00
139365,1,201,0,0,5,C2,01,00,00,63
139375,0,300,0,0,8,03,A5,64,5A,64,00,64,EB
139375,0,301,0,0,3,43,0B,00
139385,1,203,0,0,8,57,03,00,00,00,00,00,80
139405,1,206,0,0,8,00,00,00,00,00,00,00,00
139425,0,300,0,0,8,03,A5,64,5A,64,00,64,FC
139425,0,301,0,0,3,B5,0C,00
139445,1,401,0,0,8,93,9E,00,00,C6,03,00,00
139465,1,400,0,0,8,01,00,2C,00,00,00,00,00
139465,1,201,0,0,5,C2,01,00,00,63
139475,0,300,0,0,8,03,A5,64,5A,64,00,64,ED
139475,0,301,0,0,3,4E,0D,00
139485,1,203,0,0,8,54,03,00,00,00,00,00,80
139495,1,204,0,0,8,00,00,00,00,00,00,00,00
139505,1,206,0,0,8,00,00,00,00,00,00,00,00
139505,1,202,0,0,8,E2,13,00,00,86,7C,05,00
139525,0,300,0,0,8,03,A5,64,5A,64,00,64,FE
139525,0,301,0,0,3,1D,0E,00
139545,1,401,0,0,8,8D,9E,00,00,C6,03,00,00
139565,1,400,0,0,8,01,00,2C,00,00,00,00,00
139565,1,201,0,0,5,C2,01,00,00,63
139575,0,300,0,0,8,03,A5,64,5A,64,00,64,EF
139575,0,301,0,0,3,E8,0F,00
139585,1,203,0,0,8,4B,03,00,00,00,00,00,80
139605,1,206,0,0,8,00,00,00,00,00,00,00,00
139625,0,300,0,0,8,03,A5,64,5A,64,00,64,70
139625,0,301,0,0,3,E2,00,00
139645,1,401,0,0,8,8D,9E,00,00,D6,03,00,00
139665,1,400,0,0,8,01,00,2C,00,00,00,00,00
139665,1,201,0,0,5,C2,01,00,00,63
139675,0,300,0,0,8,03,A5,64,5A,64,00,64,61
139675,0,301,0,0,3,B3,01,00
139685,1,203,0,0,8,4B,03,00,00,00,00,00,80
139705,1,206,0,0,8,00,00,00,00,00,00,00,00
139725,0,300,0,0,8,03,A5,64,5A,64,00,64,72
139725,0,301,0,0,3,6B,02,00
139725,1,402,0,0,8,58,00,00,00,E0,A4,08,00
139745,1,401,0,0,8,7F,9E,00,00,D6,03,00,00
139765,1,400,0,0,8,01,00,2C,00,00,00,00,00
139765,1,201,0,0,5,C2,01,00,00,63
139775,0,300,0,0,8,03,A5,64,5A,64,00,64,63
139775,0,301,0,0,3,96,03,00
139785,1,203,0,0,8,50,03,00,00,00,00,00,80
139805,1,206,0,0,8,00,00,00,00,00,00,00,00
139825,0,300,0,0,8,03,A5,64,5A,64,00,64,74
139825,0,301,0,0,3,03,04,00
139845,1,401,0,0,8,7F,9E,00,00,D6,03,00,00
139865,1,400,0,0,8,01,00,2C,00,00,00,00,00
139865,1,201,0,0,5,C2,01,00,00,63
139875,0,300,0,0,8,03,A5,64,5A,64,00,64,65
139875,0,301,0,0,3,54,05,00
139885,1,203,0,0,8,57,03,00,00,00,00,00,80
139905,1,206,0,0,8,00,00,00,00,00,00,00,00
139925,0,300,0,0,8,03,A5,64,5A,64,00,64,76
139925,0,301,0,0,3,F5,06,00
139945,1,401,0,0,8,7F,9E,00,00,2F,04,00,00
139965,1,400,0,0,8,01,00,2C,00,00,00,00,00
139965,1,201,0,0,5,C2,01,00,00,63
139975,0,300,0,0,8,03,A5,64,5A,64,00,64,67
139975,0,301,0,0,3,B8,07,00
139985,1,203,0,0,8,5C,03,00,00,00,00,00,80
140005,1,206,0,0,8,00,00,00,00,00,00,00,00
140025,0,300,0,0,8,03,A5,64,5A,64,00,64,F8
140025,0,301,0,0,3,80,08,00
140045,1,401,0,0,8,8B,9E,00,00,2F,04,00,00
140065,1,400,0,0,8,01,00,2C,00,00,00,00,00
140065,1,201,0,0,5,C2,01,00,00,63
140075,0,300,0,0,8,03,A5,64,5A,64,00,64,E9
140075,0,301,0,0,3,88,09,00
140085,1,203,0,0,8,5B,03,00,00,00,00,00,80
140105,1,206,0,0,8,00,00,00,00,00,00,00,00
140125,0,300,0,0,8,03,A5,64,5A,64,00,64,FA
140125,0,301,0,0,3,C6,0A,00
140145,1,401,0,0,8,8B,9E,00,00,0C,04,00,00
140165,1,400,0,0,8,01,00,2C,00,00,00,00,00
140165,1,201,0,0,5,C2,01,00,00,63
140175,0,300,0,0,8,03,A5,64,5A,64,00,64,EB
140175,0,301,0,0,3,43,0B,00
140185,1,203,0,0,8,5A,03,00,00,00,00,00,80
140205,1,206,0,0,8,00,00,00,00,00,00,00,00
140225,0,300,0,0,8,03,A5,64,5A,64,00,64,FC
140225,0,301,0,0,3,B5,0C,00
140225,1,403,0,0,8,64,00,00,00,40,E3,09,00
140245,1,401,0,0,8,8D,9E,00,00,0C,04,00,00
140265,1,400,0,0,8,01,00,2C,00,00,00,00,00
140265,1,201,0,0,5,C2,01,00,00,63
140275,0,300,0,0,8,03,A5,64,5A,64,00,64,ED
140275,0,301,0,0,3,4E,0D,00
140285,1,203,0,0,8,5E,03,00,00,00,00,00,80
140305,1,206,0,0,8,00,00,00,00,00,00,00,00
140325,0,300,0,0,8,03,A5,64,5A,64,00,64,FE
140325,0,301,0,0,3,1D,0E,00
140345,1,401,0,0,8,8D,9E,00,00,0C,04,00,00
140365,1,400,0,0,8,01,00,2C,00,00,00,00,00
140375,1,201,0,0,5,C2,01,00,00,63
140375,0,300,0,0,8,03,A5,64,5A,64,00,64,EF
140375,0,301,0,0,3,E8,0F,00
140385,1,203,0,0,8,5A,03,00,00,00,00,00,80
140405,1,206,0,0,8,00,00,00,00,00,00,00,00
140425,0,300,0,0,8,03,A5,64,5A,64,00,64,70
140425,0,301,0,0,3,E2,00,00
140445,1,401,0,0,8,8D,9E,00,00,E5,03,00,00
140465,1,400,0,0,8,01,00,2C,00,00,00,00,00
140475,1,201,0,0,5,C2,01,00,00,63
140475,0,300,0,0,8,03,A5,64,5A,64,00,64,61
140475,0,301,0,0,3,B3,01,00
140485,1,203,0,0,8,58,03,00,00,00,00,00,80
140495,1,204,0,0,8,00,00,00,00,00,00,00,00
140505,1,206,0,0,8,00,00,00,00,00,00,00,00
140505,1,202,0,0,8,E2,12,00,00,88,7C,05,00
140515,1,666,0,0,8,52,08,05,00,52,95,36,02
140525,0,300,0,0,8,03,A5,64,5A,64,00,64,72
140525,0,301,0,0,3,6B,02,00
140535,1,665,0,0,8,00,00,00,53,4C,18,53,00
140545,1,200,0,0,8,58,00,89,A5,08,00,01,00
140545,1,401,0,0,8,85,9E,00,00,E5,03,00,00
140565,1,400,0,0,8,01,00,2C,00,00,00,00,00
140575,1,201,0,0,5,C2,01,00,00,63
140575,0,300,0,0,8,03,A5,64,5A,64,00,64,63
140575,0,301,0,0,3,96,03,00
140585,1,203,0,0,8,55,03,00,00,00,00,00,80
140605,1,206,0,0,8,00,00,00,00,00,00,00,00
140625,0,300,0,0,8,03,A5,64,5A,64,00,64,74
140625,0,301,0,0,3,03,04,00
140645,1,401,0,0,8,85,9E,00,00,F5,03,00,00
140665,1,400,0,0,8,01,00,2C,00,00,00,00,00
140675,1,201,0,0,5,C2,01,00,00,63
140675,0,300,0,0,8,03,A5,64,5A,64,00,64,65
140675,0,301,0,0,3,54,05,00
140685,1,203,0,0,8,50,03,00,00,00,00,00,80
140705,1,206,0,0,8,00,00,00,00,00,00,00,00
140725,0,300,0,0,8,03,A5,64,5A,64,00,64,76
140725,0,301,0,0,3,F5,06,00
140725,1,402,0,0,8,58,00,00,00,BC,A4,08,00
140745,1,401,0,0,8,7D,9E,00,00,F5,03,00,00
140765,1,400,0,0,8,01,00,2C,00,00,00,00,00
140775,1,201,0,0,5,C2,01,00,00,63
140775,0,300,0,0,8,03,A5,64,5A,64,00,64,67
140775,0,301,0,0,3,B8,07,00
140785,1,203,0,0,8,4C,03,00,00,00,00,00,80
140805,1,206,0,0,8,00,00,00,00,00,00,00,00
140825,0,300,0,0,8,03,A5,64,5A,64,00,64,F8
140825,0,301,0,0,3,80,08,00
140845,1,401,0,0,8,7D,9E,00,00,F5,03,00,00
140865,1,400,0,0,8,01,00,2C,00,00,00,00,00
140875,1,201,0,0,5,C2,01,00,00,63
140875,0,300,0,0,8,03,A5,64,5A,64,00,64,E9
140875,0,301,0,0,3,88,09,00
140885,1,203,0,0,8,4D,03,00,00,00,00,00,80
140905,1,206,0,0,8,00,00,00,00,00,00,00,00
140925,0,300,0,0,8,03,A5,64,5A,64,00,64,FA
140925,0,301,0,0,3,C6,0A,00
140945,1,401,0,0,8,7D,9E,00,00,4B,04,00,00
140965,1,400,0,0,8,01,00,2C,00,00,00,00,00
140975,1,201,0,0,5,C2,01,00,00,63
140975,0,300,0,0,8,03,A5,64,5A,64,00,64,EB
140975,0,301,0,0,3,43,0B,00
140985,1,203,0,0,8,4D,03,00,00,00,00,00,80
141005,1,206,0,0,8,00,00,00,00,00,00,00,00
141025,0,300,0,0,8,03,A5,64,5A,64,00,64,FC
141025,0,301,0,0,3,B5,0C,00
141045,1,401,0,0,8,75,9E,00,00,4B,04,00,00
141065,1,400,0,0,8,01,00,2C,00,00,00,00,00
141075,1,201,0,0,5,C2,01,00,00,63
141075,0,300,0,0,8,03,A5,64,5A,64,00,64,ED
141075,0,301,0,0,3,4E,0D,00
141085,1,203,0,0,8,4D,03,00,00,00,00,00,80
141105,1,206,0,0,8,00,00,00,00,00,00,00,00
141125,0,300,0,0,8,03,A5,64,5A,64,00,64,FE
141125,0,301,0,0,3,1D,0E,00
141145,1,401,0,0,8,75,9E,00,00,91,04,00,00
141165,1,400,0,0,8,01,00,2C,00,00,00,00,00
141175,1,201,0,0,5,C2,01,00,00,63
141175,0,300,0,0,8,03,A5,64,5A,64,00,64,EF
141175,0,301,0,0,3,E8,0F,00
141185,1,203,0,0,8,4C,03,00,00,00,00,00,80
141205,1,206,0,0,8,00,00,00,00,00,00,00,00
141225,0,300,0,0,8,03,A5,64,5A,64,00,64,70
141225,0,301,0,0,3,E2,00,00
141225,1,403,0,0,8,64,00,00,00,40,E3,09,00
141245,1,401,0,0,8,6B,9E,00,00,91,04,00,00
141265,1,400,0,0,8,01,00,2C,00,00,00,00,00
141275,1,201,0,0,5,C2,01,00,00,63
141275,0,300,0,0,8,03,A5,64,5A,64,00,64,61
141275,0,301,0,0,3,B3,01,00
141285,1,203,0,0,8,4A,03,00,00,00,00,00,80
141305,1,206,0,0,8,00,00,00,00,00,00,00,00
141325,0,300,0,0,8,03,A5,64,5A,64,00,64,72
141325,0,301,0,0,3,6B,02,00
141345,1,401,0,0,8,6B,9E,00,00,D6,04,00,00
141365,1,400,0,0,8,01,00,2C,00,00,00,00,00
141375,1,201,0,0,5,C2,01,00,00,63
141375,0,300,0,0,8,03,A5,64,5A,64,00,64,63
141375,0,301,0,0,3,96,03,00
141385,1,203,0,0,8,4F,03,00,00,00,00,00,80
141405,1,206,0,0,8,00,00,00,00,00,00,00,00
141425,0,300,0,0,8,03,A5,64,5A,64,00,64,74
141425,0,301,0,0,3,03,04,00
141445,1,401,0,0,8,6B,9E,00,00,D6,04,00,00
141465,1,400,0,0,8,01,00,2C,00,00,00,00,00
141475,1,201,0,0,5,C2,01,00,00,63
141475,0,300,0,0,8,03,A5,64,5A,64,00,64,65
141475,0,301,0,0,3,54,05,00
141485,1,203,0,0,8,54,03,00,00,00,00,00,80
141495,1,204,0,0,8,00,00,00,00,00,00,00,00
141505,1,206,0,0,8,00,00,00,00,00,00,00,00
141505,1,202,0,0,8,E2,13,00,00,8B,7C,05,00
141525,0,300,0,0,8,03,A5,64,5A,64,00,64,76
141525,0,301,0,0,3,F5,06,00
141545,1,401,0,0,8,71,9E,00,00,D6,04,00,00
141565,1,400,0,0,8,01,00,2C,00,00,00,00,00
141575,1,201,0,0,5,C2,01,00,00,63
141575,0,300,0,0,8,03,A5,64,5A,64,00,64,67
141575,0,301,0,0,3,B8,07,00
141585,1,203,0,0,8,53,03,00,00,00,00,00,80
141605,1,206,0,0,8,00,00,00,00,00,00,00,00
141625,0,300,0,0,8,03,A5,64,5A,64,00,64,F8
141625,0,301,0,0,3,80,08,00
141645,1,401,0,0,8,71,9E,00,00,DD,04,00,00
141665,1,400,0,0,8,01,00,2C,00,00,00,00,00
141675,1,201,0,0,5,C2,01,00,00,63
141675,0,300,0,0,8,03,A5,64,5A,64,00,64,E9
141675,0,301,0,0,3,88,09,00
141685,1,203,0,0,8,55,03,00,00,00,00,00,80
141705,1,206,0,0,8,00,00,00,00,00,00,00,00
141725,0,300,0,0,8,03,A5,64,5A,64,00,64,FA
141725,0,301,0,0,3,C6,0A,00
141725,1,402,0,0,8,58,00,00,00,BC,A4,08,00
141745,1,401,0,0,8,71,9E,00,00,DD,04,00,00
141765,1,400,0,0,8,01,00,2C,00,00,00,00,00
141775,1,201,0,0,5,C2,01,00,00,63
141775,0,300,0,0,8,03,A5,64,5A,64,00,64,EB
141775,0,301,0,0,3,43,0B,00
141785,1,203,0,0,8,56,03,00,00,00,00,00,80
141805,1,206,0,0,8,00,00,00,00,00,00,00,00
141825,0,300,0,0,8,03,A5,64,5A,64,00,64,FC
141825,0,301,0,0,3,B5,0C,00
141845,1,401,0,0,8,71,9E,00,00,B4,04,00,00
141865,1,400,0,0,8,01,00,2C,00,00,00,00,00
141875,1,201,0,0,5,C2,01,00,00,63
141875,0,300,0,0,8,03,A5,64,5A,64,00,64,ED
141875,0,301,0,0,3,4E,0D,00
141885,1,203,0,0,8,5B,03,00,00,00,00,00,80
141905,1,206,0,0,8,00,00,00,00,00,00,00,00
141925,0,300,0,0,8,03,A5,64,5A,64,00,64,FE
141925,0,301,0,0,3,1D,0E,00
141945,1,401,0,0,8,71,9E,00,00,B4,04,00,00
141965,1,400,0,0,8,01,00,2C,00,00,00,00,00
141975,1,201,0,0,5,C2,01,00,00,63
141975,0,300,0,0,8,03,A5,64,5A,64,00,64,EF
141975,0,301,0,0,3,E8,0F,00
141985,1,203,0,0,8,5E,03,00,00,00,00,00,80
142005,1,206,0,0,8,00,00,00,00,00,00,00,00
142025,0,300,0,0,8,03,A5,64,5A,64,00,64,70
142025,0,301,0,0,3,E2,00,00
142045,1,401,0,0,8,7B,9E,00,00,B4,04,00,00
142065,1,400,0,0,8,01,00,2C,00,00,00,00,00
142075,1,201,0,0,5,C2,01,00,00,63
142075,0,300,0,0,8,03,A5,64,5A,64,00,64,61
142075,0,301,0,0,3,B3,01,00
142085,1,203,0,0,8,5A,03,00,00,00,00,00,80
142105,1,206,0,0,8,00,00,00,00,00,00,00,00
142125,0,300,0,0,8,03,A5,64,5A,64,00,64,72
142125,0,301,0,0,3,6B,02,00
142145,1,401,0,0,8,7B,9E,00,00,87,04,00,00
142165,1,400,0,0,8,01,00,2C,00,00,00,00,00
142175,1,201,0,0,5,C2,01,00,00,63
142175,0,300,0,0,8,03,A5,64,5A,64,00,64,63
142175,0,301,0,0,3,96,03,00
142185,1,203,0,0,8,5F,03,00,00,00,00,00,80
142205,1,206,0,0,8,00,00,00,00,00,00,00,00
142225,0,300,0,0,8,03,A5,64,5A,64,00,64,74
142225,0,301,0,0,3,03,04,00
142225,1,403,0,0,8,64,00,00,00,40,E3,09,00
142245,1,401,0,0,8,85,9E,00,00,87,04,00,00
142265,1,400,0,0,8,01,00,2C,00,00,00,00,00
142275,1,201,0,0,5,C2,01,00,00,63
142275,0,300,0,0,8,03,A5,64,5A,64,00,64,65
142275,0,301,0,0,3,54,05,00
142285,1,203,0,0,8,61,03,00,00,00,00,00,80
142305,1,206,0,0,8,00,00,00,00,00,00,00,00
142325,0,300,0,0,8,03,A5,64,5A,64,00,64,76
142325,0,301,0,0,3,F5,06,00
142345,1,401,0,0,8,85,9E,00,00,4A,04,00,00
142365,1,400,0,0,8,01,00,2C,00,00,00,00,00
142375,1,201,0,0,5,C2,01,00,00,63
142375,0,300,0,0,8,03,A5,64,5A,64,00,64,67
142375,0,301,0,0,3,B8,07,00
142385,1,203,0,0,8,61,03,00,00,00,00,00,80
142405,1,206,0,0,8,00,00,00,00,00,00,00,00
142425,0,300,0,0,8,03,A5,64,5A,64,00,64,F8
142425,0,301,0,0,3,80,08,00
142445,1,401,0,0,8,85,9E,00,00,4A,04,00,00
142465,1,400,0,0,8,01,00,2C,00,00,00,00,00
142475,1,201,0,0,5,C2,01,00,00,63
142475,0,300,0,0,8,03,A5,64,5A,64,00,64,E9
142475,0,301,0,0,3,88,09,00
142485,1,203,0,0,8,64,03,00,00,00,00,00,80
142495,1,204,0,0,8,00,00,00,00,00,00,00,00
142505,1,206,0,0,8,00,00,00,00,00,00,00,00
142505,1,202,0,0,8,E2,12,00,00,8B,7C,05,00
142525,0,300,0,0,8,03,A5,64,5A,64,00,64,FA
142525,0,301,0,0,3,C6,0A,00
142545,1,401,0,0,8,8B,9E,00,00,4A,04,00,00
142565,1,400,0,0,8,01,00,2C,00,00,00,00,00
142575,1,201,0,0,5,C2,01,00,00,63
142575,0,300,0,0,8,03,A5,64,5A,64,00,64,EB
142575,0,301,0,0,3,43,0B,00
142585,1,203,0,0,8,66,03,00,00,00,00,00,80
142605,1,206,0,0,8,00,00,00,00,00,00,00,00
142625,0,300,0,0,8,03,A5,64,5A,64,00,64,FC
142625,0,301,0,0,3,B5,0C,00
142645,1,401,0,0,8,8B,9E,00,00,E0,03,00,00
142665,1,400,0,0,8,01,00,2C,00,00,00,00,00
142675,1,201,0,0,5,C2,01,00,00,63
142675,0,300,0,0,8,03,A5,64,5A,64,00,64,ED
142675,0,301,0,0,3,4E,0D,00
142685,1,203,0,0,8,65,03,00,00,00,00,00,80
142705,1,206,0,0,8,00,00,00,00,00,00,00,00
142725,0,300,0,0,8,03,A5,64,5A,64,00,64,FE
142725,0,301,0,0,3,1D,0E,00
142725,1,402,0,0,8,58,00,00,00,BC,A4,08,00
142745,1,401,0,0,8,93,9E,00,00,E0,03,00,00
142765,1,400,0,0,8,01,00,2C,00,00,00,00,00
142775,1,201,0,0,5,C2,01,00,00,63
142775,0,300,0,0,8,03,A5,64,5A,64,00,64,EF
142775,0,301,0,0,3,E8,0F,00
142785,1,203,0,0,8,64,03,00,00,00,00,00,80
142805,1,206,0,0,8,00,00,00,00,00,00,00,00
142825,0,300,0,0,8,03,A5,64,5A,64,00,64,70
142825,0,301,0,0,3,E2,00,00
142845,1,401,0,0,8,93,9E,00,00,9C,03,00,00
142865,1,400,0,0,8,01,00,2C,00,00,00,00,00
142875,1,201,0,0,5,C2,01,00,00,63
142875,0,300,0,0,8,03,A5,64,5A,64,00,64,61
142875,0,301,0,0,3,B3,01,00
142885,1,203,0,0,8,62,03,00,00,00,00,00,80
142905,1,206,0,0,8,00,00,00,00,00,00,00,00
142925,0,300,0,0,8,03,A5,64,5A,64,00,64,72
142925,0,301,0,0,3,6B,02,00
142945,1,401,0,0,8,93,9E,00,00,9C,03,00,00
142965,1,400,0,0,8,01,00,2C,00,00,00,00,00
142975,1,201,0,0,5,CC,01,00,00,63
142975,0,300,0,0,8,03,A5,64,5A,64,00,64,63
142975,0,301,0,0,3,96,03,00
142985,1,203,0,0,8,5B,03,00,00,00,00,00,80
143005,1,206,0,0,8,00,00,00,00,00,00,00,00
143025,0,300,0,0,8,03,A5,64,5A,64,00,64,74
143025,0,301,0,0,3,03,04,00
143055,1,401,0,0,8,8B,9E,00,00,9C,03,00,00
143075,1,400,0,0,8,01,00,2C,00,00,00,00,00
143075,1,201,0,0,5,CC,01,00,00,63
143075,0,300,0,0,8,03,A5,64,5A,64,00,64,65
143075,0,301,0,0,3,54,05,00
143085,1,203,0,0,8,5C,03,00,00,00,00,00,80
143105,1,206,0,0,8,00,00,00,00,00,00,00,00
143125,0,300,0,0,8,03,A5,64,5A,64,00,64,76
143125,0,301,0,0,3,F5,06,00
143155,1,401,0,0,8,8B,9E,00,00,A6,03,00,00
143175,1,400,0,0,8,01,00,2C,00,00,00,00,00
143175,1,201,0,0,5,CC,01,00,00,63
143175,0,300,0,0,8,03,A5,64,5A,64,00,64,67
143175,0,301,0,0,3,B8,07,00
143185,1,203,0,0,8,59,03,00,00,00,00,00,80
143205,1,206,0,0,8,00,00,00,00,00,00,00,00
143225,0,300,0,0,8,03,A5,64,5A,64,00,64,F8
143225,0,301,0,0,3,80,08,00
143235,1,403,0,0,8,64,00,00,00,40,E3,09,00
143255,1,401,0,0,8,8B,9E,00,00,A6,03,00,00
143275,1,400,0,0,8,01,00,2C,00,00,00,00,00
143275,1,201,0,0,5,CC,01,00,00,63
143275,0,300,0,0,8,03,A5,64,5A,64,00,64,E9
143275,0,301,0,0,3,88,09,00
143275,0,404,0,0,2,4A,00
143275,1,405,0,0,8,4A,00,00,00,06,00,00,00
143285,1,203,0,0,8,59,03,00,00,00,00,00,80
143305,0,404,0,0,2,02,30
143305,1,405,0,0,7,02,30,00,00,00,00,00
143305,1,206,0,0,8,00,00,00,00,00,00,00,00
143325,0,300,0,0,8,03,A5,64,5A,64,00,64,FA
143325,0,301,0,0,3,C6,0A,00
143335,0,404,0,0,2,44,00
143335,1,405,0,0,6,44,00,00,00,50,46
143355,1,401,0,0,8,8B,9E,00,00,CE,03,00,00
143365,0,404,0,0,2,01,00
143365,1,405,0,0,8,01,00,00,00,00,04,06,04
143375,1,400,0,0,8,01,00,2C,00,00,00,00,00
143375,0,300,0,0,8,03,A5,64,5A,64,00,64,EB
143375,1,201,0,0,5,CC,01,00,00,63
143375,0,301,0,0,3,43,0B,00
143385,1,203,0,0,8,59,03,00,00,00,00,00,80
143405,0,404,0,0,2,A3,01
143405,1,405,0,0,5,A3,01,00,00,06
143405,1,206,0,0,8,00,00,00,00,00,00,00,00
143425,0,300,0,0,8,03,A5,64,5A,64,00,64,FC
143425,0,301,0,0,3,B5,0C,00
143435,0,404,0,0,2,20,00
143435,1,405,0,0,8,20,00,00,00,32,33,36,47
143455,1,401,0,0,8,8B,9E,00,00,CE,03,00,00
143465,0,404,0,0,2,21,00
143465,1,405,0,0,8,21,00,00,00,35,4C,41,31
143475,1,400,0,0,8,01,00,2C,00,00,00,00,00
143475,0,300,0,0,8,03,A5,64,5A,64,00,64,ED
143475,1,201,0,0,5,CC,01,00,00,63
143475,0,301,0,0,3,4E,0D,00
143485,1,203,0,0,8,53,03,00,00,00,00,00,80
143495,0,404,0,0,2,22,00
143495,1,405,0,0,8,22,00,00,00,30,30,34,52
143495,1,204,0,0,8,00,00,00,00,00,00,00,00
143505,1,206,0,0,8,00,00,00,00,00,00,00,00
143505,1,202,0,0,8,E2,12,00,00,8D,7C,05,00
143515,1,666,0,0,8,52,08,05,00,52,95,36,02
143525,0,300,0,0,8,03,A5,64,5A,64,00,64,FE
143525,0,301,0,0,3,1D,0E,00
143525,0,404,0,0,2,23,00
143525,1,405,0,0,8,23,00,00,00,4D,30,30,30
143535,1,665,0,0,8,00,00,00,53,4C,18,53,00
143545,1,200,0,0,8,58,00,75,A5,08,00,02,00
143555,1,401,0,0,8,87,9E,00,00,CE,03,00,00
143565,0,404,0,0,2,24,00
143565,1,405,0,0,8,24,00,00,00,30,30,30,30
143575,0,300,0,0,8,03,A5,64,5A,64,00,64,EF
143575,1,400,0,0,8,01,00,2C,00,00,00,00,00
143575,0,301,0,0,3,E8,0F,00
143575,1,201,0,0,5,CC,01,00,00,63
143585,1,203,0,0,8,54,03,00,00,00,00,00,80
143585,0,404,0,0,2,25,00
143585,1,405,0,0,8,25,00,00,00,30,30,30,30
143605,1,206,0,0,8,00,00,00,00,00,00,00,00
143615,0,404,0,0,2,26,00
143615,1,405,0,0,8,26,00,00,00,30,30,30,30
143625,0,300,0,0,8,03,A5,64,5A,64,00,64,70
143625,0,301,0,0,3,E2,00,00
143645,0,404,0,0,2,27,00
143645,1,405,0,0,6,27,00,00,00,30,30
143655,1,401,0,0,8,87,9E,00,00,EA,03,00,00
143675,0,300,0,0,8,03,A5,64,5A,64,00,64,61
143675,1,201,0,0,5,CC,01,00,00,63
143675,0,301,0,0,3,B3,01,00
143675,1,400,0,0,8,01,00,2C,00,00,00,00,00
143685,0,404,0,0,2,4C,00
143685,1,405,0,0,8,4C,00,00,00,00,24,00,00
143685,1,203,0,0,8,53,03,00,00,00,00,00,80
143705,1,206,0,0,8,00,00,00,00,00,00,00,00
143715,0,404,0,0,2,46,00
143715,1,405,0,0,5,46,00,00,00,00
143725,0,300,0,0,8,03,A5,64,5A,64,00,64,72
143725,0,301,0,0,3,6B,02,00
143735,1,402,0,0,8,58,00,00,00,98,A4,08,00
143745,0,404,0,0,2,4D,00
143745,1,405,0,0,8,4D,00,00,00,00,00,00,00
143755,1,401,0,0,8,81,9E,00,00,EA,03,00,00
143775,0,300,0,0,8,03,A5,64,5A,64,00,64,63
143775,1,201,0,0,5,CC,01,00,00,63
143775,0,301,0,0,3,96,03,00
143775,1,400,0,0,8,01,00,2C,00,00,00,00,00
143775,0,404,0,0,2,50,00
143775,1,405,0,0,8,50,00,00,00,7F,00,7E,00
143785,1,203,0,0,8,4F,03,00,00,00,00,00,80
143805,0,404,0,0,2,02,00
143805,1,405,0,0,8,02,00,00,00,53,49,43,54
143805,1,206,0,0,8,00,00,00,00,00,00,00,00
143825,0,300,0,0,8,03,A5,64,5A,64,00,64,74
143825,0,301,0,0,3,03,04,00
143835,0,404,0,0,2,0A,00
143835,1,405,0,0,8,0A,00,00,00,30,3A,00,00
143855,1,401,0,0,8,81,9E,00,00,0B,04,00,00
143875,0,300,0,0,8,03,A5,64,5A,64,00,64,65
143875,1,201,0,0,5,CC,01,00,00,63
143875,0,301,0,0,3,54,05,00
143875,1,400,0,0,8,01,00,2C,00,00,00,00,00
143875,0,404,0,0,2,04,00
143875,1,405,0,0,7,04,00,00,00,16,09,02
143885,1,203,0,0,8,4E,03,00,00,00,00,00,80
143895,0,404,0,0,2,B0,01
143905,1,405,0,0,6,B0,01,00,00,00,00
143905,1,206,0,0,8,00,00,00,00,00,00,00,00
143925,0,300,0,0,8,03,A5,64,5A,64,00,64,76
143925,0,301,0,0,3,F5,06,00
143935,0,404,0,0,2,B1,01
143935,1,405,0,0,6,B1,01,00,00,00,00
143955,1,401,0,0,8,81,9E,00,00,0B,04,00,00
143975,0,300,0,0,8,03,A5,64,5A,64,00,64,67
143975,1,201,0,0,5,CC,01,00,00,63
143975,0,301,0,0,3,B8,07,00
143975,1,400,0,0,8,01,00,2C,00,00,00,00,00
143985,1,203,0,0,8,4D,03,00,00,00,00,00,80
144005,1,206,0,0,8,00,00,00,00,00,00,00,00
144025,0,300,0,0,8,03,A5,64,5A,64,00,64,F8
144025,0,301,0,0,3,80,08,00
144055,1,401,0,0,8,79,9E,00,00,0B,04,00,00
144075,0,300,0,0,8,03,A5,64,5A,64,00,64,E9
144075,1,201,0,0,5,CC,01,00,00,63
144075,0,301,0,0,3,88,09,00
144075,1,400,0,0,8,01,00,2C,00,00,00,00,00
144085,1,203,0,0,8,4D,03,00,00,00,00,00,80
144105,1,206,0,0,8,00,00,00,00,00,00,00,00
144125,0,300,0,0,8,03,A5,64,5A,64,00,64,FA
144125,0,301,0,0,3,C6,0A,00
144155,1,401,0,0,8,79,9E,00,00,5A,04,00,00
144175,0,300,0,0,8,03,A5,64,5A,64,00,64,EB
144175,1,201,0,0,5,CC,01,00,00,63
144175,0,301,0,0,3,43,0B,00
144175,1,400,0,0,8,01,00,2C,00,00,00,00,00
144185,1,203,0,0,8,4E,03,00,00,00,00,00,80
144205,1,206,0,0,8,00,00,00,00,00,00,00,00
144225,0,300,0,0,8,03,A5,64,5A,64,00,64,FC
144225,0,301,0,0,3,B5,0C,00
144235,1,403,0,0,8,64,00,00,00,40,E3,09,00
144255,1,401,0,0,8,77,9E,00,00,5A,04,00,00
144275,1,201,0,0,5,CC,01,00,00,63
144275,0,300,0,0,8,03,A5,64,5A,64,00,64,ED
144275,0,301,0,0,3,4E,0D,00
144275,1,400,0,0,8,01,00,2C,00,00,00,00,00
144285,1,203,0,0,8,4E,03,00,00,00,00,00,80
144305,1,206,0,0,8,00,00,00,00,00,00,00,00
144325,0,300,0,0,8,03,A5,64,5A,64,00,64,FE
144325,0,301,0,0,3,1D,0E,00
144355,1,401,0,0,8,77,9E,00,00,72,04,00,00
144375,0,300,0,0,8,03,A5,64,5A,64,00,64,EF
144375,0,301,0,0,3,E8,0F,00
144375,1,201,0,0,5,CC,01,00,00,63
144375,1,400,0,0,8,01,00,2C,00,00,00,00,00
144385,1,203,0,0,8,4E,03,00,00,00,00,00,80
144405,1,206,0,0,8,00,00,00,00,00,00,00,00
144425,0,300,0,0,8,03,A5,64,5A,64,00,64,70
144425,0,301,0,0,3,E2,00,00
144455,1,401,0,0,8,77,9E,00,00,72,04,00,00
144475,0,300,0,0,8,03,A5,64,5A,64,00,64,61
144475,0,301,0,0,3,B3,01,00
144475,1,201,0,0,5,CC,01,00,00,63
144475,1,400,0,0,8,01,00,2C,00,00,00,00,00
144485,1,203,0,0,8,52,03,00,00,00,00,00,80
144495,1,204,0,0,8,00,00,00,00,00,00,00,00
144505,1,206,0,0,8,00,00,00,00,00,00,00,00
144505,1,202,0,0,8,E2,12,00,00,8D,7C,05,00
144525,0,300,0,0,8,03,A5,64,5A,64,00,64,72
144525,0,301,0,0,3,6B,02,00
144555,1,401,0,0,8,77,9E,00,00,72,04,00,00
144575,0,300,0,0,8,03,A5,64,5A,64,00,64,63
144575,0,301,0,0,3,96,03,00
144575,1,201,0,0,5,CC,01,00,00,63
144575,1,400,0,0,8,01,00,2C,00,00,00,00,00
144585,1,203,0,0,8,50,03,00,00,00,00,00,80
144605,1,206,0,0,8,00,00,00,00,00,00,00,00
144625,0,300,0,0,8,03,A5,64,5A,64,00,64,74
144625,0,301,0,0,3,03,04,00
144655,1,401,0,0,8,77,9E,00,00,72,04,00,00
144675,0,300,0,0,8,03,A5,64,5A,64,00,64,65
144675,0,301,0,0,3,54,05,00
144675,1,201,0,0,5,CC,01,00,00,63
144675,1,400,0,0,8,01,00,2C,00,00,00,00,00
144685,1,203,0,0,8,4E,03,00,00,00,00,00,80
144705,1,206,0,0,8,00,00,00,00,00,00,00,00
144725,0,300,0,0,8,03,A5,64,5A,64,00,64,76
144725,0,301,0,0,3,F5,06,00
144735,1,402,0,0,8,58,00,00,00,98,A4,08,00
144755,1,401,0,0,8,71,9E,00,00,72,04,00,00
144775,0,300,0,0,8,03,A5,64,5A,64,00,64,67
144775,0,301,0,0,3,B8,07,00
144775,1,201,0,0,5,B8,01,00,00,63
144775,1,400,0,0,8,01,00,2C,00,00,00,00,00
144785,1,203,0,0,8,4D,03,00,00,00,00,00,80
144805,1,206,0,0,8,00,00,00,00,00,00,00,00
144825,0,300,0,0,8,03,A5,64,5A,64,00,64,F8
144825,0,301,0,0,3,80,08,00
144855,1,401,0,0,8,71,9E,00,00,84,04,00,00
144875,0,300,0,0,8,03,A5,64,5A,64,00,64,E9
144875,0,301,0,0,3,88,09,00
144875,1,201,0,0,5,B8,01,00,00,63
144875,1,400,0,0,8,01,00,2C,00,00,00,00,00
144885,1,203,0,0,8,45,03,00,00,00,00,00,80
144905,1,206,0,0,8,00,00,00,00,00,00,00,00
144925,0,300,0,0,8,03,A5,64,5A,64,00,64,FA
144925,0,301,0,0,3,C6,0A,00
144955,1,401,0,0,8,71,9E,00,00,84,04,00,00
144975,0,300,0,0,8,03,A5,64,5A,64,00,64,EB
144975,0,301,0,0,3,43,0B,00
144975,1,201,0,0,5,B8,01,00,00,63
144975,1,400,0,0,8,01,00,2C,00,00,00,00,00
144985,1,203,0,0,8,44,03,00,00,00,00,00,80
145005,1,206,0,0,8,00,00,00,00,00,00,00,00
145025,0,300,0,0,8,03,A5,64,5A,64,00,64,FC
145025,0,301,0,0,3,B5,0C,00
145055,1,401,0,0,8,6B,9E,00,00,84,04,00,00
145075,0,300,0,0,8,03,A5,64,5A,64,00,64,ED
145075,0,301,0,0,3,4E,0D,00
145075,1,201,0,0,5,B8,01,00,00,63
145075,1,400,0,0,8,01,00,2C,00,00,00,00,00
145085,1,203,0,0,8,43,03,00,00,00,00,00,80
145105,1,206,0,0,8,00,00,00,00,00,00,00,00
145125,0,300,0,0,8,03,A5,64,5A,64,00,64,FE
145125,0,301,0,0,3,1D,0E,00
145155,1,401,0,0,8,6B,9E,00,00,C8,04,00,00
145175,0,300,0,0,8,03,A5,64,5A,64,00,64,EF
145175,0,301,0,0,3,E8,0F,00
145175,1,201,0,0,5,B8,01,00,00,63
145175,1,400,0,0,8,01,00,2C,00,00,00,00,00
145185,1,203,0,0,8,42,03,00,00,00,00,00,80
145205,1,206,0,0,8,00,00,00,00,00,00,00,00
145225,0,300,0,0,8,03,A5,64,5A,64,00,64,70
145225,0,301,0,0,3,E2,00,00
145235,1,403,0,0,8,64,00,00,00,40,E3,09,00
145255,1,401,0,0,8,63,9E,00,00,C8,04,00,00
145275,1,201,0,0,5,B8,01,00,00,63
145275,0,300,0,0,8,03,A5,64,5A,64,00,64,61
145275,0,301,0,0,3,B3,01,00
145275,1,400,0,0,8,01,00,2C,00,00,00,00,00
145285,1,203,0,0,8,45,03,00,00,00,00,00,80
145305,1,206,0,0,8,00,00,00,00,00,00,00,00
145325,0,300,0,0,8,03,A5,64,5A,64,00,64,72
145325,0,301,0,0,3,6B,02,00
145355,1,401,0,0,8,63,9E,00,00,12,05,00,00
145375,0,300,0,0,8,03,A5,64,5A,64,00,64,63
145375,0,301,0,0,3,96,03,00
145375,1,201,0,0,5,B8,01,00,00,63
145375,1,400,0,0,8,01,00,2C,00,00,00,00,00
145385,1,203,0,0,8,48,03,00,00,00,00,00,80
145405,1,206,0,0,8,00,00,00,00,00,00,00,00
145425,0,300,0,0,8,03,A5,64,5A,64,00,64,74
145425,0,301,0,0,3,03,04,00
145455,1,401,0,0,8,63,9E,00,00,12,05,00,00
145475,0,300,0,0,8,03,A5,64,5A,64,00,64,65
145475,0,301,0,0,3,54,05,00
145475,1,201,0,0,5,B8,01,00,00,63
145475,1,400,0,0,8,01,00,2C,00,00,00,00,00
145485,1,203,0,0,8,48,03,00,00,00,00,00,80
145495,1,204,0,0,8,00,00,00,00,00,00,00,00
145505,1,206,0,0,8,00,00,00,00,00,00,00,00
145505,1,202,0,0,8,E2,12,00,00,8F,7C,05,00
145525,0,300,0,0,8,03,A5,64,5A,64,00,64,76
145525,0,301,0,0,3,F5,06,00
145555,1,401,0,0,8,5B,9E,00,00,12,05,00,00
145575,0,300,0,0,8,03,A5,64,5A,64,00,64,67
145575,0,301,0,0,3,B8,07,00
145575,1,201,0,0,5,B8,01,00,00,63
145575,1,400,0,0,8,01,00,2C,00,00,00,00,00
145585,1,203,0,0,8,53,03,00,00,00,00,00,80
145605,1,206,0,0,8,00,00,00,00,00,00,00,00
145625,0,300,0,0,8,03,A5,64,5A,64,00,64,F8
145625,0,301,0,0,3,80,08,00
145655,1,401,0,0,8,5B,9E,00,00,41,05,00,00
145675,0,300,0,0,8,03,A5,64,5A,64,00,64,E9
145675,0,301,0,0,3,88,09,00
145675,1,201,0,0,5,B8,01,00,00,63
145675,1,400,0,0,8,01,00,2C,00,00,00,00,00
145685,1,203,0,0,8,57,03,00,00,00,00,00,80
145705,1,206,0,0,8,00,00,00,00,00,00,00,00
145725,0,300,0,0,8,03,A5,64,5A,64,00,64,FA
145725,0,301,0,0,3,C6,0A,00
145735,1,402,0,0,8,58,00,00,00,98,A4,08,00
145755,1,401,0,0,8,67,9E,00,00,41,05,00,00
145775,0,300,0,0,8,03,A5,64,5A,64,00,64,EB
145775,0,301,0,0,3,43,0B,00
145775,1,201,0,0,5,B8,01,00,00,63
145775,1,400,0,0,8,01,00,2C,00,00,00,00,00
145785,1,203,0,0,8,5A,03,00,00,00,00,00,80
145805,1,206,0,0,8,00,00,00,00,00,00,00,00
145825,0,300,0,0,8,03,A5,64,5A,64,00,64,FC
145825,0,301,0,0,3,B5,0C,00
145855,1,401,0,0,8,67,9E,00,00,07,05,00,00
145875,0,300,0,0,8,03,A5,64,5A,64,00,64,ED
145875,0,301,0,0,3,4E,0D,00
145875,1,201,0,0,5,B8,01,00,00,63
145875,1,400,0,0,8,01,00,2C,00,00,00,00,00
145885,1,203,0,0,8,5C,03,00,00,00,00,00,80
145905,1,206,0,0,8,00,00,00,00,00,00,00,00
145925,0,300,0,0,8,03,A5,64,5A,64,00,64,FE
145925,0,301,0,0,3,1D,0E,00
145955,1,401,0,0,8,67,9E,00,00,07,05,00,00
145975,0,300,0,0,8,03,A5,64,5A,64,00,64,EF
145975,0,301,0,0,3,E8,0F,00
145975,1,201,0,0,5,B8,01,00,00,63
145975,1,400,0,0,8,01,00,2C,00,00,00,00,00
145985,1,203,0,0,8,5D,03,00,00,00,00,00,80
146005,1,206,0,0,8,00,00,00,00,00,00,00,00
146025,0,300,0,0,8,03,A5,64,5A,64,00,64,70
146025,0,301,0,0,3,E2,00,00
146055,1,401,0,0,8,6D,9E,00,00,07,05,00,00
146075,0,300,0,0,8,03,A5,64,5A,64,00,64,61
146075,0,301,0,0,3,B3,01,00
146075,1,201,0,0,5,B8,01,00,00,63
146075,1,400,0,0,8,01,00,2C,00,00,00,00,00
146085,1,203,0,0,8,5E,03,00,00,00,00,00,80
146105,1,206,0,0,8,00,00,00,00,00,00,00,00
146125,0,300,0,0,8,03,A5,64,5A,64,00,64,72
146125,0,301,0,0,3,6B,02,00
146155,1,401,0,0,8,6D,9E,00,00,C2,04,00,00
146175,0,300,0,0,8,03,A5,64,5A,64,00,64,63
146175,0,301,0,0,3,96,03,00
146175,1,201,0,0,5,B8,01,00,00,63
146175,1,400,0,0,8,01,00,2C,00,00,00,00,00
146185,1,203,0,0,8,5C,03,00,00,00,00,00,80
146205,1,206,0,0,8,00,00,00,00,00,00,00,00
146225,0,300,0,0,8,03,A5,64,5A,64,00,64,74
146225,0,301,0,0,3,03,04,00
146235,1,403,0,0,8,64,00,00,00,40,E3,09,00
146255,1,401,0,0,8,67,9E,00,00,C2,04,00,00
146275,1,201,0,0,5,B8,01,00,00,63
146275,0,300,0,0,8,03,A5,64,5A,64,00,64,65
146275,0,301,0,0,3,54,05,00
146275,1,400,0,0,8,01,00,2C,00,00,00,00,00
146285,1,203,0,0,8,54,03,00,00,00,00,00,80
146305,1,206,0,0,8,00,00,00,00,00,00,00,00
146325,0,300,0,0,8,03,A5,64,5A,64,00,64,76
146325,0,301,0,0,3,F5,06,00
146355,1,401,0,0,8,67,9E,00,00,D3,04,00,00
146375,0,300,0,0,8,03,A5,64,5A,64,00,64,67
146375,0,301,0,0,3,B8,07,00
146375,1,201,0,0,5,B8,01,00,00,63
146375,1,400,0,0,8,01,00,2C,00,00,00,00,00
146385,1,203,0,0,8,53,03,00,00,00,00,00,80
146405,1,206,0,0,8,00,00,00,00,00,00,00,00
146425,0,300,0,0,8,03,A5,64,5A,64,00,64,F8
146425,0,301,0,0,3,80,08,00
146455,1,401,0,0,8,67,9E,00,00,D3,04,00,00
146475,0,300,0,0,8,03,A5,64,5A,64,00,64,E9
146475,0,301,0,0,3,88,09,00
146475,1,201,0,0,5,C2,01,00,00,63
146475,1,400,0,0,8,01,00,2C,00,00,00,00,00
146485,1,203,0,0,8,59,03,00,00,00,00,00,80
146495,1,204,0,0,8,00,00,00,00,00,00,00,00
146505,1,206,0,0,8,00,00,00,00,00,00,00,00
146505,1,202,0,0,8,E2,12,00,00,91,7C,05,00
146525,1,666,0,0,8,52,08,05,00,52,95,36,02
146525,0,300,0,0,8,03,A5,64,5A,64,00,64,FA
146525,0,301,0,0,3,C6,0A,00
146535,1,665,0,0,8,00,00,00,53,4C,18,53,00
146545,1,200,0,0,8,58,00,60,A5,08,00,00,00
146555,1,401,0,0,8,65,9E,00,00,D3,04,00,00
146575,0,300,0,0,8,03,A5,64,5A,64,00,64,EB
146575,0,301,0,0,3,43,0B,00
146575,1,201,0,0,5,C2,01,00,00,63
146575,1,400,0,0,8,01,00,2C,00,00,00,00,00
146585,1,203,0,0,8,58,03,00,00,00,00,00,80
146605,1,206,0,0,8,00,00,00,00,00,00,00,00
146625,0,300,0,0,8,03,A5,64,5A,64,00,64,FC
146625,0,301,0,0,3,B5,0C,00
146655,1,401,0,0,8,65,9E,00,00,03,05,00,00
146675,0,300,0,0,8,03,A5,64,5A,64,00,64,ED
146675,0,301,0,0,3,4E,0D,00
146675,1,201,0,0,5,C2,01,00,00,63
146675,1,400,0,0,8,01,00,2C,00,00,00,00,00
146685,1,203,0,0,8,5E,03,00,00,00,00,00,80
146705,1,206,0,0,8,00,00,00,00,00,00,00,00
146725,0,300,0,0,8,03,A5,64,5A,64,00,64,FE
146725,0,301,0,0,3,1D,0E,00
146735,1,402,0,0,8,58,00,00,00,74,A4,08,00
146755,1,401,0,0,8,6B,9E,00,00,03,05,00,00
146775,0,300,0,0,8,03,A5,64,5A,64,00,64,EF
146775,0,301,0,0,3,E8,0F,00
146775,1,201,0,0,5,C2,01,00,00,63
146775,1,400,0,0,8,01,00,2C,00,00,00,00,00
146785,1,203,0,0,8,61,03,00,00,00,00,00,80
146805,1,206,0,0,8,00,00,00,00,00,00,00,00
146825,0,300,0,0,8,03,A5,64,5A,64,00,64,70
146825,0,301,0,0,3,E2,00,00
146855,1,401,0,0,8,6B,9E,00,00,E1,04,00,00
146875,0,300,0,0,8,03,A5,64,5A,64,00,64,61
146875,0,301,0,0,3,B3,01,00
146875,1,201,0,0,5,C2,01,00,00,63
146875,1,400,0,0,8,01,00,2C,00,00,00,00,00
146885,1,203,0,0,8,61,03,00,00,00,00,00,80
146905,1,206,0,0,8,00,00,00,00,00,00,00,00
146925,0,300,0,0,8,03,A5,64,5A,64,00,64,72
146925,0,301,0,0,3,6B,02,00
146955,1,401,0,0,8,6B,9E,00,00,E1,04,00,00
146975,0,300,0,0,8,03,A5,64,5A,64,00,64,63
146975,0,301,0,0,3,96,03,00
146975,1,201,0,0,5,C2,01,00,00,63
146975,1,400,0,0,8,01,00,2C,00,00,00,00,00
146985,1,203,0,0,8,62,03,00,00,00,00,00,80
147005,1,206,0,0,8,00,00,00,00,00,00,00,00
147025,0,300,0,0,8,03,A5,64,5A,64,00,64,74
147025,0,301,0,0,3,03,04,00
147055,1,401,0,0,8,73,9E,00,00,E1,04,00,00
147075,0,300,0,0,8,03,A5,64,5A,64,00,64,65
147075,0,301,0,0,3,54,05,00
147075,1,201,0,0,5,C2,01,00,00,63
147075,1,400,0,0,8,01,00,2C,00,00,00,00,00
147085,1,203,0,0,8,62,03,00,00,00,00,00,80
147105,1,206,0,0,8,00,00,00,00,00,00,00,00
147125,0,300,0,0,8,03,A5,64,5A,64,00,64,76
147125,0,301,0,0,3,F5,06,00
147155,1,401,0,0,8,73,9E,00,00,9F,04,00,00
147175,0,300,0,0,8,03,A5,64,5A,64,00,64,67
147175,0,301,0,0,3,B8,07,00
147175,1,201,0,0,5,C2,01,00,00,63
147185,1,400,0,0,8,01,00,2C,00,00,00,00,00
147185,1,203,0,0,8,5D,03,00,00,00,00,00,80
147205,1,206,0,0,8,00,00,00,00,00,00,00,00
147225,0,300,0,0,8,03,A5,64,5A,64,00,64,F8
147225,0,301,0,0,3,80,08,00
147245,1,403,0,0,8,64,00,00,00,40,E3,09,00
147265,1,401,0,0,8,75,9E,00,00,9F,04,00,00
147275,1,201,0,0,5,C2,01,00,00,63
147275,0,300,0,0,8,03,A5,64,5A,64,00,64,E9
147275,0,301,0,0,3,88,09,00
147285,1,400,0,0,8,01,00,2C,00,00,00,00,00
147285,1,203,0,0,8,61,03,00,00,00,00,00,80
147305,1,206,0,0,8,00,00,00,00,00,00,00,00
147325,0,300,0,0,8,03,A5,64,5A,64,00,64,FA
147325,0,301,0,0,3,C6,0A,00
147365,1,401,0,0,8,75,9E,00,00,76,04,00,00
147375,0,300,0,0,8,03,A5,64,5A,64,00,64,EB
147375,0,301,0,0,3,43,0B,00
147375,1,201,0,0,5,C2,01,00,00,63
147385,1,400,0,0,8,01,00,2C,00,00,00,00,00
147385,1,203,0,0,8,5E,03,00,00,00,00,00,80
147405,1,206,0,0,8,00,00,00,00,00,00,00,00
147425,0,300,0,0,8,03,A5,64,5A,64,00,64,FC
147425,0,301,0,0,3,B5,0C,00
147465,1,401,0,0,8,75,9E,00,00,76,04,00,00
147475,0,300,0,0,8,03,A5,64,5A,64,00,64,ED
147475,0,301,0,0,3,4E,0D,00
147475,1,201,0,0,5,C2,01,00,00,63
147485,1,400,0,0,8,01,00,2C,00,00,00,00,00
147485,1,203,0,0,8,58,03,00,00,00,00,00,80
147495,1,204,0,0,8,00,00,00,00,00,00,00,00
147505,1,206,0,0,8,00,00,00,00,00,00,00,00
147505,1,202,0,0,8,E2,13,00,00,91,7C,05,00
147525,0,300,0,0,8,03,A5,64,5A,64,00,64,FE
147525,0,301,0,0,3,1D,0E,00
147565,1,401,0,0,8,6D,9E,00,00,76,04,00,00
147575,0,300,0,0,8,03,A5,64,5A,64,00,64,EF
147575,0,301,0,0,3,E8,0F,00
147575,1,201,0,0,5,C2,01,00,00,63
147585,1,400,0,0,8,01,00,2C,00,00,00,00,00
147585,1,203,0,0,8,4E,03,00,00,00,00,00,80
147605,1,206,0,0,8,00,00,00,00,00,00,00,00
147625,0,300,0,0,8,03,A5,64,5A,64,00,64,70
147625,0,301,0,0,3,E2,00,00
147665,1,401,0,0,8,6D,9E,00,00,82,04,00,00
147675,0,300,0,0,8,03,A5,64,5A,64,00,64,61
147675,0,301,0,0,3,B3,01,00
147675,1,201,0,0,5,C2,01,00,00,63
147685,1,400,0,0,8,01,00,2C,00,00,00,00,00
147685,1,203,0,0,8,47,03,00,00,00,00,00,80
147705,1,206,0,0,8,00,00,00,00,00,00,00,00
147725,0,300,0,0,8,03,A5,64,5A,64,00,64,72
147725,0,301,0,0,3,6B,02,00
147745,1,402,0,0,8,58,00,00,00,74,A4,08,00
147765,1,401,0,0,8,59,9E,00,00,82,04,00,00
147775,0,300,0,0,8,03,A5,64,5A,64,00,64,63
147775,0,301,0,0,3,96,03,00
147775,1,201,0,0,5,C2,01,00,00,63
147785,1,400,0,0,8,01,00,2C,00,00,00,00,00
147785,1,203,0,0,8,41,03,00,00,00,00,00,80
147805,1,206,0,0,8,00,00,00,00,00,00,00,00
147825,0,300,0,0,8,03,A5,64,5A,64,00,64,74
147825,0,301,0,0,3,03,04,00
147865,1,401,0,0,8,59,9E,00,00,06,05,00,00
147875,0,300,0,0,8,03,A5,64,5A,64,00,64,65
147875,0,301,0,0,3,54,05,00
147875,1,201,0,0,5,C2,01,00,00,63
147885,1,400,0,0,8,01,00,2C,00,00,00,00,00
147885,1,203,0,0,8,41,03,00,00,00,00,00,80
147905,1,206,0,0,8,00,00,00,00,00,00,00,00
147925,0,300,0,0,8,03,A5,64,5A,64,00,64,76
147925,0,301,0,0,3,F5,06,00
147965,1,401,0,0,8,59,9E,00,00,06,05,00,00
147975,0,300,0,0,8,03,A5,64,5A,64,00,64,67
147975,0,301,0,0,3,B8,07,00
147975,1,201,0,0,5,C2,01,00,00,63
147985,1,400,0,0,8,01,00,2C,00,00,00,00,00
147985,1,203,0,0,8,3D,03,00,00,00,00,00,80
148005,1,206,0,0,8,00,00,00,00,00,00,00,00
148025,0,300,0,0,8,03,A5,64,5A,64,00,64,F8
148025,0,301,0,0,3,80,08,00
148065,1,401,0,0,8,51,9E,00,00,06,05,00,00
148075,0,300,0,0,8,03,A5,64,5A,64,00,64,E9
148075,0,301,0,0,3,88,09,00
148075,1,201,0,0,5,C2,01,00,00,63
148085,1,400,0,0,8,01,00,2C,00,00,00,00,00
148085,1,203,0,0,8,3A,03,00,00,00,00,00,80
148105,1,206,0,0,8,00,00,00,00,00,00,00,00
148125,0,300,0,0,8,03,A5,64,5A,64,00,64,FA
148125,0,301,0,0,3,C6,0A,00
148165,1,401,0,0,8,51,9E,00,00,7A,05,00,00
148175,0,300,0,0,8,03,A5,64,5A,64,00,64,EB
148175,0,301,0,0,3,43,0B,00
148175,1,201,0,0,5,B8,01,00,00,63
148185,1,400,0,0,8,01,00,2C,00,00,00,00,00
148185,1,203,0,0,8,3A,03,00,00,00,00,00,80
148205,1,206,0,0,8,00,00,00,00,00,00,00,00
148225,0,300,0,0,8,03,A5,64,5A,64,00,64,FC
148225,0,301,0,0,3,B5,0C,00
148245,1,403,0,0,8,64,00,00,00,40,E3,09,00
148265,1,401,0,0,8,41,9E,00,00,7A,05,00,00
148275,0,300,0,0,8,03,A5,64,5A,64,00,64,ED
148275,0,301,0,0,3,4E,0D,00
148275,1,201,0,0,5,B8,01,00,00,63
148285,1,400,0,0,8,01,00,2C,00,00,00,00,00
148285,1,203,0,0,8,3B,03,00,00,00,00,00,80
148305,1,206,0,0,8,00,00,00,00,00,00,00,00
148325,0,300,0,0,8,03,A5,64,5A,64,00,64,FE
148325,0,301,0,0,3,1D,0E,00
148365,1,401,0,0,8,41,9E,00,00,E3,05,00,00
148375,0,300,0,0,8,03,A5,64,5A,64,00,64,EF
148375,0,301,0,0,3,E8,0F,00
148375,1,201,0,0,5,B8,01,00,00,63
148385,1,400,0,0,8,01,00,2C,00,00,00,00,00
148385,1,203,0,0,8,3C,03,00,00,00,00,00,80
148405,1,206,0,0,8,00,00,00,00,00,00,00,00
148425,0,300,0,0,8,03,A5,64,5A,64,00,64,70
148425,0,301,0,0,3,E2,00,00
148465,1,401,0,0,8,41,9E,00,00,E3,05,00,00
148475,0,300,0,0,8,03,A5,64,5A,64,00,64,61
148475,0,301,0,0,3,B3,01,00
148475,1,201,0,0,5,B8,01,00,00,63
148485,1,400,0,0,8,01,00,2C,00,00,00,00,00
148485,1,203,0,0,8,3C,03,00,00,00,00,00,80
148495,1,204,0,0,8,00,00,00,00,00,00,00,00
148505,1,206,0,0,8,00,00,00,00,00,00,00,00
148505,1,202,0,0,8,E2,12,00,00,93,7C,05,00
148525,0,300,0,0,8,03,A5,64,5A,64,00,64,72
148525,0,301,0,0,3,6B,02,00
148565,1,401,0,0,8,32,9E,00,00,E3,05,00,00
148575,0,300,0,0,8,03,A5,64,5A,64,00,64,63
148575,0,301,0,0,3,96,03,00
148575,1,201,0,0,5,B8,01,00,00,63
148585,1,400,0,0,8,01,00,2C,00,00,00,00,00
148585,1,203,0,0,8,3C,03,00,00,00,00,00,80
148605,1,206,0,0,8,00,00,00,00,00,00,00,00
148625,0,300,0,0,8,03,A5,64,5A,64,00,64,74
148625,0,301,0,0,3,03,04,00
148665,1,401,0,0,8,32,9E,00,00,50,06,00,00
148675,0,300,0,0,8,03,A5,64,5A,64,00,64,65
148675,0,301,0,0,3,54,05,00
148675,1,201,0,0,5,B8,01,00,00,63
148685,1,400,0,0,8,01,00,2C,00,00,00,00,00
148685,1,203,0,0,8,3A,03,00,00,00,00,00,80
148705,1,206,0,0,8,00,00,00,00,00,00,00,00
148725,0,300,0,0,8,03,A5,64,5A,64,00,64,76
148725,0,301,0,0,3,F5,06,00
148745,1,402,0,0,8,58,00,00,00,74,A4,08,00
148765,1,401,0,0,8,2A,9E,00,00,50,06,00,00
148775,0,300,0,0,8,03,A5,64,5A,64,00,64,67
148775,0,301,0,0,3,B8,07,00
148775,1,201,0,0,5,B8,01,00,00,63
148785,1,400,0,0,8,01,00,2C,00,00,00,00,00
148785,1,203,0,0,8,3F,03,00,00,00,00,00,80
148805,1,206,0,0,8,00,00,00,00,00,00,00,00
148825,0,300,0,0,8,03,A5,64,5A,64,00,64,F8
148825,0,301,0,0,3,80,08,00
148865,1,401,0,0,8,2A,9E,00,00,AC,06,00,00
148875,0,300,0,0,8,03,A5,64,5A,64,00,64,E9
148875,0,301,0,0,3,88,09,00
148875,1,201,0,0,5,B8,01,00,00,63
148885,1,400,0,0,8,01,00,2C,00,00,00,00,00
148885,1,203,0,0,8,3E,03,00,00,00,00,00,80
148905,1,206,0,0,8,00,00,00,00,00,00,00,00
148925,0,300,0,0,8,03,A5,64,5A,64,00,64,FA
148925,0,301,0,0,3,C6,0A,00
148965,1,401,0,0,8,2A,9E,00,00,AC,06,00,00
148975,0,300,0,0,8,03,A5,64,5A,64,00,64,EB
148975,0,301,0,0,3,43,0B,00
148975,1,201,0,0,5,B8,01,00,00,63
148985,1,400,0,0,8,01,00,2C,00,00,00,00,00
148985,1,203,0,0,8,44,03,00,00,00,00,00,80
149005,1,206,0,0,8,00,00,00,00,00,00,00,00
149025,0,300,0,0,8,03,A5,64,5A,64,00,64,FC
149025,0,301,0,0,3,B5,0C,00
149065,1,401,0,0,8,28,9E,00,00,AC,06,00,00
149075,0,300,0,0,8,03,A5,64,5A,64,00,64,ED
149075,0,301,0,0,3,4E,0D,00
149075,1,201,0,0,5,B8,01,00,00,63
149085,1,400,0,0,8,01,00,2C,00,00,00,00,00
149085,1,203,0,0,8,45,03,00,00,00,00,00,80
149105,1,206,0,0,8,00,00,00,00,00,00,00,00
149125,0,300,0,0,8,03,A5,64,5A,64,00,64,FE
149125,0,301,0,0,3,1D,0E,00
149165,1,401,0,0,8,28,9E,00,00,E0,06,00,00
149175,0,300,0,0,8,03,A5,64,5A,64,00,64,EF
149175,0,301,0,0,3,E8,0F,00
149175,1,201,0,0,5,B8,01,00,00,63
149185,1,400,0,0,8,01,00,2C,00,00,00,00,00
149185,1,203,0,0,8,43,03,00,00,00,00,00,80
149205,1,206,0,0,8,00,00,00,00,00,00,00,00
149225,0,300,0,0,8,03,A5,64,5A,64,00,64,70
149225,0,301,0,0,3,E2,00,00
149245,1,403,0,0,8,64,00,00,00,40,E3,09,00
149265,1,401,0,0,8,22,9E,00,00,E0,06,00,00
149275,0,300,0,0,8,03,A5,64,5A,64,00,64,61
149275,0,301,0,0,3,B3,01,00
149275,1,201,0,0,5,B8,01,00,00,63
149285,1,400,0,0,8,01,00,2C,00,00,00,00,00
149285,1,203,0,0,8,45,03,00,00,00,00,00,80
149305,1,206,0,0,8,00,00,00,00,00,00,00,00
149325,0,300,0,0,8,03,A5,64,5A,64,00,64,72
149325,0,301,0,0,3,6B,02,00
149365,1,401,0,0,8,22,9E,00,00,19,07,00,00
149375,0,300,0,0,8,03,A5,64,5A,64,00,64,63
149375,0,301,0,0,3,96,03,00
149375,1,201,0,0,5,B8,01,00,00,63
149385,1,400,0,0,8,01,00,2C,00,00,00,00,00
149385,1,203,0,0,8,4B,03,00,00,00,00,00,80
149405,1,206,0,0,8,00,00,00,00,00,00,00,00
149425,0,300,0,0,8,03,A5,64,5A,64,00,64,74
149425,0,301,0,0,3,03,04,00
149465,1,401,0,0,8,22,9E,00,00,19,07,00,00
149475,0,300,0,0,8,03,A5,64,5A,64,00,64,65
149475,0,301,0,0,3,54,05,00
149475,1,201,0,0,5,B8,01,00,00,63
149485,1,400,0,0,8,01,00,2C,00,00,00,00,00
149485,1,203,0,0,8,52,03,00,00,00,00,00,80
149495,1,204,0,0,8,00,00,00,00,00,00,00,00
149505,1,206,0,0,8,00,00,00,00,00,00,00,00
149515,1,202,0,0,8,E2,13,00,00,93,7C,05,00
149525,0,300,0,0,8,03,A5,64,5A,64,00,64,76
149525,1,666,0,0,8,52,08,05,00,52,95,36,02
149525,0,301,0,0,3,F5,06,00
149535,1,665,0,0,8,00,00,00,53,4C,18,53,00
149545,1,200,0,0,8,58,00,49,A5,08,00,01,00
149565,1,401,0,0,8,22,9E,00,00,19,07,00,00
149575,0,300,0,0,8,03,A5,64,5A,64,00,64,67
149575,0,301,0,0,3,B8,07,00
149575,1,201,0,0,5,B8,01,00,00,63
149585,1,203,0,0,8,52,03,00,00,00,00,00,80
149585,1,400,0,0,8,01,00,2C,00,00,00,00,00
149605,1,206,0,0,8,00,00,00,00,00,00,00,00
149625,0,300,0,0,8,03,A5,64,5A,64,00,64,F8
149625,0,301,0,0,3,80,08,00
149665,1,401,0,0,8,22,9E,00,00,28,07,00,00
149675,0,300,0,0,8,03,A5,64,5A,64,00,64,E9
149675,0,301,0,0,3,88,09,00
149675,1,201,0,0,5,B8,01,00,00,63
149685,1,203,0,0,8,50,03,00,00,00,00,00,80
149685,1,400,0,0,8,01,00,2C,00,00,00,00,00
149705,1,206,0,0,8,00,00,00,00,00,00,00,00
149725,0,300,0,0,8,03,A5,64,5A,64,00,64,FA
149725,0,301,0,0,3,C6,0A,00
149745,1,402,0,0,8,58,00,00,00,50,A4,08,00
149765,1,401,0,0,8,1C,9E,00,00,28,07,00,00
149775,0,300,0,0,8,03,A5,64,5A,64,00,64,EB
149775,0,301,0,0,3,43,0B,00
149775,1,201,0,0,5,B8,01,00,00,63
149785,1,203,0,0,8,50,03,00,00,00,00,00,80
149785,1,400,0,0,8,01,00,2C,00,00,00,00,00
149805,1,206,0,0,8,00,00,00,00,00,00,00,00
149825,0,300,0,0,8,03,A5,64,5A,64,00,64,FC
149825,0,301,0,0,3,B5,0C,00
149865,1,401,0,0,8,1C,9E,00,00,2B,07,00,00
149875,0,300,0,0,8,03,A5,64,5A,64,00,64,ED
149875,0,301,0,0,3,4E,0D,00
149875,1,201,0,0,5,B8,01,00,00,63
149885,1,203,0,0,8,52,03,00,00,00,00,00,80
149885,1,400,0,0,8,01,00,2C,00,00,00,00,00
149905,1,206,0,0,8,00,00,00,00,00,00,00,00
149925,0,300,0,0,8,03,A5,64,5A,64,00,64,FE
149925,0,301,0,0,3,1D,0E,00
149965,1,401,0,0,8,1C,9E,00,00,2B,07,00,00
149975,0,300,0,0,8,03,A5,64,5A,64,00,64,EF
149975,0,301,0,0,3,E8,0F,00
149975,1,201,0,0,5,B8,01,00,00,63
149985,1,203,0,0,8,52,03,00,00,00,00,00,80
149985,1,400,0,0,8,01,00,2C,00,00,00,00,00
150005,1,206,0,0,8,00,00,00,00,00,00,00,00
150025,0,300,0,0,8,03,A5,64,5A,64,00,64,70
150025,0,301,0,0,3,E2,00,00
150065,1,401,0,0,8,1C,9E,00,00,2B,07,00,00
150075,0,300,0,0,8,03,A5,64,5A,64,00,64,61
150075,0,301,0,0,3,B3,01,00
150075,1,201,0,0,5,B8,01,00,00,63
150085,1,203,0,0,8,59,03,00,00,00,00,00,80
150085,1,400,0,0,8,01,00,2C,00,00,00,00,00
150115,1,206,0,0,8,00,00,00,00,00,00,00,00
150125,0,300,0,0,8,03,A5,64,5A,64,00,64,72
150125,0,301,0,0,3,6B,02,00
150165,1,401,0,0,8,1C,9E,00,00,3E,07,00,00
150175,0,300,0,0,8,03,A5,64,5A,64,00,64,63
150175,0,301,0,0,3,96,03,00
150175,1,201,0,0,5,B8,01,00,00,63
150185,1,203,0,0,8,67,03,00,00,00,00,00,80
150185,1,400,0,0,8,01,00,2C,00,00,00,00,00
150215,1,206,0,0,8,00,00,00,00,00,00,00,00
150225,0,300,0,0,8,03,A5,64,5A,64,00,64,74
150225,0,301,0,0,3,03,04,00
150245,1,403,0,0,8,64,00,00,00,40,E3,09,00
150265,1,401,0,0,8,30,9E,00,00,3E,07,00,00
150275,0,300,0,0,8,03,A5,64,5A,64,00,64,65
150275,0,301,0,0,3,54,05,00
150275,1,201,0,0,5,B8,01,00,00,63
150285,1,203,0,0,8,6F,03,00,00,00,00,00,80
150285,1,400,0,0,8,01,00,2C,00,00,00,00,00
150315,1,206,0,0,8,00,00,00,00,00,00,00,00
150325,0,300,0,0,8,03,A5,64,5A,64,00,64,76
150325,0,301,0,0,3,F5,06,00
150365,1,401,0,0,8,30,9E,00,00,E6,06,00,00
150375,0,300,0,0,8,03,A5,64,5A,64,00,64,67
150375,0,301,0,0,3,B8,07,00
150375,1,201,0,0,5,B8,01,00,00,63
150385,1,203,0,0,8,76,03,00,00,00,00,00,80
150385,1,400,0,0,8,01,00,2C,00,00,00,00,00
150415,1,206,0,0,8,00,00,00,00,00,00,00,00
150425,0,300,0,0,8,03,A5,64,5A,64,00,64,F8
150425,0,301,0,0,3,80,08,00
150465,1,401,0,0,8,30,9E,00,00,E6,06,00,00
150475,0,300,0,0,8,03,A5,64,5A,64,00,64,E9
150475,0,301,0,0,3,88,09,00
150475,1,201,0,0,5,B8,01,00,00,63
150485,1,203,0,0,8,77,03,00,00,00,00,00,80
150485,1,400,0,0,8,01,00,2C,00,00,00,00,00
150495,1,204,0,0,8,00,00,00,00,00,00,00,00
150515,1,206,0,0,8,00,00,00,00,00,00,00,00
150515,1,202,0,0,8,E2,12,00,00,95,7C,05,00
150525,0,300,0,0,8,03,A5,64,5A,64,00,64,FA
150525,0,301,0,0,3,C6,0A,00
150565,1,401,0,0,8,51,9E,00,00,E6,06,00,00
150575,0,300,0,0,8,03,A5,64,5A,64,00,64,EB
150575,0,301,0,0,3,43,0B,00
150575,1,201,0,0,5,B8,01,00,00,63
150585,1,203,0,0,8,85,03,00,00,00,00,00,80
150585,1,400,0,0,8,01,00,2C,00,00,00,00,00
150615,1,206,0,0,8,00,00,00,00,00,00,00,00
150625,0,300,0,0,8,03,A5,64,5A,64,00,64,FC
150625,0,301,0,0,3,B5,0C,00
150665,1,401,0,0,8,51,9E,00,00,EF,05,00,00
150675,0,300,0,0,8,03,A5,64,5A,64,00,64,ED
150675,0,301,0,0,3,4E,0D,00
150675,1,201,0,0,5,B8,01,00,00,63
150685,1,203,0,0,8,86,03,00,00,00,00,00,80
150685,1,400,0,0,8,01,00,2C,00,00,00,00,00
150715,1,206,0,0,8,00,00,00,00,00,00,00,00
150725,0,300,0,0,8,03,A5,64,5A,64,00,64,FE
150725,0,301,0,0,3,1D,0E,00
150745,1,402,0,0,8,58,00,00,00,50,A4,08,00
150765,1,401,0,0,8,6D,9E,00,00,EF,05,00,00
150775,0,300,0,0,8,03,A5,64,5A,64,00,64,EF
150775,0,301,0,0,3,E8,0F,00
150775,1,201,0,0,5,B8,01,00,00,63
150785,1,203,0,0,8,8B,03,00,00,00,00,00,80
150785,1,400,0,0,8,01,00,2C,00,00,00,00,00
150815,1,206,0,0,8,00,00,00,00,00,00,00,00
150825,0,300,0,0,8,03,A5,64,5A,64,00,64,70
150825,0,301,0,0,3,E2,00,00
150865,1,401,0,0,8,6D,9E,00,00,C8,04,00,00
150875,0,300,0,0,8,03,A5,64,5A,64,00,64,61
150875,0,301,0,0,3,B3,01,00
150875,1,201,0,0,5,B8,01,00,00,63
150885,1,203,0,0,8,90,03,00,00,00,00,00,80
150885,1,400,0,0,8,01,00,2C,00,00,00,00,00
150915,1,206,0,0,8,00,00,00,00,00,00,00,00
150925,0,300,0,0,8,03,A5,64,5A,64,00,64,72
150925,0,301,0,0,3,6B,02,00
150965,1,401,0,0,8,6D,9E,00,00,C8,04,00,00
150975,0,300,0,0,8,03,A5,64,5A,64,00,64,63
150975,0,301,0,0,3,96,03,00
150975,1,201,0,0,5,B8,01,00,00,63
150985,1,203,0,0,8,99,03,00,00,00,00,00,80
150985,1,400,0,0,8,01,00,2C,00,00,00,00,00
151015,1,206,0,0,8,00,00,00,00,00,00,00,00
151025,0,300,0,0,8,03,A5,64,5A,64,00,64,74
151025,0,301,0,0,3,03,04,00
151065,1,401,0,0,8,91,9E,00,00,C8,04,00,00
151075,0,300,0,0,8,03,A5,64,5A,64,00,64,65
151075,0,301,0,0,3,54,05,00
151075,1,201,0,0,5,B8,01,00,00,63
151085,1,203,0,0,8,9B,03,00,00,00,00,00,80
151085,1,400,0,0,8,01,00,2C,00,00,00,00,00
151115,1,206,0,0,8,00,00,00,00,00,00,00,00
151125,0,300,0,0,8,03,A5,64,5A,64,00,64,76
151125,0,301,0,0,3,F5,06,00
151165,1,401,0,0,8,91,9E,00,00,A1,03,00,00
151175,0,300,0,0,8,03,A5,64,5A,64,00,64,67
151175,0,301,0,0,3,B8,07,00
151175,1,201,0,0,5,B8,01,00,00,63
151185,1,203,0,0,8,9C,03,00,00,00,00,00,80
151185,1,400,0,0,8,01,00,2C,00,00,00,00,00
151215,1,206,0,0,8,00,00,00,00,00,00,00,00
151225,0,300,0,0,8,03,A5,64,5A,64,00,64,F8
151225,0,301,0,0,3,80,08,00
151245,1,403,0,0,8,64,00,00,00,40,E3,09,00
151265,1,401,0,0,8,AC,9E,00,00,A1,03,00,00
151275,0,300,0,0,8,03,A5,64,5A,64,00,64,E9
151275,0,301,0,0,3,88,09,00
151275,1,201,0,0,5,B8,01,00,00,63
151275,0,404,0,0,2,4A,00
151275,1,405,0,0,8,4A,00,00,00,06,00,00,00
151285,1,203,0,0,8,98,03,00,00,00,00,00,80
151285,1,400,0,0,8,01,00,2C,00,00,00,00,00
151305,0,404,0,0,2,02,30
151305,1,405,0,0,7,02,30,00,00,00,00,00
151315,1,206,0,0,8,00,00,00,00,00,00,00,00
151325,0,300,0,0,8,03,A5,64,5A,64,00,64,FA
151325,0,301,0,0,3,C6,0A,00
151335,0,404,0,0,2,44,00
151335,1,405,0,0,6,44,00,00,00,50,46
151375,1,401,0,0,8,AC,9E,00,00,9A,02,00,00
151375,0,300,0,0,8,03,A5,64,5A,64,00,64,EB
151375,0,301,0,0,3,43,0B,00
151375,0,404,0,0,2,01,00
151375,1,405,0,0,8,01,00,00,00,00,04,06,04
151375,1,201,0,0,5,B8,01,00,00,63
151385,1,203,0,0,8,95,03,00,00,00,00,00,80
151395,1,400,0,0,8,01,00,2C,00,00,00,00,00
151395,0,404,0,0,2,A3,01
151405,1,405,0,0,5,A3,01,00,00,06
151415,1,206,0,0,8,00,00,00,00,00,00,00,00
151425,0,300,0,0,8,03,A5,64,5A,64,00,64,FC
151425,0,301,0,0,3,B5,0C,00
151435,0,404,0,0,2,20,00
151435,1,405,0,0,8,20,00,00,00,32,33,36,47
151465,0,404,0,0,2,21,00
151465,1,405,0,0,8,21,00,00,00,35,4C,41,31
151475,1,401,0,0,8,AC,9E,00,00,9A,02,00,00
151475,0,300,0,0,8,03,A5,64,5A,64,00,64,ED
151475,0,301,0,0,3,4E,0D,00
151475,1,201,0,0,5,EA,01,00,00,63
151485,1,203,0,0,8,94,03,00,00,00,00,00,80
151495,1,400,0,0,8,01,00,2C,00,00,00,00,00
151495,0,404,0,0,2,22,00
151495,1,405,0,0,8,22,00,00,00,30,30,34,52
151495,1,204,0,0,8,00,00,00,00,00,00,00,00
151515,1,206,0,0,8,00,00,00,00,00,00,00,00
151515,1,202,0,0,8,E2,12,00,00,95,7C,05,00
151525,0,300,0,0,8,03,A5,64,5A,64,00,64,FE
151525,0,301,0,0,3,1D,0E,00
151535,0,404,0,0,2,23,00
151535,1,405,0,0,8,23,00,00,00,4D,30,30,30
151555,0,404,0,0,2,24,00
151555,1,405,0,0,8,24,00,00,00,30,30,30,30
151575,1,401,0,0,8,BE,9E,00,00,9A,02,00,00
151575,0,300,0,0,8,03,A5,64,5A,64,00,64,EF
151575,0,301,0,0,3,E8,0F,00
151575,1,201,0,0,5,EA,01,00,00,63
151585,1,203,0,0,8,93,03,00,00,00,00,00,80
151585,0,404,0,0,2,25,00
151585,1,405,0,0,8,25,00,00,00,30,30,30,30
151595,1,400,0,0,8,01,00,2C,00,00,00,00,00
151615,1,206,0,0,8,00,00,00,00,00,00,00,00
151615,0,404,0,0,2,26,00
151615,1,405,0,0,8,26,00,00,00,30,30,30,30
151625,0,300,0,0,8,03,A5,64,5A,64,00,64,70
151625,0,301,0,0,3,E2,00,00
151645,0,404,0,0,2,27,00
151645,1,405,0,0,6,27,00,00,00,30,30
151675,1,401,0,0,8,BE,9E,00,00,04,02,00,00
151675,0,300,0,0,8,03,A5,64,5A,64,00,64,61
151675,0,301,0,0,3,B3,01,00
151675,1,201,0,0,5,EA,01,00,00,63
151685,0,404,0,0,2,4C,00
151685,1,405,0,0,8,4C,00,00,00,00,24,00,00
151685,1,203,0,0,8,8F,03,00,00,00,00,00,80
151695,1,400,0,0,8,01,00,2C,00,00,00,00,00
151715,1,206,0,0,8,00,00,00,00,00,00,00,00
151715,0,404,0,0,2,46,00
151715,1,405,0,0,5,46,00,00,00,00
151725,0,300,0,0,8,03,A5,64,5A,64,00,64,72
151725,0,301,0,0,3,6B,02,00
151745,0,404,0,0,2,4D,00
151745,1,405,0,0,8,4D,00,00,00,00,00,00,00
151755,1,402,0,0,8,58,00,00,00,2C,A4,08,00
151775,1,401,0,0,8,CE,9E,00,00,04,02,00,00
151775,0,300,0,0,8,03,A5,64,5A,64,00,64,63
151775,0,301,0,0,3,96,03,00
151775,0,404,0,0,2,50,00
151775,1,201,0,0,5,EA,01,00,00,63
151775,1,405,0,0,8,50,00,00,00,7F,00,7E,00
151785,1,203,0,0,8,38,03,00,00,00,00,00,80
151795,1,400,0,0,8,01,00,2C,00,00,00,00,00
151805,0,404,0,0,2,02,00
151805,1,405,0,0,8,02,00,00,00,53,49,43,54
151815,1,206,0,0,8,00,00,00,00,00,00,00,00
151825,0,300,0,0,8,03,A5,64,5A,64,00,64,74
151825,0,301,0,0,3,03,04,00
151845,0,404,0,0,2,0A,00
151845,1,405,0,0,8,0A,00,00,00,30,3A,00,00
151865,0,404,0,0,2,04,00
151865,1,405,0,0,7,04,00,00,00,16,09,02
151875,1,401,0,0,8,CE,9E,00,00,70,01,00,00
151875,0,300,0,0,8,03,A5,64,5A,64,00,64,65
151875,0,301,0,0,3,54,05,00
151875,1,201,0,0,5,EA,01,00,00,63
151885,1,203,0,0,8,3A,03,00,00,00,00,00,80
151895,1,400,0,0,8,01,00,2C,00,00,00,00,00
151895,0,404,0,0,2,B0,01
151895,1,405,0,0,6,B0,01,00,00,00,00
151915,1,206,0,0,8,00,00,00,00,00,00,00,00
151925,0,300,0,0,8,03,A5,64,5A,64,00,64,76
151925,0,301,0,0,3,F5,06,00
151935,0,404,0,0,2,B1,01
151935,1,405,0,0,6,B1,01,00,00,00,00
151975,1,401,0,0,8,CE,9E,00,00,70,01,00,00
151975,0,300,0,0,8,03,A5,64,5A,64,00,64,67
151975,0,301,0,0,3,B8,07,00
151975,1,201,0,0,5,EA,01,00,00,63
151985,1,203,0,0,8,3B,03,00,00,00,00,00,80
151995,1,400,0,0,8,01,00,2C,00,00,00,00,00
152015,1,206,0,0,8,00,00,00,00,00,00,00,00
152025,0,300,0,0,8,03,A5,64,5A,64,00,64,F8
152025,0,301,0,0,3,80,08,00
152075,0,300,0,0,8,03,A5,64,5A,64,00,64,E9
152075,1,401,0,0,8,C8,9E,00,00,70,01,00,00
152075,0,301,0,0,3,88,09,00
152075,1,201,0,0,5,EA,01,00,00,63
152085,1,203,0,0,8,3D,03,00,00,00,00,00,80
152095,1,400,0,0,8,01,00,2C,00,00,00,00,00
152115,1,206,0,0,8,00,00,00,00,00,00,00,00
152125,0,300,0,0,8,03,A5,64,5A,64,00,64,FA
152125,0,301,0,0,3,C6,0A,00
152175,0,300,0,0,8,03,A5,64,5A,64,00,64,EB
152175,0,301,0,0,3,43,0B,00
152175,1,401,0,0,8,C8,9E,00,00,58,01,00,00
152175,1,201,0,0,5,EA,01,00,00,63
152185,1,203,0,0,8,34,03,00,00,00,00,00,80
152195,1,400,0,0,8,01,00,2C,00,00,00,00,00
152215,1,206,0,0,8,00,00,00,00,00,00,00,00
152225,0,300,0,0,8,03,A5,64,5A,64,00,64,FC
152225,0,301,0,0,3,B5,0C,00
152255,1,403,0,0,8,64,00,00,00,40,E3,09,00
152275,1,401,0,0,8,AC,9E,00,00,58,01,00,00
152275,0,300,0,0,8,03,A5,64,5A,64,00,64,ED
152275,0,301,0,0,3,4E,0D,00
152275,1,201,0,0,5,EA,01,00,00,63
152285,1,203,0,0,8,32,03,00,00,00,00,00,80
152295,1,400,0,0,8,01,00,2C,00,00,00,00,00
152315,1,206,0,0,8,00,00,00,00,00,00,00,00
152325,0,300,0,0,8,03,A5,64,5A,64,00,64,FE
152325,0,301,0,0,3,1D,0E,00
152375,0,300,0,0,8,03,A5,64,5A,64,00,64,EF
152375,0,301,0,0,3,E8,0F,00
152375,1,401,0,0,8,AC,9E,00,00,DC,01,00,00
152375,1,201,0,0,5,EA,01,00,00,63
152385,1,203,0,0,8,31,03,00,00,00,00,00,80
152395,1,400,0,0,8,01,00,2C,00,00,00,00,00
152415,1,206,0,0,8,00,00,00,00,00,00,00,00
152425,0,300,0,0,8,03,A5,64,5A,64,00,64,70
152425,0,301,0,0,3,E2,00,00
152475,0,300,0,0,8,03,A5,64,5A,64,00,64,61
152475,0,301,0,0,3,B3,01,00
152475,1,401,0,0,8,AC,9E,00,00,DC,01,00,00
152475,1,201,0,0,5,EA,01,00,00,63
152485,1,203,0,0,8,33,03,00,00,00,00,00,80
152495,1,400,0,0,8,01,00,2C,00,00,00,00,00
152495,1,204,0,0,8,00,00,00,00,00,00,00,00
152515,1,206,0,0,8,00,00,00,00,00,00,00,00
152515,1,202,0,0,8,E2,12,00,00,97,7C,05,00
152525,0,300,0,0,8,03,A5,64,5A,64,00,64,72
152525,0,301,0,0,3,6B,02,00
152525,1,666,0,0,8,52,08,05,00,52,95,36,02
152535,1,665,0,0,8,00,00,00,53,4C,18,53,00
152545,1,200,0,0,8,58,00,30,A5,08,00,02,00
152575,0,300,0,0,8,03,A5,64,5A,64,00,64,63
152575,0,301,0,0,3,96,03,00
152575,1,401,0,0,8,A8,9E,00,00,DC,01,00,00
152575,1,201,0,0,5,EA,01,00,00,63
152585,1,203,0,0,8,35,03,00,00,00,00,00,80
152595,1,400,0,0,8,01,00,2C,00,00,00,00,00
152615,1,206,0,0,8,00,00,00,00,00,00,00,00
152625,0,300,0,0,8,03,A5,64,5A,64,00,64,74
152625,0,301,0,0,3,03,04,00
152675,0,300,0,0,8,03,A5,64,5A,64,00,64,65
152675,0,301,0,0,3,54,05,00
152675,1,401,0,0,8,A8,9E,00,00,54,02,00,00
152675,1,201,0,0,5,EA,01,00,00,63
152685,1,203,0,0,8,32,03,00,00,00,00,00,80
152695,1,400,0,0,8,01,00,2C,00,00,00,00,00
152715,1,206,0,0,8,00,00,00,00,00,00,00,00
152725,0,300,0,0,8,03,A5,64,5A,64,00,64,76
152725,0,301,0,0,3,F5,06,00
152755,1,402,0,0,8,58,00,00,00,2C,A4,08,00
152775,0,300,0,0,8,03,A5,64,5A,64,00,64,67
152775,0,301,0,0,3,B8,07,00
152775,1,401,0,0,8,9A,9E,00,00,54,02,00,00
152775,1,201,0,0,5,EA,01,00,00,63
152785,1,203,0,0,8,2D,03,00,00,00,00,00,80
152795,1,400,0,0,8,01,00,2C,00,00,00,00,00
152815,1,206,0,0,8,00,00,00,00,00,00,00,00
152825,0,300,0,0,8,03,A5,64,5A,64,00,64,F8
152825,0,301,0,0,3,80,08,00
152875,0,300,0,0,8,03,A5,64,5A,64,00,64,E9
152875,0,301,0,0,3,88,09,00
152875,1,401,0,0,8,9A,9E,00,00,B4,02,00,00
152875,1,201,0,0,5,EA,01,00,00,63
152885,1,203,0,0,8,29,03,00,00,00,00,00,80
152895,1,400,0,0,8,01,00,2C,00,00,00,00,00
152915,1,206,0,0,8,00,00,00,00,00,00,00,00
152925,0,300,0,0,8,03,A5,64,5A,64,00,64,FA
152925,0,301,0,0,3,C6,0A,00
152975,0,300,0,0,8,03,A5,64,5A,64,00,64,EB
152975,0,301,0,0,3,43,0B,00
152975,1,401,0,0,8,9A,9E,00,00,B4,02,00,00
152975,1,201,0,0,5,EA,01,00,00,63
152985,1,203,0,0,8,26,03,00,00,00,00,00,80
152995,1,400,0,0,8,01,00,2C,00,00,00,00,00
153015,1,206,0,0,8,00,00,00,00,00,00,00,00
153025,0,300,0,0,8,03,A5,64,5A,64,00,64,FC
153025,0,301,0,0,3,B5,0C,00
153075,0,300,0,0,8,03,5A,64,5A,64,00,64,AD
153075,0,301,0,0,3,4E,0D,00
153075,1,401,0,0,8,81,9E,00,00,B4,02,00,00
153075,1,201,0,0,5,EA,01,00,00,63
153085,1,203,0,0,8,1F,03,00,00,00,00,00,80
153095,1,400,0,0,8,01,00,2C,00,00,00,00,00
153115,1,206,0,0,8,00,00,00,00,00,00,00,00
153125,0,300,0,0,8,03,5A,64,5A,64,00,64,BE
153125,0,301,0,0,3,1D,0E,00
153175,0,300,0,0,8,03,5A,64,5A,64,00,64,AF
153175,0,301,0,0,3,E8,0F,00
153175,1,401,0,0,8,81,9E,00,00,60,03,00,00
153175,1,201,0,0,5,EA,01,00,00,63
153185,1,203,0,0,8,1B,03,00,00,00,00,00,80
153195,1,400,0,0,8,01,00,2C,00,00,00,00,00
153215,1,206,0,0,8,00,00,00,00,00,00,00,00
153225,0,300,0,0,8,03,5A,64,5A,64,00,64,30
153225,0,301,0,0,3,E2,00,00
153255,1,403,0,0,8,64,00,00,00,40,E3,09,00
153275,0,300,0,0,8,03,5A,64,5A,64,00,64,21
153275,0,301,0,0,3,B3,01,00
153275,1,401,0,0,8,77,9E,00,00,60,03,00,00
153275,1,201,0,0,5,AE,01,00,00,63
153285,1,203,0,0,8,17,03,00,00,00,00,00,80
153295,1,400,0,0,8,01,00,2C,00,00,00,00,00
153315,1,206,0,0,8,00,00,00,00,00,00,00,00
153325,0,300,0,0,8,03,5A,64,5A,64,00,64,32
153325,0,301,0,0,3,6B,02,00
153375,0,300,0,0,8,03,5A,64,5A,64,00,64,23
153375,0,301,0,0,3,96,03,00
153375,1,401,0,0,8,77,9E,00,00,14,04,00,00
153375,1,201,0,0,5,AE,01,00,00,62
153385,1,203,0,0,8,13,03,00,00,00,00,00,80
153395,1,400,0,0,8,01,00,2C,00,00,00,00,00
153415,1,206,0,0,8,00,00,00,00,00,00,00,00
153425,0,300,0,0,8,03,5A,64,5A,64,00,64,34
153425,0,301,0,0,3,03,04,00
153475,0,300,0,0,8,03,5A,64,5A,64,00,64,25
153475,0,301,0,0,3,54,05,00
153475,1,401,0,0,8,77,9E,00,00,14,04,00,00
153475,1,201,0,0,5,AE,01,00,00,62
153485,1,203,0,0,8,4A,02,00,00,00,00,00,80
153495,1,400,0,0,8,01,00,2C,00,00,00,00,00
153495,1,204,0,0,8,00,00,00,00,00,00,00,00
153515,1,206,0,0,8,00,00,00,00,00,00,00,00
153515,1,202,0,0,8,E2,14,00,00,9A,7C,05,00
153525,0,300,0,0,8,03,5A,64,5A,64,00,64,36
153525,0,301,0,0,3,F5,06,00
153575,0,300,0,0,8,03,5A,64,5A,64,00,64,27
153575,0,301,0,0,3,B8,07,00
153575,1,401,0,0,8,E8,9E,00,00,14,04,00,00
153575,1,201,0,0,5,AE,01,00,00,62
153585,1,203,0,0,8,4A,02,00,00,00,00,00,80
153595,1,400,0,0,8,01,00,2C,00,00,00,00,00
153615,1,206,0,0,8,00,00,00,00,00,00,00,00
153625,0,300,0,0,8,03,5A,64,5A,64,00,64,B8
153625,0,301,0,0,3,80,08,00
153675,0,300,0,0,8,03,5A,64,5A,64,00,64,A9
153675,0,301,0,0,3,88,09,00
153675,1,201,0,0,5,AE,01,00,00,62
153675,1,401,0,0,8,E8,9E,00,00,8A,02,00,00
153685,1,203,0,0,8,4A,02,00,00,00,00,00,80
153695,1,400,0,0,8,01,00,2C,00,00,00,00,00
153715,1,206,0,0,8,00,00,00,00,00,00,00,00
153725,0,300,0,0,8,03,5A,64,5A,64,00,64,BA
153725,0,301,0,0,3,C6,0A,00
153755,1,402,0,0,8,58,00,00,00,2C,A4,08,00
153775,0,300,0,0,8,03,5A,64,5A,64,00,64,AB
153775,0,301,0,0,3,43,0B,00
153775,1,201,0,0,5,AE,01,00,00,62
153775,1,401,0,0,8,EA,9E,00,00,8A,02,00,00
153785,1,203,0,0,8,00,00,00,00,00,00,00,80
153795,1,400,0,0,8,01,00,2C,00,00,00,00,00
153815,1,206,0,0,8,00,00,00,00,00,00,00,00
153825,0,300,0,0,8,03,5A,64,5A,64,00,64,BC
153825,0,301,0,0,3,B5,0C,00
153875,0,300,0,0,8,03,5A,64,5A,64,00,64,AD
153875,0,301,0,0,3,4E,0D,00
153875,1,201,0,0,5,AE,01,00,00,62
153875,1,401,0,0,8,EA,9E,00,00,49,00,00,00
153885,1,203,0,0,8,00,00,00,00,00,00,00,80
153895,1,400,0,0,8,01,00,0C,00,00,00,00,00
153915,1,206,0,0,8,00,00,00,00,00,00,00,00
153925,0,300,0,0,8,03,5A,64,5A,64,00,64,BE
153925,0,301,0,0,3,1D,0E,00
153975,0,300,0,0,8,03,5A,64,5A,64,00,64,AF
153975,0,301,0,0,3,E8,0F,00
153975,1,201,0,0,5,AE,01,00,00,62
153975,1,401,0,0,8,EA,9E,00,00,49,00,00,00
153985,1,203,0,0,8,00,00,00,00,00,00,00,80
153995,1,400,0,0,8,01,00,0C,00,00,00,00,00
154015,1,206,0,0,8,00,00,00,00,00,00,00,00
154025,0,300,0,0,8,03,5A,64,5A,64,00,64,30
154025,0,301,0,0,3,E2,00,00
154075,0,300,0,0,8,03,5A,64,5A,64,00,64,21
154075,0,301,0,0,3,B3,01,00
154075,1,201,0,0,5,AE,01,00,00,62
154075,1,401,0,0,8,EC,9E,00,00,49,00,00,00
154085,1,203,0,0,8,00,00,00,00,00,00,00,80
154095,1,400,0,0,8,01,00,0C,00,00,00,00,00
154115,1,206,0,0,8,00,00,00,00,00,00,00,00
154125,0,300,0,0,8,03,5A,64,5A,64,00,64,32
154125,0,301,0,0,3,6B,02,00
154175,0,300,0,0,8,03,5A,64,5A,64,00,64,23
154175,0,301,0,0,3,96,03,00
154175,1,201,0,0,5,AE,01,00,00,62
154175,1,401,0,0,8,EC,9E,00,00,46,00,00,00
154185,1,203,0,0,8,00,00,00,00,00,00,00,80
154195,1,400,0,0,8,01,00,0C,00,00,00,00,00
154215,1,206,0,0,8,00,00,00,00,00,00,00,00
154225,0,300,0,0,8,03,5A,64,5A,64,00,64,34
154225,0,301,0,0,3,03,04,00
154255,1,403,0,0,8,64,00,00,00,40,E3,09,00
154275,0,300,0,0,8,03,5A,64,5A,64,00,64,25
154275,0,301,0,0,3,54,05,00
154275,1,201,0,0,5,AE,01,00,00,62
154275,1,401,0,0,8,EE,9E,00,00,46,00,00,00
154285,1,203,0,0,8,00,00,00,00,00,00,00,80
154295,1,400,0,0,8,01,00,0C,00,00,00,00,00
154315,1,206,0,0,8,00,00,00,00,00,00,00,00
154325,0,300,0,0,8,03,5A,64,5A,64,00,64,36
154325,0,301,0,0,3,F5,06,00
154375,0,300,0,0,8,03,5A,64,5A,64,00,64,27
154375,0,301,0,0,3,B8,07,00
154375,1,201,0,0,5,AE,01,00,00,62
154375,1,401,0,0,8,EE,9E,00,00,46,00,00,00
154385,1,203,0,0,8,00,00,00,00,00,00,00,80
154395,1,400,0,0,8,01,00,0C,00,00,00,00,00
154415,1,206,0,0,8,00,00,00,00,00,00,00,00
154425,0,300,0,0,8,03,5A,64,5A,64,00,64,B8
154425,0,301,0,0,3,80,08,00
154475,0,300,0,0,8,03,5A,64,5A,64,00,64,A9
154475,0,301,0,0,3,88,09,00
154475,1,201,0,0,5,AE,01,00,00,62
154475,1,401,0,0,8,EE,9E,00,00,46,00,00,00
154485,1,203,0,0,8,00,00,00,00,00,00,00,80
154495,1,400,0,0,8,01,00,0C,00,00,00,00,00
154495,1,204,0,0,8,00,00,00,00,00,00,00,00
154515,1,206,0,0,8,00,00,00,00,00,00,00,00
154515,1,202,0,0,8,E2,12,00,00,9A,7C,05,00
154525,0,300,0,0,8,03,5A,64,5A,64,00,64,BA
154525,0,301,0,0,3,C6,0A,00
154575,0,300,0,0,8,03,5A,64,5A,64,00,64,AB
154575,0,301,0,0,3,43,0B,00
154575,1,201,0,0,5,AE,01,00,00,62
154575,1,401,0,0,8,EE,9E,00,00,46,00,00,00
154585,1,203,0,0,8,00,00,00,00,00,00,00,80
154595,1,400,0,0,8,01,00,0C,00,00,00,00,00
154615,1,206,0,0,8,00,00,00,00,00,00,00,00
154625,0,300,0,0,8,03,5A,64,5A,64,00,64,BC
154625,0,301,0,0,3,B5,0C,00
154675,0,300,0,0,8,03,5A,64,5A,64,00,64,AD
154675,0,301,0,0,3,4E,0D,00
154675,1,201,0,0,5,AE,01,00,00,62
154675,1,401,0,0,8,EE,9E,00,00,46,00,00,00
154685,1,203,0,0,8,00,00,00,00,00,00,00,80
154695,1,400,0,0,8,01,00,0C,00,00,00,00,00
154715,1,206,0,0,8,00,00,00,00,00,00,00,00
154725,0,300,0,0,8,03,5A,64,5A,64,00,64,BE
154725,0,301,0,0,3,1D,0E,00
154755,1,402,0,0,8,58,00,00,00,2C,A4,08,00
154775,0,300,0,0,8,03,5A,64,5A,64,00,64,AF
154775,0,301,0,0,3,E8,0F,00
154775,1,201,0,0,5,AE,01,00,00,62
154775,1,401,0,0,8,EE,9E,00,00,46,00,00,00
154785,1,203,0,0,8,00,00,00,00,00,00,00,80
154795,1,400,0,0,8,01,00,0C,00,00,00,00,00
154815,1,206,0,0,8,00,00,00,00,00,00,00,00
154825,0,300,0,0,8,03,5A,64,5A,64,00,64,30
154825,0,301,0,0,3,E2,00,00
154875,0,300,0,0,8,03,5A,64,5A,64,00,64,21
154875,0,301,0,0,3,B3,01,00
154875,1,201,0,0,5,AE,01,00,00,62
154875,1,401,0,0,8,EE,9E,00,00,46,00,00,00
154885,1,203,0,0,8,00,00,00,00,00,00,00,80
154895,1,400,0,0,8,01,00,0C,00,00,00,00,00
154915,1,206,0,0,8,00,00,00,00,00,00,00,00
154925,0,300,0,0,8,03,5A,64,5A,64,00,64,32
154925,0,301,0,0,3,6B,02,00
154975,0,300,0,0,8,03,5A,64,5A,64,00,64,23
154975,0,301,0,0,3,96,03,00
154975,1,201,0,0,5,AE,01,00,00,62
154975,1,401,0,0,8,EE,9E,00,00,46,00,00,00
154985,1,203,0,0,8,00,00,00,00,00,00,00,80
154995,1,400,0,0,8,01,00,0C,00,00,00,00,00
155015,1,206,0,0,8,00,00,00,00,00,00,00,00
155025,0,300,0,0,8,03,5A,64,5A,64,00,64,34
155025,0,301,0,0,3,03,04,00
155075,0,300,0,0,8,03,5A,64,5A,64,00,64,25
155075,0,301,0,0,3,54,05,00
155075,1,201,0,0,5,AE,01,00,00,62
155075,1,401,0,0,8,EE,9E,00,00,46,00,00,00
155085,1,203,0,0,8,00,00,00,00,00,00,00,80
155095,1,400,0,0,8,01,00,0C,00,00,00,00,00
155115,1,206,0,0,8,00,00,00,00,00,00,00,00
155125,0,300,0,0,8,03,5A,64,5A,64,00,64,36
155125,0,301,0,0,3,F5,06,00
155175,0,300,0,0,8,03,5A,64,5A,64,00,64,27
155175,0,301,0,0,3,B8,07,00
155175,1,201,0,0,5,AE,01,00,00,62
155175,1,401,0,0,8,EE,9E,00,00,46,00,00,00
155185,1,203,0,0,8,00,00,00,00,00,00,00,80
155195,1,400,0,0,8,01,00,0C,00,00,00,00,00
155215,1,206,0,0,8,00,00,00,00,00,00,00,00
155225,0,300,0,0,8,03,5A,64,5A,64,00,64,B8
155225,0,301,0,0,3,80,08,00
155255,1,403,0,0,8,64,00,00,00,40,E3,09,00
155275,0,300,0,0,8,03,5A,64,5A,64,00,64,A9
155275,0,301,0,0,3,88,09,00
155275,1,201,0,0,5,7C,01,00,00,62
155275,1,401,0,0,8,EE,9E,00,00,46,00,00,00
155285,1,203,0,0,8,00,00,00,00,00,00,00,80
155295,1,400,0,0,8,01,00,0C,00,00,00,00,00
155315,1,206,0,0,8,00,00,00,00,00,00,00,00
155325,0,300,0,0,8,03,5A,64,5A,64,00,64,BA
155325,0,301,0,0,3,C6,0A,00
155375,0,300,0,0,8,03,5A,64,5A,64,00,64,AB
155375,0,301,0,0,3,43,0B,00
155375,1,201,0,0,5,7C,01,00,00,62
155375,1,401,0,0,8,EE,9E,00,00,45,00,00,00
155385,1,203,0,0,8,00,00,00,00,00,00,00,80
155395,1,400,0,0,8,01,00,0C,00,00,00,00,00
155415,1,206,0,0,8,00,00,00,00,00,00,00,00
155425,0,300,0,0,8,03,5A,64,5A,64,00,64,BC
155425,0,301,0,0,3,B5,0C,00
155475,0,300,0,0,8,03,5A,64,5A,64,00,64,AD
155475,0,301,0,0,3,4E,0D,00
155475,1,201,0,0,5,5E,01,00,00,62
155475,1,401,0,0,8,EE,9E,00,00,45,00,00,00
155485,1,203,0,0,8,00,00,00,00,00,00,00,80
155495,1,400,0,0,8,01,00,0C,00,00,00,00,00
155505,1,204,0,0,8,00,00,00,00,00,00,00,00
155515,1,206,0,0,8,00,00,00,00,00,00,00,00
155515,1,202,0,0,8,E2,13,00,00,9A,7C,05,00
155525,0,300,0,0,8,03,5A,64,5A,64,00,64,BE
155525,0,301,0,0,3,1D,0E,00
155525,1,666,0,0,8,52,08,05,00,52,95,36,02
155535,1,665,0,0,8,00,00,00,53,4C,18,53,00
155545,1,200,0,0,8,58,00,17,A5,08,00,00,00
155575,0,300,0,0,8,03,5A,64,5A,64,00,64,AF
155575,0,301,0,0,3,E8,0F,00
155575,1,201,0,0,5,5E,01,00,00,62
155575,1,401,0,0,8,EE,9E,00,00,45,00,00,00
155585,1,203,0,0,8,00,00,00,00,00,00,00,80
155605,1,400,0,0,8,01,00,0C,00,00,00,00,00
155615,1,206,0,0,8,00,00,00,00,00,00,00,00
155625,0,300,0,0,8,03,5A,64,5A,64,00,64,30
155625,0,301,0,0,3,E2,00,00
155675,0,300,0,0,8,03,5A,64,5A,64,00,64,21
155675,0,301,0,0,3,B3,01,00
155675,1,201,0,0,5,40,01,00,00,62
155685,1,401,0,0,8,EE,9E,00,00,46,00,00,00
155685,1,203,0,0,8,00,00,00,00,00,00,00,80
155705,1,400,0,0,8,01,00,0C,00,00,00,00,00
155715,1,206,0,0,8,00,00,00,00,00,00,00,00
155725,0,300,0,0,8,03,5A,64,5A,64,00,64,32
155725,0,301,0,0,3,6B,02,00
155765,1,402,0,0,8,58,00,00,00,2C,A4,08,00
155775,0,300,0,0,8,03,5A,64,5A,64,00,64,23
155775,0,301,0,0,3,96,03,00
155775,1,201,0,0,5,40,01,00,00,62
155785,1,401,0,0,8,F0,9E,00,00,46,00,00,00
155785,1,203,0,0,8,00,00,00,00,00,00,00,80
155805,1,400,0,0,8,01,00,0C,00,00,00,00,00
155815,1,206,0,0,8,00,00,00,00,00,00,00,00
155825,0,300,0,0,8,03,5A,64,5A,64,00,64,34
155825,0,301,0,0,3,03,04,00
155875,0,300,0,0,8,03,5A,64,5A,64,00,64,25
155875,0,301,0,0,3,54,05,00
155875,1,201,0,0,5,22,01,00,00,62
155885,1,401,0,0,8,F0,9E,00,00,46,00,00,00
155885,1,203,0,0,8,00,00,00,00,00,00,00,80
155905,1,400,0,0,8,01,00,0C,00,00,00,00,00
155915,1,206,0,0,8,00,00,00,00,00,00,00,00
155925,0,300,0,0,8,03,5A,64,5A,64,00,64,36
155925,0,301,0,0,3,F5,06,00
155975,0,300,0,0,8,03,5A,64,5A,64,00,64,27
155975,0,301,0,0,3,B8,07,00
155975,1,201,0,0,5,22,01,00,00,62
155985,1,401,0,0,8,F0,9E,00,00,46,00,00,00
155985,1,203,0,0,8,00,00,00,00,00,00,00,80
156005,1,400,0,0,8,01,00,0C,00,00,00,00,00
156015,1,206,0,0,8,00,00,00,00,00,00,00,00
156025,0,300,0,0,8,03,5A,64,5A,64,00,64,B8
156025,0,301,0,0,3,80,08,00
156075,0,300,0,0,8,03,5A,64,5A,64,00,64,A9
156075,0,301,0,0,3,88,09,00
156075,1,201,0,0,5,0E,01,00,00,62
156085,1,401,0,0,8,F0,9E,00,00,46,00,00,00
156085,1,203,0,0,8,00,00,00,00,00,00,00,80
156105,1,400,0,0,8,01,00,0C,00,00,00,00,00
156115,1,206,0,0,8,00,00,00,00,00,00,00,00
156125,0,300,0,0,8,03,5A,64,5A,64,00,64,BA
156125,0,301,0,0,3,C6,0A,00
156175,0,300,0,0,8,03,5A,64,5A,64,00,64,AB
156175,0,301,0,0,3,43,0B,00
156175,1,201,0,0,5,0E,01,00,00,62
156185,1,401,0,0,8,F0,9E,00,00,46,00,00,00
156185,1,203,0,0,8,00,00,00,00,00,00,00,80
156205,1,400,0,0,8,01,00,0C,00,00,00,00,00
156215,1,206,0,0,8,00,00,00,00,00,00,00,00
156225,0,300,0,0,8,03,5A,64,5A,64,00,64,BC
156225,0,301,0,0,3,B5,0C,00
156265,1,403,0,0,8,64,00,00,00,40,E3,09,00
156275,0,300,0,0,8,03,5A,64,5A,64,00,64,AD
156275,0,301,0,0,3,4E,0D,00
156275,1,201,0,0,5,FA,00,00,00,62
156285,1,401,0,0,8,F2,9E,00,00,46,00,00,00
156285,1,203,0,0,8,00,00,00,00,00,00,00,80
156305,1,400,0,0,8,01,00,0C,00,00,00,00,00
156315,1,206,0,0,8,00,00,00,00,00,00,00,00
156325,0,300,0,0,8,03,5A,64,5A,64,00,64,BE
156325,0,301,0,0,3,1D,0E,00
156375,0,300,0,0,8,03,5A,64,5A,64,00,64,AF
156375,0,301,0,0,3,E8,0F,00
156375,1,201,0,0,5,FA,00,00,00,62
156385,1,401,0,0,8,F2,9E,00,00,46,00,00,00
156385,1,203,0,0,8,00,00,00,00,00,00,00,80
156405,1,400,0,0,8,01,00,0C,00,00,00,00,00
156415,1,206,0,0,8,00,00,00,00,00,00,00,00
156425,0,300,0,0,8,03,5A,64,5A,64,00,64,30
156425,0,301,0,0,3,E2,00,00
156475,0,300,0,0,8,03,5A,64,5A,64,00,64,21
156475,0,301,0,0,3,B3,01,00
156475,1,201,0,0,5,F0,00,00,00,62
156485,1,401,0,0,8,F2,9E,00,00,46,00,00,00
156485,1,203,0,0,8,00,00,00,00,00,00,00,80
156505,1,204,0,0,8,00,00,00,00,00,00,00,00
156505,1,400,0,0,8,01,00,0C,00,00,00,00,00
156515,1,206,0,0,8,00,00,00,00,00,00,00,00
156515,1,202,0,0,8,E2,12,00,00,9A,7C,05,00
156525,0,300,0,0,8,03,5A,64,5A,64,00,64,32
156525,0,301,0,0,3,6B,02,00
156575,0,300,0,0,8,03,5A,64,5A,64,00,64,23
156575,0,301,0,0,3,96,03,00
156575,1,201,0,0,5,F0,00,00,00,62
156585,1,401,0,0,8,F0,9E,00,00,46,00,00,00
156585,1,203,0,0,8,00,00,00,00,00,00,00,80
156605,1,400,0,0,8,01,00,0C,00,00,00,00,00
156615,1,206,0,0,8,00,00,00,00,00,00,00,00
156625,0,300,0,0,8,03,5A,64,5A,64,00,64,34
156625,0,301,0,0,3,03,04,00
156675,0,300,0,0,8,03,5A,64,5A,64,00,64,25
156675,0,301,0,0,3,54,05,00
156675,1,201,0,0,5,DC,00,00,00,62
156685,1,401,0,0,8,F0,9E,00,00,45,00,00,00
156685,1,203,0,0,8,00,00,00,00,00,00,00,80
156705,1,400,0,0,8,01,00,0C,00,00,00,00,00
156715,1,206,0,0,8,00,00,00,00,00,00,00,00
156725,0,300,0,0,8,03,5A,64,5A,64,00,64,36
156725,0,301,0,0,3,F5,06,00
156765,1,402,0,0,8,58,00,00,00,2C,A4,08,00
156775,0,300,0,0,8,03,5A,64,5A,64,00,64,27
156775,0,301,0,0,3,B8,07,00
156775,1,201,0,0,5,DC,00,00,00,62
156785,1,401,0,0,8,F0,9E,00,00,45,00,00,00
156785,1,203,0,0,8,00,00,00,00,00,00,00,80
156805,1,400,0,0,8,01,00,0C,00,00,00,00,00
156815,1,206,0,0,8,00,00,00,00,00,00,00,00
156825,0,300,0,0,8,03,5A,64,5A,64,00,64,B8
156825,0,301,0,0,3,80,08,00
156875,0,300,0,0,8,03,5A,64,5A,64,00,64,A9
156875,0,301,0,0,3,88,09,00
156875,1,201,0,0,5,D2,00,00,00,62
156885,1,401,0,0,8,F0,9E,00,00,46,00,00,00
156885,1,203,0,0,8,00,00,00,00,00,00,00,80
156905,1,400,0,0,8,01,00,0C,00,00,00,00,00
156915,1,206,0,0,8,00,00,00,00,00,00,00,00
156925,0,300,0,0,8,03,5A,64,5A,64,00,64,BA
156925,0,301,0,0,3,C6,0A,00
156975,0,300,0,0,8,03,5A,64,5A,64,00,64,AB
156975,0,301,0,0,3,43,0B,00
156975,1,201,0,0,5,D2,00,00,00,62
156985,1,401,0,0,8,F0,9E,00,00,46,00,00,00
156985,1,203,0,0,8,00,00,00,00,00,00,00,80
157005,1,400,0,0,8,01,00,0C,00,00,00,00,00
157015,1,206,0,0,8,00,00,00,00,00,00,00,00
157025,0,300,0,0,8,03,5A,64,5A,64,00,64,BC
157025,0,301,0,0,3,B5,0C,00
157075,0,300,0,0,8,03,5A,64,5A,64,00,64,AD
157075,0,301,0,0,3,4E,0D,00
157075,1,201,0,0,5,C8,00,00,00,62
157085,1,401,0,0,8,F2,9E,00,00,46,00,00,00
157085,1,203,0,0,8,00,00,00,00,00,00,00,80
157105,1,400,0,0,8,01,00,0C,00,00,00,00,00
157115,1,206,0,0,8,00,00,00,00,00,00,00,00
157125,0,300,0,0,8,03,5A,64,5A,64,00,64,BE
157125,0,301,0,0,3,1D,0E,00
157175,0,300,0,0,8,03,5A,64,5A,64,00,64,AF
157175,0,301,0,0,3,E8,0F,00
157175,1,201,0,0,5,C8,00,00,00,62
157185,1,401,0,0,8,F2,9E,00,00,46,00,00,00
157185,1,203,0,0,8,00,00,00,00,00,00,00,80
157205,1,400,0,0,8,01,00,0C,00,00,00,00,00
157215,1,206,0,0,8,00,00,00,00,00,00,00,00
157225,0,300,0,0,8,03,5A,64,5A,64,00,64,30
157225,0,301,0,0,3,E2,00,00
157265,1,403,0,0,8,64,00,00,00,40,E3,09,00
157275,0,300,0,0,8,03,5A,64,5A,64,00,64,21
157275,0,301,0,0,3,B3,01,00
157275,1,201,0,0,5,BE,00,00,00,62
157285,1,401,0,0,8,F2,9E,00,00,46,00,00,00
157285,1,203,0,0,8,00,00,00,00,00,00,00,80
157305,1,400,0,0,8,01,00,0C,00,00,00,00,00
157315,1,206,0,0,8,00,00,00,00,00,00,00,00
157325,0,300,0,0,8,03,5A,64,5A,64,00,64,32
157325,0,301,0,0,3,6B,02,00
157375,0,300,0,0,8,03,5A,64,5A,64,00,64,23
157375,0,301,0,0,3,96,03,00
157375,1,201,0,0,5,BE,00,00,00,62
157385,1,401,0,0,8,F2,9E,00,00,46,00,00,00
157385,1,203,0,0,8,00,00,00,00,00,00,00,80
157405,1,400,0,0,8,01,00,0C,00,00,00,00,00
157415,1,206,0,0,8,00,00,00,00,00,00,00,00
157425,0,300,0,0,8,03,5A,64,5A,64,00,64,34
157425,0,301,0,0,3,03,04,00
157475,0,300,0,0,8,03,5A,64,5A,64,00,64,25
157475,0,301,0,0,3,54,05,00
157475,1,201,0,0,5,B4,00,00,00,62
157485,1,401,0,0,8,F2,9E,00,00,46,00,00,00
157485,1,203,0,0,8,00,00,00,00,00,00,00,80
157505,1,204,0,0,8,00,00,00,00,00,00,00,00
157505,1,400,0,0,8,01,00,0C,00,00,00,00,00
157515,1,206,0,0,8,00,00,00,00,00,00,00,00
157515,1,202,0,0,8,E2,12,00,00,9A,7C,05,00
157525,0,300,0,0,8,03,5A,64,5A,64,00,64,36
157525,0,301,0,0,3,F5,06,00
157575,0,300,0,0,8,03,5A,64,5A,64,00,64,27
157575,0,301,0,0,3,B8,07,00
157575,1,201,0,0,5,B4,00,00,00,62
157585,1,401,0,0,8,F2,9E,00,00,46,00,00,00
157585,1,203,0,0,8,00,00,00,00,00,00,00,80
157605,1,400,0,0,8,01,00,0C,00,00,00,00,00
157615,1,206,0,0,8,00,00,00,00,00,00,00,00
157625,0,300,0,0,8,03,5A,64,5A,64,00,64,B8
157625,0,301,0,0,3,80,08,00
157675,0,300,0,0,8,03,5A,64,5A,64,00,64,A9
157675,0,301,0,0,3,88,09,00
157675,1,201,0,0,5,AA,00,00,00,62
157685,1,401,0,0,8,F2,9E,00,00,47,00,00,00
157685,1,203,0,0,8,00,00,00,00,00,00,00,80
157705,1,400,0,0,8,01,00,0C,00,00,00,00,00
157715,1,206,0,0,8,00,00,00,00,00,00,00,00
157725,0,300,0,0,8,03,5A,64,5A,64,00,64,BA
157725,0,301,0,0,3,C6,0A,00
157765,1,402,0,0,8,58,00,00,00,2C,A4,08,00
157775,0,300,0,0,8,03,5A,64,5A,64,00,64,AB
157775,0,301,0,0,3,43,0B,00
157775,1,201,0,0,5,AA,00,00,00,62
157785,1,401,0,0,8,F4,9E,00,00,47,00,00,00
157785,1,203,0,0,8,00,00,00,00,00,00,00,80
157805,1,400,0,0,8,01,00,0C,00,00,00,00,00
157815,1,206,0,0,8,00,00,00,00,00,00,00,00
157825,0,300,0,0,8,03,5A,64,5A,64,00,64,BC
157825,0,301,0,0,3,B5,0C,00
157875,0,300,0,0,8,03,5A,64,5A,64,00,64,AD
157875,0,301,0,0,3,4E,0D,00
157875,1,201,0,0,5,A0,00,00,00,62
157885,1,401,0,0,8,F4,9E,00,00,46,00,00,00
157885,1,203,0,0,8,00,00,00,00,00,00,00,80
157905,1,400,0,0,8,01,00,0C,00,00,00,00,00
157915,1,206,0,0,8,00,00,00,00,00,00,00,00
157925,0,300,0,0,8,03,5A,64,5A,64,00,64,BE
157925,0,301,0,0,3,1D,0E,00
157975,0,300,0,0,8,03,5A,64,5A,64,00,64,AF
157975,0,301,0,0,3,E8,0F,00
157975,1,201,0,0,5,A0,00,00,00,62
157985,1,401,0,0,8,F4,9E,00,00,46,00,00,00
157985,1,203,0,0,8,00,00,00,00,00,00,00,80
158005,1,400,0,0,8,01,00,0C,00,00,00,00,00
158015,1,206,0,0,8,00,00,00,00,00,00,00,00
158025,0,300,0,0,8,03,5A,64,5A,64,00,64,30
158025,0,301,0,0,3,E2,00,00
158075,0,300,0,0,8,03,5A,64,5A,64,00,64,21
158075,0,301,0,0,3,B3,01,00
158075,1,201,0,0,5,A0,00,00,00,62
158085,1,401,0,0,8,F4,9E,00,00,46,00,00,00
158085,1,203,0,0,8,00,00,00,00,00,00,00,80
158105,1,400,0,0,8,01,00,0C,00,00,00,00,00
158115,1,206,0,0,8,00,00,00,00,00,00,00,00
158125,0,300,0,0,8,03,5A,64,5A,64,00,64,32
158125,0,301,0,0,3,6B,02,00
158175,0,300,0,0,8,03,5A,64,5A,64,00,64,23
158175,0,301,0,0,3,96,03,00
158175,1,201,0,0,5,A0,00,00,00,62
158185,1,401,0,0,8,F4,9E,00,00,46,00,00,00
158185,1,203,0,0,8,00,00,00,00,00,00,00,80
158205,1,400,0,0,8,01,00,0C,00,00,00,00,00
158215,1,206,0,0,8,00,00,00,00,00,00,00,00
158225,0,300,0,0,8,03,5A,64,5A,64,00,64,34
158225,0,301,0,0,3,03,04,00
158265,1,403,0,0,8,64,00,00,00,40,E3,09,00
158275,0,300,0,0,8,03,5A,64,5A,64,00,64,25
158275,0,301,0,0,3,54,05,00
158275,1,201,0,0,5,00,00,00,00,62
158285,1,401,0,0,8,F2,9E,00,00,46,00,00,00
158285,1,203,0,0,8,00,00,00,00,00,00,00,80
158305,1,400,0,0,8,01,00,0C,00,00,00,00,00
158315,1,206,0,0,8,00,00,00,00,00,00,00,00
158325,0,300,0,0,8,03,5A,64,5A,64,00,64,36
158325,0,301,0,0,3,F5,06,00
158375,0,300,0,0,8,03,5A,64,5A,64,00,64,27
158375,0,301,0,0,3,B8,07,00
158375,1,201,0,0,5,00,00,00,00,62
158385,1,401,0,0,8,F2,9E,00,00,46,00,00,00
158385,1,203,0,0,8,00,00,00,00,00,00,00,80
158405,1,400,0,0,8,01,00,0C,00,00,00,00,00
158415,1,206,0,0,8,00,00,00,00,00,00,00,00
158425,0,300,0,0,8,03,5A,64,5A,64,00,64,B8
158425,0,301,0,0,3,80,08,00
