266235,1,203,0,0,8,00,00,00,00,00,00,00,00
266235,1,401,0,0,8,0D,9F,00,00,46,00,00,00
266245,0,300,0,0,8,03,5A,64,5A,32,00,32,34
266245,0,301,0,0,3,03,04,00
266255,1,206,0,0,8,00,00,00,00,00,00,00,00
266255,1,400,0,0,8,01,00,0C,00,00,00,00,00
266295,0,300,0,0,8,03,5A,64,5A,32,00,32,35
266295,0,301,0,0,3,54,05,00
266325,1,201,0,0,5,00,00,00,00,62
266335,1,203,0,0,8,00,00,00,00,00,00,00,00
266335,1,401,0,0,8,0D,9F,00,00,46,00,00,00
266345,0,300,0,0,8,03,5A,64,5A,32,00,32,36
266345,0,301,0,0,3,F5,06,00
266355,1,206,0,0,8,00,00,00,00,00,00,00,00
266355,1,400,0,0,8,01,00,0C,00,00,00,00,00
266395,0,300,0,0,8,03,5A,64,5A,32,00,32,37
266395,0,301,0,0,3,B8,07,00
266425,1,201,0,0,5,00,00,00,00,62
266435,1,203,0,0,8,00,00,00,00,00,00,00,00
266445,1,401,0,0,8,0D,9F,00,00,46,00,00,00
266445,0,300,0,0,8,03,5A,64,5A,32,00,32,F8
266445,0,301,0,0,3,80,08,00
266455,1,206,0,0,8,00,00,00,00,00,00,00,00
266465,1,400,0,0,8,01,00,0C,00,00,00,00,00
266495,0,300,0,0,8,03,5A,64,5A,32,00,32,F9
266495,0,301,0,0,3,88,09,00
266525,1,201,0,0,5,00,00,00,00,62
266525,1,403,0,0,8,64,00,00,00,40,E3,09,00
266535,1,203,0,0,8,00,00,00,00,00,00,00,00
266545,1,401,0,0,8,0D,9F,00,00,46,00,00,00
266545,0,300,0,0,8,03,5A,64,5A,32,00,32,FA
266545,0,301,0,0,3,C6,0A,00
266545,1,204,0,0,8,00,00,00,00,00,00,00,00
266555,1,206,0,0,8,00,00,00,00,00,00,00,00
266555,1,202,0,0,8,E2,13,00,00,D6,7C,05,00
266565,1,400,0,0,8,01,00,0C,00,00,00,00,00
266565,1,666,0,0,8,52,08,05,00,52,95,36,02
266585,1,665,0,0,8,00,00,00,53,4C,18,53,00
266595,0,300,0,0,8,03,5A,64,5A,32,00,32,FB
266595,0,301,0,0,3,43,0B,00
266595,1,200,0,0,8,58,00,2C,A4,08,00,01,00
266625,1,201,0,0,5,00,00,00,00,62
266635,1,203,0,0,8,00,00,00,00,00,00,00,00
266645,1,401,0,0,8,0D,9F,00,00,46,00,00,00
266645,0,300,0,0,8,03,5A,64,5A,32,00,32,BC
266645,0,301,0,0,3,B5,0C,00
266655,1,206,0,0,8,00,00,00,00,00,00,00,00
266665,1,400,0,0,8,01,00,0C,00,00,00,00,00
266695,0,300,0,0,8,03,5A,64,5A,32,00,32,BD
266695,0,301,0,0,3,4E,0D,00
266725,1,201,0,0,5,00,00,00,00,62
266735,1,203,0,0,8,00,00,00,00,00,00,00,00
266745,1,401,0,0,8,0D,9F,00,00,46,00,00,00
266745,0,300,0,0,8,03,5A,64,5A,32,00,32,BE
266745,0,301,0,0,3,1D,0E,00
266755,1,206,0,0,8,00,00,00,00,00,00,00,00
266765,1,400,0,0,8,01,00,0C,00,00,00,00,00
266795,0,300,0,0,8,03,5A,64,5A,32,00,32,BF
266795,0,301,0,0,3,E8,0F,00
266825,1,201,0,0,5,00,00,00,00,62
266835,1,203,0,0,8,00,00,00,00,00,00,00,00
266845,1,401,0,0,8,0F,9F,00,00,46,00,00,00
266845,0,300,0,0,8,03,5A,64,5A,32,00,32,70
266845,0,301,0,0,3,E2,00,00
266855,1,206,0,0,8,00,00,00,00,00,00,00,00
266865,1,400,0,0,8,01,00,0C,00,00,00,00,00
266895,0,300,0,0,8,03,5A,64,5A,32,00,32,71
266895,0,301,0,0,3,B3,01,00
266925,1,201,0,0,5,00,00,00,00,62
266935,1,203,0,0,8,00,00,00,00,00,00,00,00
266945,0,300,0,0,8,03,5A,64,5A,32,00,32,72
266945,1,401,0,0,8,0F,9F,00,00,45,00,00,00
266945,0,301,0,0,3,6B,02,00
266955,1,206,0,0,8,00,00,00,00,00,00,00,00
266965,1,400,0,0,8,01,00,0C,00,00,00,00,00
266995,0,300,0,0,8,03,5A,64,5A,32,00,32,73
266995,0,301,0,0,3,96,03,00
267025,1,201,0,0,5,00,00,00,00,62
267025,1,402,0,0,8,58,00,00,00,2C,A4,08,00
267035,1,203,0,0,8,00,00,00,00,00,00,00,00
267045,0,300,0,0,8,03,5A,64,5A,32,00,32,34
267045,0,301,0,0,3,03,04,00
267045,1,401,0,0,8,0F,9F,00,00,45,00,00,00
267055,1,206,0,0,8,00,00,00,00,00,00,00,00
267065,1,400,0,0,8,01,00,0C,00,00,00,00,00
267095,0,300,0,0,8,03,5A,64,5A,32,00,32,35
267095,0,301,0,0,3,54,05,00
267125,1,201,0,0,5,00,00,00,00,62
267135,1,203,0,0,8,00,00,00,00,00,00,00,00
267145,0,300,0,0,8,03,5A,64,5A,32,00,32,36
267145,0,301,0,0,3,F5,06,00
267145,1,401,0,0,8,0F,9F,00,00,45,00,00,00
267155,1,206,0,0,8,00,00,00,00,00,00,00,00
267165,1,400,0,0,8,01,00,0C,00,00,00,00,00
267195,0,300,0,0,8,03,5A,64,5A,32,00,32,37
267195,0,301,0,0,3,B8,07,00
267225,1,201,0,0,5,00,00,00,00,62
267235,1,203,0,0,8,00,00,00,00,00,00,00,00
267245,0,300,0,0,8,03,5A,64,5A,32,00,32,F8
267245,0,301,0,0,3,80,08,00
267245,1,401,0,0,8,0F,9F,00,00,45,00,00,00
267255,1,206,0,0,8,00,00,00,00,00,00,00,00
267265,1,400,0,0,8,01,00,0C,00,00,00,00,00
267295,0,300,0,0,8,03,5A,64,5A,32,00,32,F9
267295,0,301,0,0,3,88,09,00
267325,1,201,0,0,5,00,00,00,00,62
267335,1,203,0,0,8,00,00,00,00,00,00,00,00
267345,0,300,0,0,8,03,5A,64,5A,32,00,32,FA
267345,0,301,0,0,3,C6,0A,00
267345,1,401,0,0,8,0D,9F,00,00,45,00,00,00
267355,1,206,0,0,8,00,00,00,00,00,00,00,00
267365,1,400,0,0,8,01,00,0C,00,00,00,00,00
267395,0,300,0,0,8,03,5A,64,5A,32,00,32,FB
267395,0,301,0,0,3,43,0B,00
267425,1,201,0,0,5,00,00,00,00,62
267435,1,203,0,0,8,00,00,00,00,00,00,00,00
267445,0,300,0,0,8,03,5A,64,5A,32,00,32,BC
267445,0,301,0,0,3,B5,0C,00
267445,1,401,0,0,8,0D,9F,00,00,46,00,00,00
267455,1,206,0,0,8,00,00,00,00,00,00,00,00
267465,1,400,0,0,8,01,00,0C,00,00,00,00,00
267495,0,300,0,0,8,03,5A,64,5A,32,00,32,BD
267495,0,301,0,0,3,4E,0D,00
267525,1,201,0,0,5,00,00,00,00,62
267525,1,403,0,0,8,64,00,00,00,40,E3,09,00
267535,1,203,0,0,8,00,00,00,00,00,00,00,00
267545,0,300,0,0,8,03,5A,64,5A,32,00,32,BE
267545,0,301,0,0,3,1D,0E,00
267545,1,401,0,0,8,0F,9F,00,00,46,00,00,00
267545,1,204,0,0,8,00,00,00,00,00,00,00,00
267555,1,206,0,0,8,00,00,00,00,00,00,00,00
267555,1,202,0,0,8,E2,12,00,00,D6,7C,05,00
267565,1,400,0,0,8,01,00,0C,00,00,00,00,00
267595,0,300,0,0,8,03,5A,64,5A,32,00,32,BF
267595,0,301,0,0,3,E8,0F,00
267625,1,201,0,0,5,00,00,00,00,62
267635,1,203,0,0,8,00,00,00,00,00,00,00,00
267645,0,300,0,0,8,03,5A,64,5A,32,00,32,70
267645,0,301,0,0,3,E2,00,00
267645,1,401,0,0,8,0F,9F,00,00,46,00,00,00
267655,1,206,0,0,8,00,00,00,00,00,00,00,00
267665,1,400,0,0,8,01,00,0C,00,00,00,00,00
267695,0,300,0,0,8,03,5A,64,5A,32,00,32,71
267695,0,301,0,0,3,B3,01,00
267725,1,201,0,0,5,00,00,00,00,62
267735,1,203,0,0,8,00,00,00,00,00,00,00,00
267745,0,300,0,0,8,03,5A,64,5A,32,00,32,72
267745,0,301,0,0,3,6B,02,00
267745,1,401,0,0,8,0F,9F,00,00,46,00,00,00
267755,1,206,0,0,8,00,00,00,00,00,00,00,00
267765,1,400,0,0,8,01,00,0C,00,00,00,00,00
267795,0,300,0,0,8,03,5A,64,5A,32,00,32,73
267795,0,301,0,0,3,96,03,00
267825,1,201,0,0,5,00,00,00,00,62
267835,1,203,0,0,8,00,00,00,00,00,00,00,00
267845,0,300,0,0,8,03,5A,64,5A,32,00,32,34
267845,0,301,0,0,3,03,04,00
267845,1,401,0,0,8,0F,9F,00,00,46,00,00,00
267855,1,206,0,0,8,00,00,00,00,00,00,00,00
267865,1,400,0,0,8,01,00,0C,00,00,00,00,00
267895,0,300,0,0,8,03,5A,64,5A,32,00,32,35
267895,0,301,0,0,3,54,05,00
267925,1,201,0,0,5,00,00,00,00,62
267935,1,203,0,0,8,00,00,00,00,00,00,00,00
267945,0,300,0,0,8,03,5A,64,5A,32,00,32,36
267945,0,301,0,0,3,F5,06,00
267945,1,401,0,0,8,0F,9F,00,00,45,00,00,00
267955,1,206,0,0,8,00,00,00,00,00,00,00,00
267965,1,400,0,0,8,01,00,0C,00,00,00,00,00
267995,0,300,0,0,8,03,5A,64,5A,32,00,32,37
267995,0,301,0,0,3,B8,07,00
268025,1,201,0,0,5,00,00,00,00,62
268025,1,402,0,0,8,58,00,00,00,2C,A4,08,00
268035,1,203,0,0,8,00,00,00,00,00,00,00,00
268045,0,300,0,0,8,03,5A,64,5A,32,00,32,F8
268045,0,301,0,0,3,80,08,00
268045,1,401,0,0,8,0D,9F,00,00,45,00,00,00
268055,1,206,0,0,8,00,00,00,00,00,00,00,00
268065,1,400,0,0,8,01,00,0C,00,00,00,00,00
268095,0,300,0,0,8,03,5A,64,5A,32,00,32,F9
268095,0,301,0,0,3,88,09,00
268125,1,201,0,0,5,00,00,00,00,62
268135,1,203,0,0,8,00,00,00,00,00,00,00,00
268145,0,300,0,0,8,03,5A,64,5A,32,00,32,FA
268145,0,301,0,0,3,C6,0A,00
268145,1,401,0,0,8,0D,9F,00,00,46,00,00,00
268155,1,206,0,0,8,00,00,00,00,00,00,00,00
268165,1,400,0,0,8,01,00,0C,00,00,00,00,00
268195,0,300,0,0,8,03,5A,64,5A,32,00,32,FB
268195,0,301,0,0,3,43,0B,00
268225,1,201,0,0,5,00,00,00,00,62
268235,1,203,0,0,8,00,00,00,00,00,00,00,00
268245,0,300,0,0,8,03,5A,64,5A,32,00,32,BC
268245,0,301,0,0,3,B5,0C,00
268245,1,401,0,0,8,0D,9F,00,00,46,00,00,00
268255,1,206,0,0,8,00,00,00,00,00,00,00,00
268265,1,400,0,0,8,01,00,0C,00,00,00,00,00
268295,0,300,0,0,8,03,5A,64,5A,32,00,32,BD
268295,0,301,0,0,3,4E,0D,00
268325,1,201,0,0,5,00,00,00,00,62
268335,1,203,0,0,8,00,00,00,00,00,00,00,00
268345,0,300,0,0,8,03,5A,64,5A,32,00,32,BE
268345,0,301,0,0,3,1D,0E,00
268345,1,401,0,0,8,0D,9F,00,00,46,00,00,00
268355,1,206,0,0,8,00,00,00,00,00,00,00,00
268365,1,400,0,0,8,01,00,0C,00,00,00,00,00
268395,0,300,0,0,8,03,5A,64,5A,32,00,32,BF
268395,0,301,0,0,3,E8,0F,00
268425,1,201,0,0,5,00,00,00,00,62
268435,1,203,0,0,8,00,00,00,00,00,00,00,00
268445,0,300,0,0,8,03,5A,64,5A,32,00,32,70
268445,0,301,0,0,3,E2,00,00
268445,1,401,0,0,8,0D,9F,00,00,46,00,00,00
268455,1,206,0,0,8,00,00,00,00,00,00,00,00
268465,1,400,0,0,8,01,00,0C,00,00,00,00,00
268495,0,300,0,0,8,03,5A,64,5A,32,00,32,71
268495,0,301,0,0,3,B3,01,00
268525,1,201,0,0,5,00,00,EC,04,62
268525,1,403,0,0,8,64,00,00,00,40,E3,09,00
268535,1,203,0,0,8,00,00,00,00,00,00,00,00
268545,0,300,0,0,8,03,5A,64,5A,32,00,32,72
268545,0,301,0,0,3,6B,02,00
268545,1,204,0,0,8,00,00,00,00,00,00,00,00
268545,1,401,0,0,8,09,9F,00,00,46,00,00,00
268555,1,206,0,0,8,00,00,00,00,00,00,00,00
268555,1,202,0,0,8,E2,12,00,00,D6,7C,05,00
268565,1,400,0,0,8,01,00,0C,00,00,00,00,00
268595,0,300,0,0,8,03,5A,64,5A,32,00,32,73
268595,0,301,0,0,3,96,03,00
268625,1,201,0,0,5,00,00,38,04,62
268635,1,203,0,0,8,B4,00,D0,1A,03,00,00,00
268645,0,300,0,0,8,03,5A,64,5A,32,00,32,34
268645,0,301,0,0,3,03,04,00
268645,1,401,0,0,8,09,9F,00,00,70,00,00,00
268655,1,206,0,0,8,00,00,00,00,00,00,00,00
268665,1,400,0,0,8,01,00,0C,00,00,00,00,00
268695,0,300,0,0,8,03,5A,64,5A,32,00,32,35
268695,0,301,0,0,3,54,05,00
268725,1,201,0,0,5,00,00,EE,02,62
268735,1,203,0,0,8,EA,00,B4,9D,02,00,00,00
268745,0,300,0,0,8,03,5A,64,5A,32,00,32,36
268745,0,301,0,0,3,F5,06,00
268745,1,401,0,0,8,09,9F,00,00,70,00,00,00
268755,1,206,0,0,8,00,00,00,00,00,00,00,00
268765,1,400,0,0,8,01,00,0C,00,00,00,00,00
268795,0,300,0,0,8,03,5A,64,5A,32,00,32,37
268795,0,301,0,0,3,B8,07,00
268825,1,201,0,0,5,00,00,AA,00,62
268835,1,203,0,0,8,6C,01,38,FA,00,00,00,00
268845,0,300,0,0,8,03,5A,64,5A,32,00,32,F8
268845,0,301,0,0,3,80,08,00
268845,1,401,0,0,8,DE,9D,00,00,70,00,00,00
268855,1,206,0,0,8,00,00,00,00,00,00,00,00
268865,1,400,0,0,8,01,00,0C,00,00,00,00,00
268895,0,300,0,0,8,03,5A,64,5A,32,00,32,F9
268895,0,301,0,0,3,88,09,00
268925,1,201,0,0,5,00,00,46,00,62
268935,1,203,0,0,8,AF,01,34,78,00,00,00,00
268945,0,300,0,0,8,03,5A,64,5A,32,00,32,FA
268945,0,301,0,0,3,C6,0A,00
268945,1,401,0,0,8,DE,9D,00,00,77,05,00,00
268955,1,206,0,0,8,00,00,00,00,00,00,00,00
268965,1,400,0,0,8,01,00,2C,00,00,00,00,00
268995,0,300,0,0,8,03,5A,64,5A,32,00,32,FB
268995,0,301,0,0,3,43,0B,00
269025,1,201,0,0,5,00,00,5A,00,62
269025,1,402,0,0,8,58,00,00,00,2C,A4,08,00
269035,1,203,0,0,8,0C,02,C0,75,00,00,00,00
269045,0,300,0,0,8,03,5A,64,5A,32,00,32,BC
269045,0,301,0,0,3,B5,0C,00
269045,1,401,0,0,8,A8,9E,00,00,77,05,00,00
269055,1,206,0,0,8,00,00,00,00,00,00,00,00
269065,1,400,0,0,8,01,00,2C,00,00,00,00,00
269095,0,300,0,0,8,03,5A,64,5A,32,00,32,BD
269095,0,301,0,0,3,4E,0D,00
269125,1,201,0,0,5,00,00,00,00,62
269135,1,203,0,0,8,42,02,00,00,00,00,00,00
269145,0,300,0,0,8,03,5A,64,5A,32,00,32,BE
269145,0,301,0,0,3,1D,0E,00
269145,1,401,0,0,8,A8,9E,00,00,74,07,00,00
269155,1,206,0,0,8,00,00,00,00,00,00,00,00
269165,1,400,0,0,8,01,00,2C,00,00,00,00,00
269195,0,300,0,0,8,03,5A,64,5A,32,00,32,BF
269195,0,301,0,0,3,E8,0F,00
269225,1,201,0,0,5,00,00,E0,01,62
269235,1,203,0,0,8,DD,02,E0,BF,05,00,00,00
269245,0,300,0,0,8,03,5A,64,5A,32,00,32,70
269245,0,301,0,0,3,E2,00,00
269245,1,401,0,0,8,A8,9E,00,00,74,07,00,00
269255,1,206,0,0,8,00,00,00,00,00,00,00,00
269265,1,400,0,0,8,01,00,2C,00,00,00,00,00
269295,0,300,0,0,8,03,5A,64,5A,32,00,32,71
269295,0,301,0,0,3,B3,01,00
269325,1,201,0,0,5,00,00,62,02,62
269335,1,203,0,0,8,28,03,E0,F9,06,00,00,00
269345,0,300,0,0,8,03,5A,64,5A,32,00,32,72
269345,0,301,0,0,3,6B,02,00
269345,1,401,0,0,8,79,9E,00,00,74,07,00,00
269355,1,206,0,0,8,00,00,00,00,00,00,00,00
269365,1,400,0,0,8,01,00,2C,00,00,00,00,00
269395,0,300,0,0,8,03,5A,64,5A,32,00,32,73
269395,0,301,0,0,3,96,03,00
269425,1,201,0,0,5,00,00,6C,02,62
269435,1,203,0,0,8,B0,03,68,E9,08,00,00,00
269445,0,300,0,0,8,03,5A,64,5A,32,00,32,34
269445,0,301,0,0,3,03,04,00
269445,1,401,0,0,8,79,9E,00,00,DA,03,00,00
269455,1,206,0,0,8,00,00,00,00,00,00,00,00
269465,1,400,0,0,8,01,00,2C,00,00,00,00,00
269495,0,300,0,0,8,03,5A,64,5A,32,00,32,35
269495,0,301,0,0,3,54,05,00
269525,1,201,0,0,5,00,00,30,02,62
269525,1,403,0,0,8,64,00,00,00,40,E3,09,00
269535,1,203,0,0,8,2B,04,14,49,09,00,00,00
269545,0,300,0,0,8,03,5A,64,5A,32,00,32,36
269545,0,301,0,0,3,F5,06,00
269545,1,204,0,0,8,00,00,00,00,00,00,00,00
269545,1,401,0,0,8,C5,9D,00,00,DA,03,00,00
269555,1,206,0,0,8,00,00,00,00,00,00,00,00
269555,1,202,0,0,8,E2,12,00,00,D6,7C,05,00
269565,1,400,0,0,8,01,00,2C,00,00,00,00,00
269565,1,666,0,0,8,52,08,05,00,52,95,36,02
269585,1,665,0,0,8,00,00,00,53,4C,18,53,00
269595,0,300,0,0,8,03,5A,64,5A,32,00,32,37
269595,0,301,0,0,3,B8,07,00
269595,1,200,0,0,8,58,00,2C,A4,08,00,02,00
269625,1,201,0,0,5,00,00,CC,01,62
269635,1,203,0,0,8,6F,04,58,1B,08,00,00,00
269645,0,300,0,0,8,03,5A,64,5A,32,00,32,F8
269645,0,301,0,0,3,80,08,00
269645,1,401,0,0,8,C5,9D,00,00,29,09,00,00
269655,1,206,0,0,8,00,00,00,00,00,00,00,00
269665,1,400,0,0,8,01,00,2C,00,00,00,00,00
269695,0,300,0,0,8,03,5A,64,5A,32,00,32,F9
269695,0,301,0,0,3,88,09,00
269725,1,201,0,0,5,00,00,C8,00,62
269735,1,203,0,0,8,EE,04,50,06,04,00,00,00
269745,0,300,0,0,8,03,5A,64,5A,32,00,32,FA
269745,0,301,0,0,3,C6,0A,00
269745,1,401,0,0,8,C5,9D,00,00,29,09,00,00
269755,1,206,0,0,8,00,00,00,00,00,00,00,00
269765,1,400,0,0,8,01,00,2C,00,00,00,00,00
269795,0,300,0,0,8,03,5A,64,5A,32,00,32,FB
269795,0,301,0,0,3,43,0B,00
269825,1,201,0,0,5,00,00,AA,00,62
269835,1,203,0,0,8,25,05,40,38,03,00,00,00
269845,0,300,0,0,8,03,5A,64,5A,32,00,32,BC
269845,0,301,0,0,3,B5,0C,00
269845,1,401,0,0,8,26,9E,00,00,29,09,00,00
269855,1,206,0,0,8,00,00,00,00,00,00,00,00
269865,1,400,0,0,8,01,00,2C,00,00,00,00,00
269895,0,300,0,0,8,03,5A,64,5A,32,00,32,BD
269895,0,301,0,0,3,4E,0D,00
269925,1,201,0,0,5,32,00,00,00,62
269935,1,203,0,0,8,9C,05,00,00,00,00,00,00
269945,0,300,0,0,8,03,5A,64,5A,32,00,32,BE
269945,0,301,0,0,3,1D,0E,00
269945,1,401,0,0,8,26,9E,00,00,D2,09,00,00
269955,1,206,0,0,8,00,00,00,00,00,00,00,00
269965,1,400,0,0,8,01,00,2C,00,00,00,00,00
269995,0,300,0,0,8,03,5A,64,5A,32,00,32,BF
269995,0,301,0,0,3,E8,0F,00
270025,1,201,0,0,5,32,00,00,00,62
270025,1,402,0,0,8,58,00,00,00,2C,A4,08,00
270035,1,203,0,0,8,D3,05,00,00,00,00,00,00
270045,0,300,0,0,8,03,5A,64,5A,32,00,32,70
270045,0,301,0,0,3,E2,00,00
270045,1,401,0,0,8,95,9E,00,00,D2,09,00,00
270055,1,206,0,0,8,00,00,00,00,00,00,00,00
270065,1,400,0,0,8,01,00,2C,00,00,00,00,00
270095,0,300,0,0,8,03,5A,64,5A,32,00,32,71
270095,0,301,0,0,3,B3,01,00
270125,1,201,0,0,5,32,00,88,04,62
270135,1,203,0,0,8,42,06,E0,EB,16,00,00,00
270145,0,300,0,0,8,03,5A,64,5A,32,00,32,72
270145,0,301,0,0,3,6B,02,00
270145,1,401,0,0,8,95,9E,00,00,6A,05,00,00
270155,1,206,0,0,8,00,00,00,00,00,00,00,00
270165,1,400,0,0,8,01,00,2C,00,00,00,00,00
270195,0,300,0,0,8,03,5A,64,5A,32,00,32,73
270195,0,301,0,0,3,96,03,00
270225,1,201,0,0,5,32,00,DC,05,62
270235,1,203,0,0,8,8F,06,28,CF,26,00,00,00
270245,0,300,0,0,8,03,5A,64,5A,32,00,32,34
270245,0,301,0,0,3,03,04,00
270245,1,401,0,0,8,95,9E,00,00,6A,05,00,00
270255,1,206,0,0,8,00,00,00,00,00,00,00,00
270265,1,400,0,0,8,01,00,2C,00,00,00,00,00
270295,0,300,0,0,8,03,5A,64,5A,32,00,32,35
270295,0,301,0,0,3,54,05,00
270325,1,201,0,0,5,32,00,C4,04,62
270335,1,203,0,0,8,B7,06,D0,38,24,00,00,00
270345,0,300,0,0,8,03,5A,64,5A,32,00,32,36
270345,0,301,0,0,3,F5,06,00
270345,1,401,0,0,8,C3,9C,00,00,6A,05,00,00
270355,1,206,0,0,8,00,00,00,00,00,00,00,00
270365,1,400,0,0,8,01,00,2C,00,00,00,00,00
270395,0,300,0,0,8,03,5A,64,5A,32,00,32,37
270395,0,301,0,0,3,B8,07,00
270425,1,201,0,0,5,32,00,48,03,62
270435,1,203,0,0,8,05,07,D0,57,17,00,00,00
270445,0,300,0,0,8,03,5A,64,5A,32,00,32,F8
270445,0,301,0,0,3,80,08,00
270445,1,401,0,0,8,C3,9C,00,00,5F,0B,00,00
270455,1,206,0,0,8,00,00,00,00,00,00,00,00
270465,1,400,0,0,8,01,00,2C,00,00,00,00,00
270495,0,300,0,0,8,03,5A,64,5A,32,00,32,F9
270495,0,301,0,0,3,88,09,00
270525,1,201,0,0,5,32,00,44,02,62
270525,1,403,0,0,8,64,00,00,00,40,E3,09,00
270535,1,203,0,0,8,24,07,28,69,14,00,00,00
270545,0,300,0,0,8,03,5A,64,5A,32,00,32,FA
270545,0,301,0,0,3,C6,0A,00
270545,1,204,0,0,8,00,00,00,00,00,00,00,00
270545,1,401,0,0,8,C3,9C,00,00,5F,0B,00,00
270555,1,206,0,0,8,00,00,00,00,00,00,00,00
270555,1,202,0,0,8,E2,12,00,00,D8,7C,05,00
270565,1,400,0,0,8,01,00,2C,00,00,00,00,00
270595,0,300,0,0,8,03,5A,64,5A,32,00,32,FB
270595,0,301,0,0,3,43,0B,00
270625,1,201,0,0,5,32,00,E4,02,62
270635,1,203,0,0,8,68,07,54,17,15,00,00,00
270645,0,300,0,0,8,03,5A,64,5A,32,00,32,BC
270645,0,301,0,0,3,B5,0C,00
270645,1,401,0,0,8,C3,9C,00,00,9B,15,00,00
270655,1,206,0,0,8,00,00,00,00,00,00,00,00
270675,1,400,0,0,8,01,00,2C,00,00,00,00,00
270695,0,300,0,0,8,03,5A,64,5A,32,00,32,BD
270695,0,301,0,0,3,4E,0D,00
270725,1,201,0,0,5,32,00,4C,04,62
270735,1,203,0,0,8,8C,07,80,95,1F,00,00,00
270745,0,300,0,0,8,03,5A,64,5A,32,00,32,BE
270745,0,301,0,0,3,1D,0E,00
270755,1,401,0,0,8,C3,9C,00,00,9B,15,00,00
270755,1,206,0,0,8,00,00,00,00,00,00,00,00
270775,1,400,0,0,8,01,00,2C,00,00,00,00,00
270795,0,300,0,0,8,03,5A,64,5A,32,00,32,BF
270795,0,301,0,0,3,E8,0F,00
270825,1,201,0,0,5,32,00,FC,03,62
270835,1,203,0,0,8,C5,07,C0,6A,23,00,00,00
270845,0,300,0,0,8,03,5A,64,5A,32,00,32,70
270845,0,301,0,0,3,E2,00,00
270855,1,401,0,0,8,B3,9C,00,00,9B,15,00,00
270855,1,206,0,0,8,00,00,00,00,00,00,00,00
270875,1,400,0,0,8,01,00,2C,00,00,00,00,00
270895,0,300,0,0,8,03,5A,64,5A,32,00,32,71
270895,0,301,0,0,3,B3,01,00
270925,1,201,0,0,5,32,00,B6,03,62
270935,1,203,0,0,8,E8,07,50,9F,1F,00,00,00
270945,0,300,0,0,8,03,5A,64,5A,32,00,32,72
270945,0,301,0,0,3,6B,02,00
270955,1,401,0,0,8,B3,9C,00,00,F5,12,00,00
270955,1,206,0,0,8,00,00,00,00,00,00,00,00
270975,1,400,0,0,8,01,00,2C,00,00,00,00,00
270995,0,300,0,0,8,03,5A,64,5A,32,00,32,73
270995,0,301,0,0,3,96,03,00
271025,1,201,0,0,5,32,00,12,02,62
271035,1,402,0,0,8,58,00,00,00,08,A4,08,00
271035,1,203,0,0,8,37,08,6C,75,14,00,00,00
271045,0,300,0,0,8,03,5A,64,5A,32,00,32,34
271045,0,301,0,0,3,03,04,00
271055,1,401,0,0,8,A9,9C,00,00,F5,12,00,00
271055,1,206,0,0,8,00,00,00,00,00,00,00,00
271075,1,400,0,0,8,01,00,2C,00,00,00,00,00
271095,0,300,0,0,8,03,5A,64,5A,32,00,32,35
271095,0,301,0,0,3,54,05,00
271125,1,201,0,0,5,32,00,FA,00,62
271135,1,203,0,0,8,6E,08,34,0E,09,00,00,00
271145,0,300,0,0,8,03,5A,64,5A,32,00,32,36
271145,0,301,0,0,3,F5,06,00
271155,1,401,0,0,8,A9,9C,00,00,C0,14,00,00
271155,1,206,0,0,8,00,00,00,00,00,00,00,00
271175,1,400,0,0,8,01,00,2C,00,00,00,00,00
271195,0,300,0,0,8,03,5A,64,5A,32,00,32,37
271195,0,301,0,0,3,B8,07,00
271225,1,201,0,0,5,32,00,C6,02,62
271235,1,203,0,0,8,87,08,10,86,0F,00,00,00
271245,0,300,0,0,8,03,5A,64,5A,32,00,32,F8
271245,0,301,0,0,3,80,08,00
271255,1,401,0,0,8,A9,9C,00,00,C0,14,00,00
271255,1,206,0,0,8,00,00,00,00,00,00,00,00
271275,1,400,0,0,8,01,00,2C,00,00,00,00,00
271275,0,404,0,0,2,4A,00
271275,1,405,0,0,8,4A,00,00,00,06,00,00,00
271295,0,300,0,0,8,03,5A,64,5A,32,00,32,F9
271295,0,301,0,0,3,88,09,00
271305,0,404,0,0,2,02,30
271305,1,405,0,0,7,02,30,00,00,00,00,00
271325,1,201,0,0,5,3A,02,0C,03,62
271335,1,203,0,0,8,B7,08,B8,A7,1B,00,00,00
271335,0,404,0,0,2,44,00
271335,1,405,0,0,6,44,00,00,00,50,46
271345,0,300,0,0,8,03,5A,64,5A,32,00,32,FA
271345,0,301,0,0,3,C6,0A,00
271355,1,401,0,0,8,85,9D,00,00,C0,14,00,00
271355,1,206,0,0,8,00,00,00,00,00,00,00,00
271365,0,404,0,0,2,01,00
271365,1,405,0,0,8,01,00,00,00,00,04,06,04
271375,1,400,0,0,8,01,00,2C,00,00,00,00,00
271395,0,300,0,0,8,03,5A,64,5A,32,00,32,FB
271395,0,301,0,0,3,43,0B,00
271405,0,404,0,0,2,A3,01
271405,1,405,0,0,5,A3,01,00,00,06
271425,1,201,0,0,5,3A,02,94,02,62
271425,0,404,0,0,2,20,00
271435,1,405,0,0,8,20,00,00,00,32,33,36,47
271435,1,203,0,0,8,CD,08,30,F2,1A,00,00,00
271445,0,300,0,0,8,03,5A,64,5A,32,00,32,BC
271445,0,301,0,0,3,B5,0C,00
271455,1,401,0,0,8,85,9D,00,00,08,0F,00,00
271455,1,206,0,0,8,00,00,00,00,00,00,00,00
271465,0,404,0,0,2,21,00
271465,1,405,0,0,8,21,00,00,00,35,4C,41,31
271475,1,400,0,0,8,01,00,2C,00,00,00,00,00
271495,0,300,0,0,8,03,5A,64,5A,32,00,32,BD
271495,0,301,0,0,3,4E,0D,00
271495,0,404,0,0,2,22,00
271495,1,405,0,0,8,22,00,00,00,30,30,34,52
271525,1,201,0,0,5,3A,02,FE,01,62
271525,0,404,0,0,2,23,00
271525,1,405,0,0,8,23,00,00,00,4D,30,30,30
271535,1,403,0,0,8,64,00,00,00,40,E3,09,00
271535,1,203,0,0,8,F5,08,28,92,12,00,00,00
271545,0,300,0,0,8,03,5A,64,5A,32,00,32,BE
271545,0,301,0,0,3,1D,0E,00
271545,1,204,0,0,8,00,00,00,00,00,00,00,00
271555,1,401,0,0,8,4E,9D,00,00,08,0F,00,00
271555,1,206,0,0,8,00,00,00,00,00,00,00,00
271555,1,202,0,0,8,E2,12,00,00,DA,7C,05,00
271565,0,404,0,0,2,24,00
271565,1,405,0,0,8,24,00,00,00,30,30,30,30
271575,1,400,0,0,8,01,00,2C,00,00,00,00,00
271585,0,404,0,0,2,25,00
271585,1,405,0,0,8,25,00,00,00,30,30,30,30
271595,0,300,0,0,8,03,5A,64,5A,32,00,32,BF
271595,0,301,0,0,3,E8,0F,00
271615,0,404,0,0,2,26,00
271615,1,405,0,0,8,26,00,00,00,30,30,30,30
271625,1,201,0,0,5,3A,02,12,02,62
271635,1,203,0,0,8,08,09,70,61,0C,00,00,00
271645,0,300,0,0,8,03,5A,64,5A,32,00,32,70
271645,0,301,0,0,3,E2,00,00
271645,0,404,0,0,2,27,00
271645,1,405,0,0,6,27,00,00,00,30,30
271655,1,401,0,0,8,4E,9D,00,00,13,0E,00,00
271655,1,206,0,0,8,00,00,00,00,00,00,00,00
271675,1,400,0,0,8,01,00,2C,00,00,00,00,00
271675,0,404,0,0,2,4C,00
271685,1,405,0,0,8,4C,00,00,00,00,24,00,00
271695,0,300,0,0,8,03,5A,64,5A,32,00,32,71
271695,0,301,0,0,3,B3,01,00
271715,0,404,0,0,2,46,00
271715,1,405,0,0,5,46,00,00,00,00
271725,1,201,0,0,5,3A,02,66,03,62
271735,1,203,0,0,8,1A,09,E8,22,21,00,00,00
271745,0,300,0,0,8,03,5A,64,5A,32,00,32,72
271745,0,301,0,0,3,6B,02,00
271745,0,404,0,0,2,4D,00
271745,1,405,0,0,8,4D,00,00,00,00,00,00,00
271755,1,401,0,0,8,4E,9D,00,00,13,0E,00,00
271755,1,206,0,0,8,00,00,00,00,00,00,00,00
271775,1,400,0,0,8,01,00,2C,00,00,00,00,00
271775,0,404,0,0,2,50,00
271775,1,405,0,0,8,50,00,00,00,7F,00,7E,00
271795,0,300,0,0,8,03,5A,64,5A,32,00,32,73
271795,0,301,0,0,3,96,03,00
271805,0,404,0,0,2,02,00
271805,1,405,0,0,8,02,00,00,00,53,49,43,54
271825,1,201,0,0,5,3A,02,66,03,62
271835,1,203,0,0,8,49,09,78,A2,21,00,00,00
271835,0,404,0,0,2,0A,00
271835,1,405,0,0,8,0A,00,00,00,30,3A,00,00
271845,0,300,0,0,8,03,5A,64,5A,32,00,32,34
271845,0,301,0,0,3,03,04,00
271855,1,401,0,0,8,52,9D,00,00,13,0E,00,00
271855,1,206,0,0,8,00,00,00,00,00,00,00,00
271875,0,404,0,0,2,04,00
271875,1,400,0,0,8,01,00,2C,00,00,00,00,00
271875,1,405,0,0,7,04,00,00,00,16,09,02
271895,0,300,0,0,8,03,5A,64,5A,32,00,32,35
271895,0,301,0,0,3,54,05,00
271895,0,404,0,0,2,B0,01
271895,1,405,0,0,6,B0,01,00,00,00,00
271925,1,201,0,0,5,3A,02,34,03,62
271925,0,404,0,0,2,B1,01
271935,1,405,0,0,6,B1,01,00,00,00,00
271935,1,203,0,0,8,54,09,D8,9F,24,00,00,00
271945,0,300,0,0,8,03,5A,64,5A,32,00,32,36
271945,0,301,0,0,3,F5,06,00
271955,1,401,0,0,8,52,9D,00,00,C6,0C,00,00
271955,1,206,0,0,8,00,00,00,00,00,00,00,00
271975,1,400,0,0,8,01,00,2C,00,00,00,00,00
271995,0,300,0,0,8,03,5A,64,5A,32,00,32,37
271995,0,301,0,0,3,B8,07,00
272025,1,201,0,0,5,3A,02,4A,01,62
272035,1,402,0,0,8,58,00,00,00,E4,A3,08,00
272035,1,203,0,0,8,84,09,20,A6,0C,00,00,00
272045,0,300,0,0,8,03,5A,64,5A,32,00,32,F8
272045,0,301,0,0,3,80,08,00
272055,1,401,0,0,8,0A,9D,00,00,C6,0C,00,00
272055,1,206,0,0,8,00,00,00,00,00,00,00,00
272075,1,400,0,0,8,01,00,2C,00,00,00,00,00
272095,0,300,0,0,8,03,5A,64,5A,32,00,32,F9
272095,0,301,0,0,3,88,09,00
272125,1,201,0,0,5,3A,02,EA,01,62
272135,1,203,0,0,8,94,09,60,6A,0D,00,00,00
272145,0,300,0,0,8,03,5A,64,5A,32,00,32,FA
272145,0,301,0,0,3,C6,0A,00
272155,1,401,0,0,8,0A,9D,00,00,15,10,00,00
272155,1,206,0,0,8,00,00,00,00,00,00,00,00
272175,1,400,0,0,8,01,00,2C,00,00,00,00,00
272195,0,300,0,0,8,03,5A,64,5A,32,00,32,FB
272195,0,301,0,0,3,43,0B,00
272225,1,201,0,0,5,3A,02,FE,01,62
272235,1,203,0,0,8,B9,09,A4,D2,14,00,00,00
272245,0,300,0,0,8,03,5A,64,5A,32,00,32,BC
272245,0,301,0,0,3,B5,0C,00
272255,1,401,0,0,8,0A,9D,00,00,15,10,00,00
272255,1,206,0,0,8,00,00,00,00,00,00,00,00
272275,1,400,0,0,8,01,00,2C,00,00,00,00,00
272295,0,300,0,0,8,03,5A,64,5A,32,00,32,BD
272295,0,301,0,0,3,4E,0D,00
272325,1,201,0,0,5,3A,02,08,02,62
272335,1,203,0,0,8,C5,09,7C,09,14,00,00,00
272345,0,300,0,0,8,03,5A,64,5A,32,00,32,BE
272345,0,301,0,0,3,1D,0E,00
272355,1,401,0,0,8,6A,9D,00,00,15,10,00,00
272355,1,206,0,0,8,00,00,00,00,00,00,00,00
272375,1,400,0,0,8,01,00,2C,00,00,00,00,00
272395,0,300,0,0,8,03,5A,64,5A,32,00,32,BF
272395,0,301,0,0,3,E8,0F,00
272425,1,201,0,0,5,9E,02,B8,01,62
272435,1,203,0,0,8,E4,09,80,51,13,00,00,00
272445,0,300,0,0,8,03,5A,64,5A,32,00,32,70
272445,0,301,0,0,3,E2,00,00
272455,1,401,0,0,8,6A,9D,00,00,29,0D,00,00
272455,1,206,0,0,8,00,00,00,00,00,00,00,00
272475,1,400,0,0,8,01,00,2C,00,00,00,00,00
272495,0,300,0,0,8,03,5A,64,5A,32,00,32,71
272495,0,301,0,0,3,B3,01,00
272525,1,201,0,0,5,9E,02,18,01,62
272535,1,403,0,0,8,64,00,00,00,40,E3,09,00
272535,1,203,0,0,8,FC,09,08,48,0D,00,00,00
272545,0,300,0,0,8,03,5A,64,5A,32,00,32,72
272545,0,301,0,0,3,6B,02,00
272545,1,204,0,0,8,00,00,00,00,00,00,00,00
272555,1,401,0,0,8,CD,9D,00,00,29,0D,00,00
272555,1,206,0,0,8,00,00,00,00,00,00,00,00
272555,1,202,0,0,8,E2,13,00,00,DD,7C,05,00
272575,1,666,0,0,8,52,08,05,00,52,95,36,02
272575,1,400,0,0,8,01,00,2C,00,00,00,00,00
272585,1,665,0,0,8,00,00,00,53,4C,18,53,00
272595,0,300,0,0,8,03,5A,64,5A,32,00,32,73
272595,0,301,0,0,3,96,03,00
272595,1,200,0,0,8,58,00,27,A4,08,00,00,00
272625,1,201,0,0,5,9E,02,BC,02,62
272635,1,203,0,0,8,16,0A,74,9B,1B,00,00,00
272645,0,300,0,0,8,03,5A,64,5A,32,00,32,34
272645,0,301,0,0,3,03,04,00
272655,1,401,0,0,8,CD,9D,00,00,9B,0B,00,00
272655,1,206,0,0,8,00,00,00,00,00,00,00,00
272675,1,400,0,0,8,01,00,2C,00,00,00,00,00
272695,0,300,0,0,8,03,5A,64,5A,32,00,32,35
272695,0,301,0,0,3,54,05,00
272725,1,201,0,0,5,9E,02,8A,02,62
272735,1,203,0,0,8,30,0A,00,5F,1A,00,00,00
272745,0,300,0,0,8,03,5A,64,5A,32,00,32,36
272745,0,301,0,0,3,F5,06,00
272755,1,401,0,0,8,CD,9D,00,00,9B,0B,00,00
272755,1,206,0,0,8,00,00,00,00,00,00,00,00
272775,1,400,0,0,8,01,00,2C,00,00,00,00,00
272795,0,300,0,0,8,03,5A,64,5A,32,00,32,37
272795,0,301,0,0,3,B8,07,00
272825,1,201,0,0,5,9E,02,0E,01,62
272835,1,203,0,0,8,32,0A,EC,3E,0F,00,00,00
272845,0,300,0,0,8,03,5A,64,5A,32,00,32,F8
272845,0,301,0,0,3,80,08,00
272855,1,401,0,0,8,5A,9D,00,00,9B,0B,00,00
272855,1,206,0,0,8,00,00,00,00,00,00,00,00
272875,1,400,0,0,8,01,00,2C,00,00,00,00,00
272895,0,300,0,0,8,03,5A,64,5A,32,00,32,F9
272895,0,301,0,0,3,88,09,00
272925,1,201,0,0,5,9E,02,82,00,62
272935,1,203,0,0,8,4A,0A,4C,5B,05,00,00,00
272945,0,300,0,0,8,03,5A,64,5A,32,00,32,FA
272945,0,301,0,0,3,C6,0A,00
272955,1,401,0,0,8,5A,9D,00,00,36,0B,00,00
272955,1,206,0,0,8,00,00,00,00,00,00,00,00
272975,1,400,0,0,8,01,00,2C,00,00,00,00,00
272995,0,300,0,0,8,03,5A,64,5A,32,00,32,FB
272995,0,301,0,0,3,43,0B,00
273025,1,201,0,0,5,9E,02,26,02,62
273035,1,203,0,0,8,51,0A,00,BF,06,00,00,00
273035,1,402,0,0,8,58,00,00,00,C0,A3,08,00
273045,0,300,0,0,8,03,5A,64,5A,32,00,32,BC
273045,0,301,0,0,3,B5,0C,00
273055,1,401,0,0,8,3F,9E,00,00,36,0B,00,00
273055,1,206,0,0,8,00,00,00,00,00,00,00,00
273075,1,400,0,0,8,01,00,2C,00,00,00,00,00
273095,0,300,0,0,8,03,5A,64,5A,32,00,32,BD
273095,0,301,0,0,3,4E,0D,00
273125,1,201,0,0,5,9E,02,DA,02,62
273135,1,203,0,0,8,59,0A,40,0B,20,00,00,00
273145,0,300,0,0,8,03,5A,64,5A,32,00,32,BE
273145,0,301,0,0,3,1D,0E,00
273155,1,401,0,0,8,3F,9E,00,00,D6,09,00,00
273155,1,206,0,0,8,00,00,00,00,00,00,00,00
273175,1,400,0,0,8,01,00,2C,00,00,00,00,00
273195,0,300,0,0,8,03,5A,64,5A,32,00,32,BF
273195,0,301,0,0,3,E8,0F,00
273225,1,201,0,0,5,9E,02,6C,02,62
273235,1,203,0,0,8,60,0A,90,30,17,00,00,00
273245,0,300,0,0,8,03,5A,64,5A,32,00,32,70
273245,0,301,0,0,3,E2,00,00
273255,1,401,0,0,8,3F,9E,00,00,D6,09,00,00
273255,1,206,0,0,8,00,00,00,00,00,00,00,00
273275,1,400,0,0,8,01,00,2C,00,00,00,00,00
273295,0,300,0,0,8,03,5A,64,5A,32,00,32,71
273295,0,301,0,0,3,B3,01,00
273325,1,201,0,0,5,9E,02,2C,01,62
273335,1,203,0,0,8,74,0A,30,3A,0C,00,00,00
273345,0,300,0,0,8,03,5A,64,5A,32,00,32,72
273345,0,301,0,0,3,6B,02,00
273355,1,401,0,0,8,85,9D,00,00,D6,09,00,00
273355,1,206,0,0,8,00,00,00,00,00,00,00,00
273375,1,400,0,0,8,01,00,2C,00,00,00,00,00
273395,0,300,0,0,8,03,5A,64,5A,32,00,32,73
273395,0,301,0,0,3,96,03,00
273425,1,201,0,0,5,9E,02,AA,00,62
273435,1,203,0,0,8,7B,0A,00,00,00,00,00,00
273445,0,300,0,0,8,03,5A,64,5A,32,00,32,34
273445,0,301,0,0,3,03,04,00
273455,1,401,0,0,8,85,9D,00,00,CB,09,00,00
273455,1,206,0,0,8,00,00,00,00,00,00,00,00
273475,1,400,0,0,8,01,00,2C,00,00,00,00,00
273495,0,300,0,0,8,03,5A,64,5A,32,00,32,35
273495,0,301,0,0,3,54,05,00
273525,1,201,0,0,5,C6,02,44,02,62
273535,1,203,0,0,8,6D,0A,D0,80,15,00,00,00
273535,1,403,0,0,8,64,00,00,00,40,E3,09,00
273545,0,300,0,0,8,03,5A,64,5A,32,00,32,36
273545,0,301,0,0,3,F5,06,00
273545,1,204,0,0,8,00,00,00,00,00,00,00,00
273555,1,401,0,0,8,37,9E,00,00,CB,09,00,00
273555,1,206,0,0,8,00,00,00,00,00,00,00,00
273555,1,202,0,0,8,E2,12,00,00,DD,7C,05,00
273575,1,400,0,0,8,01,00,2C,00,00,00,00,00
273595,0,300,0,0,8,03,5A,64,5A,32,00,32,37
273595,0,301,0,0,3,B8,07,00
273625,1,201,0,0,5,C6,02,B8,01,62
273635,1,203,0,0,8,67,0A,40,8D,12,00,00,00
273645,0,300,0,0,8,03,5A,64,5A,32,00,32,F8
273645,0,301,0,0,3,80,08,00
273655,1,401,0,0,8,37,9E,00,00,BB,08,00,00
273655,1,206,0,0,8,00,00,00,00,00,00,00,00
273675,1,400,0,0,8,01,00,2C,00,00,00,00,00
273695,0,300,0,0,8,03,5A,64,5A,32,00,32,F9
273695,0,301,0,0,3,88,09,00
273725,1,201,0,0,5,C6,02,9A,01,62
273735,1,203,0,0,8,59,0A,10,12,0D,00,00,00
273745,0,300,0,0,8,03,5A,64,5A,32,00,32,FA
273745,0,301,0,0,3,C6,0A,00
273755,1,401,0,0,8,37,9E,00,00,BB,08,00,00
273755,1,206,0,0,8,00,00,00,00,00,00,00,00
273775,1,400,0,0,8,01,00,2C,00,00,00,00,00
273795,0,300,0,0,8,03,5A,64,5A,32,00,32,FB
273795,0,301,0,0,3,43,0B,00
273825,1,201,0,0,5,C6,02,FA,00,62
273835,1,203,0,0,8,54,0A,70,8A,0A,00,00,00
273845,0,300,0,0,8,03,5A,64,5A,32,00,32,BC
273845,0,301,0,0,3,B5,0C,00
273855,1,401,0,0,8,FA,9D,00,00,BB,08,00,00
273855,1,206,0,0,8,00,00,00,00,00,00,00,00
273875,1,400,0,0,8,01,00,2C,00,00,00,00,00
273895,0,300,0,0,8,03,5A,64,5A,32,00,32,BD
273895,0,301,0,0,3,4E,0D,00
273925,1,201,0,0,5,C6,02,1C,02,62
273935,1,203,0,0,8,4C,0A,80,2F,0D,00,00,00
273945,0,300,0,0,8,03,5A,64,5A,32,00,32,BE
273945,0,301,0,0,3,1D,0E,00
273955,1,401,0,0,8,FA,9D,00,00,45,08,00,00
273955,1,206,0,0,8,00,00,00,00,00,00,00,00
273975,1,400,0,0,8,01,00,2C,00,00,00,00,00
273995,0,300,0,0,8,03,5A,64,5A,32,00,32,BF
273995,0,301,0,0,3,E8,0F,00
274025,1,201,0,0,5,C6,02,A8,02,62
274035,1,203,0,0,8,45,0A,6C,6E,1C,00,00,00
274035,1,402,0,0,8,58,00,00,00,9C,A3,08,00
274045,0,300,0,0,8,03,5A,64,5A,32,00,32,70
274045,0,301,0,0,3,E2,00,00
274055,1,401,0,0,8,B9,9D,00,00,45,08,00,00
274055,1,206,0,0,8,00,00,00,00,00,00,00,00
274075,1,400,0,0,8,01,00,2C,00,00,00,00,00
274095,0,300,0,0,8,03,5A,64,5A,32,00,32,71
274095,0,301,0,0,3,B3,01,00
274125,1,201,0,0,5,C6,02,58,02,62
274135,1,203,0,0,8,41,0A,F0,04,1C,00,00,00
274145,0,300,0,0,8,03,5A,64,5A,32,00,32,72
274145,0,301,0,0,3,6B,02,00
274155,1,401,0,0,8,B9,9D,00,00,56,08,00,00
274155,1,206,0,0,8,00,00,00,00,00,00,00,00
274175,1,400,0,0,8,01,00,2C,00,00,00,00,00
274195,0,300,0,0,8,03,5A,64,5A,32,00,32,73
274195,0,301,0,0,3,96,03,00
274225,1,201,0,0,5,C6,02,86,01,62
274235,1,203,0,0,8,44,0A,60,7B,10,00,00,00
274245,0,300,0,0,8,03,5A,64,5A,32,00,32,34
274245,0,301,0,0,3,03,04,00
274255,1,401,0,0,8,B9,9D,00,00,56,08,00,00
274255,1,206,0,0,8,00,00,00,00,00,00,00,00
274275,1,400,0,0,8,01,00,2C,00,00,00,00,00
274295,0,300,0,0,8,03,5A,64,5A,32,00,32,35
274295,0,301,0,0,3,54,05,00
274325,1,201,0,0,5,C6,02,E6,00,62
274335,1,203,0,0,8,48,0A,1C,4D,0A,00,00,00
274345,0,300,0,0,8,03,5A,64,5A,32,00,32,36
274345,0,301,0,0,3,F5,06,00
274355,1,401,0,0,8,BD,9D,00,00,56,08,00,00
274355,1,206,0,0,8,00,00,00,00,00,00,00,00
274375,1,400,0,0,8,01,00,2C,00,00,00,00,00
274395,0,300,0,0,8,03,5A,64,5A,32,00,32,37
274395,0,301,0,0,3,B8,07,00
274425,1,201,0,0,5,C6,02,C6,02,62
274435,1,203,0,0,8,4C,0A,08,8C,19,00,00,00
274445,0,300,0,0,8,03,5A,64,5A,32,00,32,F8
274445,0,301,0,0,3,80,08,00
274455,1,401,0,0,8,BD,9D,00,00,3B,0B,00,00
274455,1,206,0,0,8,00,00,00,00,00,00,00,00
274475,1,400,0,0,8,01,00,2C,00,00,00,00,00
274495,0,300,0,0,8,03,5A,64,5A,32,00,32,F9
274495,0,301,0,0,3,88,09,00
274525,1,201,0,0,5,C6,02,D0,02,62
274535,1,203,0,0,8,4C,0A,E0,AA,1D,00,00,00
274535,1,403,0,0,8,64,00,00,00,40,E3,09,00
274545,0,300,0,0,8,03,5A,64,5A,32,00,32,FA
274545,0,301,0,0,3,C6,0A,00
274545,1,204,0,0,8,00,00,00,00,00,00,00,00
274555,1,401,0,0,8,91,9D,00,00,3B,0B,00,00
274555,1,206,0,0,8,00,00,00,00,00,00,00,00
274565,1,202,0,0,8,E2,13,00,00,DF,7C,05,00
274575,1,400,0,0,8,01,00,2C,00,00,00,00,00
274595,0,300,0,0,8,03,5A,64,5A,32,00,32,FB
274595,0,301,0,0,3,43,0B,00
274625,1,201,0,0,5,C6,02,B8,01,62
274635,1,203,0,0,8,52,0A,20,65,13,00,00,00
274645,0,300,0,0,8,03,5A,64,5A,32,00,32,BC
274645,0,301,0,0,3,B5,0C,00
274655,1,401,0,0,8,91,9D,00,00,08,0A,00,00
274655,1,206,0,0,8,00,00,00,00,00,00,00,00
274675,1,400,0,0,8,01,00,2C,00,00,00,00,00
274695,0,300,0,0,8,03,5A,64,5A,32,00,32,BD
274695,0,301,0,0,3,4E,0D,00
274725,1,201,0,0,5,A8,02,C8,00,62
274735,1,203,0,0,8,60,0A,80,1E,0A,00,00,00
274745,0,300,0,0,8,03,5A,64,5A,32,00,32,BE
274745,0,301,0,0,3,1D,0E,00
274755,1,401,0,0,8,91,9D,00,00,08,0A,00,00
274755,1,206,0,0,8,00,00,00,00,00,00,00,00
274775,1,400,0,0,8,01,00,2C,00,00,00,00,00
274795,0,300,0,0,8,03,5A,64,5A,32,00,32,BF
274795,0,301,0,0,3,E8,0F,00
274825,1,201,0,0,5,A8,02,7C,01,62
274835,1,203,0,0,8,67,0A,20,E7,05,00,00,00
274845,0,300,0,0,8,03,5A,64,5A,32,00,32,70
274845,0,301,0,0,3,E2,00,00
274855,1,206,0,0,8,00,00,00,00,00,00,00,00
274865,1,401,0,0,8,E2,9D,00,00,08,0A,00,00
274875,1,400,0,0,8,01,00,2C,00,00,00,00,00
274895,0,300,0,0,8,03,5A,64,5A,32,00,32,71
274895,0,301,0,0,3,B3,01,00
274925,1,201,0,0,5,A8,02,30,02,62
274935,1,203,0,0,8,71,0A,40,4C,19,00,00,00
274945,0,300,0,0,8,03,5A,64,5A,32,00,32,72
274945,0,301,0,0,3,6B,02,00
274955,1,206,0,0,8,00,00,00,00,00,00,00,00
274965,1,401,0,0,8,E2,9D,00,00,CC,0A,00,00
274985,1,400,0,0,8,01,00,2C,00,00,00,00,00
274995,0,300,0,0,8,03,5A,64,5A,32,00,32,73
274995,0,301,0,0,3,96,03,00
275025,1,201,0,0,5,A8,02,6C,02,62
275035,1,203,0,0,8,7F,0A,20,24,1A,00,00,00
275045,1,402,0,0,8,58,00,00,00,78,A3,08,00
275045,0,300,0,0,8,03,5A,64,5A,32,00,32,34
275045,0,301,0,0,3,03,04,00
275055,1,206,0,0,8,00,00,00,00,00,00,00,00
275065,1,401,0,0,8,9B,9D,00,00,CC,0A,00,00
275085,1,400,0,0,8,01,00,2C,00,00,00,00,00
275095,0,300,0,0,8,03,5A,64,5A,32,00,32,35
275095,0,301,0,0,3,54,05,00
275125,1,201,0,0,5,A8,02,CC,01,62
275135,1,203,0,0,8,89,0A,70,08,18,00,00,00
275145,0,300,0,0,8,03,5A,64,5A,32,00,32,36
275145,0,301,0,0,3,F5,06,00
275155,1,206,0,0,8,00,00,00,00,00,00,00,00
275165,1,401,0,0,8,9B,9D,00,00,30,09,00,00
275185,1,400,0,0,8,01,00,2C,00,00,00,00,00
275195,0,300,0,0,8,03,5A,64,5A,32,00,32,37
275195,0,301,0,0,3,B8,07,00
275225,1,201,0,0,5,A8,02,BE,00,62
275235,1,203,0,0,8,9A,0A,6C,31,08,00,00,00
275245,0,300,0,0,8,03,5A,64,5A,32,00,32,F8
275245,0,301,0,0,3,80,08,00
275255,1,206,0,0,8,00,00,00,00,00,00,00,00
275265,1,401,0,0,8,9B,9D,00,00,30,09,00,00
275285,1,400,0,0,8,01,00,2C,00,00,00,00,00
275295,0,300,0,0,8,03,5A,64,5A,32,00,32,F9
275295,0,301,0,0,3,88,09,00
275325,1,201,0,0,5,A8,02,F4,01,62
275335,1,203,0,0,8,95,0A,F8,D5,13,00,00,00
275345,0,300,0,0,8,03,5A,64,5A,32,00,32,FA
275345,0,301,0,0,3,C6,0A,00
275355,1,206,0,0,8,00,00,00,00,00,00,00,00
275365,1,401,0,0,8,00,9E,00,00,30,09,00,00
275385,1,400,0,0,8,01,00,2C,00,00,00,00,00
275395,0,300,0,0,8,03,5A,64,5A,32,00,32,FB
275395,0,301,0,0,3,43,0B,00
275425,1,201,0,0,5,A8,02,68,01,62
275435,1,203,0,0,8,A5,0A,10,86,0F,00,00,00
275445,0,300,0,0,8,03,5A,64,5A,32,00,32,BC
275445,0,301,0,0,3,B5,0C,00
275455,1,206,0,0,8,00,00,00,00,00,00,00,00
275465,1,401,0,0,8,00,9E,00,00,E8,0A,00,00
275485,1,400,0,0,8,01,00,2C,00,00,00,00,00
275495,0,300,0,0,8,03,5A,64,5A,32,00,32,BD
275495,0,301,0,0,3,4E,0D,00
275525,1,201,0,0,5,A8,02,0E,01,62
275535,1,203,0,0,8,A4,0A,28,36,0B,00,00,00
275545,1,403,0,0,8,64,00,00,00,40,E3,09,00
275545,0,300,0,0,8,03,5A,64,5A,32,00,32,BE
275545,0,301,0,0,3,1D,0E,00
275545,1,204,0,0,8,00,00,00,00,00,00,00,00
275555,1,206,0,0,8,00,00,00,00,00,00,00,00
275565,1,202,0,0,8,E2,13,00,00,E1,7C,05,00
275565,1,401,0,0,8,02,9E,00,00,E8,0A,00,00
275575,1,666,0,0,8,52,08,05,00,52,95,36,02
275585,1,400,0,0,8,01,00,2C,00,00,00,00,00
275585,1,665,0,0,8,00,00,00,53,4C,18,53,00
275595,0,300,0,0,8,03,5A,64,5A,32,00,32,BF
275595,0,301,0,0,3,E8,0F,00
275595,1,200,0,0,8,58,00,18,A4,08,00,01,00
275625,1,201,0,0,5,A8,02,00,00,62
275635,1,203,0,0,8,B4,0A,00,00,00,00,00,00
275645,0,300,0,0,8,03,5A,64,5A,32,00,32,70
275645,0,301,0,0,3,E2,00,00
275655,1,206,0,0,8,00,00,00,00,00,00,00,00
275665,1,401,0,0,8,02,9E,00,00,66,08,00,00
275685,1,400,0,0,8,01,00,2C,00,00,00,00,00
275695,0,300,0,0,8,03,5A,64,5A,32,00,32,71
275695,0,301,0,0,3,B3,01,00
275725,1,201,0,0,5,D0,02,80,02,62
275735,1,203,0,0,8,B5,0A,00,00,00,00,00,00
275745,0,300,0,0,8,03,5A,64,5A,32,00,32,72
275745,0,301,0,0,3,6B,02,00
275755,1,206,0,0,8,00,00,00,00,00,00,00,00
275765,1,401,0,0,8,02,9E,00,00,66,08,00,00
275785,1,400,0,0,8,01,00,2C,00,00,00,00,00
275795,0,300,0,0,8,03,5A,64,5A,32,00,32,73
275795,0,301,0,0,3,96,03,00
275825,1,201,0,0,5,D0,02,8A,02,62
275835,1,203,0,0,8,B1,0A,E8,E8,1F,00,00,00
275845,0,300,0,0,8,03,5A,64,5A,32,00,32,34
275845,0,301,0,0,3,03,04,00
275865,1,206,0,0,8,00,00,00,00,00,00,00,00
275865,1,401,0,0,8,14,9E,00,00,66,08,00,00
275885,1,400,0,0,8,01,00,2C,00,00,00,00,00
275895,0,300,0,0,8,03,5A,64,5A,32,00,32,35
275895,0,301,0,0,3,54,05,00
275925,1,201,0,0,5,D0,02,94,02,62
275935,1,203,0,0,8,BE,0A,38,BC,1A,00,00,00
275945,0,300,0,0,8,03,5A,64,5A,32,00,32,36
275945,0,301,0,0,3,F5,06,00
275965,1,206,0,0,8,00,00,00,00,00,00,00,00
275965,1,401,0,0,8,14,9E,00,00,EE,05,00,00
275985,1,400,0,0,8,01,00,2C,00,00,00,00,00
275995,0,300,0,0,8,03,5A,64,5A,32,00,32,37
275995,0,301,0,0,3,B8,07,00
276025,1,201,0,0,5,D0,02,4A,01,62
276035,1,203,0,0,8,BC,0A,CC,8A,12,00,00,00
276045,1,402,0,0,8,58,00,00,00,78,A3,08,00
276045,0,300,0,0,8,03,5A,64,5A,32,00,32,F8
276045,0,301,0,0,3,80,08,00
276065,1,206,0,0,8,00,00,00,00,00,00,00,00
276065,1,401,0,0,8,97,9D,00,00,EE,05,00,00
276085,1,400,0,0,8,01,00,2C,00,00,00,00,00
276095,0,300,0,0,8,03,5A,64,5A,32,00,32,F9
276095,0,301,0,0,3,88,09,00
276125,1,201,0,0,5,D0,02,BE,00,62
276135,1,203,0,0,8,B4,0A,6C,31,08,00,00,00
276145,0,300,0,0,8,03,5A,64,5A,32,00,32,FA
276145,0,301,0,0,3,C6,0A,00
276165,1,206,0,0,8,00,00,00,00,00,00,00,00
276165,1,401,0,0,8,97,9D,00,00,0A,0A,00,00
276185,1,400,0,0,8,01,00,2C,00,00,00,00,00
276195,0,300,0,0,8,03,5A,64,5A,32,00,32,FB
276195,0,301,0,0,3,43,0B,00
276225,1,201,0,0,5,D0,02,B4,00,62
276235,1,203,0,0,8,B5,0A,A4,54,07,00,00,00
276245,0,300,0,0,8,03,5A,64,5A,32,00,32,BC
276245,0,301,0,0,3,B5,0C,00
276265,1,206,0,0,8,00,00,00,00,00,00,00,00
276265,1,401,0,0,8,97,9D,00,00,0A,0A,00,00
276285,1,400,0,0,8,01,00,2C,00,00,00,00,00
276295,0,300,0,0,8,03,5A,64,5A,32,00,32,BD
276295,0,301,0,0,3,4E,0D,00
276325,1,201,0,0,5,D0,02,00,00,62
276335,1,203,0,0,8,9F,0A,00,00,00,00,00,00
276345,0,300,0,0,8,03,5A,64,5A,32,00,32,BE
276345,0,301,0,0,3,1D,0E,00
276365,1,206,0,0,8,00,00,00,00,00,00,00,00
276365,1,401,0,0,8,3F,9E,00,00,0A,0A,00,00
276385,1,400,0,0,8,01,00,2C,00,00,00,00,00
276395,0,300,0,0,8,03,5A,64,5A,32,00,32,BF
276395,0,301,0,0,3,E8,0F,00
276425,1,201,0,0,5,D0,02,26,02,62
276435,1,203,0,0,8,99,0A,00,00,00,00,00,00
276445,0,300,0,0,8,03,5A,64,5A,32,00,32,70
276445,0,301,0,0,3,E2,00,00
276465,1,206,0,0,8,00,00,00,00,00,00,00,00
276465,1,401,0,0,8,3F,9E,00,00,11,08,00,00
276485,1,400,0,0,8,01,00,2C,00,00,00,00,00
276495,0,300,0,0,8,03,5A,64,5A,32,00,32,71
276495,0,301,0,0,3,B3,01,00
276525,1,201,0,0,5,D0,02,50,00,62
276535,1,203,0,0,8,A6,08,90,B9,01,00,00,00
276545,0,300,0,0,8,03,5A,64,5A,32,00,32,72
276545,1,403,0,0,8,64,00,00,00,40,E3,09,00
276545,0,301,0,0,3,6B,02,00
276545,1,204,0,0,8,00,00,00,00,00,00,00,00
276565,1,206,0,0,8,00,00,00,00,00,00,00,00
276565,1,202,0,0,8,E2,12,00,00,E3,7C,05,00
276565,1,401,0,0,8,5B,9E,00,00,11,08,00,00
276585,1,400,0,0,8,01,00,2C,00,00,00,00,00
276595,0,300,0,0,8,03,5A,64,5A,32,00,32,73
276595,0,301,0,0,3,96,03,00
276625,1,201,0,0,5,D0,02,94,02,62
276635,1,203,0,0,8,80,07,80,10,1A,00,00,00
276645,0,300,0,0,8,03,5A,64,5A,32,00,32,34
276645,0,301,0,0,3,03,04,00
276665,1,206,0,0,8,00,00,00,00,00,00,00,00
276665,1,401,0,0,8,5B,9E,00,00,31,05,00,00
276685,1,400,0,0,8,01,00,2C,00,00,00,00,00
276695,0,300,0,0,8,03,5A,64,5A,32,00,32,35
276695,0,301,0,0,3,54,05,00
276725,1,201,0,0,5,D0,02,8E,03,62
276735,1,203,0,0,8,8C,07,80,5B,1E,00,00,00
276745,0,300,0,0,8,03,5A,64,5A,32,00,32,36
276745,0,301,0,0,3,F5,06,00
276765,1,206,0,0,8,00,00,00,00,00,00,00,00
276765,1,401,0,0,8,5B,9E,00,00,31,05,00,00
276785,1,400,0,0,8,01,00,2C,00,00,00,00,00
276795,0,300,0,0,8,03,5A,64,5A,32,00,32,37
276795,0,301,0,0,3,B8,07,00
276825,1,201,0,0,5,C6,02,98,03,62
276835,1,203,0,0,8,AC,07,00,36,1C,00,00,00
276845,0,300,0,0,8,03,5A,64,5A,32,00,32,F8
276845,0,301,0,0,3,80,08,00
276865,1,206,0,0,8,00,00,00,00,00,00,00,00
276865,1,401,0,0,8,05,9D,00,00,31,05,00,00
276885,1,400,0,0,8,01,00,2C,00,00,00,00,00
276895,0,300,0,0,8,03,5A,64,5A,32,00,32,F9
276895,0,301,0,0,3,88,09,00
276925,1,201,0,0,5,C6,02,CC,01,62
276935,1,203,0,0,8,BB,07,00,3D,14,00,00,00
276945,0,300,0,0,8,03,5A,64,5A,32,00,32,FA
276945,0,301,0,0,3,C6,0A,00
276965,1,206,0,0,8,00,00,00,00,00,00,00,00
276965,1,401,0,0,8,05,9D,00,00,B2,0A,00,00
276985,1,400,0,0,8,01,00,2C,00,00,00,00,00
276995,0,300,0,0,8,03,5A,64,5A,32,00,32,FB
276995,0,301,0,0,3,43,0B,00
277025,1,201,0,0,5,C6,02,D2,00,62
277035,1,203,0,0,8,E1,07,04,A4,06,00,00,00
277045,0,300,0,0,8,03,5A,64,5A,32,00,32,BC
277045,0,301,0,0,3,B5,0C,00
277045,1,402,0,0,8,58,00,00,00,54,A3,08,00
277065,1,206,0,0,8,00,00,00,00,00,00,00,00
277065,1,401,0,0,8,7B,9D,00,00,B2,0A,00,00
277085,1,400,0,0,8,01,00,2C,00,00,00,00,00
277095,0,300,0,0,8,03,5A,64,5A,32,00,32,BD
277095,0,301,0,0,3,4E,0D,00
277125,1,201,0,0,5,C6,02,40,01,62
277135,1,203,0,0,8,F3,07,40,0F,05,00,00,00
277145,0,300,0,0,8,03,5A,64,5A,32,00,32,BE
277145,0,301,0,0,3,1D,0E,00
277165,1,206,0,0,8,00,00,00,00,00,00,00,00
277165,1,401,0,0,8,7B,9D,00,00,B5,0F,00,00
277185,1,400,0,0,8,01,00,2C,00,00,00,00,00
277195,0,300,0,0,8,03,5A,64,5A,32,00,32,BF
277195,0,301,0,0,3,E8,0F,00
277225,1,201,0,0,5,C6,02,DA,02,62
277235,1,203,0,0,8,14,08,D8,21,17,00,00,00
277245,0,300,0,0,8,03,5A,64,5A,32,00,32,70
277245,0,301,0,0,3,E2,00,00
277265,1,206,0,0,8,00,00,00,00,00,00,00,00
277265,1,401,0,0,8,7B,9D,00,00,B5,0F,00,00
277285,1,400,0,0,8,01,00,2C,00,00,00,00,00
277295,0,300,0,0,8,03,5A,64,5A,32,00,32,71
277295,0,301,0,0,3,B3,01,00
277325,1,201,0,0,5,C6,02,FE,01,62
277335,1,203,0,0,8,27,08,78,6F,18,00,00,00
277345,0,300,0,0,8,03,5A,64,5A,32,00,32,72
277345,0,301,0,0,3,6B,02,00
277365,1,206,0,0,8,00,00,00,00,00,00,00,00
277365,1,401,0,0,8,8B,9D,00,00,B5,0F,00,00
277385,1,400,0,0,8,01,00,2C,00,00,00,00,00
277395,0,300,0,0,8,03,5A,64,5A,32,00,32,73
277395,0,301,0,0,3,96,03,00
277425,1,201,0,0,5,C6,02,2C,01,62
277435,1,203,0,0,8,47,08,A4,65,0A,00,00,00
277445,0,300,0,0,8,03,5A,64,5A,32,00,32,34
277445,0,301,0,0,3,03,04,00
277465,1,206,0,0,8,00,00,00,00,00,00,00,00
277465,1,401,0,0,8,8B,9D,00,00,73,0A,00,00
277485,1,400,0,0,8,01,00,2C,00,00,00,00,00
277495,0,300,0,0,8,03,5A,64,5A,32,00,32,35
277495,0,301,0,0,3,54,05,00
277525,1,201,0,0,5,C6,02,00,00,62
277535,1,203,0,0,8,64,08,00,00,00,00,00,00
277545,0,300,0,0,8,03,5A,64,5A,32,00,32,36
277545,0,301,0,0,3,F5,06,00
277545,1,403,0,0,8,64,00,00,00,40,E3,09,00
277545,1,204,0,0,8,00,00,00,00,00,00,00,00
277565,1,206,0,0,8,00,00,00,00,00,00,00,00
277565,1,202,0,0,8,E2,14,00,00,E5,7C,05,00
277565,1,401,0,0,8,04,9E,00,00,73,0A,00,00
277585,1,400,0,0,8,01,00,2C,00,00,00,00,00
277595,0,300,0,0,8,03,5A,64,5A,32,00,32,37
277595,0,301,0,0,3,B8,07,00
277625,1,201,0,0,5,C6,02,00,00,62
277635,1,203,0,0,8,70,08,00,00,00,00,00,00
277645,0,300,0,0,8,03,5A,64,5A,32,00,32,F8
277645,0,301,0,0,3,80,08,00
277665,1,206,0,0,8,00,00,00,00,00,00,00,00
277665,1,401,0,0,8,04,9E,00,00,3B,0A,00,00
277685,1,400,0,0,8,01,00,2C,00,00,00,00,00
277695,0,300,0,0,8,03,5A,64,5A,32,00,32,F9
277695,0,301,0,0,3,88,09,00
277725,1,201,0,0,5,C6,02,FE,01,62
277735,1,203,0,0,8,81,08,F0,97,11,00,00,00
277745,0,300,0,0,8,03,5A,64,5A,32,00,32,FA
277745,0,301,0,0,3,C6,0A,00
277765,1,206,0,0,8,00,00,00,00,00,00,00,00
277765,1,401,0,0,8,04,9E,00,00,3B,0A,00,00
277785,1,400,0,0,8,01,00,2C,00,00,00,00,00
277795,0,300,0,0,8,03,5A,64,5A,32,00,32,FB
277795,0,301,0,0,3,43,0B,00
277825,1,201,0,0,5,02,03,1C,02,62
277835,1,203,0,0,8,87,08,40,F0,11,00,00,00
277845,0,300,0,0,8,03,5A,64,5A,32,00,32,BC
277845,0,301,0,0,3,B5,0C,00
277865,1,206,0,0,8,00,00,00,00,00,00,00,00
277865,1,401,0,0,8,37,9E,00,00,3B,0A,00,00
277885,1,400,0,0,8,01,00,2C,00,00,00,00,00
277895,0,300,0,0,8,03,5A,64,5A,32,00,32,BD
277895,0,301,0,0,3,4E,0D,00
277925,1,201,0,0,5,02,03,F4,01,62
277935,1,203,0,0,8,96,08,F0,97,11,00,00,00
277945,0,300,0,0,8,03,5A,64,5A,32,00,32,BE
277945,0,301,0,0,3,1D,0E,00
277965,1,206,0,0,8,00,00,00,00,00,00,00,00
277965,1,401,0,0,8,37,9E,00,00,75,05,00,00
277985,1,400,0,0,8,01,00,2C,00,00,00,00,00
277995,0,300,0,0,8,03,5A,64,5A,32,00,32,BF
277995,0,301,0,0,3,E8,0F,00
278025,1,201,0,0,5,02,03,FA,00,62
278035,1,203,0,0,8,99,08,30,74,0D,00,00,00
278045,0,300,0,0,8,03,5A,64,5A,32,00,32,70
278045,0,301,0,0,3,E2,00,00
278045,1,402,0,0,8,58,00,00,00,30,A3,08,00
278065,1,206,0,0,8,00,00,00,00,00,00,00,00
278065,1,401,0,0,8,E0,9D,00,00,75,05,00,00
278085,1,400,0,0,8,01,00,2C,00,00,00,00,00
278095,0,300,0,0,8,03,5A,64,5A,32,00,32,71
278095,0,301,0,0,3,B3,01,00
278125,1,201,0,0,5,02,03,BE,00,62
278135,1,203,0,0,8,A0,08,40,E6,06,00,00,00
278145,0,300,0,0,8,03,5A,64,5A,32,00,32,72
278145,0,301,0,0,3,6B,02,00
278165,1,206,0,0,8,00,00,00,00,00,00,00,00
278165,1,401,0,0,8,E0,9D,00,00,DB,07,00,00
278185,1,400,0,0,8,01,00,2C,00,00,00,00,00
278195,0,300,0,0,8,03,5A,64,5A,32,00,32,73
278195,0,301,0,0,3,96,03,00
278225,1,201,0,0,5,02,03,B8,01,62
278235,1,203,0,0,8,AB,08,10,86,0F,00,00,00
278245,0,300,0,0,8,03,5A,64,5A,32,00,32,34
278245,0,301,0,0,3,03,04,00
278265,1,206,0,0,8,00,00,00,00,00,00,00,00
278265,1,401,0,0,8,E0,9D,00,00,DB,07,00,00
278285,1,400,0,0,8,01,00,2C,00,00,00,00,00
278295,0,300,0,0,8,03,5A,64,5A,32,00,32,35
278295,0,301,0,0,3,54,05,00
278325,1,201,0,0,5,02,03,76,02,62
278335,1,203,0,0,8,B2,08,4C,C1,17,00,00,00
278345,0,300,0,0,8,03,5A,64,5A,32,00,32,36
278345,0,301,0,0,3,F5,06,00
278365,1,206,0,0,8,00,00,00,00,00,00,00,00
278365,1,401,0,0,8,0E,9E,00,00,DB,07,00,00
278385,1,400,0,0,8,01,00,2C,00,00,00,00,00
278395,0,300,0,0,8,03,5A,64,5A,32,00,32,37
278395,0,301,0,0,3,B8,07,00
278425,1,201,0,0,5,02,03,4E,02,62
278435,1,203,0,0,8,BE,08,2C,EB,14,00,00,00
278445,0,300,0,0,8,03,5A,64,5A,32,00,32,F8
278445,0,301,0,0,3,80,08,00
278465,1,206,0,0,8,00,00,00,00,00,00,00,00
278465,1,401,0,0,8,0E,9E,00,00,45,07,00,00
278485,1,400,0,0,8,01,00,2C,00,00,00,00,00
278495,0,300,0,0,8,03,5A,64,5A,32,00,32,F9
278495,0,301,0,0,3,88,09,00
278525,1,201,0,0,5,02,03,22,01,62
278535,1,203,0,0,8,B7,08,18,79,0D,00,00,00
278545,0,300,0,0,8,03,5A,64,5A,32,00,32,FA
278545,0,301,0,0,3,C6,0A,00
278545,1,403,0,0,8,64,00,00,00,40,E3,09,00
278545,1,204,0,0,8,00,00,00,00,00,00,00,00
278565,1,206,0,0,8,00,00,00,00,00,00,00,00
278565,1,202,0,0,8,E2,12,00,00,E7,7C,05,00
278565,1,401,0,0,8,AB,9D,00,00,45,07,00,00
278575,1,666,0,0,8,52,08,05,00,52,95,36,02
278585,1,665,0,0,8,00,00,00,53,4C,18,53,00
278585,1,400,0,0,8,01,00,2C,00,00,00,00,00
278595,0,300,0,0,8,03,5A,64,5A,32,00,32,FB
278595,0,301,0,0,3,43,0B,00
278595,1,200,0,0,8,58,00,06,A4,08,00,02,00
278625,1,201,0,0,5,02,03,E6,00,62
278635,1,203,0,0,8,C0,08,9C,27,08,00,00,00
278645,0,300,0,0,8,03,5A,64,5A,32,00,32,BC
278645,0,301,0,0,3,B5,0C,00
278665,1,206,0,0,8,00,00,00,00,00,00,00,00
278665,1,401,0,0,8,AB,9D,00,00,D2,09,00,00
278685,1,400,0,0,8,01,00,2C,00,00,00,00,00
278695,0,300,0,0,8,03,5A,64,5A,32,00,32,BD
278695,0,301,0,0,3,4E,0D,00
278725,1,201,0,0,5,02,03,00,00,62
278735,1,203,0,0,8,C3,08,00,00,00,00,00,00
278745,0,300,0,0,8,03,5A,64,5A,32,00,32,BE
278745,0,301,0,0,3,1D,0E,00
278765,1,206,0,0,8,00,00,00,00,00,00,00,00
278765,1,401,0,0,8,AB,9D,00,00,D2,09,00,00
278785,1,400,0,0,8,01,00,2C,00,00,00,00,00
278795,0,300,0,0,8,03,5A,64,5A,32,00,32,BF
278795,0,301,0,0,3,E8,0F,00
278825,1,201,0,0,5,02,03,76,02,62
278835,1,203,0,0,8,C1,08,3C,56,16,00,00,00
278845,0,300,0,0,8,03,5A,64,5A,32,00,32,70
278845,0,301,0,0,3,E2,00,00
278865,1,206,0,0,8,00,00,00,00,00,00,00,00
278865,1,401,0,0,8,61,9E,00,00,D2,09,00,00
278885,1,400,0,0,8,01,00,2C,00,00,00,00,00
278895,0,300,0,0,8,03,5A,64,5A,32,00,32,71
278895,0,301,0,0,3,B3,01,00
278925,1,201,0,0,5,02,03,26,02,62
278935,1,203,0,0,8,C9,08,B4,A0,15,00,00,00
278945,0,300,0,0,8,03,5A,64,5A,32,00,32,72
278945,0,301,0,0,3,6B,02,00
278965,1,206,0,0,8,00,00,00,00,00,00,00,00
278965,1,401,0,0,8,61,9E,00,00,C2,07,00,00
278985,1,400,0,0,8,01,00,2C,00,00,00,00,00
278995,0,300,0,0,8,03,5A,64,5A,32,00,32,73
278995,0,301,0,0,3,96,03,00
279025,1,201,0,0,5,02,03,B8,01,62
279035,1,203,0,0,8,CF,08,D0,6F,12,00,00,00
279045,0,300,0,0,8,03,5A,64,5A,32,00,32,34
279045,0,301,0,0,3,03,04,00
279045,1,402,0,0,8,58,00,00,00,30,A3,08,00
279065,1,206,0,0,8,00,00,00,00,00,00,00,00
279065,1,401,0,0,8,A3,9D,00,00,C2,07,00,00
279085,1,400,0,0,8,01,00,2C,00,00,00,00,00
279095,0,300,0,0,8,03,5A,64,5A,32,00,32,35
279095,0,301,0,0,3,54,05,00
279125,1,201,0,0,5,02,03,2C,01,62
279135,1,203,0,0,8,DB,08,70,ED,09,00,00,00
279145,0,300,0,0,8,03,5A,64,5A,32,00,32,36
279145,0,301,0,0,3,F5,06,00
279165,1,206,0,0,8,00,00,00,00,00,00,00,00
279165,1,401,0,0,8,A3,9D,00,00,89,08,00,00
279185,1,400,0,0,8,01,00,2C,00,00,00,00,00
279195,0,300,0,0,8,03,5A,64,5A,32,00,32,37
279195,0,301,0,0,3,B8,07,00
279225,1,201,0,0,5,02,03,F0,00,62
279235,1,203,0,0,8,DE,08,D8,CC,07,00,00,00
279245,0,300,0,0,8,03,5A,64,5A,32,00,32,F8
279245,0,301,0,0,3,80,08,00
279265,1,206,0,0,8,00,00,00,00,00,00,00,00
279265,1,401,0,0,8,A3,9D,00,00,89,08,00,00
279275,0,404,0,0,2,4A,00
279275,1,405,0,0,8,4A,00,00,00,06,00,00,00
279285,1,400,0,0,8,01,00,2C,00,00,00,00,00
279295,0,300,0,0,8,03,5A,64,5A,32,00,32,F9
279295,0,301,0,0,3,88,09,00
279305,0,404,0,0,2,02,30
279305,1,405,0,0,7,02,30,00,00,00,00,00
279325,1,201,0,0,5,02,03,A4,01,62
279335,0,404,0,0,2,44,00
279335,1,405,0,0,6,44,00,00,00,50,46
279335,1,203,0,0,8,E1,08,28,E4,0E,00,00,00
279345,0,300,0,0,8,03,5A,64,5A,32,00,32,FA
279345,0,301,0,0,3,C6,0A,00
279365,1,206,0,0,8,00,00,00,00,00,00,00,00
279375,1,401,0,0,8,12,9E,00,00,89,08,00,00
279375,0,404,0,0,2,01,00
279375,1,405,0,0,8,01,00,00,00,00,04,06,04
279395,1,400,0,0,8,01,00,2C,00,00,00,00,00
279395,0,300,0,0,8,03,5A,64,5A,32,00,32,FB
279395,0,301,0,0,3,43,0B,00
279395,0,404,0,0,2,A3,01
279395,1,405,0,0,5,A3,01,00,00,06
279425,1,201,0,0,5,02,03,F4,01,62
279425,0,404,0,0,2,20,00
279435,1,405,0,0,8,20,00,00,00,32,33,36,47
279435,1,203,0,0,8,E7,08,E0,DA,13,00,00,00
279445,0,300,0,0,8,03,5A,64,5A,32,00,32,BC
279445,0,301,0,0,3,B5,0C,00
279465,0,404,0,0,2,21,00
279465,1,206,0,0,8,00,00,00,00,00,00,00,00
279465,1,405,0,0,8,21,00,00,00,35,4C,41,31
279475,1,401,0,0,8,12,9E,00,00,FA,08,00,00
279495,1,400,0,0,8,01,00,2C,00,00,00,00,00
279495,0,404,0,0,2,22,00
279495,1,405,0,0,8,22,00,00,00,30,30,34,52
279495,0,300,0,0,8,03,5A,64,5A,32,00,32,BD
279495,0,301,0,0,3,4E,0D,00
279525,1,201,0,0,5,02,03,E6,00,62
279525,0,404,0,0,2,23,00
279535,1,405,0,0,8,23,00,00,00,4D,30,30,30
279535,1,203,0,0,8,F4,08,40,BD,08,00,00,00
279545,0,300,0,0,8,03,5A,64,5A,32,00,32,BE
279545,0,301,0,0,3,1D,0E,00
279545,1,204,0,0,8,00,00,00,00,00,00,00,00
279555,1,403,0,0,8,64,00,00,00,40,E3,09,00
279555,0,404,0,0,2,24,00
279555,1,405,0,0,8,24,00,00,00,30,30,30,30
279565,1,206,0,0,8,00,00,00,00,00,00,00,00
279565,1,202,0,0,8,E2,13,00,00,EA,7C,05,00
279575,1,401,0,0,8,DE,9D,00,00,FA,08,00,00
279585,0,404,0,0,2,25,00
279585,1,405,0,0,8,25,00,00,00,30,30,30,30
279595,1,400,0,0,8,01,00,2C,00,00,00,00,00
279595,0,300,0,0,8,03,5A,64,5A,32,00,32,BF
279595,0,301,0,0,3,E8,0F,00
279615,0,404,0,0,2,26,00
279615,1,405,0,0,8,26,00,00,00,30,30,30,30
279625,1,201,0,0,5,02,03,00,00,62
279635,1,203,0,0,8,FA,08,00,00,00,00,00,00
279645,0,300,0,0,8,03,5A,64,5A,32,00,32,70
279645,0,301,0,0,3,E2,00,00
279645,0,404,0,0,2,27,00
279645,1,405,0,0,6,27,00,00,00,30,30
279665,1,206,0,0,8,00,00,00,00,00,00,00,00
279675,1,401,0,0,8,DE,9D,00,00,1A,08,00,00
279685,0,404,0,0,2,4C,00
279685,1,405,0,0,8,4C,00,00,00,00,24,00,00
279695,1,400,0,0,8,01,00,2C,00,00,00,00,00
279695,0,300,0,0,8,03,5A,64,5A,32,00,32,71
279695,0,301,0,0,3,B3,01,00
279715,0,404,0,0,2,46,00
279715,1,405,0,0,5,46,00,00,00,00
279725,1,201,0,0,5,02,03,00,00,62
279735,1,203,0,0,8,F8,08,00,00,00,00,00,00
279745,0,404,0,0,2,4D,00
279745,1,405,0,0,8,4D,00,00,00,00,00,00,00
279745,0,300,0,0,8,03,5A,64,5A,32,00,32,72
279745,0,301,0,0,3,6B,02,00
279765,1,206,0,0,8,00,00,00,00,00,00,00,00
279775,1,401,0,0,8,DE,9D,00,00,1A,08,00,00
279775,0,404,0,0,2,50,00
279775,1,405,0,0,8,50,00,00,00,7F,00,7E,00
279795,1,400,0,0,8,01,00,2C,00,00,00,00,00
279795,0,300,0,0,8,03,5A,64,5A,32,00,32,73
279795,0,301,0,0,3,96,03,00
279805,0,404,0,0,2,02,00
279805,1,405,0,0,8,02,00,00,00,53,49,43,54
279825,1,201,0,0,5,16,03,6C,02,62
279835,1,203,0,0,8,F9,08,20,D9,15,00,00,00
279845,0,404,0,0,2,0A,00
279845,1,405,0,0,8,0A,00,00,00,30,3A,00,00
279845,0,300,0,0,8,03,5A,64,5A,32,00,32,34
279845,0,301,0,0,3,03,04,00
279865,1,206,0,0,8,00,00,00,00,00,00,00,00
279865,0,404,0,0,2,04,00
279865,1,405,0,0,7,04,00,00,00,16,09,02
279875,1,401,0,0,8,79,9E,00,00,1A,08,00,00
279895,1,400,0,0,8,01,00,2C,00,00,00,00,00
279895,0,300,0,0,8,03,5A,64,5A,32,00,32,35
279895,0,301,0,0,3,54,05,00
279895,0,404,0,0,2,B0,01
279895,1,405,0,0,6,B0,01,00,00,00,00
279925,1,201,0,0,5,16,03,94,02,62
279925,0,404,0,0,2,B1,01
279935,1,405,0,0,6,B1,01,00,00,00,00
279935,1,203,0,0,8,FD,08,C8,F0,16,00,00,00
279945,0,300,0,0,8,03,5A,64,5A,32,00,32,36
279945,0,301,0,0,3,F5,06,00
279965,1,206,0,0,8,00,00,00,00,00,00,00,00
279975,1,401,0,0,8,79,9E,00,00,A3,05,00,00
279995,1,400,0,0,8,01,00,2C,00,00,00,00,00
279995,0,300,0,0,8,03,5A,64,5A,32,00,32,37
279995,0,301,0,0,3,B8,07,00
280025,1,201,0,0,5,16,03,B8,01,62
280035,1,203,0,0,8,00,09,A0,05,10,00,00,00
280045,0,300,0,0,8,03,5A,64,5A,32,00,32,F8
280045,0,301,0,0,3,80,08,00
280055,1,402,0,0,8,58,00,00,00,0C,A3,08,00
280065,1,206,0,0,8,00,00,00,00,00,00,00,00
280075,1,401,0,0,8,AF,9D,00,00,A3,05,00,00
280095,1,400,0,0,8,01,00,2C,00,00,00,00,00
280095,0,300,0,0,8,03,5A,64,5A,32,00,32,F9
280095,0,301,0,0,3,88,09,00
280125,1,201,0,0,5,16,03,36,01,62
280135,1,203,0,0,8,03,09,70,61,0C,00,00,00
280145,0,300,0,0,8,03,5A,64,5A,32,00,32,FA
280145,0,301,0,0,3,C6,0A,00
280165,1,206,0,0,8,00,00,00,00,00,00,00,00
280175,1,401,0,0,8,AF,9D,00,00,FC,06,00,00
280195,1,400,0,0,8,01,00,2C,00,00,00,00,00
280195,0,300,0,0,8,03,5A,64,5A,32,00,32,FB
280195,0,301,0,0,3,43,0B,00
280225,1,201,0,0,5,16,03,B4,00,62
280235,1,203,0,0,8,0D,09,28,EB,06,00,00,00
280245,0,300,0,0,8,03,5A,64,5A,32,00,32,BC
280245,0,301,0,0,3,B5,0C,00
280265,1,206,0,0,8,00,00,00,00,00,00,00,00
280275,1,401,0,0,8,AF,9D,00,00,FC,06,00,00
280295,1,400,0,0,8,01,00,2C,00,00,00,00,00
280295,0,300,0,0,8,03,5A,64,5A,32,00,32,BD
280295,0,301,0,0,3,4E,0D,00
280325,1,201,0,0,5,16,03,00,00,62
280335,1,203,0,0,8,0F,09,B0,77,09,00,00,00
280345,0,300,0,0,8,03,5A,64,5A,32,00,32,BE
280345,0,301,0,0,3,1D,0E,00
280365,1,206,0,0,8,00,00,00,00,00,00,00,00
280375,1,401,0,0,8,26,9E,00,00,FC,06,00,00
280395,1,400,0,0,8,01,00,2C,00,00,00,00,00
280395,0,300,0,0,8,03,5A,64,5A,32,00,32,BF
280395,0,301,0,0,3,E8,0F,00
280425,1,201,0,0,5,16,03,08,02,62
280435,1,203,0,0,8,22,09,48,1D,11,00,00,00
280445,0,300,0,0,8,03,5A,64,5A,32,00,32,70
280445,0,301,0,0,3,E2,00,00
280465,1,206,0,0,8,00,00,00,00,00,00,00,00
280475,1,401,0,0,8,26,9E,00,00,3E,08,00,00
280495,1,400,0,0,8,01,00,2C,00,00,00,00,00
280495,0,300,0,0,8,03,5A,64,5A,32,00,32,71
280495,0,301,0,0,3,B3,01,00
280525,1,201,0,0,5,16,03,D2,00,62
280535,1,203,0,0,8,20,09,88,33,0E,00,00,00
280545,0,300,0,0,8,03,5A,64,5A,32,00,32,72
280545,0,301,0,0,3,6B,02,00
280545,1,204,0,0,8,00,00,00,00,00,00,00,00
280555,1,403,0,0,8,64,00,00,00,40,E3,09,00
280565,1,206,0,0,8,00,00,00,00,00,00,00,00
280565,1,202,0,0,8,E2,12,00,00,EC,7C,05,00
280575,1,401,0,0,8,F8,9D,00,00,3E,08,00,00
280595,1,400,0,0,8,01,00,2C,00,00,00,00,00
280595,0,300,0,0,8,03,5A,64,5A,32,00,32,73
280595,0,301,0,0,3,96,03,00
280625,1,201,0,0,5,16,03,1E,00,62
280635,1,203,0,0,8,24,09,5C,DE,01,00,00,00
280645,0,300,0,0,8,03,5A,64,5A,32,00,32,34
280645,0,301,0,0,3,03,04,00
280665,1,206,0,0,8,00,00,00,00,00,00,00,00
280675,1,401,0,0,8,F8,9D,00,00,CA,06,00,00
280695,1,400,0,0,8,01,00,2C,00,00,00,00,00
280695,0,300,0,0,8,03,5A,64,5A,32,00,32,35
280695,0,301,0,0,3,54,05,00
280725,1,201,0,0,5,16,03,50,00,62
280735,1,203,0,0,8,26,09,00,00,00,00,00,00
280745,0,300,0,0,8,03,5A,64,5A,32,00,32,36
280745,0,301,0,0,3,F5,06,00
280765,1,206,0,0,8,00,00,00,00,00,00,00,00
280775,1,401,0,0,8,F8,9D,00,00,CA,06,00,00
280795,1,400,0,0,8,01,00,2C,00,00,00,00,00
280795,0,300,0,0,8,03,5A,64,5A,32,00,32,37
280795,0,301,0,0,3,B8,07,00
280825,1,201,0,0,5,20,03,00,00,62
280835,1,203,0,0,8,24,09,00,00,00,00,00,00
280845,0,300,0,0,8,03,5A,64,5A,32,00,32,F8
280845,0,301,0,0,3,80,08,00
280865,1,206,0,0,8,00,00,00,00,00,00,00,00
280875,1,401,0,0,8,93,9E,00,00,CA,06,00,00
280895,1,400,0,0,8,01,00,2C,00,00,00,00,00
280895,0,300,0,0,8,03,5A,64,5A,32,00,32,F9
280895,0,301,0,0,3,88,09,00
280925,1,201,0,0,5,20,03,9A,01,62
280935,1,203,0,0,8,28,09,8C,52,0F,00,00,00
280945,0,300,0,0,8,03,5A,64,5A,32,00,32,FA
280945,0,301,0,0,3,C6,0A,00
280965,1,206,0,0,8,00,00,00,00,00,00,00,00
280975,1,401,0,0,8,93,9E,00,00,F7,04,00,00
280995,1,400,0,0,8,01,00,2C,00,00,00,00,00
280995,0,300,0,0,8,03,5A,64,5A,32,00,32,FB
280995,0,301,0,0,3,43,0B,00
281025,1,201,0,0,5,20,03,72,01,62
281035,1,203,0,0,8,26,09,E4,11,10,00,00,00
281045,0,300,0,0,8,03,5A,64,5A,32,00,32,BC
281045,0,301,0,0,3,B5,0C,00
281055,1,402,0,0,8,58,00,00,00,0C,A3,08,00
281065,1,206,0,0,8,00,00,00,00,00,00,00,00
281075,1,401,0,0,8,14,9E,00,00,F7,04,00,00
281095,1,400,0,0,8,01,00,2C,00,00,00,00,00
281095,0,300,0,0,8,03,5A,64,5A,32,00,32,BD
281095,0,301,0,0,3,4E,0D,00
281125,1,201,0,0,5,20,03,54,01,62
281135,1,203,0,0,8,2B,09,84,14,0D,00,00,00
281145,0,300,0,0,8,03,5A,64,5A,32,00,32,BE
281145,0,301,0,0,3,1D,0E,00
281165,1,206,0,0,8,00,00,00,00,00,00,00,00
281175,1,401,0,0,8,14,9E,00,00,5C,04,00,00
281195,1,400,0,0,8,01,00,2C,00,00,00,00,00
281195,0,300,0,0,8,03,5A,64,5A,32,00,32,BF
281195,0,301,0,0,3,E8,0F,00
281225,1,201,0,0,5,20,03,BE,00,62
281235,1,203,0,0,8,28,09,CC,57,09,00,00,00
281245,0,300,0,0,8,03,5A,64,5A,32,00,32,70
281245,0,301,0,0,3,E2,00,00
281265,1,206,0,0,8,00,00,00,00,00,00,00,00
281275,1,401,0,0,8,14,9E,00,00,5C,04,00,00
281295,1,400,0,0,8,01,00,2C,00,00,00,00,00
281295,0,300,0,0,8,03,5A,64,5A,32,00,32,71
281295,0,301,0,0,3,B3,01,00
281325,1,201,0,0,5,20,03,B8,01,62
281335,1,203,0,0,8,2A,09,00,00,00,00,00,00
281345,0,300,0,0,8,03,5A,64,5A,32,00,32,72
281345,0,301,0,0,3,6B,02,00
281365,1,206,0,0,8,00,00,00,00,00,00,00,00
281375,1,401,0,0,8,41,9E,00,00,5C,04,00,00
281395,1,400,0,0,8,01,00,2C,00,00,00,00,00
281395,0,300,0,0,8,03,5A,64,5A,32,00,32,73
281395,0,301,0,0,3,96,03,00
281425,1,201,0,0,5,20,03,48,03,62
281435,1,203,0,0,8,2A,09,C0,E5,1D,00,00,00
281445,0,300,0,0,8,03,5A,64,5A,32,00,32,34
281445,0,301,0,0,3,03,04,00
281465,1,206,0,0,8,00,00,00,00,00,00,00,00
281475,1,401,0,0,8,41,9E,00,00,97,06,00,00
281495,0,300,0,0,8,03,5A,64,5A,32,00,32,35
281495,1,400,0,0,8,01,00,2C,00,00,00,00,00
281495,0,301,0,0,3,54,05,00
281525,1,201,0,0,5,20,03,2C,01,62
281535,1,203,0,0,8,28,09,38,B2,0F,00,00,00
281545,0,300,0,0,8,03,5A,64,5A,32,00,32,36
281545,0,301,0,0,3,F5,06,00
281555,1,204,0,0,8,00,00,00,00,00,00,00,00
281555,1,403,0,0,8,64,00,00,00,40,E3,09,00
281565,1,206,0,0,8,00,00,00,00,00,00,00,00
281565,1,202,0,0,8,E2,12,00,00,EE,7C,05,00
281575,1,666,0,0,8,52,08,05,00,52,95,36,02
281575,1,401,0,0,8,B7,9D,00,00,97,06,00,00
281585,1,665,0,0,8,00,00,00,53,4C,18,53,00
281595,0,300,0,0,8,03,5A,64,5A,32,00,32,37
281595,0,301,0,0,3,B8,07,00
281595,1,400,0,0,8,01,00,2C,00,00,00,00,00
281595,1,200,0,0,8,58,00,EF,A3,08,00,00,00
281625,1,201,0,0,5,20,03,82,00,62
281635,1,203,0,0,8,29,09,BC,DB,04,00,00,00
281645,0,300,0,0,8,03,5A,64,5A,32,00,32,F8
281645,0,301,0,0,3,80,08,00
281665,1,206,0,0,8,00,00,00,00,00,00,00,00
281675,1,401,0,0,8,B7,9D,00,00,69,07,00,00
281695,0,300,0,0,8,03,5A,64,5A,32,00,32,F9
281695,0,301,0,0,3,88,09,00
281695,1,400,0,0,8,01,00,2C,00,00,00,00,00
281725,1,201,0,0,5,20,03,A0,00,62
281735,1,203,0,0,8,21,09,80,D3,05,00,00,00
281745,0,300,0,0,8,03,5A,64,5A,32,00,32,FA
281745,0,301,0,0,3,C6,0A,00
281765,1,206,0,0,8,00,00,00,00,00,00,00,00
281775,1,401,0,0,8,B7,9D,00,00,69,07,00,00
281795,0,300,0,0,8,03,5A,64,5A,32,00,32,FB
281795,0,301,0,0,3,43,0B,00
281795,1,400,0,0,8,01,00,2C,00,00,00,00,00
281825,1,201,0,0,5,20,03,00,00,62
281835,1,203,0,0,8,23,09,00,00,00,00,00,00
281845,0,300,0,0,8,03,5A,64,5A,32,00,32,BC
281845,0,301,0,0,3,B5,0C,00
281865,1,206,0,0,8,00,00,00,00,00,00,00,00
281875,1,401,0,0,8,71,9E,00,00,69,07,00,00
281895,0,300,0,0,8,03,5A,64,5A,32,00,32,BD
281895,0,301,0,0,3,4E,0D,00
281895,1,400,0,0,8,01,00,2C,00,00,00,00,00
281925,1,201,0,0,5,20,03,FE,01,62
281935,1,203,0,0,8,26,09,94,90,11,00,00,00
281945,0,300,0,0,8,03,5A,64,5A,32,00,32,BE
281945,0,301,0,0,3,1D,0E,00
281965,1,206,0,0,8,00,00,00,00,00,00,00,00
281975,1,401,0,0,8,71,9E,00,00,7E,06,00,00
281995,0,300,0,0,8,03,5A,64,5A,32,00,32,BF
281995,0,301,0,0,3,E8,0F,00
281995,1,400,0,0,8,01,00,2C,00,00,00,00,00
282025,1,201,0,0,5,20,03,5E,01,62
282035,1,203,0,0,8,26,09,34,93,0E,00,00,00
282045,0,300,0,0,8,03,5A,64,5A,32,00,32,70
282045,0,301,0,0,3,E2,00,00
282055,1,402,0,0,8,58,00,00,00,E8,A2,08,00
282065,1,206,0,0,8,00,00,00,00,00,00,00,00
282075,1,401,0,0,8,0C,9E,00,00,7E,06,00,00
282095,0,300,0,0,8,03,5A,64,5A,32,00,32,71
282095,0,301,0,0,3,B3,01,00
282095,1,400,0,0,8,01,00,2C,00,00,00,00,00
282125,1,201,0,0,5,20,03,90,01,62
282135,1,203,0,0,8,2A,09,E8,30,11,00,00,00
282145,0,300,0,0,8,03,5A,64,5A,32,00,32,72
282145,0,301,0,0,3,6B,02,00
282165,1,206,0,0,8,00,00,00,00,00,00,00,00
282175,1,401,0,0,8,0C,9E,00,00,0B,05,00,00
282195,0,300,0,0,8,03,5A,64,5A,32,00,32,73
282195,0,301,0,0,3,96,03,00
282195,1,400,0,0,8,01,00,2C,00,00,00,00,00
282225,1,201,0,0,5,20,03,CC,01,62
282235,1,203,0,0,8,34,09,E8,30,11,00,00,00
282245,0,300,0,0,8,03,5A,64,5A,32,00,32,34
282245,0,301,0,0,3,03,04,00
282265,1,206,0,0,8,00,00,00,00,00,00,00,00
282275,1,401,0,0,8,0C,9E,00,00,0B,05,00,00
282295,0,300,0,0,8,03,5A,64,5A,32,00,32,35
282295,0,301,0,0,3,54,05,00
282295,1,400,0,0,8,01,00,2C,00,00,00,00,00
282325,1,201,0,0,5,20,03,DC,00,62
282335,1,203,0,0,8,3C,09,78,B7,09,00,00,00
282345,0,300,0,0,8,03,5A,64,5A,32,00,32,36
282345,0,301,0,0,3,F5,06,00
282365,1,206,0,0,8,00,00,00,00,00,00,00,00
282375,1,401,0,0,8,EE,9D,00,00,0B,05,00,00
282395,0,300,0,0,8,03,5A,64,5A,32,00,32,37
282395,0,301,0,0,3,B8,07,00
282395,1,400,0,0,8,01,00,2C,00,00,00,00,00
282425,1,201,0,0,5,20,03,E0,01,62
282435,1,203,0,0,8,39,09,E8,30,11,00,00,00
282445,0,300,0,0,8,03,5A,64,5A,32,00,32,F8
282445,0,301,0,0,3,80,08,00
282465,1,206,0,0,8,00,00,00,00,00,00,00,00
282475,1,401,0,0,8,EE,9D,00,00,BE,07,00,00
282495,0,300,0,0,8,03,5A,64,5A,32,00,32,F9
282495,0,301,0,0,3,88,09,00
282495,1,400,0,0,8,01,00,2C,00,00,00,00,00
282525,1,201,0,0,5,20,03,40,01,62
282535,1,203,0,0,8,4B,09,80,F5,0B,00,00,00
282545,0,300,0,0,8,03,5A,64,5A,32,00,32,FA
282545,0,301,0,0,3,C6,0A,00
282555,1,204,0,0,8,00,00,00,00,00,00,00,00
282555,1,403,0,0,8,64,00,00,00,40,E3,09,00
282565,1,206,0,0,8,00,00,00,00,00,00,00,00
282565,1,202,0,0,8,E2,12,00,00,F0,7C,05,00
282575,1,401,0,0,8,EA,9D,00,00,BE,07,00,00
282595,0,300,0,0,8,03,5A,64,5A,32,00,32,FB
282595,0,301,0,0,3,43,0B,00
282595,1,400,0,0,8,01,00,2C,00,00,00,00,00
282625,1,201,0,0,5,20,03,96,00,62
282635,1,203,0,0,8,48,09,CC,57,09,00,00,00
282645,0,300,0,0,8,03,5A,64,5A,32,00,32,BC
282645,0,301,0,0,3,B5,0C,00
282665,1,206,0,0,8,00,00,00,00,00,00,00,00
282675,1,401,0,0,8,EA,9D,00,00,AE,07,00,00
282695,0,300,0,0,8,03,5A,64,5A,32,00,32,BD
282695,0,301,0,0,3,4E,0D,00
282695,1,400,0,0,8,01,00,2C,00,00,00,00,00
282725,1,201,0,0,5,34,03,00,00,62
282735,1,203,0,0,8,5D,09,00,00,00,00,00,00
282745,0,300,0,0,8,03,5A,64,5A,32,00,32,BE
282745,0,301,0,0,3,1D,0E,00
282765,1,206,0,0,8,00,00,00,00,00,00,00,00
282775,1,401,0,0,8,EA,9D,00,00,AE,07,00,00
282795,0,300,0,0,8,03,5A,64,5A,32,00,32,BF
282795,0,301,0,0,3,E8,0F,00
282795,1,400,0,0,8,01,00,2C,00,00,00,00,00
282825,1,201,0,0,5,34,03,00,00,62
282835,1,203,0,0,8,62,09,00,00,00,00,00,00
282845,0,300,0,0,8,03,5A,64,5A,32,00,32,70
282845,0,301,0,0,3,E2,00,00
282865,1,206,0,0,8,00,00,00,00,00,00,00,00
282875,1,401,0,0,8,6D,9E,00,00,AE,07,00,00
282895,0,300,0,0,8,03,5A,64,5A,32,00,32,71
282895,0,301,0,0,3,B3,01,00
282895,1,400,0,0,8,01,00,2C,00,00,00,00,00
282925,1,201,0,0,5,34,03,9E,02,62
282935,1,203,0,0,8,76,09,60,AE,19,00,00,00
282945,0,300,0,0,8,03,5A,64,5A,32,00,32,72
282945,0,301,0,0,3,6B,02,00
282965,1,206,0,0,8,00,00,00,00,00,00,00,00
282975,1,401,0,0,8,6D,9E,00,00,41,06,00,00
282995,0,300,0,0,8,03,5A,64,5A,32,00,32,73
282995,0,301,0,0,3,96,03,00
282995,1,400,0,0,8,01,00,2C,00,00,00,00,00
283025,1,201,0,0,5,34,03,30,02,62
283035,1,203,0,0,8,86,09,20,D9,15,00,00,00
283045,0,300,0,0,8,03,5A,64,5A,32,00,32,34
283045,0,301,0,0,3,03,04,00
283055,1,402,0,0,8,58,00,00,00,E8,A2,08,00
283065,1,206,0,0,8,00,00,00,00,00,00,00,00
283075,1,401,0,0,8,A5,9D,00,00,41,06,00,00
283095,0,300,0,0,8,03,5A,64,5A,32,00,32,35
283095,0,301,0,0,3,54,05,00
283095,1,400,0,0,8,01,00,2C,00,00,00,00,00
283125,1,201,0,0,5,34,03,40,01,62
283135,1,203,0,0,8,8C,09,40,19,10,00,00,00
283145,0,300,0,0,8,03,5A,64,5A,32,00,32,36
283145,0,301,0,0,3,F5,06,00
283165,1,206,0,0,8,00,00,00,00,00,00,00,00
283175,1,401,0,0,8,A5,9D,00,00,F6,05,00,00
283195,0,300,0,0,8,03,5A,64,5A,32,00,32,37
283195,0,301,0,0,3,B8,07,00
283195,1,400,0,0,8,01,00,2C,00,00,00,00,00
283225,1,201,0,0,5,34,03,50,00,62
283235,1,203,0,0,8,9A,09,00,11,03,00,00,00
283245,0,300,0,0,8,03,5A,64,5A,32,00,32,F8
283245,0,301,0,0,3,80,08,00
283265,1,206,0,0,8,00,00,00,00,00,00,00,00
283275,1,401,0,0,8,A5,9D,00,00,F6,05,00,00
283295,0,300,0,0,8,03,5A,64,5A,32,00,32,F9
283295,0,301,0,0,3,88,09,00
283295,1,400,0,0,8,01,00,2C,00,00,00,00,00
283325,1,201,0,0,5,34,03,40,01,62
283335,1,203,0,0,8,A0,09,0C,C0,02,00,00,00
283345,0,300,0,0,8,03,5A,64,5A,32,00,32,FA
283345,0,301,0,0,3,C6,0A,00
283365,1,206,0,0,8,00,00,00,00,00,00,00,00
283375,1,401,0,0,8,30,9E,00,00,F6,05,00,00
283395,0,300,0,0,8,03,5A,64,5A,32,00,32,FB
283395,0,301,0,0,3,43,0B,00
283395,1,400,0,0,8,01,00,2C,00,00,00,00,00
283425,1,201,0,0,5,34,03,D6,01,62
283435,1,203,0,0,8,A6,09,04,AE,11,00,00,00
283445,0,300,0,0,8,03,5A,64,5A,32,00,32,BC
283445,0,301,0,0,3,B5,0C,00
283465,1,206,0,0,8,00,00,00,00,00,00,00,00
283475,1,401,0,0,8,30,9E,00,00,EC,08,00,00
283495,0,300,0,0,8,03,5A,64,5A,32,00,32,BD
283495,0,301,0,0,3,4E,0D,00
283495,1,400,0,0,8,01,00,2C,00,00,00,00,00
283525,1,201,0,0,5,34,03,04,01,62
283535,1,203,0,0,8,B2,09,C4,64,0B,00,00,00
283545,0,300,0,0,8,03,5A,64,5A,32,00,32,BE
283545,0,301,0,0,3,1D,0E,00
283555,1,204,0,0,8,00,00,00,00,00,00,00,00
283555,1,403,0,0,8,64,00,00,00,40,E3,09,00
283565,1,206,0,0,8,00,00,00,00,00,00,00,00
283565,1,202,0,0,8,E2,13,00,00,F2,7C,05,00
283575,1,401,0,0,8,1C,9E,00,00,EC,08,00,00
283595,0,300,0,0,8,03,5A,64,5A,32,00,32,BF
283595,0,301,0,0,3,E8,0F,00
283595,1,400,0,0,8,01,00,2C,00,00,00,00,00
283625,1,201,0,0,5,5C,03,8C,00,62
283635,1,203,0,0,8,B3,09,D4,AD,06,00,00,00
283645,0,300,0,0,8,03,5A,64,5A,32,00,32,70
283645,0,301,0,0,3,E2,00,00
283665,1,206,0,0,8,00,00,00,00,00,00,00,00
283675,1,401,0,0,8,1C,9E,00,00,77,05,00,00
283695,0,300,0,0,8,03,5A,64,5A,32,00,32,71
283695,0,301,0,0,3,B3,01,00
283695,1,400,0,0,8,01,00,2C,00,00,00,00,00
283725,1,201,0,0,5,5C,03,00,00,62
283735,1,203,0,0,8,BE,09,AC,E4,05,00,00,00
283745,0,300,0,0,8,03,5A,64,5A,32,00,32,72
283745,0,301,0,0,3,6B,02,00
283765,1,206,0,0,8,00,00,00,00,00,00,00,00
283775,1,401,0,0,8,1C,9E,00,00,77,05,00,00
283795,0,300,0,0,8,03,5A,64,5A,32,00,32,73
283795,0,301,0,0,3,96,03,00
283805,1,400,0,0,8,01,00,2C,00,00,00,00,00
283825,1,201,0,0,5,5C,03,EA,01,62
283835,1,203,0,0,8,CA,09,00,00,00,00,00,00
283845,0,300,0,0,8,03,5A,64,5A,32,00,32,34
283845,0,301,0,0,3,03,04,00
283865,1,206,0,0,8,00,00,00,00,00,00,00,00
283885,1,401,0,0,8,71,9E,00,00,77,05,00,00
283895,0,300,0,0,8,03,5A,64,5A,32,00,32,35
283895,0,301,0,0,3,54,05,00
283905,1,400,0,0,8,01,00,2C,00,00,00,00,00
283925,1,201,0,0,5,5C,03,62,02,62
283935,1,203,0,0,8,CC,09,B0,92,17,00,00,00
283945,0,300,0,0,8,03,5A,64,5A,32,00,32,36
283945,0,301,0,0,3,F5,06,00
283965,1,206,0,0,8,00,00,00,00,00,00,00,00
283985,1,401,0,0,8,71,9E,00,00,B1,04,00,00
283995,0,300,0,0,8,03,5A,64,5A,32,00,32,37
283995,0,301,0,0,3,B8,07,00
284005,1,400,0,0,8,01,00,2C,00,00,00,00,00
284025,1,201,0,0,5,5C,03,5E,01,62
284035,1,203,0,0,8,D2,09,8C,52,0F,00,00,00
284045,0,300,0,0,8,03,5A,64,5A,32,00,32,F8
284045,0,301,0,0,3,80,08,00
284065,1,402,0,0,8,58,00,00,00,C4,A2,08,00
284065,1,206,0,0,8,00,00,00,00,00,00,00,00
284085,1,401,0,0,8,D8,9D,00,00,B1,04,00,00
284095,0,300,0,0,8,03,5A,64,5A,32,00,32,F9
284095,0,301,0,0,3,88,09,00
284105,1,400,0,0,8,01,00,2C,00,00,00,00,00
284125,1,201,0,0,5,5C,03,A0,00,62
284135,1,203,0,0,8,D8,09,80,70,06,00,00,00
284145,0,300,0,0,8,03,5A,64,5A,32,00,32,FA
284145,0,301,0,0,3,C6,0A,00
284165,1,206,0,0,8,00,00,00,00,00,00,00,00
284185,1,401,0,0,8,D8,9D,00,00,ED,05,00,00
284195,0,300,0,0,8,03,5A,64,5A,32,00,32,FB
284195,0,301,0,0,3,43,0B,00
284205,1,400,0,0,8,01,00,2C,00,00,00,00,00
284225,1,201,0,0,5,5C,03,78,00,62
284235,1,203,0,0,8,D5,09,40,49,06,00,00,00
284245,0,300,0,0,8,03,5A,64,5A,32,00,32,BC
284245,0,301,0,0,3,B5,0C,00
284265,1,206,0,0,8,00,00,00,00,00,00,00,00
284285,1,401,0,0,8,D8,9D,00,00,ED,05,00,00
284295,0,300,0,0,8,03,5A,64,5A,32,00,32,BD
284295,0,301,0,0,3,4E,0D,00
284305,1,400,0,0,8,01,00,2C,00,00,00,00,00
284325,1,201,0,0,5,5C,03,00,00,62
284335,1,203,0,0,8,D5,09,00,00,00,00,00,00
284345,0,300,0,0,8,03,5A,64,5A,32,00,32,BE
284345,0,301,0,0,3,1D,0E,00
284365,1,206,0,0,8,00,00,00,00,00,00,00,00
284385,1,401,0,0,8,5D,9E,00,00,ED,05,00,00
284395,0,300,0,0,8,03,5A,64,5A,32,00,32,BF
284395,0,301,0,0,3,E8,0F,00
284405,1,400,0,0,8,01,00,2C,00,00,00,00,00
284425,1,201,0,0,5,5C,03,F0,00,62
284435,1,203,0,0,8,D9,09,38,B2,0F,00,00,00
284445,0,300,0,0,8,03,5A,64,5A,32,00,32,70
284445,0,301,0,0,3,E2,00,00
284465,1,206,0,0,8,00,00,00,00,00,00,00,00
284485,1,401,0,0,8,5D,9E,00,00,5E,06,00,00
284495,0,300,0,0,8,03,5A,64,5A,32,00,32,71
284495,0,301,0,0,3,B3,01,00
284505,1,400,0,0,8,01,00,2C,00,00,00,00,00
284525,1,201,0,0,5,66,03,AA,00,62
284535,1,203,0,0,8,D3,09,FC,76,07,00,00,00
284545,0,300,0,0,8,03,5A,64,5A,32,00,32,72
284545,0,301,0,0,3,6B,02,00
284555,1,204,0,0,8,00,00,00,00,00,00,00,00
284565,1,403,0,0,8,64,00,00,00,40,E3,09,00
284565,1,206,0,0,8,00,00,00,00,00,00,00,00
284565,1,202,0,0,8,E2,15,00,00,F7,7C,05,00
284575,1,666,0,0,8,52,08,05,00,52,95,36,02
284585,1,401,0,0,8,4B,9E,00,00,5E,06,00,00
284585,1,665,0,0,8,00,00,00,53,4C,18,53,00
284595,0,300,0,0,8,03,5A,64,5A,32,00,32,73
284595,0,301,0,0,3,96,03,00
284595,1,200,0,0,8,58,00,D5,A3,08,00,01,00
284605,1,400,0,0,8,01,00,2C,00,00,00,00,00
284625,1,201,0,0,5,66,03,8C,00,62
284635,1,203,0,0,8,DB,09,00,00,00,00,00,00
284645,0,300,0,0,8,03,5A,64,5A,32,00,32,34
284645,0,301,0,0,3,03,04,00
284665,1,206,0,0,8,00,00,00,00,00,00,00,00
284685,1,401,0,0,8,4B,9E,00,00,D0,04,00,00
284695,0,300,0,0,8,03,5A,64,5A,32,00,32,35
284695,0,301,0,0,3,54,05,00
284705,1,400,0,0,8,01,00,2C,00,00,00,00,00
284725,1,201,0,0,5,66,03,00,00,62
284735,1,203,0,0,8,DA,09,00,00,00,00,00,00
284745,0,300,0,0,8,03,5A,64,5A,32,00,32,36
284745,0,301,0,0,3,F5,06,00
284765,1,206,0,0,8,00,00,00,00,00,00,00,00
284785,1,401,0,0,8,4B,9E,00,00,D0,04,00,00
284795,0,300,0,0,8,03,5A,64,5A,32,00,32,37
284795,0,301,0,0,3,B8,07,00
284805,1,400,0,0,8,01,00,2C,00,00,00,00,00
284825,1,201,0,0,5,66,03,22,01,62
284835,1,203,0,0,8,DC,09,E8,AB,0B,00,00,00
284845,0,300,0,0,8,03,5A,64,5A,32,00,32,F8
284845,0,301,0,0,3,80,08,00
284865,1,206,0,0,8,00,00,00,00,00,00,00,00
284885,1,401,0,0,8,6F,9E,00,00,D0,04,00,00
284895,0,300,0,0,8,03,5A,64,5A,32,00,32,F9
284895,0,301,0,0,3,88,09,00
284905,1,400,0,0,8,01,00,2C,00,00,00,00,00
284925,1,201,0,0,5,66,03,AA,00,62
284935,1,203,0,0,8,D7,09,68,12,07,00,00,00
284945,0,300,0,0,8,03,5A,64,5A,32,00,32,FA
284945,0,301,0,0,3,C6,0A,00
284965,1,206,0,0,8,00,00,00,00,00,00,00,00
284985,1,401,0,0,8,6F,9E,00,00,A7,04,00,00
284995,0,300,0,0,8,03,5A,64,5A,32,00,32,FB
284995,0,301,0,0,3,43,0B,00
285005,1,400,0,0,8,01,00,2C,00,00,00,00,00
285025,1,201,0,0,5,66,03,5E,01,62
285035,1,203,0,0,8,D7,09,20,B7,0F,00,00,00
285045,0,300,0,0,8,03,5A,64,5A,32,00,32,BC
285045,0,301,0,0,3,B5,0C,00
285065,1,402,0,0,8,58,00,00,00,C4,A2,08,00
285065,1,206,0,0,8,00,00,00,00,00,00,00,00
285085,1,401,0,0,8,12,9E,00,00,A7,04,00,00
285095,0,300,0,0,8,03,5A,64,5A,32,00,32,BD
285095,0,301,0,0,3,4E,0D,00
285105,1,400,0,0,8,01,00,2C,00,00,00,00,00
285125,1,201,0,0,5,66,03,E6,00,62
285135,1,203,0,0,8,D4,09,74,D2,09,00,00,00
285145,0,300,0,0,8,03,5A,64,5A,32,00,32,BE
285145,0,301,0,0,3,1D,0E,00
285165,1,206,0,0,8,00,00,00,00,00,00,00,00
285185,1,401,0,0,8,12,9E,00,00,AD,05,00,00
285195,0,300,0,0,8,03,5A,64,5A,32,00,32,BF
285195,0,301,0,0,3,E8,0F,00
285205,1,400,0,0,8,01,00,2C,00,00,00,00,00
285225,1,201,0,0,5,66,03,A4,01,62
285235,1,203,0,0,8,D0,09,B4,1B,10,00,00,00
285245,0,300,0,0,8,03,5A,64,5A,32,00,32,70
285245,0,301,0,0,3,E2,00,00
285265,1,206,0,0,8,00,00,00,00,00,00,00,00
285285,1,401,0,0,8,12,9E,00,00,AD,05,00,00
285295,0,300,0,0,8,03,5A,64,5A,32,00,32,71
285295,0,301,0,0,3,B3,01,00
285305,1,400,0,0,8,01,00,2C,00,00,00,00,00
285325,1,201,0,0,5,66,03,B2,02,62
285335,1,203,0,0,8,D7,09,60,00,16,00,00,00
285345,0,300,0,0,8,03,5A,64,5A,32,00,32,72
285345,0,301,0,0,3,6B,02,00
285365,1,206,0,0,8,00,00,00,00,00,00,00,00
285385,1,401,0,0,8,1C,9E,00,00,AD,05,00,00
285395,0,300,0,0,8,03,5A,64,5A,32,00,32,73
285395,0,301,0,0,3,96,03,00
285405,1,400,0,0,8,01,00,2C,00,00,00,00,00
285425,1,201,0,0,5,5C,03,54,01,62
285435,1,203,0,0,8,DC,09,38,B2,0F,00,00,00
285445,0,300,0,0,8,03,5A,64,5A,32,00,32,34
285445,0,301,0,0,3,03,04,00
285465,1,206,0,0,8,00,00,00,00,00,00,00,00
285485,1,401,0,0,8,1C,9E,00,00,18,06,00,00
285495,0,300,0,0,8,03,5A,64,5A,32,00,32,35
285495,0,301,0,0,3,54,05,00
285505,1,400,0,0,8,01,00,2C,00,00,00,00,00
285525,1,201,0,0,5,5C,03,96,00,62
285535,1,203,0,0,8,E2,09,78,09,06,00,00,00
285545,0,300,0,0,8,03,5A,64,5A,32,00,32,36
285545,0,301,0,0,3,F5,06,00
285555,1,204,0,0,8,00,00,00,00,00,00,00,00
285565,1,206,0,0,8,00,00,00,00,00,00,00,00
285565,1,202,0,0,8,E2,13,00,00,F9,7C,05,00
285565,1,403,0,0,8,64,00,00,00,40,E3,09,00
285585,1,401,0,0,8,1C,9E,00,00,18,06,00,00
285595,0,300,0,0,8,03,5A,64,5A,32,00,32,37
285595,0,301,0,0,3,B8,07,00
285605,1,400,0,0,8,01,00,2C,00,00,00,00,00
285625,1,201,0,0,5,5C,03,46,00,62
285635,1,203,0,0,8,E3,09,60,D4,04,00,00,00
285645,0,300,0,0,8,03,5A,64,5A,32,00,32,F8
285645,0,301,0,0,3,80,08,00
285665,1,206,0,0,8,00,00,00,00,00,00,00,00
285685,1,401,0,0,8,1C,9E,00,00,9B,07,00,00
285695,0,300,0,0,8,03,5A,64,5A,32,00,32,F9
285695,0,301,0,0,3,88,09,00
285705,1,400,0,0,8,01,00,2C,00,00,00,00,00
285725,1,201,0,0,5,5C,03,A4,01,62
285735,1,203,0,0,8,E1,09,50,E7,10,00,00,00
285745,0,300,0,0,8,03,5A,64,5A,32,00,32,FA
285745,0,301,0,0,3,C6,0A,00
285765,1,206,0,0,8,00,00,00,00,00,00,00,00
285785,1,401,0,0,8,1C,9E,00,00,9B,07,00,00
285795,0,300,0,0,8,03,5A,64,5A,32,00,32,FB
285795,0,301,0,0,3,43,0B,00
285805,1,400,0,0,8,01,00,2C,00,00,00,00,00
285825,1,201,0,0,5,5C,03,A4,01,62
285835,1,203,0,0,8,DE,09,78,EA,12,00,00,00
285845,0,300,0,0,8,03,5A,64,5A,32,00,32,BC
285845,0,301,0,0,3,B5,0C,00
285865,1,206,0,0,8,00,00,00,00,00,00,00,00
285885,1,401,0,0,8,3D,9E,00,00,9B,07,00,00
285895,0,300,0,0,8,03,5A,64,5A,32,00,32,BD
285895,0,301,0,0,3,4E,0D,00
285905,1,400,0,0,8,01,00,2C,00,00,00,00,00
285925,1,201,0,0,5,5C,03,54,01,62
285945,1,203,0,0,8,DC,09,18,16,0E,00,00,00
285945,0,300,0,0,8,03,5A,64,5A,32,00,32,BE
285945,0,301,0,0,3,1D,0E,00
285965,1,206,0,0,8,00,00,00,00,00,00,00,00
285985,1,401,0,0,8,3D,9E,00,00,0C,05,00,00
285995,0,300,0,0,8,03,5A,64,5A,32,00,32,BF
285995,0,301,0,0,3,E8,0F,00
286005,1,400,0,0,8,01,00,2C,00,00,00,00,00
286025,1,201,0,0,5,5C,03,E6,00,62
286045,1,203,0,0,8,DE,09,08,48,0D,00,00,00
286045,0,300,0,0,8,03,5A,64,5A,32,00,32,70
286045,0,301,0,0,3,E2,00,00
286065,1,206,0,0,8,00,00,00,00,00,00,00,00
286065,1,402,0,0,8,58,00,00,00,C4,A2,08,00
286085,1,401,0,0,8,0A,9E,00,00,0C,05,00,00
286095,0,300,0,0,8,03,5A,64,5A,32,00,32,71
286095,0,301,0,0,3,B3,01,00
286105,1,400,0,0,8,01,00,2C,00,00,00,00,00
286125,1,201,0,0,5,5C,03,AA,00,62
286145,1,203,0,0,8,DC,09,80,70,06,00,00,00
286145,0,300,0,0,8,03,5A,64,5A,32,00,32,72
286145,0,301,0,0,3,6B,02,00
286165,1,206,0,0,8,00,00,00,00,00,00,00,00
286185,1,401,0,0,8,0A,9E,00,00,90,06,00,00
286195,0,300,0,0,8,03,5A,64,5A,32,00,32,73
286195,0,301,0,0,3,96,03,00
286205,1,400,0,0,8,01,00,2C,00,00,00,00,00
286225,1,201,0,0,5,5C,03,EA,01,62
286245,1,203,0,0,8,E2,09,80,51,13,00,00,00
286245,0,300,0,0,8,03,5A,64,5A,32,00,32,34
286245,0,301,0,0,3,03,04,00
286265,1,206,0,0,8,00,00,00,00,00,00,00,00
286285,1,401,0,0,8,0A,9E,00,00,90,06,00,00
286295,0,300,0,0,8,03,5A,64,5A,32,00,32,35
286295,0,301,0,0,3,54,05,00
286305,1,400,0,0,8,01,00,2C,00,00,00,00,00
286325,1,201,0,0,5,5C,03,A4,01,62
286345,1,203,0,0,8,DE,09,50,E7,10,00,00,00
286345,0,300,0,0,8,03,5A,64,5A,32,00,32,36
286345,0,301,0,0,3,F5,06,00
286365,1,206,0,0,8,00,00,00,00,00,00,00,00
286385,1,401,0,0,8,0A,9E,00,00,90,06,00,00
286395,0,300,0,0,8,03,5A,64,5A,32,00,32,37
286395,0,301,0,0,3,B8,07,00
286405,1,400,0,0,8,01,00,2C,00,00,00,00,00
286425,1,201,0,0,5,5C,03,8C,00,62
286445,1,203,0,0,8,DD,09,70,A2,05,00,00,00
286445,0,300,0,0,8,03,5A,64,5A,32,00,32,F8
286445,0,301,0,0,3,80,08,00
286465,1,206,0,0,8,00,00,00,00,00,00,00,00
286485,1,401,0,0,8,0A,9E,00,00,F1,05,00,00
286495,0,300,0,0,8,03,5A,64,5A,32,00,32,F9
286495,0,301,0,0,3,88,09,00
286505,1,400,0,0,8,01,00,2C,00,00,00,00,00
286525,1,201,0,0,5,5C,03,8C,00,62
286545,1,203,0,0,8,D6,09,5C,52,04,00,00,00
286545,0,300,0,0,8,03,5A,64,5A,32,00,32,FA
286545,0,301,0,0,3,C6,0A,00
286555,1,204,0,0,8,00,00,00,00,00,00,00,00
286565,1,206,0,0,8,00,00,00,00,00,00,00,00
286565,1,202,0,0,8,E2,13,00,00,FB,7C,05,00
286565,1,403,0,0,8,64,00,00,00,40,E3,09,00
286585,1,401,0,0,8,51,9E,00,00,F1,05,00,00
286595,0,300,0,0,8,03,5A,64,5A,32,00,32,FB
286595,0,301,0,0,3,43,0B,00
286605,1,400,0,0,8,01,00,2C,00,00,00,00,00
286625,1,201,0,0,5,5C,03,00,00,62
286645,1,203,0,0,8,D4,09,00,00,00,00,00,00
286645,0,300,0,0,8,03,5A,64,5A,32,00,32,BC
286645,0,301,0,0,3,B5,0C,00
286665,1,206,0,0,8,00,00,00,00,00,00,00,00
286685,1,401,0,0,8,51,9E,00,00,35,06,00,00
286695,0,300,0,0,8,03,5A,64,5A,32,00,32,BD
286695,0,301,0,0,3,4E,0D,00
286705,1,400,0,0,8,01,00,2C,00,00,00,00,00
286725,1,201,0,0,5,5C,03,58,02,62
286745,1,203,0,0,8,CE,09,A4,D2,14,00,00,00
286745,0,300,0,0,8,03,5A,64,5A,32,00,32,BE
286745,0,301,0,0,3,1D,0E,00
286765,1,206,0,0,8,00,00,00,00,00,00,00,00
286785,1,401,0,0,8,51,9E,00,00,35,06,00,00
286795,0,300,0,0,8,03,5A,64,5A,32,00,32,BF
286795,0,301,0,0,3,E8,0F,00
286805,1,400,0,0,8,01,00,2C,00,00,00,00,00
286825,1,201,0,0,5,5C,03,B8,01,62
286845,1,203,0,0,8,C7,09,E8,A4,13,00,00,00
286845,0,300,0,0,8,03,5A,64,5A,32,00,32,70
286845,0,301,0,0,3,E2,00,00
286865,1,206,0,0,8,00,00,00,00,00,00,00,00
286885,1,401,0,0,8,00,9E,00,00,35,06,00,00
286895,0,300,0,0,8,03,5A,64,5A,32,00,32,71
286895,0,301,0,0,3,B3,01,00
286905,1,400,0,0,8,01,00,2C,00,00,00,00,00
286925,1,201,0,0,5,5C,03,4A,01,62
286945,1,203,0,0,8,C6,09,7C,09,14,00,00,00
286945,0,300,0,0,8,03,5A,64,5A,32,00,32,72
286945,0,301,0,0,3,6B,02,00
286965,1,206,0,0,8,00,00,00,00,00,00,00,00
286985,1,401,0,0,8,00,9E,00,00,BD,04,00,00
286995,0,300,0,0,8,03,5A,64,5A,32,00,32,73
286995,0,301,0,0,3,96,03,00
287005,1,400,0,0,8,01,00,2C,00,00,00,00,00
287025,1,201,0,0,5,5C,03,E6,00,62
287045,1,203,0,0,8,C5,09,58,C9,0B,00,00,00
287045,0,300,0,0,8,03,5A,64,5A,32,00,32,34
287045,0,301,0,0,3,03,04,00
287065,1,206,0,0,8,00,00,00,00,00,00,00,00
287065,1,402,0,0,8,58,00,00,00,A0,A2,08,00
287085,1,401,0,0,8,FA,9D,00,00,BD,04,00,00
287095,0,300,0,0,8,03,5A,64,5A,32,00,32,35
287095,0,301,0,0,3,54,05,00
287105,1,400,0,0,8,01,00,2C,00,00,00,00,00
287125,1,201,0,0,5,5C,03,72,01,62
287145,1,203,0,0,8,C2,09,48,80,10,00,00,00
287145,0,300,0,0,8,03,5A,64,5A,32,00,32,36
287145,0,301,0,0,3,F5,06,00
287165,1,206,0,0,8,00,00,00,00,00,00,00,00
287185,1,401,0,0,8,FA,9D,00,00,C6,07,00,00
287195,0,300,0,0,8,03,5A,64,5A,32,00,32,37
287195,0,301,0,0,3,B8,07,00
287205,1,400,0,0,8,01,00,2C,00,00,00,00,00
287225,1,201,0,0,5,5C,03,E4,02,62
287245,1,203,0,0,8,CC,09,CC,9B,15,00,00,00
287245,0,300,0,0,8,03,5A,64,5A,32,00,32,F8
287245,0,301,0,0,3,80,08,00
287265,1,206,0,0,8,00,00,00,00,00,00,00,00
287275,0,404,0,0,2,4A,00
287275,1,405,0,0,8,4A,00,00,00,06,00,00,00
287285,1,401,0,0,8,FA,9D,00,00,C6,07,00,00
287295,0,300,0,0,8,03,5A,64,5A,32,00,32,F9
287295,0,301,0,0,3,88,09,00
287305,0,404,0,0,2,02,30
287305,1,405,0,0,7,02,30,00,00,00,00,00
287305,1,400,0,0,8,01,00,2C,00,00,00,00,00
287325,1,201,0,0,5,5C,03,EA,01,62
287335,0,404,0,0,2,44,00
287335,1,405,0,0,6,44,00,00,00,50,46
287345,1,203,0,0,8,CA,09,54,40,13,00,00,00
287345,0,300,0,0,8,03,5A,64,5A,32,00,32,FA
287345,0,301,0,0,3,C6,0A,00
287365,1,206,0,0,8,00,00,00,00,00,00,00,00
287375,0,404,0,0,2,01,00
287375,1,405,0,0,8,01,00,00,00,00,04,06,04
287385,1,401,0,0,8,B1,9D,00,00,C6,07,00,00
287395,0,300,0,0,8,03,5A,64,5A,32,00,32,FB
287395,0,301,0,0,3,43,0B,00
287395,0,404,0,0,2,A3,01
287395,1,405,0,0,5,A3,01,00,00,06
287405,1,400,0,0,8,01,00,2C,00,00,00,00,00
287425,1,201,0,0,5,5C,03,64,00,62
287425,0,404,0,0,2,20,00
287435,1,405,0,0,8,20,00,00,00,32,33,36,47
287445,1,203,0,0,8,CE,09,40,49,06,00,00,00
287445,0,300,0,0,8,03,5A,64,5A,32,00,32,BC
287445,0,301,0,0,3,B5,0C,00
287465,0,404,0,0,2,21,00
287465,1,405,0,0,8,21,00,00,00,35,4C,41,31
287465,1,206,0,0,8,00,00,00,00,00,00,00,00
287485,1,401,0,0,8,B1,9D,00,00,61,07,00,00
287495,0,404,0,0,2,22,00
287495,1,405,0,0,8,22,00,00,00,30,30,34,52
287495,0,300,0,0,8,03,5A,64,5A,32,00,32,BD
287495,0,301,0,0,3,4E,0D,00
287505,1,400,0,0,8,01,00,2C,00,00,00,00,00
287525,1,201,0,0,5,5C,03,00,00,62
287525,0,404,0,0,2,23,00
287525,1,405,0,0,8,23,00,00,00,4D,30,30,30
287545,1,203,0,0,8,CB,09,00,00,00,00,00,00
287545,0,300,0,0,8,03,5A,64,5A,32,00,32,BE
287545,0,301,0,0,3,1D,0E,00
287555,1,204,0,0,8,00,00,00,00,00,00,00,00
287555,0,404,0,0,2,24,00
287555,1,405,0,0,8,24,00,00,00,30,30,30,30
287565,1,206,0,0,8,00,00,00,00,00,00,00,00
287565,1,202,0,0,8,E2,14,00,00,FD,7C,05,00
287565,1,403,0,0,8,64,00,00,00,40,E3,09,00
287575,1,666,0,0,8,52,08,05,00,52,95,36,02
287585,0,404,0,0,2,25,00
287585,1,405,0,0,8,25,00,00,00,30,30,30,30
287585,1,401,0,0,8,4D,9E,00,00,61,07,00,00
287585,1,665,0,0,8,00,00,00,53,4C,18,53,00
287595,0,300,0,0,8,03,5A,64,5A,32,00,32,BF
287595,0,301,0,0,3,E8,0F,00
287605,1,200,0,0,8,58,00,B9,A3,08,00,02,00
287605,1,400,0,0,8,01,00,2C,00,00,00,00,00
287615,0,404,0,0,2,26,00
287615,1,405,0,0,8,26,00,00,00,30,30,30,30
287625,1,201,0,0,5,5C,03,CC,01,62
287645,1,203,0,0,8,CC,09,00,00,00,00,00,00
287645,0,300,0,0,8,03,5A,64,5A,32,00,32,70
287645,0,301,0,0,3,E2,00,00
287645,0,404,0,0,2,27,00
287645,1,405,0,0,6,27,00,00,00,30,30
287665,1,206,0,0,8,00,00,00,00,00,00,00,00
287685,0,404,0,0,2,4C,00
287685,1,405,0,0,8,4C,00,00,00,00,24,00,00
287685,1,401,0,0,8,4D,9E,00,00,98,07,00,00
287695,0,300,0,0,8,03,5A,64,5A,32,00,32,71
287695,0,301,0,0,3,B3,01,00
287705,1,400,0,0,8,01,00,2C,00,00,00,00,00
287715,0,404,0,0,2,46,00
287715,1,405,0,0,5,46,00,00,00,00
287725,1,201,0,0,5,5C,03,90,01,62
287745,1,203,0,0,8,CD,09,48,80,10,00,00,00
287745,0,404,0,0,2,4D,00
287745,1,405,0,0,8,4D,00,00,00,00,00,00,00
287745,0,300,0,0,8,03,5A,64,5A,32,00,32,72
287745,0,301,0,0,3,6B,02,00
287765,1,206,0,0,8,00,00,00,00,00,00,00,00
287775,0,404,0,0,2,50,00
287775,1,405,0,0,8,50,00,00,00,7F,00,7E,00
287785,1,401,0,0,8,4D,9E,00,00,98,07,00,00
287795,0,300,0,0,8,03,5A,64,5A,32,00,32,73
287795,0,301,0,0,3,96,03,00
287805,0,404,0,0,2,02,00
287805,1,405,0,0,8,02,00,00,00,53,49,43,54
287805,1,400,0,0,8,01,00,2C,00,00,00,00,00
287825,1,201,0,0,5,5C,03,7C,01,62
287845,1,203,0,0,8,CA,09,64,89,0E,00,00,00
287845,0,404,0,0,2,0A,00
287845,1,405,0,0,8,0A,00,00,00,30,3A,00,00
287845,0,300,0,0,8,03,5A,64,5A,32,00,32,34
287845,0,301,0,0,3,03,04,00
287865,1,206,0,0,8,00,00,00,00,00,00,00,00
287865,0,404,0,0,2,04,00
287865,1,405,0,0,7,04,00,00,00,16,09,02
287885,1,401,0,0,8,EE,9D,00,00,98,07,00,00
287895,0,300,0,0,8,03,5A,64,5A,32,00,32,35
287895,0,301,0,0,3,54,05,00
287895,0,404,0,0,2,B0,01
287895,1,405,0,0,6,B0,01,00,00,00,00
287905,1,400,0,0,8,01,00,2C,00,00,00,00,00
287925,1,201,0,0,5,5C,03,40,01,62
287925,0,404,0,0,2,B1,01
287935,1,405,0,0,6,B1,01,00,00,00,00
287945,1,203,0,0,8,CD,09,80,92,0C,00,00,00
287945,0,300,0,0,8,03,5A,64,5A,32,00,32,36
287945,0,301,0,0,3,F5,06,00
287965,1,206,0,0,8,00,00,00,00,00,00,00,00
287985,1,401,0,0,8,EE,9D,00,00,66,05,00,00
287995,0,300,0,0,8,03,5A,64,5A,32,00,32,37
287995,0,301,0,0,3,B8,07,00
288005,1,400,0,0,8,01,00,2C,00,00,00,00,00
288025,1,201,0,0,5,5C,03,96,00,62
288045,1,203,0,0,8,CF,09,AC,E4,05,00,00,00
288045,0,300,0,0,8,03,5A,64,5A,32,00,32,F8
288045,0,301,0,0,3,80,08,00
288065,1,206,0,0,8,00,00,00,00,00,00,00,00
288065,1,402,0,0,8,58,00,00,00,A0,A2,08,00
288085,1,401,0,0,8,14,9E,00,00,66,05,00,00
288095,0,300,0,0,8,03,5A,64,5A,32,00,32,F9
288095,0,301,0,0,3,88,09,00
288105,1,400,0,0,8,01,00,2C,00,00,00,00,00
288125,1,201,0,0,5,5C,03,CC,01,62
288145,1,203,0,0,8,D1,09,00,00,00,00,00,00
288145,0,300,0,0,8,03,5A,64,5A,32,00,32,FA
288145,0,301,0,0,3,C6,0A,00
288165,1,206,0,0,8,00,00,00,00,00,00,00,00
288185,1,401,0,0,8,14,9E,00,00,9C,07,00,00
288195,0,300,0,0,8,03,5A,64,5A,32,00,32,FB
288195,0,301,0,0,3,43,0B,00
288215,1,400,0,0,8,01,00,2C,00,00,00,00,00
288225,1,201,0,0,5,5C,03,EA,01,62
288245,1,203,0,0,8,D6,09,54,40,13,00,00,00
288245,0,300,0,0,8,03,5A,64,5A,32,00,32,BC
288245,0,301,0,0,3,B5,0C,00
288265,1,206,0,0,8,00,00,00,00,00,00,00,00
288295,1,401,0,0,8,14,9E,00,00,9C,07,00,00
288295,0,300,0,0,8,03,5A,64,5A,32,00,32,BD
288295,0,301,0,0,3,4E,0D,00
288315,1,400,0,0,8,01,00,2C,00,00,00,00,00
288325,1,201,0,0,5,5C,03,8C,00,62
288345,1,203,0,0,8,DE,09,C8,0F,0A,00,00,00
288345,0,300,0,0,8,03,5A,64,5A,32,00,32,BE
288345,0,301,0,0,3,1D,0E,00
288365,1,206,0,0,8,00,00,00,00,00,00,00,00
288395,1,401,0,0,8,E2,9D,00,00,9C,07,00,00
288395,0,300,0,0,8,03,5A,64,5A,32,00,32,BF
288395,0,301,0,0,3,E8,0F,00
288415,1,400,0,0,8,01,00,2C,00,00,00,00,00
288425,1,201,0,0,5,5C,03,A0,00,62
288445,1,203,0,0,8,D9,09,90,3E,07,00,00,00
288445,0,300,0,0,8,03,5A,64,5A,32,00,32,70
288445,0,301,0,0,3,E2,00,00
288465,1,206,0,0,8,00,00,00,00,00,00,00,00
288495,1,401,0,0,8,E2,9D,00,00,AD,06,00,00
288495,0,300,0,0,8,03,5A,64,5A,32,00,32,71
288495,0,301,0,0,3,B3,01,00
288515,1,400,0,0,8,01,00,2C,00,00,00,00,00
288525,1,201,0,0,5,5C,03,00,00,62
288545,1,203,0,0,8,DA,09,48,9F,03,00,00,00
288545,0,300,0,0,8,03,5A,64,5A,32,00,32,72
288545,0,301,0,0,3,6B,02,00
288555,1,204,0,0,8,00,00,00,00,00,00,00,00
288565,1,206,0,0,8,00,00,00,00,00,00,00,00
288565,1,202,0,0,8,E2,12,00,00,FF,7C,05,00
288575,1,403,0,0,8,64,00,00,00,40,E3,09,00
288595,1,401,0,0,8,67,9E,00,00,AD,06,00,00
288595,0,300,0,0,8,03,5A,64,5A,32,00,32,73
288595,0,301,0,0,3,96,03,00
288615,1,400,0,0,8,01,00,2C,00,00,00,00,00
288625,1,201,0,0,5,5C,03,30,02,62
288645,1,203,0,0,8,D6,09,D8,5B,18,00,00,00
288645,0,300,0,0,8,03,5A,64,5A,32,00,32,34
288645,0,301,0,0,3,03,04,00
288665,1,206,0,0,8,00,00,00,00,00,00,00,00
288695,1,401,0,0,8,67,9E,00,00,9A,05,00,00
288695,0,300,0,0,8,03,5A,64,5A,32,00,32,35
288695,0,301,0,0,3,54,05,00
288715,1,400,0,0,8,01,00,2C,00,00,00,00,00
288725,1,201,0,0,5,5C,03,A4,01,62
288745,1,203,0,0,8,DA,09,30,4B,0F,00,00,00
288745,0,300,0,0,8,03,5A,64,5A,32,00,32,36
288745,0,301,0,0,3,F5,06,00
288765,1,206,0,0,8,00,00,00,00,00,00,00,00
288795,1,401,0,0,8,67,9E,00,00,9A,05,00,00
288795,0,300,0,0,8,03,5A,64,5A,32,00,32,37
288795,0,301,0,0,3,B8,07,00
288815,1,400,0,0,8,01,00,2C,00,00,00,00,00
288825,1,201,0,0,5,5C,03,4A,01,62
288845,1,203,0,0,8,D6,09,64,89,0E,00,00,00
288845,0,300,0,0,8,03,5A,64,5A,32,00,32,F8
288845,0,301,0,0,3,80,08,00
288865,1,206,0,0,8,00,00,00,00,00,00,00,00
288895,1,401,0,0,8,E2,9D,00,00,9A,05,00,00
288895,0,300,0,0,8,03,5A,64,5A,32,00,32,F9
288895,0,301,0,0,3,88,09,00
288915,1,400,0,0,8,01,00,2C,00,00,00,00,00
288925,1,201,0,0,5,5C,03,FA,00,62
288945,1,203,0,0,8,DE,09,C8,0F,0A,00,00,00
288945,0,300,0,0,8,03,5A,64,5A,32,00,32,FA
288945,0,301,0,0,3,C6,0A,00
288965,1,206,0,0,8,00,00,00,00,00,00,00,00
288995,1,401,0,0,8,E2,9D,00,00,F4,05,00,00
288995,0,300,0,0,8,03,5A,64,5A,32,00,32,FB
288995,0,301,0,0,3,43,0B,00
289015,1,400,0,0,8,01,00,2C,00,00,00,00,00
289025,1,201,0,0,5,5C,03,00,00,62
289045,1,203,0,0,8,DF,09,00,00,00,00,00,00
289045,0,300,0,0,8,03,5A,64,5A,32,00,32,BC
289045,0,301,0,0,3,B5,0C,00
289065,1,206,0,0,8,00,00,00,00,00,00,00,00
289075,1,402,0,0,8,58,00,00,00,7C,A2,08,00
289095,1,401,0,0,8,35,9E,00,00,F4,05,00,00
289095,0,300,0,0,8,03,5A,64,5A,32,00,32,BD
289095,0,301,0,0,3,4E,0D,00
289115,1,400,0,0,8,01,00,2C,00,00,00,00,00
289125,1,201,0,0,5,5C,03,94,02,62
289145,1,203,0,0,8,EF,09,E0,25,18,00,00,00
289145,0,300,0,0,8,03,5A,64,5A,32,00,32,BE
289145,0,301,0,0,3,1D,0E,00
289165,1,206,0,0,8,00,00,00,00,00,00,00,00
289195,1,401,0,0,8,35,9E,00,00,42,07,00,00
289195,0,300,0,0,8,03,5A,64,5A,32,00,32,BF
289195,0,301,0,0,3,E8,0F,00
289215,1,400,0,0,8,01,00,2C,00,00,00,00,00
289225,1,201,0,0,5,5C,03,86,01,62
289245,1,203,0,0,8,F3,09,00,C2,19,00,00,00
289245,0,300,0,0,8,03,5A,64,5A,32,00,32,70
289245,0,301,0,0,3,E2,00,00
289265,1,206,0,0,8,00,00,00,00,00,00,00,00
289295,1,401,0,0,8,35,9E,00,00,42,07,00,00
289295,0,300,0,0,8,03,5A,64,5A,32,00,32,71
289295,0,301,0,0,3,B3,01,00
289315,1,400,0,0,8,01,00,2C,00,00,00,00,00
289325,1,201,0,0,5,5C,03,C8,00,62
289345,1,203,0,0,8,F8,09,98,A5,07,00,00,00
289345,0,300,0,0,8,03,5A,64,5A,32,00,32,72
289345,0,301,0,0,3,6B,02,00
289365,1,206,0,0,8,00,00,00,00,00,00,00,00
289395,1,401,0,0,8,C9,9D,00,00,42,07,00,00
289395,0,300,0,0,8,03,5A,64,5A,32,00,32,73
289395,0,301,0,0,3,96,03,00
289415,1,400,0,0,8,01,00,2C,00,00,00,00,00
289425,1,201,0,0,5,5C,03,96,00,62
289445,1,203,0,0,8,ED,09,70,A2,05,00,00,00
289445,0,300,0,0,8,03,5A,64,5A,32,00,32,34
289445,0,301,0,0,3,03,04,00
289465,1,206,0,0,8,00,00,00,00,00,00,00,00
289495,1,401,0,0,8,C9,9D,00,00,B8,07,00,00
289495,0,300,0,0,8,03,5A,64,5A,32,00,32,35
289495,0,301,0,0,3,54,05,00
289515,1,400,0,0,8,01,00,2C,00,00,00,00,00
289525,1,201,0,0,5,5C,03,8A,02,62
289545,1,203,0,0,8,F5,09,60,B5,11,00,00,00
289545,0,300,0,0,8,03,5A,64,5A,32,00,32,36
289545,0,301,0,0,3,F5,06,00
289555,1,204,0,0,8,00,00,00,00,00,00,00,00
289565,1,206,0,0,8,00,00,00,00,00,00,00,00
289565,1,202,0,0,8,E2,13,00,00,01,7D,05,00
289575,1,403,0,0,8,64,00,00,00,40,E3,09,00
289595,1,401,0,0,8,20,9E,00,00,B8,07,00,00
289595,0,300,0,0,8,03,5A,64,5A,32,00,32,37
289595,0,301,0,0,3,B8,07,00
289615,1,400,0,0,8,01,00,2C,00,00,00,00,00
289625,1,201,0,0,5,5C,03,E0,01,62
289645,1,203,0,0,8,FD,09,80,51,13,00,00,00
289645,0,300,0,0,8,03,5A,64,5A,32,00,32,F8
289645,0,301,0,0,3,80,08,00
289665,1,206,0,0,8,00,00,00,00,00,00,00,00
289695,1,401,0,0,8,20,9E,00,00,22,07,00,00
289695,0,300,0,0,8,03,5A,64,5A,32,00,32,F9
289695,0,301,0,0,3,88,09,00
289715,1,400,0,0,8,01,00,2C,00,00,00,00,00
289725,1,201,0,0,5,5C,03,C6,02,62
289745,1,203,0,0,8,0B,0A,18,F7,1A,00,00,00
289745,0,300,0,0,8,03,5A,64,5A,32,00,32,FA
289745,0,301,0,0,3,C6,0A,00
289765,1,206,0,0,8,00,00,00,00,00,00,00,00
289795,1,401,0,0,8,20,9E,00,00,22,07,00,00
289795,0,300,0,0,8,03,5A,64,5A,32,00,32,FB
289795,0,301,0,0,3,43,0B,00
289815,1,400,0,0,8,01,00,2C,00,00,00,00,00
289825,1,201,0,0,5,70,03,A0,00,62
289845,1,203,0,0,8,1B,0A,34,D4,07,00,00,00
289845,0,300,0,0,8,03,5A,64,5A,32,00,32,BC
289845,0,301,0,0,3,B5,0C,00
289865,1,206,0,0,8,00,00,00,00,00,00,00,00
289895,1,401,0,0,8,83,9D,00,00,22,07,00,00
289895,0,300,0,0,8,03,5A,64,5A,32,00,32,BD
289895,0,301,0,0,3,4E,0D,00
289915,1,400,0,0,8,01,00,2C,00,00,00,00,00
289925,1,201,0,0,5,70,03,D2,00,62
289945,1,203,0,0,8,30,0A,34,D4,07,00,00,00
289945,0,300,0,0,8,03,5A,64,5A,32,00,32,BE
289945,0,301,0,0,3,1D,0E,00
289965,1,206,0,0,8,00,00,00,00,00,00,00,00
289995,1,401,0,0,8,83,9D,00,00,1C,09,00,00
289995,0,300,0,0,8,03,5A,64,5A,32,00,32,BF
289995,0,301,0,0,3,E8,0F,00
290015,1,400,0,0,8,01,00,2C,00,00,00,00,00
290025,1,201,0,0,5,70,03,D0,02,62
290045,1,203,0,0,8,3C,0A,F0,04,1C,00,00,00
290045,0,300,0,0,8,03,5A,64,5A,32,00,32,70
290045,0,301,0,0,3,E2,00,00
290065,1,206,0,0,8,00,00,00,00,00,00,00,00
290075,1,402,0,0,8,58,00,00,00,7C,A2,08,00
290095,1,401,0,0,8,DC,9D,00,00,1C,09,00,00
290095,0,300,0,0,8,03,5A,64,5A,32,00,32,71
290095,0,301,0,0,3,B3,01,00
290115,1,400,0,0,8,01,00,2C,00,00,00,00,00
290125,1,201,0,0,5,70,03,BC,02,62
290145,1,203,0,0,8,30,0A,C0,F6,20,00,00,00
290145,0,300,0,0,8,03,5A,64,5A,32,00,32,72
290145,0,301,0,0,3,6B,02,00
290165,1,206,0,0,8,00,00,00,00,00,00,00,00
290195,1,401,0,0,8,DC,9D,00,00,C8,08,00,00
290195,0,300,0,0,8,03,5A,64,5A,32,00,32,73
290195,0,301,0,0,3,96,03,00
290215,1,400,0,0,8,01,00,2C,00,00,00,00,00
290225,1,201,0,0,5,70,03,12,02,62
290245,1,203,0,0,8,22,0A,AC,D6,15,00,00,00
290245,0,300,0,0,8,03,5A,64,5A,32,00,32,34
290245,0,301,0,0,3,03,04,00
290265,1,206,0,0,8,00,00,00,00,00,00,00,00
290295,1,401,0,0,8,DC,9D,00,00,C8,08,00,00
290295,0,300,0,0,8,03,5A,64,5A,32,00,32,35
290295,0,301,0,0,3,54,05,00
290315,1,400,0,0,8,01,00,2C,00,00,00,00,00
290325,1,201,0,0,5,70,03,4A,01,62
290345,1,203,0,0,8,05,09,70,61,0C,00,00,00
290345,0,300,0,0,8,03,5A,64,5A,32,00,32,36
290345,0,301,0,0,3,F5,06,00
290365,1,206,0,0,8,00,00,00,00,00,00,00,00
290395,0,300,0,0,8,03,5A,64,5A,32,00,32,37
290395,1,401,0,0,8,83,9D,00,00,C8,08,00,00
290395,0,301,0,0,3,B8,07,00
290415,1,400,0,0,8,01,00,2C,00,00,00,00,00
290425,1,201,0,0,5,70,03,B8,01,62
290445,1,203,0,0,8,FE,08,70,61,0C,00,00,00
290445,0,300,0,0,8,03,5A,64,5A,32,00,32,F8
290445,0,301,0,0,3,80,08,00
290465,1,206,0,0,8,00,00,00,00,00,00,00,00
290495,0,300,0,0,8,03,5A,64,5A,32,00,32,F9
290495,1,401,0,0,8,83,9D,00,00,B9,0A,00,00
290495,0,301,0,0,3,88,09,00
290515,1,400,0,0,8,01,00,2C,00,00,00,00,00
290525,1,201,0,0,5,70,03,EA,01,62
290545,1,203,0,0,8,F2,08,B8,D7,11,00,00,00
290545,0,300,0,0,8,03,5A,64,5A,32,00,32,FA
290545,0,301,0,0,3,C6,0A,00
290555,1,204,0,0,8,00,00,00,00,00,00,00,00
290565,1,206,0,0,8,00,00,00,00,00,00,00,00
290565,1,202,0,0,8,E2,12,00,00,03,7D,05,00
290575,1,403,0,0,8,64,00,00,00,40,E3,09,00
290575,1,666,0,0,8,52,08,05,00,52,95,36,02
290585,1,665,0,0,8,00,00,00,53,4C,18,53,00
290595,0,300,0,0,8,03,5A,64,5A,32,00,32,FB
290595,0,301,0,0,3,43,0B,00
290595,1,401,0,0,8,8D,9D,00,00,B9,0A,00,00
290605,1,200,0,0,8,58,00,9C,A3,08,00,00,00
290615,1,400,0,0,8,01,00,2C,00,00,00,00,00
290625,1,201,0,0,5,70,03,AA,00,62
290645,1,203,0,0,8,EB,08,18,79,0D,00,00,00
290645,0,300,0,0,8,03,5A,64,5A,32,00,32,BC
290645,0,301,0,0,3,B5,0C,00
290665,1,206,0,0,8,00,00,00,00,00,00,00,00
290695,0,300,0,0,8,03,5A,64,5A,32,00,32,BD
290695,0,301,0,0,3,4E,0D,00
290695,1,401,0,0,8,8D,9D,00,00,65,0A,00,00
290715,1,400,0,0,8,01,00,2C,00,00,00,00,00
290725,1,201,0,0,5,70,03,04,01,62
290745,1,203,0,0,8,E1,08,70,ED,09,00,00,00
290745,0,300,0,0,8,03,5A,64,5A,32,00,32,BE
290745,0,301,0,0,3,1D,0E,00
290765,1,206,0,0,8,00,00,00,00,00,00,00,00
290795,0,300,0,0,8,03,5A,64,5A,32,00,32,BF
290795,0,301,0,0,3,E8,0F,00
290795,1,401,0,0,8,8D,9D,00,00,65,0A,00,00
290815,1,400,0,0,8,01,00,2C,00,00,00,00,00
290825,1,201,0,0,5,3E,03,00,00,62
290845,1,203,0,0,8,E0,08,04,07,06,00,00,00
290845,0,300,0,0,8,03,5A,64,5A,32,00,32,70
290845,0,301,0,0,3,E2,00,00
290865,1,206,0,0,8,00,00,00,00,00,00,00,00
290895,0,300,0,0,8,03,5A,64,5A,32,00,32,71
290895,0,301,0,0,3,B3,01,00
290895,1,401,0,0,8,10,9E,00,00,65,0A,00,00
290915,1,400,0,0,8,01,00,2C,00,00,00,00,00
290925,1,201,0,0,5,3E,03,00,00,62
290945,1,203,0,0,8,F4,08,00,00,00,00,00,00
290945,0,300,0,0,8,03,5A,64,5A,32,00,32,72
290945,0,301,0,0,3,6B,02,00
290965,1,206,0,0,8,00,00,00,00,00,00,00,00
290995,0,300,0,0,8,03,5A,64,5A,32,00,32,73
290995,0,301,0,0,3,96,03,00
290995,1,401,0,0,8,10,9E,00,00,A7,08,00,00
291015,1,400,0,0,8,01,00,2C,00,00,00,00,00
291025,1,201,0,0,5,3E,03,00,00,62
291045,1,203,0,0,8,2B,09,00,00,00,00,00,00
291045,0,300,0,0,8,03,5A,64,5A,32,00,32,34
291045,0,301,0,0,3,03,04,00
291065,1,206,0,0,8,00,00,00,00,00,00,00,00
291075,1,402,0,0,8,58,00,00,00,58,A2,08,00
291095,0,300,0,0,8,03,5A,64,5A,32,00,32,35
291095,0,301,0,0,3,54,05,00
291095,1,401,0,0,8,5B,9E,00,00,A7,08,00,00
291115,1,400,0,0,8,01,00,2C,00,00,00,00,00
291125,1,201,0,0,5,3E,03,00,00,62
291145,1,203,0,0,8,3F,09,00,00,00,00,00,00
291145,0,300,0,0,8,03,5A,64,5A,32,00,32,36
291145,0,301,0,0,3,F5,06,00
291165,1,206,0,0,8,00,00,00,00,00,00,00,00
291195,0,300,0,0,8,03,5A,64,5A,32,00,32,37
291195,0,301,0,0,3,B8,07,00
291195,1,401,0,0,8,5B,9E,00,00,BA,04,00,00
291215,1,400,0,0,8,01,00,2C,00,00,00,00,00
291225,1,201,0,0,5,3E,03,00,00,62
291245,1,203,0,0,8,75,09,00,00,00,00,00,00
291245,0,300,0,0,8,03,5A,64,5A,32,00,32,F8
291245,0,301,0,0,3,80,08,00
291265,1,206,0,0,8,00,00,00,00,00,00,00,00
291295,0,300,0,0,8,03,5A,64,5A,32,00,32,F9
291295,0,301,0,0,3,88,09,00
291295,1,401,0,0,8,5B,9E,00,00,BA,04,00,00
291315,1,400,0,0,8,01,00,2C,00,00,00,00,00
291335,1,201,0,0,5,3E,03,00,00,62
291345,1,203,0,0,8,92,09,00,00,00,00,00,00
291345,0,300,0,0,8,03,5A,64,5A,32,00,32,FA
291345,0,301,0,0,3,C6,0A,00
291365,1,206,0,0,8,00,00,00,00,00,00,00,00
291395,0,300,0,0,8,03,5A,64,5A,32,00,32,FB
291395,0,301,0,0,3,43,0B,00
291395,1,401,0,0,8,69,9E,00,00,BA,04,00,00
291415,1,400,0,0,8,01,00,2C,00,00,00,00,00
291435,1,201,0,0,5,3E,03,00,00,62
291445,1,203,0,0,8,D3,09,00,00,00,00,00,00
291445,0,300,0,0,8,03,5A,64,5A,32,00,32,BC
291445,0,301,0,0,3,B5,0C,00
291465,1,206,0,0,8,00,00,00,00,00,00,00,00
291495,0,300,0,0,8,03,5A,64,5A,32,00,32,BD
291495,0,301,0,0,3,4E,0D,00
291495,1,401,0,0,8,69,9E,00,00,8C,03,00,00
291515,1,400,0,0,8,01,00,2C,00,00,00,00,00
291535,1,201,0,0,5,3E,03,00,00,62
291545,1,203,0,0,8,E3,09,00,00,00,00,00,00
291545,0,300,0,0,8,03,5A,64,5A,32,00,32,BE
291545,0,301,0,0,3,1D,0E,00
291555,1,204,0,0,8,00,00,00,00,00,00,00,00
291565,1,206,0,0,8,00,00,00,00,00,00,00,00
291565,1,202,0,0,8,E2,14,00,00,06,7D,05,00
291575,1,403,0,0,8,64,00,00,00,40,E3,09,00
291595,0,300,0,0,8,03,5A,64,5A,32,00,32,BF
291595,0,301,0,0,3,E8,0F,00
291595,1,401,0,0,8,5D,9E,00,00,8C,03,00,00
291615,1,400,0,0,8,01,00,2C,00,00,00,00,00
291635,1,201,0,0,5,7A,03,00,00,62
291645,1,203,0,0,8,E9,09,00,00,00,00,00,00
291645,0,300,0,0,8,03,5A,64,5A,32,00,32,70
291645,0,301,0,0,3,E2,00,00
291665,1,206,0,0,8,00,00,00,00,00,00,00,00
291695,0,300,0,0,8,03,5A,64,5A,32,00,32,71
291695,0,301,0,0,3,B3,01,00
291695,1,401,0,0,8,5D,9E,00,00,9E,03,00,00
291715,1,400,0,0,8,01,00,2C,00,00,00,00,00
291735,1,201,0,0,5,7A,03,00,00,62
291745,1,203,0,0,8,F3,09,00,00,00,00,00,00
291745,0,300,0,0,8,03,5A,64,5A,32,00,32,72
291745,0,301,0,0,3,6B,02,00
291765,1,206,0,0,8,00,00,00,00,00,00,00,00
291795,0,300,0,0,8,03,5A,64,5A,32,00,32,73
291795,0,301,0,0,3,96,03,00
291795,1,401,0,0,8,5D,9E,00,00,9E,03,00,00
291815,1,400,0,0,8,01,00,2C,00,00,00,00,00
291835,1,201,0,0,5,7A,03,00,00,62
291845,1,203,0,0,8,FB,09,00,00,00,00,00,00
291845,0,300,0,0,8,03,5A,64,5A,32,00,32,34
291845,0,301,0,0,3,03,04,00
291865,1,206,0,0,8,00,00,00,00,00,00,00,00
291895,0,300,0,0,8,03,5A,64,5A,32,00,32,35
291895,0,301,0,0,3,54,05,00
291895,1,401,0,0,8,6B,9E,00,00,9E,03,00,00
291915,1,400,0,0,8,01,00,2C,00,00,00,00,00
291935,1,201,0,0,5,7A,03,B8,01,62
291945,1,203,0,0,8,FB,09,70,83,12,00,00,00
291945,0,300,0,0,8,03,5A,64,5A,32,00,32,36
291945,0,301,0,0,3,F5,06,00
291965,1,206,0,0,8,00,00,00,00,00,00,00,00
291995,0,300,0,0,8,03,5A,64,5A,32,00,32,37
291995,0,301,0,0,3,B8,07,00
291995,1,401,0,0,8,6B,9E,00,00,72,03,00,00
292015,1,400,0,0,8,01,00,2C,00,00,00,00,00
292035,1,201,0,0,5,7A,03,FA,00,62
292045,1,203,0,0,8,F9,09,D8,DD,0A,00,00,00
292045,0,300,0,0,8,03,5A,64,5A,32,00,32,F8
292045,0,301,0,0,3,80,08,00
292065,1,206,0,0,8,00,00,00,00,00,00,00,00
292075,1,402,0,0,8,58,00,00,00,58,A2,08,00
292095,0,300,0,0,8,03,5A,64,5A,32,00,32,F9
292095,0,301,0,0,3,88,09,00
292095,1,401,0,0,8,BC,9E,00,00,72,03,00,00
292115,1,400,0,0,8,01,00,2C,00,00,00,00,00
292135,1,201,0,0,5,7A,03,78,00,62
292145,1,203,0,0,8,F4,09,60,D4,04,00,00,00
292145,0,300,0,0,8,03,5A,64,5A,32,00,32,FA
292145,0,301,0,0,3,C6,0A,00
292165,1,206,0,0,8,00,00,00,00,00,00,00,00
292195,0,300,0,0,8,03,5A,64,5A,32,00,32,FB
292195,0,301,0,0,3,43,0B,00
292195,1,401,0,0,8,BC,9E,00,00,2F,01,00,00
292215,1,400,0,0,8,01,00,2C,00,00,00,00,00
292235,1,201,0,0,5,7A,03,00,00,62
292245,1,203,0,0,8,FB,09,C8,0F,0A,00,00,00
292245,0,300,0,0,8,03,5A,64,5A,32,00,32,BC
292245,0,301,0,0,3,B5,0C,00
292265,1,206,0,0,8,00,00,00,00,00,00,00,00
292295,0,300,0,0,8,03,5A,64,5A,32,00,32,BD
292295,0,301,0,0,3,4E,0D,00
292295,1,401,0,0,8,BC,9E,00,00,2F,01,00,00
292315,1,400,0,0,8,01,00,2C,00,00,00,00,00
292335,1,201,0,0,5,7A,03,00,00,62
292345,1,203,0,0,8,FC,09,00,00,00,00,00,00
292345,0,300,0,0,8,03,5A,64,5A,32,00,32,BE
292345,0,301,0,0,3,1D,0E,00
292365,1,206,0,0,8,00,00,00,00,00,00,00,00
292395,0,300,0,0,8,03,5A,64,5A,32,00,32,BF
292395,0,301,0,0,3,E8,0F,00
292395,1,401,0,0,8,53,9E,00,00,2F,01,00,00
292415,1,400,0,0,8,01,00,2C,00,00,00,00,00
292435,1,201,0,0,5,7A,03,86,01,62
292445,1,203,0,0,8,F9,09,58,4E,11,00,00,00
292445,0,300,0,0,8,03,5A,64,5A,32,00,32,70
292445,0,301,0,0,3,E2,00,00
292465,1,206,0,0,8,00,00,00,00,00,00,00,00
292495,0,300,0,0,8,03,5A,64,5A,32,00,32,71
292495,0,301,0,0,3,B3,01,00
292495,1,401,0,0,8,53,9E,00,00,CA,02,00,00
292525,1,400,0,0,8,01,00,2C,00,00,00,00,00
292535,1,201,0,0,5,66,03,96,00,62
292545,1,203,0,0,8,F3,09,D0,76,0A,00,00,00
292545,0,300,0,0,8,03,5A,64,5A,32,00,32,72
292545,0,301,0,0,3,6B,02,00
292555,1,204,0,0,8,00,00,00,00,00,00,00,00
292565,1,206,0,0,8,00,00,00,00,00,00,00,00
292565,1,202,0,0,8,E2,13,00,00,0A,7D,05,00
292585,1,403,0,0,8,64,00,00,00,40,E3,09,00
292595,0,300,0,0,8,03,5A,64,5A,32,00,32,73
292595,0,301,0,0,3,96,03,00
292605,1,401,0,0,8,18,9E,00,00,CA,02,00,00
292625,1,400,0,0,8,01,00,2C,00,00,00,00,00
292635,1,201,0,0,5,66,03,04,01,62
292645,1,203,0,0,8,F9,09,C0,A8,09,00,00,00
292645,0,300,0,0,8,03,5A,64,5A,32,00,32,34
292645,0,301,0,0,3,03,04,00
292665,1,206,0,0,8,00,00,00,00,00,00,00,00
292695,0,300,0,0,8,03,5A,64,5A,32,00,32,35
292695,0,301,0,0,3,54,05,00
292705,1,401,0,0,8,18,9E,00,00,56,05,00,00
292725,1,400,0,0,8,01,00,2C,00,00,00,00,00
292735,1,201,0,0,5,66,03,00,00,62
292745,1,203,0,0,8,FA,09,00,00,00,00,00,00
292745,0,300,0,0,8,03,5A,64,5A,32,00,32,36
292745,0,301,0,0,3,F5,06,00
292765,1,206,0,0,8,00,00,00,00,00,00,00,00
292795,0,300,0,0,8,03,5A,64,5A,32,00,32,37
292795,0,301,0,0,3,B8,07,00
292805,1,401,0,0,8,18,9E,00,00,56,05,00,00
292825,1,400,0,0,8,01,00,2C,00,00,00,00,00
292835,1,201,0,0,5,66,03,FE,01,62
292845,1,203,0,0,8,0A,0A,98,86,14,00,00,00
292845,0,300,0,0,8,03,5A,64,5A,32,00,32,F8
292845,0,301,0,0,3,80,08,00
292865,1,206,0,0,8,00,00,00,00,00,00,00,00
292895,0,300,0,0,8,03,5A,64,5A,32,00,32,F9
292895,0,301,0,0,3,88,09,00
292905,1,401,0,0,8,6F,9E,00,00,56,05,00,00
292925,1,400,0,0,8,01,00,2C,00,00,00,00,00
292935,1,201,0,0,5,66,03,4E,02,62
292945,1,203,0,0,8,0E,0A,18,16,0E,00,00,00
292945,0,300,0,0,8,03,5A,64,5A,32,00,32,FA
292945,0,301,0,0,3,C6,0A,00
292965,1,206,0,0,8,00,00,00,00,00,00,00,00
292995,0,300,0,0,8,03,5A,64,5A,32,00,32,FB
292995,0,301,0,0,3,43,0B,00
293005,1,401,0,0,8,6F,9E,00,00,8E,05,00,00
293025,1,400,0,0,8,01,00,2C,00,00,00,00,00
293035,1,201,0,0,5,66,03,FA,00,62
293045,1,203,0,0,8,0B,0A,98,A5,07,00,00,00
293045,0,300,0,0,8,03,5A,64,5A,32,00,32,BC
293045,0,301,0,0,3,B5,0C,00
293065,1,206,0,0,8,00,00,00,00,00,00,00,00
293085,1,402,0,0,8,58,00,00,00,34,A2,08,00
293095,0,300,0,0,8,03,5A,64,5A,32,00,32,BD
293095,0,301,0,0,3,4E,0D,00
293105,1,401,0,0,8,06,9E,00,00,8E,05,00,00
293125,1,400,0,0,8,01,00,2C,00,00,00,00,00
293135,1,201,0,0,5,66,03,72,01,62
293145,1,203,0,0,8,0E,0A,28,E4,0E,00,00,00
293145,0,300,0,0,8,03,5A,64,5A,32,00,32,BE
293145,0,301,0,0,3,1D,0E,00
293165,1,206,0,0,8,00,00,00,00,00,00,00,00
293195,0,300,0,0,8,03,5A,64,5A,32,00,32,BF
293195,0,301,0,0,3,E8,0F,00
293205,1,401,0,0,8,06,9E,00,00,E7,05,00,00
293225,1,400,0,0,8,01,00,2C,00,00,00,00,00
293235,1,201,0,0,5,66,03,AA,00,62
293245,1,203,0,0,8,04,0A,78,09,06,00,00,00
293245,0,300,0,0,8,03,5A,64,5A,32,00,32,70
293245,0,301,0,0,3,E2,00,00
293265,1,206,0,0,8,00,00,00,00,00,00,00,00
293295,0,300,0,0,8,03,5A,64,5A,32,00,32,71
293295,0,301,0,0,3,B3,01,00
293305,1,401,0,0,8,06,9E,00,00,E7,05,00,00
293325,1,400,0,0,8,01,00,2C,00,00,00,00,00
293335,1,201,0,0,5,66,03,76,02,62
293345,1,203,0,0,8,07,0A,00,00,00,00,00,00
293345,0,300,0,0,8,03,5A,64,5A,32,00,32,72
293345,0,301,0,0,3,6B,02,00
293365,1,206,0,0,8,00,00,00,00,00,00,00,00
293395,0,300,0,0,8,03,5A,64,5A,32,00,32,73
293395,0,301,0,0,3,96,03,00
293405,1,401,0,0,8,37,9E,00,00,C2,06,00,00
293425,1,400,0,0,8,01,00,2C,00,00,00,00,00
293435,1,201,0,0,5,70,03,8A,02,62
293445,1,203,0,0,8,F4,09,08,29,1A,00,00,00
293445,0,300,0,0,8,03,5A,64,5A,32,00,32,34
293445,0,301,0,0,3,03,04,00
293465,1,206,0,0,8,00,00,00,00,00,00,00,00
293495,0,300,0,0,8,03,5A,64,5A,32,00,32,35
293495,0,301,0,0,3,54,05,00
293505,1,401,0,0,8,37,9E,00,00,C2,06,00,00
293525,1,400,0,0,8,01,00,2C,00,00,00,00,00
293535,1,201,0,0,5,70,03,12,02,62
293545,1,203,0,0,8,EC,09,A8,54,15,00,00,00
293545,0,300,0,0,8,03,5A,64,5A,32,00,32,36
293545,0,301,0,0,3,F5,06,00
293555,1,204,0,0,8,00,00,00,00,00,00,00,00
293565,1,206,0,0,8,00,00,00,00,00,00,00,00
293565,1,202,0,0,8,E2,13,00,00,0C,7D,05,00
293575,1,666,0,0,8,52,08,05,00,52,95,36,02
293585,1,403,0,0,8,64,00,00,00,40,E3,09,00
293595,1,665,0,0,8,00,00,00,53,4C,18,53,00
293595,0,300,0,0,8,03,5A,64,5A,32,00,32,37
293595,0,301,0,0,3,B8,07,00
293605,1,401,0,0,8,8F,9D,00,00,C2,06,00,00
293605,1,200,0,0,8,58,00,7C,A3,08,00,01,00
293625,1,400,0,0,8,01,00,2C,00,00,00,00,00
293635,1,201,0,0,5,70,03,4A,01,62
293645,1,203,0,0,8,E5,09,48,80,10,00,00,00
293645,0,300,0,0,8,03,5A,64,5A,32,00,32,F8
293645,0,301,0,0,3,80,08,00
293665,1,206,0,0,8,00,00,00,00,00,00,00,00
293695,0,300,0,0,8,03,5A,64,5A,32,00,32,F9
293695,0,301,0,0,3,88,09,00
293705,1,401,0,0,8,8F,9D,00,00,58,08,00,00
293725,1,400,0,0,8,01,00,2C,00,00,00,00,00
293735,1,201,0,0,5,70,03,5E,01,62
293745,1,203,0,0,8,E0,09,18,16,0E,00,00,00
293745,0,300,0,0,8,03,5A,64,5A,32,00,32,FA
293745,0,301,0,0,3,C6,0A,00
293765,1,206,0,0,8,00,00,00,00,00,00,00,00
293795,0,300,0,0,8,03,5A,64,5A,32,00,32,FB
293795,0,301,0,0,3,43,0B,00
293805,1,401,0,0,8,8F,9D,00,00,58,08,00,00
293825,1,400,0,0,8,01,00,2C,00,00,00,00,00
293835,1,201,0,0,5,70,03,DA,02,62
293845,1,203,0,0,8,DF,09,D0,57,17,00,00,00
293845,0,300,0,0,8,03,5A,64,5A,32,00,32,BC
293845,0,301,0,0,3,B5,0C,00
293865,1,206,0,0,8,00,00,00,00,00,00,00,00
293895,0,300,0,0,8,03,5A,64,5A,32,00,32,BD
293895,0,301,0,0,3,4E,0D,00
293905,1,401,0,0,8,C1,9D,00,00,00,0A,00,00
293925,1,400,0,0,8,01,00,2C,00,00,00,00,00
293935,1,201,0,0,5,70,03,6C,02,62
293945,1,203,0,0,8,CF,09,D8,5B,18,00,00,00
293945,0,300,0,0,8,03,5A,64,5A,32,00,32,BE
293945,0,301,0,0,3,1D,0E,00
293965,1,206,0,0,8,00,00,00,00,00,00,00,00
293995,0,300,0,0,8,03,5A,64,5A,32,00,32,BF
293995,0,301,0,0,3,E8,0F,00
294005,1,401,0,0,8,C1,9D,00,00,00,0A,00,00
294025,1,400,0,0,8,01,00,2C,00,00,00,00,00
294035,1,201,0,0,5,70,03,E6,00,62
294045,1,203,0,0,8,CC,09,20,B7,0F,00,00,00
294045,0,300,0,0,8,03,5A,64,5A,32,00,32,70
294045,0,301,0,0,3,E2,00,00
294065,1,206,0,0,8,00,00,00,00,00,00,00,00
294085,1,402,0,0,8,58,00,00,00,34,A2,08,00
294095,0,300,0,0,8,03,5A,64,5A,32,00,32,71
294095,0,301,0,0,3,B3,01,00
294105,1,401,0,0,8,AF,9D,00,00,00,0A,00,00
294125,1,400,0,0,8,01,00,2C,00,00,00,00,00
294135,1,201,0,0,5,70,03,78,00,62
294145,1,203,0,0,8,C3,09,18,80,05,00,00,00
294145,0,300,0,0,8,03,5A,64,5A,32,00,32,72
294145,0,301,0,0,3,6B,02,00
294165,1,206,0,0,8,00,00,00,00,00,00,00,00
294195,0,300,0,0,8,03,5A,64,5A,32,00,32,73
294195,0,301,0,0,3,96,03,00
294205,1,401,0,0,8,AF,9D,00,00,7C,0A,00,00
294225,1,400,0,0,8,01,00,2C,00,00,00,00,00
294235,1,201,0,0,5,70,03,00,00,62
294245,1,203,0,0,8,B9,09,00,00,00,00,00,00
294245,0,300,0,0,8,03,5A,64,5A,32,00,32,34
294245,0,301,0,0,3,03,04,00
294265,1,206,0,0,8,00,00,00,00,00,00,00,00
294295,0,300,0,0,8,03,5A,64,5A,32,00,32,35
294295,0,301,0,0,3,54,05,00
294305,1,401,0,0,8,AF,9D,00,00,7C,0A,00,00
294325,1,400,0,0,8,01,00,2C,00,00,00,00,00
294335,1,201,0,0,5,52,03,00,00,62
294345,1,203,0,0,8,B0,09,00,00,00,00,00,00
294345,0,300,0,0,8,03,5A,64,5A,32,00,32,36
294345,0,301,0,0,3,F5,06,00
294365,1,206,0,0,8,00,00,00,00,00,00,00,00
294395,0,300,0,0,8,03,5A,64,5A,32,00,32,37
294395,0,301,0,0,3,B8,07,00
294405,1,401,0,0,8,5D,9E,00,00,F9,06,00,00
294425,1,400,0,0,8,01,00,2C,00,00,00,00,00
294435,1,201,0,0,5,52,03,00,00,62
294445,1,203,0,0,8,9F,09,00,00,00,00,00,00
294445,0,300,0,0,8,03,5A,64,5A,32,00,32,F8
294445,0,301,0,0,3,80,08,00
294465,1,206,0,0,8,00,00,00,00,00,00,00,00
294495,0,300,0,0,8,03,5A,64,5A,32,00,32,F9
294495,0,301,0,0,3,88,09,00
294505,1,401,0,0,8,5D,9E,00,00,F9,06,00,00
294525,1,400,0,0,8,01,00,2C,00,00,00,00,00
294535,1,201,0,0,5,52,03,00,00,62
294545,1,203,0,0,8,9E,09,00,00,00,00,00,00
294545,0,300,0,0,8,03,5A,64,5A,32,00,32,FA
294545,0,301,0,0,3,C6,0A,00
294555,1,204,0,0,8,00,00,00,00,00,00,00,00
294565,1,206,0,0,8,00,00,00,00,00,00,00,00
294565,1,202,0,0,8,E2,13,00,00,0E,7D,05,00
294585,1,403,0,0,8,64,00,00,00,40,E3,09,00
294595,0,300,0,0,8,03,5A,64,5A,32,00,32,FB
294595,0,301,0,0,3,43,0B,00
294605,1,401,0,0,8,69,9E,00,00,F9,06,00,00
294625,1,400,0,0,8,01,00,2C,00,00,00,00,00
294635,1,201,0,0,5,52,03,00,00,62
294645,1,203,0,0,8,9D,09,00,00,00,00,00,00
294645,0,300,0,0,8,03,5A,64,5A,32,00,32,BC
294645,0,301,0,0,3,B5,0C,00
294665,1,206,0,0,8,00,00,00,00,00,00,00,00
294695,0,300,0,0,8,03,5A,64,5A,32,00,32,BD
294695,0,301,0,0,3,4E,0D,00
294705,1,401,0,0,8,69,9E,00,00,AC,03,00,00
294725,1,400,0,0,8,01,00,2C,00,00,00,00,00
294735,1,201,0,0,5,52,03,00,00,62
294745,1,203,0,0,8,9A,09,00,00,00,00,00,00
294745,0,300,0,0,8,03,5A,64,5A,32,00,32,BE
294745,0,301,0,0,3,1D,0E,00
294765,1,206,0,0,8,00,00,00,00,00,00,00,00
294795,0,300,0,0,8,03,5A,64,5A,32,00,32,BF
294795,0,301,0,0,3,E8,0F,00
294805,1,401,0,0,8,69,9E,00,00,AC,03,00,00
294825,1,400,0,0,8,01,00,2C,00,00,00,00,00
294835,1,201,0,0,5,52,03,CC,01,62
294845,1,203,0,0,8,99,09,00,66,12,00,00,00
294845,0,300,0,0,8,03,5A,64,5A,32,00,32,70
294845,0,301,0,0,3,E2,00,00
294865,1,206,0,0,8,00,00,00,00,00,00,00,00
294895,0,300,0,0,8,03,5A,64,5A,32,00,32,71
294895,0,301,0,0,3,B3,01,00
294905,1,401,0,0,8,5B,9E,00,00,BE,03,00,00
294925,1,400,0,0,8,01,00,2C,00,00,00,00,00
294935,1,201,0,0,5,52,03,22,01,62
294945,1,203,0,0,8,95,09,C0,A1,11,00,00,00
294945,0,300,0,0,8,03,5A,64,5A,32,00,32,72
294945,0,301,0,0,3,6B,02,00
294965,1,206,0,0,8,00,00,00,00,00,00,00,00
294995,0,300,0,0,8,03,5A,64,5A,32,00,32,73
294995,0,301,0,0,3,96,03,00
295005,1,401,0,0,8,5B,9E,00,00,BE,03,00,00
295025,1,400,0,0,8,01,00,2C,00,00,00,00,00
295035,1,201,0,0,5,52,03,C8,00,62
295045,1,203,0,0,8,82,09,60,48,07,00,00,00
295045,0,300,0,0,8,03,5A,64,5A,32,00,32,34
295045,0,301,0,0,3,03,04,00
295065,1,206,0,0,8,00,00,00,00,00,00,00,00
295085,1,402,0,0,8,58,00,00,00,10,A2,08,00
295095,0,300,0,0,8,03,5A,64,5A,32,00,32,35
295095,0,301,0,0,3,54,05,00
295105,1,401,0,0,8,28,9E,00,00,BE,03,00,00
295125,1,400,0,0,8,01,00,2C,00,00,00,00,00
295135,1,201,0,0,5,52,03,78,00,62
295145,1,203,0,0,8,80,09,80,99,04,00,00,00
295145,0,300,0,0,8,03,5A,64,5A,32,00,32,36
295145,0,301,0,0,3,F5,06,00
295165,1,206,0,0,8,00,00,00,00,00,00,00,00
295195,0,300,0,0,8,03,5A,64,5A,32,00,32,37
295195,0,301,0,0,3,B8,07,00
295205,1,401,0,0,8,28,9E,00,00,14,06,00,00
295225,1,400,0,0,8,01,00,2C,00,00,00,00,00
295235,1,201,0,0,5,52,03,00,00,62
295245,1,203,0,0,8,79,09,00,00,00,00,00,00
295245,0,300,0,0,8,03,5A,64,5A,32,00,32,F8
295245,0,301,0,0,3,80,08,00
295265,1,206,0,0,8,00,00,00,00,00,00,00,00
295275,0,404,0,0,2,4A,00
295275,1,405,0,0,8,4A,00,00,00,06,00,00,00
295295,0,300,0,0,8,03,5A,64,5A,32,00,32,F9
295295,0,301,0,0,3,88,09,00
295305,0,404,0,0,2,02,30
295305,1,405,0,0,7,02,30,00,00,00,00,00
295305,1,401,0,0,8,28,9E,00,00,14,06,00,00
295325,1,400,0,0,8,01,00,2C,00,00,00,00,00
295335,1,201,0,0,5,3E,03,86,01,62
295335,0,404,0,0,2,44,00
295335,1,405,0,0,6,44,00,00,00,50,46
295345,1,203,0,0,8,6A,09,E0,F2,0E,00,00,00
295345,0,300,0,0,8,03,5A,64,5A,32,00,32,FA
295345,0,301,0,0,3,C6,0A,00
295365,1,206,0,0,8,00,00,00,00,00,00,00,00
295375,0,404,0,0,2,01,00
295375,1,405,0,0,8,01,00,00,00,00,04,06,04
295395,0,300,0,0,8,03,5A,64,5A,32,00,32,FB
295395,0,301,0,0,3,43,0B,00
295395,0,404,0,0,2,A3,01
295395,1,405,0,0,5,A3,01,00,00,06
295405,1,401,0,0,8,4F,9E,00,00,DF,04,00,00
295425,1,400,0,0,8,01,00,2C,00,00,00,00,00
295425,0,404,0,0,2,20,00
295435,1,405,0,0,8,20,00,00,00,32,33,36,47
295435,1,201,0,0,5,3E,03,86,01,62
295445,1,203,0,0,8,63,09,80,DD,10,00,00,00
295445,0,300,0,0,8,03,5A,64,5A,32,00,32,BC
295445,0,301,0,0,3,B5,0C,00
295465,0,404,0,0,2,21,00
295465,1,405,0,0,8,21,00,00,00,35,4C,41,31
295465,1,206,0,0,8,00,00,00,00,00,00,00,00
295495,0,404,0,0,2,22,00
295495,1,405,0,0,8,22,00,00,00,30,30,34,52
295495,0,300,0,0,8,03,5A,64,5A,32,00,32,BD
295495,0,301,0,0,3,4E,0D,00
295505,1,401,0,0,8,4F,9E,00,00,DF,04,00,00
295525,1,400,0,0,8,01,00,2C,00,00,00,00,00
295525,0,404,0,0,2,23,00
295525,1,405,0,0,8,23,00,00,00,4D,30,30,30
295535,1,201,0,0,5,3E,03,40,01,62
295545,1,203,0,0,8,5D,09,2C,55,0C,00,00,00
295545,0,300,0,0,8,03,5A,64,5A,32,00,32,BE
295545,0,301,0,0,3,1D,0E,00
295555,0,404,0,0,2,24,00
295555,1,405,0,0,8,24,00,00,00,30,30,30,30
295555,1,204,0,0,8,00,00,00,00,00,00,00,00
295565,1,206,0,0,8,00,00,00,00,00,00,00,00
295565,1,202,0,0,8,E2,14,00,00,10,7D,05,00
295585,0,404,0,0,2,25,00
295585,1,405,0,0,8,25,00,00,00,30,30,30,30
295585,1,403,0,0,8,64,00,00,00,40,E3,09,00
295595,0,300,0,0,8,03,5A,64,5A,32,00,32,BF
295595,0,301,0,0,3,E8,0F,00
295605,1,401,0,0,8,F8,9D,00,00,DF,04,00,00
295615,0,404,0,0,2,26,00
295615,1,405,0,0,8,26,00,00,00,30,30,30,30
295625,1,400,0,0,8,01,00,2C,00,00,00,00,00
295635,1,201,0,0,5,3E,03,18,01,62
295645,1,203,0,0,8,5C,09,D0,76,0A,00,00,00
295645,0,300,0,0,8,03,5A,64,5A,32,00,32,70
295645,0,301,0,0,3,E2,00,00
295645,0,404,0,0,2,27,00
295645,1,405,0,0,6,27,00,00,00,30,30
295665,1,206,0,0,8,00,00,00,00,00,00,00,00
295685,0,404,0,0,2,4C,00
295685,1,405,0,0,8,4C,00,00,00,00,24,00,00
295695,0,300,0,0,8,03,5A,64,5A,32,00,32,71
295695,0,301,0,0,3,B3,01,00
295705,1,401,0,0,8,F8,9D,00,00,0D,06,00,00
295715,0,404,0,0,2,46,00
295715,1,405,0,0,5,46,00,00,00,00
295725,1,400,0,0,8,01,00,2C,00,00,00,00,00
295735,1,201,0,0,5,3E,03,00,00,62
295745,0,404,0,0,2,4D,00
295745,1,405,0,0,8,4D,00,00,00,00,00,00,00
295745,1,203,0,0,8,5D,09,00,00,00,00,00,00
295745,0,300,0,0,8,03,5A,64,5A,32,00,32,72
295745,0,301,0,0,3,6B,02,00
295765,1,206,0,0,8,00,00,00,00,00,00,00,00
295775,0,404,0,0,2,50,00
295775,1,405,0,0,8,50,00,00,00,7F,00,7E,00
295795,0,300,0,0,8,03,5A,64,5A,32,00,32,73
295795,0,301,0,0,3,96,03,00
295805,0,404,0,0,2,02,00
295805,1,405,0,0,8,02,00,00,00,53,49,43,54
295805,1,401,0,0,8,F8,9D,00,00,0D,06,00,00
295825,1,400,0,0,8,01,00,2C,00,00,00,00,00
295835,1,201,0,0,5,3E,03,80,02,62
295845,0,404,0,0,2,0A,00
295845,1,405,0,0,8,0A,00,00,00,30,3A,00,00
295845,1,203,0,0,8,5C,09,FC,CB,16,00,00,00
295845,0,300,0,0,8,03,5A,64,5A,32,00,32,34
295845,0,301,0,0,3,03,04,00
295865,0,404,0,0,2,04,00
295865,1,405,0,0,7,04,00,00,00,16,09,02
295865,1,206,0,0,8,00,00,00,00,00,00,00,00
295895,0,300,0,0,8,03,5A,64,5A,32,00,32,35
295895,0,301,0,0,3,54,05,00
295895,0,404,0,0,2,B0,01
295895,1,405,0,0,6,B0,01,00,00,00,00
295905,1,401,0,0,8,43,9E,00,00,79,06,00,00
295925,1,400,0,0,8,01,00,2C,00,00,00,00,00
295925,0,404,0,0,2,B1,01
295935,1,405,0,0,6,B1,01,00,00,00,00
295935,1,201,0,0,5,3E,03,EA,01,62
295945,1,203,0,0,8,52,09,F8,AC,15,00,00,00
295945,0,300,0,0,8,03,5A,64,5A,32,00,32,36
295945,0,301,0,0,3,F5,06,00
295965,1,206,0,0,8,00,00,00,00,00,00,00,00
295995,0,300,0,0,8,03,5A,64,5A,32,00,32,37
295995,0,301,0,0,3,B8,07,00
296005,1,401,0,0,8,43,9E,00,00,79,06,00,00
296025,1,400,0,0,8,01,00,2C,00,00,00,00,00
296035,1,201,0,0,5,3E,03,86,01,62
296045,1,203,0,0,8,56,09,34,93,0E,00,00,00
296045,0,300,0,0,8,03,5A,64,5A,32,00,32,F8
296045,0,301,0,0,3,80,08,00
296065,1,206,0,0,8,00,00,00,00,00,00,00,00
296085,1,402,0,0,8,58,00,00,00,10,A2,08,00
296095,0,300,0,0,8,03,5A,64,5A,32,00,32,F9
296095,0,301,0,0,3,88,09,00
296105,1,401,0,0,8,B1,9D,00,00,79,06,00,00
296125,1,400,0,0,8,01,00,2C,00,00,00,00,00
296135,1,201,0,0,5,3E,03,E6,00,62
296145,1,203,0,0,8,5B,09,D0,76,0A,00,00,00
296145,0,300,0,0,8,03,5A,64,5A,32,00,32,FA
296145,0,301,0,0,3,C6,0A,00
296165,1,206,0,0,8,00,00,00,00,00,00,00,00
296195,0,300,0,0,8,03,5A,64,5A,32,00,32,FB
296195,0,301,0,0,3,43,0B,00
296205,1,401,0,0,8,B1,9D,00,00,20,08,00,00
296225,1,400,0,0,8,01,00,2C,00,00,00,00,00
296235,1,201,0,0,5,2A,03,F0,00,62
296245,1,203,0,0,8,5F,09,C4,19,07,00,00,00
296245,0,300,0,0,8,03,5A,64,5A,32,00,32,BC
296245,0,301,0,0,3,B5,0C,00
296265,1,206,0,0,8,00,00,00,00,00,00,00,00
296295,0,300,0,0,8,03,5A,64,5A,32,00,32,BD
296295,0,301,0,0,3,4E,0D,00
296305,1,401,0,0,8,B1,9D,00,00,20,08,00,00
296325,1,400,0,0,8,01,00,2C,00,00,00,00,00
296335,1,201,0,0,5,2A,03,3A,02,62
296345,1,203,0,0,8,5D,09,4C,4D,15,00,00,00
296345,0,300,0,0,8,03,5A,64,5A,32,00,32,BE
296345,0,301,0,0,3,1D,0E,00
296365,1,206,0,0,8,00,00,00,00,00,00,00,00
296395,0,300,0,0,8,03,5A,64,5A,32,00,32,BF
296395,0,301,0,0,3,E8,0F,00
296405,1,401,0,0,8,0A,9E,00,00,24,08,00,00
296425,1,400,0,0,8,01,00,2C,00,00,00,00,00
296435,1,201,0,0,5,2A,03,CC,01,62
296445,1,203,0,0,8,5F,09,90,71,10,00,00,00
296445,0,300,0,0,8,03,5A,64,5A,32,00,32,70
296445,0,301,0,0,3,E2,00,00
296465,1,206,0,0,8,00,00,00,00,00,00,00,00
296495,0,300,0,0,8,03,5A,64,5A,32,00,32,71
296495,0,301,0,0,3,B3,01,00
296505,1,401,0,0,8,0A,9E,00,00,24,08,00,00
296525,1,400,0,0,8,01,00,2C,00,00,00,00,00
296535,1,201,0,0,5,2A,03,A4,01,62
296545,1,203,0,0,8,63,09,40,19,10,00,00,00
296545,0,300,0,0,8,03,5A,64,5A,32,00,32,72
296545,0,301,0,0,3,6B,02,00
296555,1,204,0,0,8,00,00,00,00,00,00,00,00
296565,1,206,0,0,8,00,00,00,00,00,00,00,00
296565,1,202,0,0,8,E2,13,00,00,13,7D,05,00
296585,1,666,0,0,8,52,08,05,00,52,95,36,02
296585,1,403,0,0,8,64,00,00,00,40,E3,09,00
296595,1,665,0,0,8,00,00,00,53,4C,18,53,00
296595,0,300,0,0,8,03,5A,64,5A,32,00,32,73
296595,0,301,0,0,3,96,03,00
296605,1,200,0,0,8,58,00,5A,A3,08,00,02,00
296605,1,401,0,0,8,B3,9D,00,00,24,08,00,00
296625,1,400,0,0,8,01,00,2C,00,00,00,00,00
296635,1,201,0,0,5,2A,03,F0,00,62
296645,1,203,0,0,8,62,09,C0,7F,0B,00,00,00
296645,0,300,0,0,8,03,5A,64,5A,32,00,32,34
296645,0,301,0,0,3,03,04,00
296665,1,206,0,0,8,00,00,00,00,00,00,00,00
296695,0,300,0,0,8,03,5A,64,5A,32,00,32,35
296695,0,301,0,0,3,54,05,00
296705,1,401,0,0,8,B3,9D,00,00,A0,08,00,00
296725,1,400,0,0,8,01,00,2C,00,00,00,00,00
296735,1,201,0,0,5,2A,03,00,00,62
296745,1,203,0,0,8,63,09,00,00,00,00,00,00
296745,0,300,0,0,8,03,5A,64,5A,32,00,32,36
296745,0,301,0,0,3,F5,06,00
296765,1,206,0,0,8,00,00,00,00,00,00,00,00
296795,0,300,0,0,8,03,5A,64,5A,32,00,32,37
296795,0,301,0,0,3,B8,07,00
296805,1,401,0,0,8,B3,9D,00,00,A0,08,00,00
296825,1,400,0,0,8,01,00,2C,00,00,00,00,00
296835,1,201,0,0,5,2A,03,12,02,62
296845,1,203,0,0,8,5D,09,4C,4D,15,00,00,00
296845,0,300,0,0,8,03,5A,64,5A,32,00,32,F8
296845,0,301,0,0,3,80,08,00
296865,1,206,0,0,8,00,00,00,00,00,00,00,00
296895,0,300,0,0,8,03,5A,64,5A,32,00,32,F9
296895,0,301,0,0,3,88,09,00
296915,1,401,0,0,8,04,9E,00,00,E6,07,00,00
296935,1,400,0,0,8,01,00,2C,00,00,00,00,00
296935,1,201,0,0,5,2A,03,AE,01,62
296945,1,203,0,0,8,6A,09,60,7B,10,00,00,00
296945,0,300,0,0,8,03,5A,64,5A,32,00,32,FA
296945,0,301,0,0,3,C6,0A,00
296965,1,206,0,0,8,00,00,00,00,00,00,00,00
296995,0,300,0,0,8,03,5A,64,5A,32,00,32,FB
296995,0,301,0,0,3,43,0B,00
297015,1,401,0,0,8,04,9E,00,00,E6,07,00,00
297035,1,400,0,0,8,01,00,2C,00,00,00,00,00
297035,1,201,0,0,5,2A,03,E6,00,62
297045,1,203,0,0,8,66,09,20,A6,0C,00,00,00
297045,0,300,0,0,8,03,5A,64,5A,32,00,32,BC
297045,0,301,0,0,3,B5,0C,00
297065,1,206,0,0,8,00,00,00,00,00,00,00,00
297095,1,402,0,0,8,58,00,00,00,EC,A1,08,00
297095,0,300,0,0,8,03,5A,64,5A,32,00,32,BD
297095,0,301,0,0,3,4E,0D,00
297115,1,401,0,0,8,E4,9D,00,00,E6,07,00,00
297135,1,400,0,0,8,01,00,2C,00,00,00,00,00
297135,1,201,0,0,5,3E,03,B4,00,62
297145,1,203,0,0,8,73,09,60,48,07,00,00,00
297145,0,300,0,0,8,03,5A,64,5A,32,00,32,BE
297145,0,301,0,0,3,1D,0E,00
297165,1,206,0,0,8,00,00,00,00,00,00,00,00
297195,0,300,0,0,8,03,5A,64,5A,32,00,32,BF
297195,0,301,0,0,3,E8,0F,00
297215,1,401,0,0,8,E4,9D,00,00,2A,08,00,00
297235,1,400,0,0,8,01,00,2C,00,00,00,00,00
297235,1,201,0,0,5,3E,03,00,00,62
297245,1,203,0,0,8,79,09,40,D5,03,00,00,00
297245,0,300,0,0,8,03,5A,64,5A,32,00,32,70
297245,0,301,0,0,3,E2,00,00
297265,1,206,0,0,8,00,00,00,00,00,00,00,00
297295,0,300,0,0,8,03,5A,64,5A,32,00,32,71
297295,0,301,0,0,3,B3,01,00
297315,1,401,0,0,8,E4,9D,00,00,2A,08,00,00
297335,1,400,0,0,8,01,00,2C,00,00,00,00,00
297335,1,201,0,0,5,3E,03,9A,01,62
297345,1,203,0,0,8,82,09,40,19,10,00,00,00
297345,0,300,0,0,8,03,5A,64,5A,32,00,32,72
297345,0,301,0,0,3,6B,02,00
297365,1,206,0,0,8,00,00,00,00,00,00,00,00
297395,0,300,0,0,8,03,5A,64,5A,32,00,32,73
297395,0,301,0,0,3,96,03,00
297415,1,401,0,0,8,3B,9E,00,00,99,06,00,00
297435,1,400,0,0,8,01,00,2C,00,00,00,00,00
297435,1,201,0,0,5,3E,03,0E,01,62
297445,1,203,0,0,8,89,09,80,BB,0A,00,00,00
297445,0,300,0,0,8,03,5A,64,5A,32,00,32,34
297445,0,301,0,0,3,03,04,00
297465,1,206,0,0,8,00,00,00,00,00,00,00,00
297495,0,300,0,0,8,03,5A,64,5A,32,00,32,35
297495,0,301,0,0,3,54,05,00
297515,1,401,0,0,8,3B,9E,00,00,99,06,00,00
297535,1,400,0,0,8,01,00,2C,00,00,00,00,00
297535,1,201,0,0,5,3E,03,68,01,62
297545,1,203,0,0,8,86,09,40,19,10,00,00,00
297545,0,300,0,0,8,03,5A,64,5A,32,00,32,36
297545,0,301,0,0,3,F5,06,00
297555,1,204,0,0,8,00,00,00,00,00,00,00,00
297565,1,206,0,0,8,00,00,00,00,00,00,00,00
297565,1,202,0,0,8,E2,14,00,00,15,7D,05,00
297595,1,403,0,0,8,64,00,00,00,40,E3,09,00
297595,0,300,0,0,8,03,5A,64,5A,32,00,32,37
297595,0,301,0,0,3,B8,07,00
297615,1,401,0,0,8,FA,9D,00,00,99,06,00,00
297635,1,400,0,0,8,01,00,2C,00,00,00,00,00
297635,1,201,0,0,5,3E,03,E6,00,62
297645,1,203,0,0,8,8E,09,E0,D0,08,00,00,00
297645,0,300,0,0,8,03,5A,64,5A,32,00,32,F8
297645,0,301,0,0,3,80,08,00
297665,1,206,0,0,8,00,00,00,00,00,00,00,00
297695,0,300,0,0,8,03,5A,64,5A,32,00,32,F9
297695,0,301,0,0,3,88,09,00
297715,1,401,0,0,8,FA,9D,00,00,42,06,00,00
297735,1,400,0,0,8,01,00,2C,00,00,00,00,00
297735,1,201,0,0,5,3E,03,00,00,62
297745,1,203,0,0,8,8E,09,00,00,00,00,00,00
297745,0,300,0,0,8,03,5A,64,5A,32,00,32,FA
297745,0,301,0,0,3,C6,0A,00
297765,1,206,0,0,8,00,00,00,00,00,00,00,00
297795,0,300,0,0,8,03,5A,64,5A,32,00,32,FB
297795,0,301,0,0,3,43,0B,00
297815,1,401,0,0,8,FA,9D,00,00,42,06,00,00
297835,1,400,0,0,8,01,00,2C,00,00,00,00,00
297835,1,201,0,0,5,3E,03,7C,01,62
297845,1,203,0,0,8,95,09,00,55,0F,00,00,00
297845,0,300,0,0,8,03,5A,64,5A,32,00,32,BC
297845,0,301,0,0,3,B5,0C,00
297865,1,206,0,0,8,00,00,00,00,00,00,00,00
297895,0,300,0,0,8,03,5A,64,5A,32,00,32,BD
297895,0,301,0,0,3,4E,0D,00
297915,1,401,0,0,8,4F,9E,00,00,23,06,00,00
297935,1,400,0,0,8,01,00,2C,00,00,00,00,00
297935,1,201,0,0,5,3E,03,5E,01,62
297945,1,203,0,0,8,8F,09,40,2A,13,00,00,00
297945,0,300,0,0,8,03,5A,64,5A,32,00,32,BE
297945,0,301,0,0,3,1D,0E,00
297965,1,206,0,0,8,00,00,00,00,00,00,00,00
297995,0,300,0,0,8,03,5A,64,5A,32,00,32,BF
297995,0,301,0,0,3,E8,0F,00
298015,1,401,0,0,8,4F,9E,00,00,23,06,00,00
298035,1,400,0,0,8,01,00,2C,00,00,00,00,00
298035,1,201,0,0,5,3E,03,BE,00,62
298045,1,203,0,0,8,95,09,C0,6E,08,00,00,00
298045,0,300,0,0,8,03,5A,64,5A,32,00,32,70
298045,0,301,0,0,3,E2,00,00
298065,1,206,0,0,8,00,00,00,00,00,00,00,00
298095,1,402,0,0,8,58,00,00,00,EC,A1,08,00
298095,0,300,0,0,8,03,5A,64,5A,32,00,32,71
298095,0,301,0,0,3,B3,01,00
298115,1,401,0,0,8,08,9E,00,00,23,06,00,00
298135,1,201,0,0,5,48,03,96,00,62
298135,1,400,0,0,8,01,00,2C,00,00,00,00,00
298145,1,203,0,0,8,8C,09,80,99,04,00,00,00
298145,0,300,0,0,8,03,5A,64,5A,32,00,32,72
298145,0,301,0,0,3,6B,02,00
298165,1,206,0,0,8,00,00,00,00,00,00,00,00
298195,0,300,0,0,8,03,5A,64,5A,32,00,32,73
298195,0,301,0,0,3,96,03,00
298215,1,401,0,0,8,08,9E,00,00,23,06,00,00
298235,1,201,0,0,5,48,03,00,00,62
298235,1,400,0,0,8,01,00,2C,00,00,00,00,00
298245,1,203,0,0,8,86,09,00,00,00,00,00,00
298245,0,300,0,0,8,03,5A,64,5A,32,00,32,34
298245,0,301,0,0,3,03,04,00
298265,1,206,0,0,8,00,00,00,00,00,00,00,00
298295,0,300,0,0,8,03,5A,64,5A,32,00,32,35
298305,0,301,0,0,3,54,05,00
298315,1,401,0,0,8,08,9E,00,00,23,06,00,00
298335,1,201,0,0,5,48,03,12,02,62
298335,1,400,0,0,8,01,00,2C,00,00,00,00,00
298345,1,203,0,0,8,83,09,C0,B2,14,00,00,00
298345,0,300,0,0,8,03,5A,64,5A,32,00,32,36
298345,0,301,0,0,3,F5,06,00
298365,1,206,0,0,8,00,00,00,00,00,00,00,00
298395,0,300,0,0,8,03,5A,64,5A,32,00,32,37
298395,0,301,0,0,3,B8,07,00
298415,1,401,0,0,8,30,9E,00,00,06,05,00,00
298435,1,201,0,0,5,48,03,86,01,62
298435,1,400,0,0,8,01,00,2C,00,00,00,00,00
298445,1,203,0,0,8,7E,09,00,66,12,00,00,00
298445,0,300,0,0,8,03,5A,64,5A,32,00,32,F8
298445,0,301,0,0,3,80,08,00
298465,1,206,0,0,8,00,00,00,00,00,00,00,00
298495,0,300,0,0,8,03,5A,64,5A,32,00,32,F9
298495,0,301,0,0,3,88,09,00
298515,1,401,0,0,8,30,9E,00,00,06,05,00,00
298535,1,201,0,0,5,48,03,FA,00,62
298535,1,400,0,0,8,01,00,2C,00,00,00,00,00
298545,1,203,0,0,8,83,09,20,95,09,00,00,00
298545,0,300,0,0,8,03,5A,64,5A,32,00,32,FA
298545,0,301,0,0,3,C6,0A,00
298555,1,204,0,0,8,00,00,00,00,00,00,00,00
298565,1,206,0,0,8,00,00,00,00,00,00,00,00
298565,1,202,0,0,8,E2,13,00,00,17,7D,05,00
298595,1,403,0,0,8,64,00,00,00,40,E3,09,00
298595,0,300,0,0,8,03,5A,64,5A,32,00,32,FB
298595,0,301,0,0,3,43,0B,00
298615,1,401,0,0,8,F6,9D,00,00,06,05,00,00
298635,1,201,0,0,5,48,03,FA,00,62
298635,1,400,0,0,8,01,00,2C,00,00,00,00,00
298645,1,203,0,0,8,82,09,60,59,0A,00,00,00
298645,0,300,0,0,8,03,5A,64,5A,32,00,32,BC
298645,0,301,0,0,3,B5,0C,00
298665,1,206,0,0,8,00,00,00,00,00,00,00,00
298695,0,300,0,0,8,03,5A,64,5A,32,00,32,BD
298695,0,301,0,0,3,4E,0D,00
298715,1,401,0,0,8,F6,9D,00,00,D2,06,00,00
298735,1,201,0,0,5,48,03,86,01,62
298735,1,400,0,0,8,01,00,2C,00,00,00,00,00
298745,1,203,0,0,8,82,09,00,55,0F,00,00,00
298745,0,300,0,0,8,03,5A,64,5A,32,00,32,BE
298745,0,301,0,0,3,1D,0E,00
298765,1,206,0,0,8,00,00,00,00,00,00,00,00
298795,0,300,0,0,8,03,5A,64,5A,32,00,32,BF
298795,0,301,0,0,3,E8,0F,00
298815,1,401,0,0,8,F6,9D,00,00,D2,06,00,00
298835,1,201,0,0,5,48,03,44,02,62
298835,1,400,0,0,8,01,00,2C,00,00,00,00,00
298845,1,203,0,0,8,87,09,A0,3F,11,00,00,00
298845,0,300,0,0,8,03,5A,64,5A,32,00,32,70
298845,0,301,0,0,3,E2,00,00
298865,1,206,0,0,8,00,00,00,00,00,00,00,00
298895,0,300,0,0,8,03,5A,64,5A,32,00,32,71
298895,0,301,0,0,3,B3,01,00
298915,1,401,0,0,8,08,9E,00,00,73,06,00,00
298935,1,201,0,0,5,48,03,F0,00,62
298935,1,400,0,0,8,01,00,2C,00,00,00,00,00
298945,1,203,0,0,8,88,09,00,33,09,00,00,00
298945,0,300,0,0,8,03,5A,64,5A,32,00,32,72
298945,0,301,0,0,3,6B,02,00
298965,1,206,0,0,8,00,00,00,00,00,00,00,00
298995,0,300,0,0,8,03,5A,64,5A,32,00,32,73
298995,0,301,0,0,3,96,03,00
299015,1,401,0,0,8,08,9E,00,00,73,06,00,00
299035,1,201,0,0,5,3E,03,E6,00,62
299035,1,400,0,0,8,01,00,2C,00,00,00,00,00
299045,1,203,0,0,8,83,09,A0,0C,08,00,00,00
299045,0,300,0,0,8,03,5A,64,5A,32,00,32,34
299045,0,301,0,0,3,03,04,00
299065,1,206,0,0,8,00,00,00,00,00,00,00,00
299095,1,402,0,0,8,58,00,00,00,EC,A1,08,00
299095,0,300,0,0,8,03,5A,64,5A,32,00,32,35
299095,0,301,0,0,3,54,05,00
299115,1,401,0,0,8,1C,9E,00,00,73,06,00,00
299135,1,201,0,0,5,3E,03,C8,00,62
299135,1,400,0,0,8,01,00,2C,00,00,00,00,00
299145,1,203,0,0,8,83,09,C0,5D,05,00,00,00
299145,0,300,0,0,8,03,5A,64,5A,32,00,32,36
299145,0,301,0,0,3,F5,06,00
299165,1,206,0,0,8,00,00,00,00,00,00,00,00
299195,0,300,0,0,8,03,5A,64,5A,32,00,32,37
299195,0,301,0,0,3,B8,07,00
299215,1,401,0,0,8,1C,9E,00,00,F9,06,00,00
299235,1,201,0,0,5,3E,03,A4,01,62
299235,1,400,0,0,8,01,00,2C,00,00,00,00,00
299245,1,203,0,0,8,7C,09,40,19,10,00,00,00
299245,0,300,0,0,8,03,5A,64,5A,32,00,32,F8
299245,0,301,0,0,3,80,08,00
299265,1,206,0,0,8,00,00,00,00,00,00,00,00
299295,0,300,0,0,8,03,5A,64,5A,32,00,32,F9
299305,0,301,0,0,3,88,09,00
299315,1,401,0,0,8,1C,9E,00,00,F9,06,00,00
299335,1,201,0,0,5,3E,03,5E,01,62
299335,1,400,0,0,8,01,00,2C,00,00,00,00,00
299345,1,203,0,0,8,75,09,00,55,0F,00,00,00
299345,0,300,0,0,8,03,5A,64,5A,32,00,32,FA
299345,0,301,0,0,3,C6,0A,00
299365,1,206,0,0,8,00,00,00,00,00,00,00,00
299395,0,300,0,0,8,03,5A,64,5A,32,00,32,FB
299395,0,301,0,0,3,43,0B,00
299415,1,401,0,0,8,1A,9E,00,00,38,05,00,00
299435,1,201,0,0,5,3E,03,A4,01,62
299435,1,400,0,0,8,01,00,2C,00,00,00,00,00
299445,1,203,0,0,8,73,09,60,7B,10,00,00,00
299445,0,300,0,0,8,03,5A,64,5A,32,00,32,BC
299445,0,301,0,0,3,B5,0C,00
299465,1,206,0,0,8,00,00,00,00,00,00,00,00
299495,0,300,0,0,8,03,5A,64,5A,32,00,32,BD
299495,0,301,0,0,3,4E,0D,00
299515,1,401,0,0,8,1A,9E,00,00,38,05,00,00
299535,1,201,0,0,5,3E,03,5E,01,62
299535,1,400,0,0,8,01,00,2C,00,00,00,00,00
299545,1,203,0,0,8,72,09,C0,7F,0B,00,00,00
299545,0,300,0,0,8,03,5A,64,5A,32,00,32,BE
299545,0,301,0,0,3,1D,0E,00
299555,1,204,0,0,8,00,00,00,00,00,00,00,00
299565,1,206,0,0,8,00,00,00,00,00,00,00,00
299565,1,202,0,0,8,E2,13,00,00,19,7D,05,00
299585,1,666,0,0,8,52,08,05,00,52,95,36,02
299595,1,665,0,0,8,00,00,00,53,4C,18,53,00
299595,1,403,0,0,8,64,00,00,00,40,E3,09,00
299595,0,300,0,0,8,03,5A,64,5A,32,00,32,BF
299595,0,301,0,0,3,E8,0F,00
299605,1,200,0,0,8,58,00,37,A3,08,00,00,00
299615,1,401,0,0,8,F0,9D,00,00,38,05,00,00
299635,1,201,0,0,5,3E,03,E6,00,62
299635,1,400,0,0,8,01,00,2C,00,00,00,00,00
299645,1,203,0,0,8,75,09,20,95,09,00,00,00
299645,0,300,0,0,8,03,5A,64,5A,32,00,32,70
299645,0,301,0,0,3,E2,00,00
299665,1,206,0,0,8,00,00,00,00,00,00,00,00
299695,0,300,0,0,8,03,5A,64,5A,32,00,32,71
299695,0,301,0,0,3,B3,01,00
299715,1,401,0,0,8,F0,9D,00,00,93,06,00,00
299735,1,201,0,0,5,3E,03,CC,01,62
299735,1,400,0,0,8,01,00,2C,00,00,00,00,00
299745,1,203,0,0,8,74,09,E0,D0,08,00,00,00
299745,0,300,0,0,8,03,5A,64,5A,32,00,32,72
299745,0,301,0,0,3,6B,02,00
299765,1,206,0,0,8,00,00,00,00,00,00,00,00
299795,0,300,0,0,8,03,5A,64,5A,32,00,32,73
299795,0,301,0,0,3,96,03,00
299815,1,401,0,0,8,F0,9D,00,00,93,06,00,00
299835,1,201,0,0,5,3E,03,9E,02,62
299835,1,400,0,0,8,01,00,2C,00,00,00,00,00
299845,1,203,0,0,8,78,09,E0,14,15,00,00,00
299845,0,300,0,0,8,03,5A,64,5A,32,00,32,34
299845,0,301,0,0,3,03,04,00
299865,1,206,0,0,8,00,00,00,00,00,00,00,00
299895,0,300,0,0,8,03,5A,64,5A,32,00,32,35
299895,0,301,0,0,3,54,05,00
299915,1,401,0,0,8,F8,9D,00,00,DE,06,00,00
299935,1,201,0,0,5,34,03,CC,01,62
299935,1,400,0,0,8,01,00,2C,00,00,00,00,00
299945,1,203,0,0,8,76,09,40,2A,13,00,00,00
299945,0,300,0,0,8,03,5A,64,5A,32,00,32,36
299945,0,301,0,0,3,F5,06,00
299965,1,206,0,0,8,00,00,00,00,00,00,00,00
299995,0,300,0,0,8,03,5A,64,5A,32,00,32,37
299995,0,301,0,0,3,B8,07,00
300015,1,401,0,0,8,F8,9D,00,00,DE,06,00,00
300035,1,201,0,0,5,34,03,18,01,62
300035,1,400,0,0,8,01,00,2C,00,00,00,00,00
300045,1,203,0,0,8,7A,09,C0,7F,0B,00,00,00
300045,0,300,0,0,8,03,5A,64,5A,32,00,32,F8
300045,0,301,0,0,3,80,08,00
300065,1,206,0,0,8,00,00,00,00,00,00,00,00
300095,1,402,0,0,8,58,00,00,00,C8,A1,08,00
300095,0,300,0,0,8,03,5A,64,5A,32,00,32,F9
300095,0,301,0,0,3,88,09,00
300115,1,401,0,0,8,D8,9D,00,00,DE,06,00,00
300135,1,201,0,0,5,34,03,D2,00,62
300135,1,400,0,0,8,01,00,2C,00,00,00,00,00
300145,1,203,0,0,8,74,09,A0,0C,08,00,00,00
300145,0,300,0,0,8,03,5A,64,5A,32,00,32,FA
300145,0,301,0,0,3,C6,0A,00
300165,1,206,0,0,8,00,00,00,00,00,00,00,00
300195,0,300,0,0,8,03,5A,64,5A,32,00,32,FB
300195,0,301,0,0,3,43,0B,00
300215,1,401,0,0,8,D8,9D,00,00,79,08,00,00
300235,1,201,0,0,5,34,03,CC,01,62
300235,1,400,0,0,8,01,00,2C,00,00,00,00,00
300245,1,203,0,0,8,75,09,60,59,0A,00,00,00
300245,0,300,0,0,8,03,5A,64,5A,32,00,32,BC
300245,0,301,0,0,3,B5,0C,00
300265,1,206,0,0,8,00,00,00,00,00,00,00,00
300295,0,300,0,0,8,03,5A,64,5A,32,00,32,BD
300305,0,301,0,0,3,4E,0D,00
300315,1,401,0,0,8,D8,9D,00,00,79,08,00,00
300335,1,201,0,0,5,34,03,40,01,62
300335,1,400,0,0,8,01,00,2C,00,00,00,00,00
300345,1,203,0,0,8,74,09,60,6A,0D,00,00,00
300345,0,300,0,0,8,03,5A,64,5A,32,00,32,BE
300345,0,301,0,0,3,1D,0E,00
300365,1,206,0,0,8,00,00,00,00,00,00,00,00
300395,0,300,0,0,8,03,5A,64,5A,32,00,32,BF
300395,0,301,0,0,3,E8,0F,00
300415,1,401,0,0,8,F6,9D,00,00,54,07,00,00
300435,1,201,0,0,5,34,03,C2,01,62
300435,1,400,0,0,8,01,00,2C,00,00,00,00,00
300445,1,203,0,0,8,75,09,00,00,00,00,00,00
300445,0,300,0,0,8,03,5A,64,5A,32,00,32,70
300445,0,301,0,0,3,E2,00,00
300465,1,206,0,0,8,00,00,00,00,00,00,00,00
300495,0,300,0,0,8,03,5A,64,5A,32,00,32,71
300495,0,301,0,0,3,B3,01,00
300515,1,401,0,0,8,F6,9D,00,00,54,07,00,00
300535,1,201,0,0,5,34,03,90,01,62
300535,1,400,0,0,8,01,00,2C,00,00,00,00,00
300545,1,203,0,0,8,7A,09,40,19,10,00,00,00
300545,0,300,0,0,8,03,5A,64,5A,32,00,32,72
300545,0,301,0,0,3,6B,02,00
300555,1,204,0,0,8,00,00,00,00,00,00,00,00
300565,1,206,0,0,8,00,00,00,00,00,00,00,00
300575,1,202,0,0,8,E2,13,00,00,1B,7D,05,00
300595,0,300,0,0,8,03,5A,64,5A,32,00,32,73
300595,1,403,0,0,8,64,00,00,00,40,E3,09,00
300595,0,301,0,0,3,96,03,00
300615,1,401,0,0,8,EA,9D,00,00,54,07,00,00
300635,1,201,0,0,5,34,03,DC,00,62
300635,1,400,0,0,8,01,00,2C,00,00,00,00,00
300645,1,203,0,0,8,83,09,A0,0C,08,00,00,00
300645,0,300,0,0,8,03,5A,64,5A,32,00,32,34
300645,0,301,0,0,3,03,04,00
300665,1,206,0,0,8,00,00,00,00,00,00,00,00
300695,0,300,0,0,8,03,5A,64,5A,32,00,32,35
300695,0,301,0,0,3,54,05,00
300715,1,401,0,0,8,EA,9D,00,00,DA,06,00,00
300735,1,201,0,0,5,34,03,AE,01,62
300735,1,400,0,0,8,01,00,2C,00,00,00,00,00
300745,1,203,0,0,8,83,09,00,55,0F,00,00,00
300745,0,300,0,0,8,03,5A,64,5A,32,00,32,36
300745,0,301,0,0,3,F5,06,00
300765,1,206,0,0,8,00,00,00,00,00,00,00,00
300795,0,300,0,0,8,03,5A,64,5A,32,00,32,37
300795,0,301,0,0,3,B8,07,00
300815,1,401,0,0,8,EA,9D,00,00,DA,06,00,00
300835,1,201,0,0,5,34,03,F4,01,62
300835,1,400,0,0,8,01,00,2C,00,00,00,00,00
300845,1,203,0,0,8,89,09,40,2A,13,00,00,00
300845,0,300,0,0,8,03,5A,64,5A,32,00,32,F8
300845,0,301,0,0,3,80,08,00
300865,1,206,0,0,8,00,00,00,00,00,00,00,00
300895,0,300,0,0,8,03,5A,64,5A,32,00,32,F9
300895,0,301,0,0,3,88,09,00
300915,1,401,0,0,8,BB,9D,00,00,2B,07,00,00
300935,1,201,0,0,5,3E,03,36,01,62
300935,1,400,0,0,8,01,00,2C,00,00,00,00,00
300945,1,203,0,0,8,8C,09,C0,7F,0B,00,00,00
300945,0,300,0,0,8,03,5A,64,5A,32,00,32,FA
300945,0,301,0,0,3,C6,0A,00
300965,1,206,0,0,8,00,00,00,00,00,00,00,00
300995,0,300,0,0,8,03,5A,64,5A,32,00,32,FB
300995,0,301,0,0,3,43,0B,00
301015,1,401,0,0,8,BB,9D,00,00,2B,07,00,00
301035,1,201,0,0,5,3E,03,D2,00,62
301035,1,400,0,0,8,01,00,2C,00,00,00,00,00
301045,1,203,0,0,8,97,09,C0,6E,08,00,00,00
301045,0,300,0,0,8,03,5A,64,5A,32,00,32,BC
301045,0,301,0,0,3,B5,0C,00
301065,1,206,0,0,8,00,00,00,00,00,00,00,00
301095,0,300,0,0,8,03,5A,64,5A,32,00,32,BD
301095,0,301,0,0,3,4E,0D,00
301095,1,402,0,0,8,58,00,00,00,C8,A1,08,00
301115,1,401,0,0,8,FC,9D,00,00,2B,07,00,00
301135,1,201,0,0,5,3E,03,00,00,62
301135,1,400,0,0,8,01,00,2C,00,00,00,00,00
301145,1,203,0,0,8,9A,09,00,00,00,00,00,00
301145,0,300,0,0,8,03,5A,64,5A,32,00,32,BE
301145,0,301,0,0,3,1D,0E,00
301175,1,206,0,0,8,00,00,00,00,00,00,00,00
301195,0,300,0,0,8,03,5A,64,5A,32,00,32,BF
301195,0,301,0,0,3,E8,0F,00
301225,1,401,0,0,8,FC,9D,00,00,4D,08,00,00
301235,1,201,0,0,5,3E,03,F4,01,62
301245,1,400,0,0,8,01,00,2C,00,00,00,00,00
301245,1,203,0,0,8,96,09,20,C8,12,00,00,00
301255,0,300,0,0,8,03,5A,64,5A,32,00,32,70
301255,0,301,0,0,3,E2,00,00
301275,1,206,0,0,8,00,00,00,00,00,00,00,00
301305,0,300,0,0,8,03,5A,64,5A,32,00,32,71
301305,0,301,0,0,3,B3,01,00
301325,1,401,0,0,8,FC,9D,00,00,4D,08,00,00
301335,1,201,0,0,5,3E,03,7C,01,62
301345,1,400,0,0,8,01,00,2C,00,00,00,00,00
301345,1,203,0,0,8,97,09,60,8C,13,00,00,00
301355,0,300,0,0,8,03,5A,64,5A,32,00,32,72
301355,0,301,0,0,3,6B,02,00
301375,1,206,0,0,8,00,00,00,00,00,00,00,00
301405,0,300,0,0,8,03,5A,64,5A,32,00,32,73
301405,0,301,0,0,3,96,03,00
301425,1,401,0,0,8,00,9E,00,00,9D,05,00,00
301435,1,201,0,0,5,3E,03,2C,01,62
301445,1,400,0,0,8,01,00,2C,00,00,00,00,00
301445,1,203,0,0,8,94,09,A0,1D,0B,00,00,00
301455,0,300,0,0,8,03,5A,64,5A,32,00,32,34
301455,0,301,0,0,3,03,04,00
301475,1,206,0,0,8,00,00,00,00,00,00,00,00
301505,0,300,0,0,8,03,5A,64,5A,32,00,32,35
301505,0,301,0,0,3,54,05,00
301525,1,401,0,0,8,00,9E,00,00,9D,05,00,00
301535,1,201,0,0,5,3E,03,FA,00,62
301545,1,400,0,0,8,01,00,2C,00,00,00,00,00
301545,1,203,0,0,8,92,09,20,95,09,00,00,00
301555,0,300,0,0,8,03,5A,64,5A,32,00,32,36
301555,0,301,0,0,3,F5,06,00
301555,1,204,0,0,8,00,00,00,00,00,00,00,00
301575,1,206,0,0,8,00,00,00,00,00,00,00,00
301575,1,202,0,0,8,E2,13,00,00,1D,7D,05,00
301605,0,300,0,0,8,03,5A,64,5A,32,00,32,37
301605,0,301,0,0,3,B8,07,00
301605,1,403,0,0,8,64,00,00,00,40,E3,09,00
301625,1,401,0,0,8,12,9E,00,00,9D,05,00,00
301635,1,201,0,0,5,3E,03,00,00,62
301645,1,400,0,0,8,01,00,2C,00,00,00,00,00
301645,1,203,0,0,8,8D,09,00,00,00,00,00,00
301655,0,300,0,0,8,03,5A,64,5A,32,00,32,F8
301655,0,301,0,0,3,80,08,00
301675,1,206,0,0,8,00,00,00,00,00,00,00,00
301705,0,300,0,0,8,03,5A,64,5A,32,00,32,F9
301705,0,301,0,0,3,88,09,00
301725,1,401,0,0,8,12,9E,00,00,9B,06,00,00
301735,1,201,0,0,5,3E,03,3A,02,62
301745,1,400,0,0,8,01,00,2C,00,00,00,00,00
301745,1,203,0,0,8,7C,09,20,D9,15,00,00,00
301755,0,300,0,0,8,03,5A,64,5A,32,00,32,FA
301755,0,301,0,0,3,C6,0A,00
301775,1,206,0,0,8,00,00,00,00,00,00,00,00
301805,0,300,0,0,8,03,5A,64,5A,32,00,32,FB
301805,0,301,0,0,3,43,0B,00
301825,1,401,0,0,8,12,9E,00,00,9B,06,00,00
301835,1,201,0,0,5,48,03,C2,01,62
301845,1,400,0,0,8,01,00,2C,00,00,00,00,00
301845,1,203,0,0,8,7F,09,20,C8,12,00,00,00
301855,0,300,0,0,8,03,5A,64,5A,32,00,32,BC
301855,0,301,0,0,3,B5,0C,00
301875,1,206,0,0,8,00,00,00,00,00,00,00,00
301905,0,300,0,0,8,03,5A,64,5A,32,00,32,BD
301905,0,301,0,0,3,4E,0D,00
301925,1,401,0,0,8,E8,9D,00,00,BF,05,00,00
301935,1,201,0,0,5,48,03,5E,01,62
301945,1,400,0,0,8,01,00,2C,00,00,00,00,00
301945,1,203,0,0,8,74,09,A0,2E,0E,00,00,00
301955,0,300,0,0,8,03,5A,64,5A,32,00,32,BE
301955,0,301,0,0,3,1D,0E,00
301975,1,206,0,0,8,00,00,00,00,00,00,00,00
302005,0,300,0,0,8,03,5A,64,5A,32,00,32,BF
302005,0,301,0,0,3,E8,0F,00
302025,1,401,0,0,8,E8,9D,00,00,BF,05,00,00
302035,1,201,0,0,5,48,03,0E,01,62
302045,1,400,0,0,8,01,00,2C,00,00,00,00,00
302045,1,203,0,0,8,78,09,E0,E1,0B,00,00,00
302055,0,300,0,0,8,03,5A,64,5A,32,00,32,70
302055,0,301,0,0,3,E2,00,00
302075,1,206,0,0,8,00,00,00,00,00,00,00,00
302105,0,300,0,0,8,03,5A,64,5A,32,00,32,71
302105,0,301,0,0,3,B3,01,00
302105,1,402,0,0,8,58,00,00,00,A4,A1,08,00
302125,1,401,0,0,8,F6,9D,00,00,BF,05,00,00
302135,1,201,0,0,5,48,03,00,00,62
302145,1,400,0,0,8,01,00,2C,00,00,00,00,00
302145,1,203,0,0,8,7E,09,00,00,00,00,00,00
302155,0,300,0,0,8,03,5A,64,5A,32,00,32,72
302155,0,301,0,0,3,6B,02,00
302175,1,206,0,0,8,00,00,00,00,00,00,00,00
302205,0,300,0,0,8,03,5A,64,5A,32,00,32,73
302205,0,301,0,0,3,96,03,00
302225,1,401,0,0,8,F6,9D,00,00,53,07,00,00
302235,1,201,0,0,5,48,03,12,02,62
302245,1,400,0,0,8,01,00,2C,00,00,00,00,00
302245,1,203,0,0,8,81,09,C0,B2,14,00,00,00
302255,0,300,0,0,8,03,5A,64,5A,32,00,32,34
302255,0,301,0,0,3,03,04,00
302275,1,206,0,0,8,00,00,00,00,00,00,00,00
302305,0,300,0,0,8,03,5A,64,5A,32,00,32,35
302305,0,301,0,0,3,54,05,00
302325,1,401,0,0,8,F6,9D,00,00,53,07,00,00
302335,1,201,0,0,5,48,03,1C,02,62
302345,1,400,0,0,8,01,00,2C,00,00,00,00,00
302345,1,203,0,0,8,7F,09,20,EA,18,00,00,00
302355,0,300,0,0,8,03,5A,64,5A,32,00,32,36
302355,0,301,0,0,3,F5,06,00
302375,1,206,0,0,8,00,00,00,00,00,00,00,00
302405,0,300,0,0,8,03,5A,64,5A,32,00,32,37
302405,0,301,0,0,3,B8,07,00
302425,1,401,0,0,8,CD,9D,00,00,9A,06,00,00
302435,1,201,0,0,5,48,03,CC,01,62
302445,1,400,0,0,8,01,00,2C,00,00,00,00,00
302445,1,203,0,0,8,85,09,C0,A1,11,00,00,00
302455,0,300,0,0,8,03,5A,64,5A,32,00,32,F8
302455,0,301,0,0,3,80,08,00
302475,1,206,0,0,8,00,00,00,00,00,00,00,00
302505,0,300,0,0,8,03,5A,64,5A,32,00,32,F9
302505,0,301,0,0,3,88,09,00
302525,1,401,0,0,8,CD,9D,00,00,9A,06,00,00
302535,1,201,0,0,5,48,03,18,01,62
302545,1,400,0,0,8,01,00,2C,00,00,00,00,00
302545,1,203,0,0,8,88,09,E0,F2,0E,00,00,00
302555,0,300,0,0,8,03,5A,64,5A,32,00,32,FA
302555,0,301,0,0,3,C6,0A,00
302555,1,204,0,0,8,00,00,00,00,00,00,00,00
302575,1,206,0,0,8,00,00,00,00,00,00,00,00
302575,1,202,0,0,8,E2,13,00,00,20,7D,05,00
302585,1,666,0,0,8,52,08,05,00,52,95,36,02
302595,1,665,0,0,8,00,00,00,53,4C,18,53,00
302605,0,300,0,0,8,03,5A,64,5A,32,00,32,FB
302605,0,301,0,0,3,43,0B,00
302605,1,403,0,0,8,64,00,00,00,40,E3,09,00
302605,1,200,0,0,8,58,00,13,A3,08,00,01,00
302625,1,401,0,0,8,E8,9D,00,00,9A,06,00,00
302635,1,201,0,0,5,48,03,78,00,62
302645,1,400,0,0,8,01,00,2C,00,00,00,00,00
302645,1,203,0,0,8,8E,09,A0,FB,04,00,00,00
302655,0,300,0,0,8,03,5A,64,5A,32,00,32,BC
302655,0,301,0,0,3,B5,0C,00
302675,1,206,0,0,8,00,00,00,00,00,00,00,00
302705,0,300,0,0,8,03,5A,64,5A,32,00,32,BD
302705,0,301,0,0,3,4E,0D,00
302725,1,401,0,0,8,E8,9D,00,00,C3,08,00,00
302735,1,201,0,0,5,48,03,18,01,62
302745,1,400,0,0,8,01,00,2C,00,00,00,00,00
302745,1,203,0,0,8,94,09,40,F7,09,00,00,00
302755,0,300,0,0,8,03,5A,64,5A,32,00,32,BE
302755,0,301,0,0,3,1D,0E,00
302775,1,206,0,0,8,00,00,00,00,00,00,00,00
302805,0,300,0,0,8,03,5A,64,5A,32,00,32,BF
302805,0,301,0,0,3,E8,0F,00
302825,1,401,0,0,8,E8,9D,00,00,C3,08,00,00
302835,1,201,0,0,5,48,03,00,00,62
302845,1,400,0,0,8,01,00,2C,00,00,00,00,00
302845,1,203,0,0,8,93,09,00,00,00,00,00,00
302855,0,300,0,0,8,03,5A,64,5A,32,00,32,70
302855,0,301,0,0,3,E2,00,00
302875,1,206,0,0,8,00,00,00,00,00,00,00,00
302905,0,300,0,0,8,03,5A,64,5A,32,00,32,71
302905,0,301,0,0,3,B3,01,00
302925,1,401,0,0,8,30,9E,00,00,E2,06,00,00
302935,1,201,0,0,5,48,03,00,00,62
302945,1,400,0,0,8,01,00,2C,00,00,00,00,00
302945,1,203,0,0,8,92,09,00,00,00,00,00,00
302955,0,300,0,0,8,03,5A,64,5A,32,00,32,72
302955,0,301,0,0,3,6B,02,00
302975,1,206,0,0,8,00,00,00,00,00,00,00,00
303005,0,300,0,0,8,03,5A,64,5A,32,00,32,73
303005,0,301,0,0,3,96,03,00
303025,1,401,0,0,8,30,9E,00,00,E2,06,00,00
303035,1,201,0,0,5,48,03,00,00,62
303045,1,400,0,0,8,01,00,2C,00,00,00,00,00
303045,1,203,0,0,8,8F,09,00,00,00,00,00,00
303055,0,300,0,0,8,03,5A,64,5A,32,00,32,34
303055,0,301,0,0,3,03,04,00
303075,1,206,0,0,8,00,00,00,00,00,00,00,00
303105,0,300,0,0,8,03,5A,64,5A,32,00,32,35
303105,0,301,0,0,3,54,05,00
303105,1,402,0,0,8,58,00,00,00,A4,A1,08,00
303125,1,401,0,0,8,5D,9E,00,00,E2,06,00,00
303135,1,201,0,0,5,48,03,00,00,62
303145,1,400,0,0,8,01,00,2C,00,00,00,00,00
303145,1,203,0,0,8,8A,09,00,00,00,00,00,00
303155,0,300,0,0,8,03,5A,64,5A,32,00,32,36
303155,0,301,0,0,3,F5,06,00
303175,1,206,0,0,8,00,00,00,00,00,00,00,00
303205,0,300,0,0,8,03,5A,64,5A,32,00,32,37
303205,0,301,0,0,3,B8,07,00
303225,1,401,0,0,8,5D,9E,00,00,28,04,00,00
303235,1,201,0,0,5,48,03,12,02,62
303245,1,400,0,0,8,01,00,2C,00,00,00,00,00
303245,1,203,0,0,8,84,09,E0,14,15,00,00,00
303255,0,300,0,0,8,03,5A,64,5A,32,00,32,F8
303255,0,301,0,0,3,80,08,00
303275,1,206,0,0,8,00,00,00,00,00,00,00,00
303275,0,404,0,0,2,4A,00
303275,1,405,0,0,8,4A,00,00,00,06,00,00,00
303305,0,300,0,0,8,03,5A,64,5A,32,00,32,F9
303305,0,301,0,0,3,88,09,00
303305,0,404,0,0,2,02,30
303305,1,405,0,0,7,02,30,00,00,00,00,00
303325,1,401,0,0,8,5D,9E,00,00,28,04,00,00
303335,1,201,0,0,5,48,03,4A,01,62
303345,0,404,0,0,2,44,00
303345,1,405,0,0,6,44,00,00,00,50,46
303345,1,400,0,0,8,01,00,2C,00,00,00,00,00
303345,1,203,0,0,8,83,09,20,A6,0C,00,00,00
303355,0,300,0,0,8,03,5A,64,5A,32,00,32,FA
303355,0,301,0,0,3,C6,0A,00
303365,0,404,0,0,2,01,00
303365,1,405,0,0,8,01,00,00,00,00,04,06,04
303375,1,206,0,0,8,00,00,00,00,00,00,00,00
303395,0,404,0,0,2,A3,01
303395,1,405,0,0,5,A3,01,00,00,06
303405,0,300,0,0,8,03,5A,64,5A,32,00,32,FB
303405,0,301,0,0,3,43,0B,00
303425,1,401,0,0,8,E0,9D,00,00,86,04,00,00
303425,0,404,0,0,2,20,00
303435,1,405,0,0,8,20,00,00,00,32,33,36,47
303435,1,201,0,0,5,48,03,2C,01,62
303445,1,400,0,0,8,01,00,2C,00,00,00,00,00
303445,1,203,0,0,8,84,09,20,A6,0C,00,00,00
303455,0,300,0,0,8,03,5A,64,5A,32,00,32,BC
303455,0,301,0,0,3,B5,0C,00
303465,0,404,0,0,2,21,00
303465,1,405,0,0,8,21,00,00,00,35,4C,41,31
303475,1,206,0,0,8,00,00,00,00,00,00,00,00
303495,0,404,0,0,2,22,00
303495,1,405,0,0,8,22,00,00,00,30,30,34,52
303505,0,300,0,0,8,03,5A,64,5A,32,00,32,BD
303505,0,301,0,0,3,4E,0D,00
303525,0,404,0,0,2,23,00
303525,1,405,0,0,8,23,00,00,00,4D,30,30,30
303525,1,401,0,0,8,E0,9D,00,00,86,04,00,00
303535,1,201,0,0,5,48,03,04,01,62
303545,1,400,0,0,8,01,00,2C,00,00,00,00,00
303545,1,203,0,0,8,86,09,20,95,09,00,00,00
303555,0,300,0,0,8,03,5A,64,5A,32,00,32,BE
303555,0,301,0,0,3,1D,0E,00
303555,0,404,0,0,2,24,00
303555,1,405,0,0,8,24,00,00,00,30,30,30,30
303555,1,204,0,0,8,00,00,00,00,00,00,00,00
303575,1,206,0,0,8,00,00,00,00,00,00,00,00
303575,1,202,0,0,8,E2,13,00,00,22,7D,05,00
303585,0,404,0,0,2,25,00
303585,1,405,0,0,8,25,00,00,00,30,30,30,30
303605,0,300,0,0,8,03,5A,64,5A,32,00,32,BF
303605,0,301,0,0,3,E8,0F,00
303605,1,403,0,0,8,64,00,00,00,40,E3,09,00
303615,0,404,0,0,2,26,00
303615,1,405,0,0,8,26,00,00,00,30,30,30,30
303625,1,401,0,0,8,08,9E,00,00,86,04,00,00
303635,1,201,0,0,5,48,03,00,00,62
303645,1,400,0,0,8,01,00,2C,00,00,00,00,00
303645,1,203,0,0,8,84,09,00,00,00,00,00,00
303655,0,300,0,0,8,03,5A,64,5A,32,00,32,70
303655,0,301,0,0,3,E2,00,00
303655,0,404,0,0,2,27,00
303655,1,405,0,0,6,27,00,00,00,30,30
303675,1,206,0,0,8,00,00,00,00,00,00,00,00
303675,0,404,0,0,2,4C,00
303685,1,405,0,0,8,4C,00,00,00,00,24,00,00
303705,0,300,0,0,8,03,5A,64,5A,32,00,32,71
303705,0,301,0,0,3,B3,01,00
303715,0,404,0,0,2,46,00
303715,1,405,0,0,5,46,00,00,00,00
303725,1,401,0,0,8,08,9E,00,00,31,07,00,00
303735,1,201,0,0,5,48,03,C2,01,62
303745,0,404,0,0,2,4D,00
303745,1,405,0,0,8,4D,00,00,00,00,00,00,00
303745,1,400,0,0,8,01,00,2C,00,00,00,00,00
303745,1,203,0,0,8,83,09,40,19,10,00,00,00
303755,0,300,0,0,8,03,5A,64,5A,32,00,32,72
303755,0,301,0,0,3,6B,02,00
303775,1,206,0,0,8,00,00,00,00,00,00,00,00
303775,0,404,0,0,2,50,00
303775,1,405,0,0,8,50,00,00,00,7F,00,7E,00
303805,0,300,0,0,8,03,5A,64,5A,32,00,32,73
303805,0,301,0,0,3,96,03,00
303805,0,404,0,0,2,02,00
303815,1,405,0,0,8,02,00,00,00,53,49,43,54
303825,1,401,0,0,8,08,9E,00,00,31,07,00,00
303835,1,201,0,0,5,48,03,FA,00,62
303835,0,404,0,0,2,0A,00
303835,1,405,0,0,8,0A,00,00,00,30,3A,00,00
303845,1,400,0,0,8,01,00,2C,00,00,00,00,00
303845,1,203,0,0,8,81,09,A0,0C,08,00,00,00
303855,0,300,0,0,8,03,5A,64,5A,32,00,32,34
303855,0,301,0,0,3,03,04,00
303865,0,404,0,0,2,04,00
303865,1,405,0,0,7,04,00,00,00,16,09,02
303875,1,206,0,0,8,00,00,00,00,00,00,00,00
303895,0,404,0,0,2,B0,01
303895,1,405,0,0,6,B0,01,00,00,00,00
303905,0,300,0,0,8,03,5A,64,5A,32,00,32,35
303905,0,301,0,0,3,54,05,00
303925,1,401,0,0,8,18,9E,00,00,5D,05,00,00
303925,0,404,0,0,2,B1,01
303935,1,405,0,0,6,B1,01,00,00,00,00
303935,1,201,0,0,5,48,03,C8,00,62
303945,1,400,0,0,8,01,00,2C,00,00,00,00,00
303945,1,203,0,0,8,77,09,80,AA,07,00,00,00
303955,0,300,0,0,8,03,5A,64,5A,32,00,32,36
303955,0,301,0,0,3,F5,06,00
303975,1,206,0,0,8,00,00,00,00,00,00,00,00
304005,0,300,0,0,8,03,5A,64,5A,32,00,32,37
304005,0,301,0,0,3,B8,07,00
304025,1,401,0,0,8,18,9E,00,00,5D,05,00,00
304035,1,201,0,0,5,48,03,00,00,62
304045,1,400,0,0,8,01,00,2C,00,00,00,00,00
304045,1,203,0,0,8,7D,09,00,00,00,00,00,00
304055,0,300,0,0,8,03,5A,64,5A,32,00,32,F8
304055,0,301,0,0,3,80,08,00
304075,1,206,0,0,8,00,00,00,00,00,00,00,00
304105,0,300,0,0,8,03,5A,64,5A,32,00,32,F9
304105,0,301,0,0,3,88,09,00
304105,1,402,0,0,8,58,00,00,00,80,A1,08,00
304125,1,401,0,0,8,51,9E,00,00,5D,05,00,00
304135,1,201,0,0,5,48,03,00,00,62
304145,1,400,0,0,8,01,00,2C,00,00,00,00,00
304145,1,203,0,0,8,7B,09,00,00,00,00,00,00
304155,0,300,0,0,8,03,5A,64,5A,32,00,32,FA
304155,0,301,0,0,3,C6,0A,00
304175,1,206,0,0,8,00,00,00,00,00,00,00,00
304205,0,300,0,0,8,03,5A,64,5A,32,00,32,FB
304205,0,301,0,0,3,43,0B,00
304225,1,401,0,0,8,51,9E,00,00,AF,04,00,00
304235,1,201,0,0,5,48,03,1C,02,62
304245,1,400,0,0,8,01,00,2C,00,00,00,00,00
304245,1,203,0,0,8,6C,09,A0,50,14,00,00,00
304255,0,300,0,0,8,03,5A,64,5A,32,00,32,BC
304255,0,301,0,0,3,B5,0C,00
304275,1,206,0,0,8,00,00,00,00,00,00,00,00
304305,0,300,0,0,8,03,5A,64,5A,32,00,32,BD
304305,0,301,0,0,3,4E,0D,00
304325,1,401,0,0,8,51,9E,00,00,AF,04,00,00
304335,1,201,0,0,5,48,03,30,02,62
304345,1,400,0,0,8,01,00,2C,00,00,00,00,00
304345,1,203,0,0,8,67,09,E0,03,12,00,00,00
304355,0,300,0,0,8,03,5A,64,5A,32,00,32,BE
304355,0,301,0,0,3,1D,0E,00
304375,1,206,0,0,8,00,00,00,00,00,00,00,00
304405,0,300,0,0,8,03,5A,64,5A,32,00,32,BF
304405,0,301,0,0,3,E8,0F,00
304425,1,401,0,0,8,FC,9D,00,00,6B,04,00,00
304435,1,201,0,0,5,48,03,9A,01,62
304445,1,400,0,0,8,01,00,2C,00,00,00,00,00
304445,1,203,0,0,8,6A,09,60,7B,10,00,00,00
304455,0,300,0,0,8,03,5A,64,5A,32,00,32,70
304455,0,301,0,0,3,E2,00,00
304475,1,206,0,0,8,00,00,00,00,00,00,00,00
304505,0,300,0,0,8,03,5A,64,5A,32,00,32,71
304505,0,301,0,0,3,B3,01,00
304525,1,401,0,0,8,FC,9D,00,00,6B,04,00,00
304535,1,201,0,0,5,48,03,04,01,62
304545,1,203,0,0,8,6A,09,60,6A,0D,00,00,00
304545,1,400,0,0,8,01,00,2C,00,00,00,00,00
304555,0,300,0,0,8,03,5A,64,5A,32,00,32,72
304555,0,301,0,0,3,6B,02,00
304555,1,204,0,0,8,00,00,00,00,00,00,00,00
304575,1,206,0,0,8,00,00,00,00,00,00,00,00
304575,1,202,0,0,8,E2,12,00,00,24,7D,05,00
304605,0,300,0,0,8,03,5A,64,5A,32,00,32,73
304605,0,301,0,0,3,96,03,00
304605,1,403,0,0,8,64,00,00,00,40,E3,09,00
304625,1,401,0,0,8,E6,9D,00,00,6B,04,00,00
304635,1,201,0,0,5,34,03,BE,00,62
304645,1,203,0,0,8,6D,09,A0,FB,04,00,00,00
304645,1,400,0,0,8,01,00,2C,00,00,00,00,00
304655,0,300,0,0,8,03,5A,64,5A,32,00,32,34
304655,0,301,0,0,3,03,04,00
304675,1,206,0,0,8,00,00,00,00,00,00,00,00
304705,0,300,0,0,8,03,5A,64,5A,32,00,32,35
304705,0,301,0,0,3,54,05,00
304725,1,401,0,0,8,E6,9D,00,00,07,08,00,00
304735,1,201,0,0,5,34,03,F4,01,62
304745,1,203,0,0,8,74,09,A0,50,14,00,00,00
304745,1,400,0,0,8,01,00,2C,00,00,00,00,00
304755,0,300,0,0,8,03,5A,64,5A,32,00,32,36
304755,0,301,0,0,3,F5,06,00
304775,1,206,0,0,8,00,00,00,00,00,00,00,00
304805,0,300,0,0,8,03,5A,64,5A,32,00,32,37
304805,0,301,0,0,3,B8,07,00
304825,1,401,0,0,8,E6,9D,00,00,07,08,00,00
304835,1,201,0,0,5,34,03,A4,01,62
304845,1,203,0,0,8,6F,09,C0,A1,11,00,00,00
304845,1,400,0,0,8,01,00,2C,00,00,00,00,00
304855,0,300,0,0,8,03,5A,64,5A,32,00,32,F8
304855,0,301,0,0,3,80,08,00
304875,1,206,0,0,8,00,00,00,00,00,00,00,00
304905,0,300,0,0,8,03,5A,64,5A,32,00,32,F9
304905,0,301,0,0,3,88,09,00
304925,1,401,0,0,8,BD,9D,00,00,49,07,00,00
304935,1,201,0,0,5,34,03,40,01,62
304945,1,203,0,0,8,7A,09,00,44,0C,00,00,00
304945,1,400,0,0,8,01,00,2C,00,00,00,00,00
304955,0,300,0,0,8,03,5A,64,5A,32,00,32,FA
304955,0,301,0,0,3,C6,0A,00
304975,1,206,0,0,8,00,00,00,00,00,00,00,00
305005,0,300,0,0,8,03,5A,64,5A,32,00,32,FB
305005,0,301,0,0,3,43,0B,00
305025,1,401,0,0,8,BD,9D,00,00,49,07,00,00
305035,1,201,0,0,5,34,03,00,00,62
305045,1,203,0,0,8,72,09,00,00,00,00,00,00
305045,1,400,0,0,8,01,00,2C,00,00,00,00,00
305055,0,300,0,0,8,03,5A,64,5A,32,00,32,BC
305055,0,301,0,0,3,B5,0C,00
305075,1,206,0,0,8,00,00,00,00,00,00,00,00
305105,0,300,0,0,8,03,5A,64,5A,32,00,32,BD
305105,0,301,0,0,3,4E,0D,00
305105,1,402,0,0,8,58,00,00,00,80,A1,08,00
305125,1,401,0,0,8,51,9E,00,00,49,07,00,00
305135,1,201,0,0,5,34,03,00,00,62
305145,1,203,0,0,8,6C,09,00,00,00,00,00,00
305145,1,400,0,0,8,01,00,2C,00,00,00,00,00
305155,0,300,0,0,8,03,5A,64,5A,32,00,32,BE
305155,0,301,0,0,3,1D,0E,00
305175,1,206,0,0,8,00,00,00,00,00,00,00,00
305205,0,300,0,0,8,03,5A,64,5A,32,00,32,BF
305205,0,301,0,0,3,E8,0F,00
305225,1,401,0,0,8,51,9E,00,00,83,07,00,00
305235,1,201,0,0,5,34,03,5E,01,62
305245,1,203,0,0,8,65,09,60,8C,13,00,00,00
305245,1,400,0,0,8,01,00,2C,00,00,00,00,00
305255,0,300,0,0,8,03,5A,64,5A,32,00,32,70
305255,0,301,0,0,3,E2,00,00
305275,1,206,0,0,8,00,00,00,00,00,00,00,00
305305,0,300,0,0,8,03,5A,64,5A,32,00,32,71
305305,0,301,0,0,3,B3,01,00
305325,1,401,0,0,8,51,9E,00,00,83,07,00,00
305335,1,201,0,0,5,34,03,7C,01,62
305345,1,203,0,0,8,64,09,40,19,10,00,00,00
305345,1,400,0,0,8,01,00,2C,00,00,00,00,00
305355,0,300,0,0,8,03,5A,64,5A,32,00,32,72
305355,0,301,0,0,3,6B,02,00
305375,1,206,0,0,8,00,00,00,00,00,00,00,00
305405,0,300,0,0,8,03,5A,64,5A,32,00,32,73
305405,0,301,0,0,3,96,03,00
305425,1,401,0,0,8,F0,9D,00,00,0C,05,00,00
305435,1,201,0,0,5,34,03,9A,01,62
305445,1,203,0,0,8,67,09,60,6A,0D,00,00,00
305445,1,400,0,0,8,01,00,2C,00,00,00,00,00
305455,0,300,0,0,8,03,5A,64,5A,32,00,32,34
305455,0,301,0,0,3,03,04,00
305475,1,206,0,0,8,00,00,00,00,00,00,00,00
305505,0,300,0,0,8,03,5A,64,5A,32,00,32,35
305505,0,301,0,0,3,54,05,00
305525,1,401,0,0,8,F0,9D,00,00,0C,05,00,00
305535,1,201,0,0,5,34,03,04,01,62
305545,1,203,0,0,8,67,09,E0,D0,08,00,00,00
305545,1,400,0,0,8,01,00,2C,00,00,00,00,00
305555,0,300,0,0,8,03,5A,64,5A,32,00,32,36
305555,0,301,0,0,3,F5,06,00
305555,1,204,0,0,8,00,00,00,00,00,00,00,00
305575,1,206,0,0,8,00,00,00,00,00,00,00,00
305575,1,202,0,0,8,E2,14,00,00,26,7D,05,00
305585,1,666,0,0,8,52,08,05,00,52,95,36,02
305595,1,665,0,0,8,00,00,00,53,4C,18,53,00
305605,0,300,0,0,8,03,5A,64,5A,32,00,32,37
305605,0,301,0,0,3,B8,07,00
305605,1,200,0,0,8,58,00,EE,A2,08,00,02,00
305605,1,403,0,0,8,64,00,00,00,40,E3,09,00
305625,1,401,0,0,8,FE,9D,00,00,0C,05,00,00
305635,1,201,0,0,5,34,03,72,01,62
305645,1,203,0,0,8,6A,09,A0,2E,0E,00,00,00
305645,1,400,0,0,8,01,00,2C,00,00,00,00,00
305655,0,300,0,0,8,03,5A,64,5A,32,00,32,F8
305655,0,301,0,0,3,80,08,00
305675,1,206,0,0,8,00,00,00,00,00,00,00,00
305705,0,300,0,0,8,03,5A,64,5A,32,00,32,F9
305705,0,301,0,0,3,88,09,00
305735,1,401,0,0,8,FE,9D,00,00,63,07,00,00
305735,1,201,0,0,5,34,03,26,02,62
305745,1,203,0,0,8,63,09,40,2A,13,00,00,00
305755,1,400,0,0,8,01,00,2C,00,00,00,00,00
305755,0,300,0,0,8,03,5A,64,5A,32,00,32,FA
305755,0,301,0,0,3,C6,0A,00
305775,1,206,0,0,8,00,00,00,00,00,00,00,00
305805,0,300,0,0,8,03,5A,64,5A,32,00,32,FB
305805,0,301,0,0,3,43,0B,00
305835,1,401,0,0,8,FE,9D,00,00,63,07,00,00
305835,1,201,0,0,5,34,03,64,00,62
305845,1,203,0,0,8,6A,09,80,99,04,00,00,00
305855,1,400,0,0,8,01,00,2C,00,00,00,00,00
305855,0,300,0,0,8,03,5A,64,5A,32,00,32,BC
305855,0,301,0,0,3,B5,0C,00
305875,1,206,0,0,8,00,00,00,00,00,00,00,00
305905,0,300,0,0,8,03,5A,64,5A,32,00,32,BD
305905,0,301,0,0,3,4E,0D,00
305935,1,401,0,0,8,C5,9D,00,00,74,07,00,00
305935,1,201,0,0,5,34,03,00,00,62
305945,1,203,0,0,8,59,09,00,00,00,00,00,00
305955,1,400,0,0,8,01,00,2C,00,00,00,00,00
305955,0,300,0,0,8,03,5A,64,5A,32,00,32,BE
305955,0,301,0,0,3,1D,0E,00
305975,1,206,0,0,8,00,00,00,00,00,00,00,00
306005,0,300,0,0,8,03,5A,64,5A,32,00,32,BF
306005,0,301,0,0,3,E8,0F,00
306035,1,401,0,0,8,C5,9D,00,00,74,07,00,00
306035,1,201,0,0,5,34,03,00,00,62
306045,1,203,0,0,8,5E,09,00,00,00,00,00,00
306055,1,400,0,0,8,01,00,2C,00,00,00,00,00
306055,0,300,0,0,8,03,5A,64,5A,32,00,32,70
306055,0,301,0,0,3,E2,00,00
306075,1,206,0,0,8,00,00,00,00,00,00,00,00
306105,0,300,0,0,8,03,5A,64,5A,32,00,32,71
306105,0,301,0,0,3,B3,01,00
306115,1,402,0,0,8,58,00,00,00,5C,A1,08,00
306135,1,401,0,0,8,61,9E,00,00,74,07,00,00
306135,1,201,0,0,5,34,03,00,00,62
306145,1,203,0,0,8,65,09,00,00,00,00,00,00
306155,1,400,0,0,8,01,00,2C,00,00,00,00,00
306155,0,300,0,0,8,03,5A,64,5A,32,00,32,72
306155,0,301,0,0,3,6B,02,00
306175,1,206,0,0,8,00,00,00,00,00,00,00,00
306205,0,300,0,0,8,03,5A,64,5A,32,00,32,73
306205,0,301,0,0,3,96,03,00
306235,1,401,0,0,8,61,9E,00,00,10,06,00,00
306235,1,201,0,0,5,34,03,CC,01,62
306245,1,203,0,0,8,67,09,60,7B,10,00,00,00
306255,1,400,0,0,8,01,00,2C,00,00,00,00,00
306255,0,300,0,0,8,03,5A,64,5A,32,00,32,34
306255,0,301,0,0,3,03,04,00
306275,1,206,0,0,8,00,00,00,00,00,00,00,00
306305,0,300,0,0,8,03,5A,64,5A,32,00,32,35
306305,0,301,0,0,3,54,05,00
306335,1,401,0,0,8,61,9E,00,00,10,06,00,00
306335,1,201,0,0,5,34,03,40,01,62
306345,1,203,0,0,8,67,09,40,08,0D,00,00,00
306355,1,400,0,0,8,01,00,2C,00,00,00,00,00
306355,0,300,0,0,8,03,5A,64,5A,32,00,32,36
306355,0,301,0,0,3,F5,06,00
306375,1,206,0,0,8,00,00,00,00,00,00,00,00
306405,0,300,0,0,8,03,5A,64,5A,32,00,32,37
306405,0,301,0,0,3,B8,07,00
306435,1,401,0,0,8,F6,9D,00,00,96,04,00,00
306435,1,201,0,0,5,3E,03,2C,01,62
306445,1,203,0,0,8,62,09,E0,F2,0E,00,00,00
306455,1,400,0,0,8,01,00,2C,00,00,00,00,00
306455,0,300,0,0,8,03,5A,64,5A,32,00,32,F8
306455,0,301,0,0,3,80,08,00
306475,1,206,0,0,8,00,00,00,00,00,00,00,00
306505,0,300,0,0,8,03,5A,64,5A,32,00,32,F9
306505,0,301,0,0,3,88,09,00
306535,1,401,0,0,8,F6,9D,00,00,96,04,00,00
306535,1,201,0,0,5,3E,03,D2,00,62
306545,1,203,0,0,8,69,09,A0,0C,08,00,00,00
306555,1,400,0,0,8,01,00,2C,00,00,00,00,00
306555,0,300,0,0,8,03,5A,64,5A,32,00,32,FA
306555,0,301,0,0,3,C6,0A,00
306565,1,204,0,0,8,00,00,00,00,00,00,00,00
306575,1,206,0,0,8,00,00,00,00,00,00,00,00
306575,1,202,0,0,8,E2,14,00,00,2A,7D,05,00
306605,0,300,0,0,8,03,5A,64,5A,32,00,32,FB
306605,0,301,0,0,3,43,0B,00
306615,1,403,0,0,8,64,00,00,00,40,E3,09,00
306635,1,401,0,0,8,08,9E,00,00,96,04,00,00
306635,1,201,0,0,5,3E,03,00,00,62
306645,1,203,0,0,8,6B,09,00,00,00,00,00,00
306655,1,400,0,0,8,01,00,2C,00,00,00,00,00
306655,0,300,0,0,8,03,5A,64,5A,32,00,32,BC
306655,0,301,0,0,3,B5,0C,00
306675,1,206,0,0,8,00,00,00,00,00,00,00,00
306705,0,300,0,0,8,03,5A,64,5A,32,00,32,BD
306705,0,301,0,0,3,4E,0D,00
306735,1,401,0,0,8,08,9E,00,00,E4,06,00,00
306735,1,201,0,0,5,3E,03,9A,01,62
306745,1,203,0,0,8,6B,09,40,19,10,00,00,00
306755,1,400,0,0,8,01,00,2C,00,00,00,00,00
306755,0,300,0,0,8,03,5A,64,5A,32,00,32,BE
306755,0,301,0,0,3,1D,0E,00
306775,1,206,0,0,8,00,00,00,00,00,00,00,00
306805,0,300,0,0,8,03,5A,64,5A,32,00,32,BF
306805,0,301,0,0,3,E8,0F,00
306835,1,401,0,0,8,08,9E,00,00,E4,06,00,00
306835,1,201,0,0,5,3E,03,90,01,62
306845,1,203,0,0,8,65,09,60,8C,13,00,00,00
306855,1,400,0,0,8,01,00,2C,00,00,00,00,00
306855,0,300,0,0,8,03,5A,64,5A,32,00,32,70
306855,0,301,0,0,3,E2,00,00
306875,1,206,0,0,8,00,00,00,00,00,00,00,00
306905,0,300,0,0,8,03,5A,64,5A,32,00,32,71
306905,0,301,0,0,3,B3,01,00
306935,1,401,0,0,8,E2,9D,00,00,F7,05,00,00
306935,1,201,0,0,5,3E,03,B4,00,62
306945,1,203,0,0,8,68,09,60,48,07,00,00,00
306955,0,300,0,0,8,03,5A,64,5A,32,00,32,72
306955,1,400,0,0,8,01,00,2C,00,00,00,00,00
306955,0,301,0,0,3,6B,02,00
306975,1,206,0,0,8,00,00,00,00,00,00,00,00
307005,0,300,0,0,8,03,5A,64,5A,32,00,32,73
307005,0,301,0,0,3,96,03,00
307035,1,401,0,0,8,E2,9D,00,00,F7,05,00,00
307035,1,201,0,0,5,3E,03,A0,00,62
307045,1,203,0,0,8,68,09,00,22,06,00,00,00
307055,0,300,0,0,8,03,5A,64,5A,32,00,32,34
307055,1,400,0,0,8,01,00,2C,00,00,00,00,00
307055,0,301,0,0,3,03,04,00
307075,1,206,0,0,8,00,00,00,00,00,00,00,00
307105,0,300,0,0,8,03,5A,64,5A,32,00,32,35
307105,0,301,0,0,3,54,05,00
307115,1,402,0,0,8,58,00,00,00,5C,A1,08,00
307135,1,401,0,0,8,3B,9E,00,00,F7,05,00,00
307135,1,201,0,0,5,3E,03,00,00,62
307145,1,203,0,0,8,67,09,00,00,00,00,00,00
307155,0,300,0,0,8,03,5A,64,5A,32,00,32,36
307155,0,301,0,0,3,F5,06,00
307155,1,400,0,0,8,01,00,2C,00,00,00,00,00
307175,1,206,0,0,8,00,00,00,00,00,00,00,00
307205,0,300,0,0,8,03,5A,64,5A,32,00,32,37
307205,0,301,0,0,3,B8,07,00
307235,1,401,0,0,8,3B,9E,00,00,D7,06,00,00
307235,1,201,0,0,5,3E,03,08,02,62
307245,1,203,0,0,8,69,09,80,EE,13,00,00,00
307255,1,400,0,0,8,01,00,2C,00,00,00,00,00
307255,0,300,0,0,8,03,5A,64,5A,32,00,32,F8
307255,0,301,0,0,3,80,08,00
307275,1,206,0,0,8,00,00,00,00,00,00,00,00
307305,0,300,0,0,8,03,5A,64,5A,32,00,32,F9
307305,0,301,0,0,3,88,09,00
307335,1,401,0,0,8,3B,9E,00,00,D7,06,00,00
307335,1,201,0,0,5,3E,03,F4,01,62
307345,1,203,0,0,8,65,09,80,FF,16,00,00,00
307355,0,300,0,0,8,03,5A,64,5A,32,00,32,FA
307355,0,301,0,0,3,C6,0A,00
307355,1,400,0,0,8,01,00,2C,00,00,00,00,00
307375,1,206,0,0,8,00,00,00,00,00,00,00,00
307405,0,300,0,0,8,03,5A,64,5A,32,00,32,FB
307405,0,301,0,0,3,43,0B,00
307435,1,401,0,0,8,B1,9D,00,00,A8,05,00,00
307435,1,201,0,0,5,34,03,04,01,62
307445,1,203,0,0,8,65,09,A0,1D,0B,00,00,00
307455,0,300,0,0,8,03,5A,64,5A,32,00,32,BC
307455,0,301,0,0,3,B5,0C,00
307455,1,400,0,0,8,01,00,2C,00,00,00,00,00
307475,1,206,0,0,8,00,00,00,00,00,00,00,00
307505,0,300,0,0,8,03,5A,64,5A,32,00,32,BD
307505,0,301,0,0,3,4E,0D,00
307535,1,401,0,0,8,B1,9D,00,00,A8,05,00,00
307535,1,201,0,0,5,34,03,A0,00,62
307545,1,203,0,0,8,62,09,A0,0C,08,00,00,00
307555,0,300,0,0,8,03,5A,64,5A,32,00,32,BE
307555,0,301,0,0,3,1D,0E,00
307555,1,400,0,0,8,01,00,2C,00,00,00,00,00
307565,1,204,0,0,8,00,00,00,00,00,00,00,00
307575,1,206,0,0,8,00,00,00,00,00,00,00,00
307575,1,202,0,0,8,E2,13,00,00,2D,7D,05,00
307605,0,300,0,0,8,03,5A,64,5A,32,00,32,BF
307605,0,301,0,0,3,E8,0F,00
307615,1,403,0,0,8,64,00,00,00,40,E3,09,00
307635,1,401,0,0,8,22,9E,00,00,A8,05,00,00
307635,1,201,0,0,5,34,03,00,00,62
307645,1,203,0,0,8,69,09,00,33,09,00,00,00
307655,0,300,0,0,8,03,5A,64,5A,32,00,32,70
307655,0,301,0,0,3,E2,00,00
307655,1,400,0,0,8,01,00,2C,00,00,00,00,00
307675,1,206,0,0,8,00,00,00,00,00,00,00,00
307705,0,300,0,0,8,03,5A,64,5A,32,00,32,71
307705,0,301,0,0,3,B3,01,00
307735,1,401,0,0,8,22,9E,00,00,51,08,00,00
307735,1,201,0,0,5,34,03,9A,01,62
307745,1,203,0,0,8,62,09,E0,F2,0E,00,00,00
307755,0,300,0,0,8,03,5A,64,5A,32,00,32,72
307755,0,301,0,0,3,6B,02,00
307755,1,400,0,0,8,01,00,2C,00,00,00,00,00
307775,1,206,0,0,8,00,00,00,00,00,00,00,00
307805,0,300,0,0,8,03,5A,64,5A,32,00,32,73
307805,0,301,0,0,3,96,03,00
307835,1,401,0,0,8,22,9E,00,00,51,08,00,00
307835,1,201,0,0,5,34,03,BE,00,62
307845,1,203,0,0,8,69,09,E0,D0,08,00,00,00
307855,0,300,0,0,8,03,5A,64,5A,32,00,32,34
307855,0,301,0,0,3,03,04,00
307855,1,400,0,0,8,01,00,2C,00,00,00,00,00
307875,1,206,0,0,8,00,00,00,00,00,00,00,00
307905,0,300,0,0,8,03,5A,64,5A,32,00,32,35
307905,0,301,0,0,3,54,05,00
307935,1,401,0,0,8,EC,9D,00,00,39,06,00,00
307935,1,201,0,0,5,34,03,64,00,62
307945,1,203,0,0,8,6F,09,40,D5,03,00,00,00
307955,0,300,0,0,8,03,5A,64,5A,32,00,32,36
307955,0,301,0,0,3,F5,06,00
307955,1,400,0,0,8,01,00,2C,00,00,00,00,00
307975,1,206,0,0,8,00,00,00,00,00,00,00,00
308005,0,300,0,0,8,03,5A,64,5A,32,00,32,37
308005,0,301,0,0,3,B8,07,00
308035,1,401,0,0,8,EC,9D,00,00,39,06,00,00
308035,1,201,0,0,5,34,03,00,00,62
308045,1,203,0,0,8,69,09,00,00,00,00,00,00
308055,0,300,0,0,8,03,5A,64,5A,32,00,32,F8
308055,0,301,0,0,3,80,08,00
308055,1,400,0,0,8,01,00,2C,00,00,00,00,00
308075,1,206,0,0,8,00,00,00,00,00,00,00,00
308105,0,300,0,0,8,03,5A,64,5A,32,00,32,F9
308105,0,301,0,0,3,88,09,00
308115,1,402,0,0,8,58,00,00,00,38,A1,08,00
308135,1,401,0,0,8,55,9E,00,00,39,06,00,00
308135,1,201,0,0,5,34,03,00,00,62
308145,1,203,0,0,8,71,09,00,00,00,00,00,00
308155,0,300,0,0,8,03,5A,64,5A,32,00,32,FA
308155,0,301,0,0,3,C6,0A,00
308155,1,400,0,0,8,01,00,2C,00,00,00,00,00
308175,1,206,0,0,8,00,00,00,00,00,00,00,00
308205,0,300,0,0,8,03,5A,64,5A,32,00,32,FB
308205,0,301,0,0,3,43,0B,00
308235,1,401,0,0,8,55,9E,00,00,7A,05,00,00
308235,1,201,0,0,5,34,03,FE,01,62
308245,1,203,0,0,8,6B,09,A0,50,14,00,00,00
308255,0,300,0,0,8,03,5A,64,5A,32,00,32,BC
308255,0,301,0,0,3,B5,0C,00
308255,1,400,0,0,8,01,00,2C,00,00,00,00,00
308275,1,206,0,0,8,00,00,00,00,00,00,00,00
308305,0,300,0,0,8,03,5A,64,5A,32,00,32,BD
308305,0,301,0,0,3,4E,0D,00
308335,1,401,0,0,8,55,9E,00,00,7A,05,00,00
308335,1,201,0,0,5,3E,03,86,01,62
308345,1,203,0,0,8,6B,09,E0,F2,0E,00,00,00
308355,0,300,0,0,8,03,5A,64,5A,32,00,32,BE
308355,0,301,0,0,3,1D,0E,00
308355,1,400,0,0,8,01,00,2C,00,00,00,00,00
308375,1,206,0,0,8,00,00,00,00,00,00,00,00
308405,0,300,0,0,8,03,5A,64,5A,32,00,32,BF
308405,0,301,0,0,3,E8,0F,00
308435,1,401,0,0,8,CD,9D,00,00,E7,04,00,00
308435,1,201,0,0,5,3E,03,54,01,62
308445,1,203,0,0,8,6C,09,40,08,0D,00,00,00
308455,0,300,0,0,8,03,5A,64,5A,32,00,32,70
308455,0,301,0,0,3,E2,00,00
308455,1,400,0,0,8,01,00,2C,00,00,00,00,00
308475,1,206,0,0,8,00,00,00,00,00,00,00,00
308505,0,300,0,0,8,03,5A,64,5A,32,00,32,71
308505,0,301,0,0,3,B3,01,00
308535,1,401,0,0,8,CD,9D,00,00,E7,04,00,00
308535,1,201,0,0,5,3E,03,FA,00,62
308545,1,203,0,0,8,70,09,40,F7,09,00,00,00
308555,0,300,0,0,8,03,5A,64,5A,32,00,32,72
308555,0,301,0,0,3,6B,02,00
308555,1,400,0,0,8,01,00,2C,00,00,00,00,00
308565,1,204,0,0,8,00,00,00,00,00,00,00,00
308575,1,206,0,0,8,00,00,00,00,00,00,00,00
308575,1,202,0,0,8,E2,13,00,00,2F,7D,05,00
308585,1,666,0,0,8,52,08,05,00,52,95,36,02
308595,1,665,0,0,8,00,00,00,53,4C,18,53,00
308605,0,300,0,0,8,03,5A,64,5A,32,00,32,73
308605,0,301,0,0,3,96,03,00
308605,1,200,0,0,8,58,00,C7,A2,08,00,00,00
308615,1,403,0,0,8,64,00,00,00,40,E3,09,00
308635,1,401,0,0,8,F4,9D,00,00,E7,04,00,00
308635,1,201,0,0,5,3E,03,00,00,62
308645,1,203,0,0,8,7A,09,00,00,00,00,00,00
308655,0,300,0,0,8,03,5A,64,5A,32,00,32,34
308655,0,301,0,0,3,03,04,00
308655,1,400,0,0,8,01,00,2C,00,00,00,00,00
308675,1,206,0,0,8,00,00,00,00,00,00,00,00
308705,0,300,0,0,8,03,5A,64,5A,32,00,32,35
308705,0,301,0,0,3,54,05,00
308735,1,401,0,0,8,F4,9D,00,00,A3,07,00,00
308735,1,201,0,0,5,3E,03,EA,01,62
308745,1,203,0,0,8,81,09,40,19,10,00,00,00
308755,0,300,0,0,8,03,5A,64,5A,32,00,32,36
308755,0,301,0,0,3,F5,06,00
308755,1,400,0,0,8,01,00,2C,00,00,00,00,00
308775,1,206,0,0,8,00,00,00,00,00,00,00,00
308805,0,300,0,0,8,03,5A,64,5A,32,00,32,37
308805,0,301,0,0,3,B8,07,00
308835,1,201,0,0,5,3E,03,5E,01,62
308835,1,401,0,0,8,F4,9D,00,00,A3,07,00,00
308845,1,203,0,0,8,83,09,60,6A,0D,00,00,00
308855,0,300,0,0,8,03,5A,64,5A,32,00,32,F8
308855,0,301,0,0,3,80,08,00
308855,1,400,0,0,8,01,00,2C,00,00,00,00,00
308875,1,206,0,0,8,00,00,00,00,00,00,00,00
308905,0,300,0,0,8,03,5A,64,5A,32,00,32,F9
308905,0,301,0,0,3,88,09,00
308935,1,201,0,0,5,3E,03,78,00,62
308935,1,401,0,0,8,08,9E,00,00,9E,05,00,00
308945,1,203,0,0,8,87,09,A0,0C,08,00,00,00
308955,0,300,0,0,8,03,5A,64,5A,32,00,32,FA
308955,0,301,0,0,3,C6,0A,00
308955,1,400,0,0,8,01,00,2C,00,00,00,00,00
308975,1,206,0,0,8,00,00,00,00,00,00,00,00
309005,0,300,0,0,8,03,5A,64,5A,32,00,32,FB
309005,0,301,0,0,3,43,0B,00
309035,1,201,0,0,5,3E,03,00,00,62
309035,1,401,0,0,8,08,9E,00,00,9E,05,00,00
309045,1,203,0,0,8,91,09,00,00,00,00,00,00
309055,0,300,0,0,8,03,5A,64,5A,32,00,32,BC
309055,0,301,0,0,3,B5,0C,00
309055,1,400,0,0,8,01,00,2C,00,00,00,00,00
309075,1,206,0,0,8,00,00,00,00,00,00,00,00
309105,0,300,0,0,8,03,5A,64,5A,32,00,32,BD
309105,0,301,0,0,3,4E,0D,00
309115,1,402,0,0,8,58,00,00,00,38,A1,08,00
309135,1,201,0,0,5,3E,03,00,00,62
309135,1,401,0,0,8,57,9E,00,00,9E,05,00,00
309145,1,203,0,0,8,90,09,00,00,00,00,00,00
309155,0,300,0,0,8,03,5A,64,5A,32,00,32,BE
309155,0,301,0,0,3,1D,0E,00
309155,1,400,0,0,8,01,00,2C,00,00,00,00,00
309175,1,206,0,0,8,00,00,00,00,00,00,00,00
309205,0,300,0,0,8,03,5A,64,5A,32,00,32,BF
309205,0,301,0,0,3,E8,0F,00
309235,1,201,0,0,5,48,03,EA,01,62
309235,1,401,0,0,8,57,9E,00,00,A0,05,00,00
309245,1,203,0,0,8,96,09,00,66,12,00,00,00
309255,0,300,0,0,8,03,5A,64,5A,32,00,32,70
309255,0,301,0,0,3,E2,00,00
309255,1,400,0,0,8,01,00,2C,00,00,00,00,00
309275,1,206,0,0,8,00,00,00,00,00,00,00,00
309305,0,300,0,0,8,03,5A,64,5A,32,00,32,71
309305,0,301,0,0,3,B3,01,00
309335,1,201,0,0,5,48,03,F4,01,62
309335,1,401,0,0,8,57,9E,00,00,A0,05,00,00
309345,1,203,0,0,8,96,09,80,EE,13,00,00,00
309355,0,300,0,0,8,03,5A,64,5A,32,00,32,72
309355,0,301,0,0,3,6B,02,00
309355,1,400,0,0,8,01,00,2C,00,00,00,00,00
309375,1,206,0,0,8,00,00,00,00,00,00,00,00
309405,0,300,0,0,8,03,5A,64,5A,32,00,32,73
309405,0,301,0,0,3,96,03,00
309435,1,201,0,0,5,48,03,18,01,62
309435,1,401,0,0,8,BF,9D,00,00,07,05,00,00
309445,1,203,0,0,8,9F,09,3C,C0,0D,00,00,00
309455,0,300,0,0,8,03,5A,64,5A,32,00,32,34
309455,0,301,0,0,3,03,04,00
309455,1,400,0,0,8,01,00,2C,00,00,00,00,00
309475,1,206,0,0,8,00,00,00,00,00,00,00,00
309505,0,300,0,0,8,03,5A,64,5A,32,00,32,35
309505,0,301,0,0,3,54,05,00
309535,1,201,0,0,5,48,03,B4,00,62
309535,1,401,0,0,8,BF,9D,00,00,07,05,00,00
309545,1,203,0,0,8,A1,09,D4,AD,06,00,00,00
309555,0,300,0,0,8,03,5A,64,5A,32,00,32,36
309555,0,301,0,0,3,F5,06,00
309555,1,400,0,0,8,01,00,2C,00,00,00,00,00
309565,1,204,0,0,8,00,00,00,00,00,00,00,00
309575,1,206,0,0,8,00,00,00,00,00,00,00,00
309575,1,202,0,0,8,E2,12,00,00,31,7D,05,00
309605,0,300,0,0,8,03,5A,64,5A,32,00,32,37
309605,0,301,0,0,3,B8,07,00
309615,1,403,0,0,8,64,00,00,00,40,E3,09,00
309635,1,201,0,0,5,48,03,86,01,62
309635,1,401,0,0,8,16,9E,00,00,07,05,00,00
309645,1,203,0,0,8,A6,09,3C,C0,0D,00,00,00
309655,0,300,0,0,8,03,5A,64,5A,32,00,32,F8
309655,0,301,0,0,3,80,08,00
309655,1,400,0,0,8,01,00,2C,00,00,00,00,00
309675,1,206,0,0,8,00,00,00,00,00,00,00,00
309705,0,300,0,0,8,03,5A,64,5A,32,00,32,F9
309705,0,301,0,0,3,88,09,00
309735,1,201,0,0,5,48,03,86,01,62
309735,1,401,0,0,8,16,9E,00,00,E5,07,00,00
309745,1,203,0,0,8,B3,09,8C,52,0F,00,00,00
309755,0,300,0,0,8,03,5A,64,5A,32,00,32,FA
309755,0,301,0,0,3,C6,0A,00
309755,1,400,0,0,8,01,00,2C,00,00,00,00,00
309775,1,206,0,0,8,00,00,00,00,00,00,00,00
309805,0,300,0,0,8,03,5A,64,5A,32,00,32,FB
309805,0,301,0,0,3,43,0B,00
309835,1,201,0,0,5,48,03,E6,00,62
309835,1,401,0,0,8,16,9E,00,00,E5,07,00,00
309845,1,203,0,0,8,B6,09,14,F7,0C,00,00,00
309855,0,300,0,0,8,03,5A,64,5A,32,00,32,BC
309855,0,301,0,0,3,B5,0C,00
309855,1,400,0,0,8,01,00,2C,00,00,00,00,00
309875,1,206,0,0,8,00,00,00,00,00,00,00,00
309905,0,300,0,0,8,03,5A,64,5A,32,00,32,BD
309905,0,301,0,0,3,4E,0D,00
309935,1,201,0,0,5,48,03,64,00,62
309935,1,401,0,0,8,E6,9D,00,00,B8,06,00,00
309945,1,203,0,0,8,BA,09,C8,ED,03,00,00,00
309955,0,300,0,0,8,03,5A,64,5A,32,00,32,BE
309955,0,301,0,0,3,1D,0E,00
309955,1,400,0,0,8,01,00,2C,00,00,00,00,00
309975,1,206,0,0,8,00,00,00,00,00,00,00,00
310005,0,300,0,0,8,03,5A,64,5A,32,00,32,BF
310005,0,301,0,0,3,E8,0F,00
310035,1,201,0,0,5,48,03,00,00,62
310035,1,401,0,0,8,E6,9D,00,00,B8,06,00,00
310045,1,203,0,0,8,BB,09,00,00,00,00,00,00
310055,0,300,0,0,8,03,5A,64,5A,32,00,32,70
310055,0,301,0,0,3,E2,00,00
310055,1,400,0,0,8,01,00,2C,00,00,00,00,00
310075,1,206,0,0,8,00,00,00,00,00,00,00,00
310105,0,300,0,0,8,03,5A,64,5A,32,00,32,71
310105,0,301,0,0,3,B3,01,00
310125,1,402,0,0,8,58,00,00,00,38,A1,08,00
310135,1,201,0,0,5,52,03,00,00,62
310145,1,401,0,0,8,51,9E,00,00,B8,06,00,00
310145,1,203,0,0,8,B5,09,00,00,00,00,00,00
310155,0,300,0,0,8,03,5A,64,5A,32,00,32,72
310155,0,301,0,0,3,6B,02,00
310165,1,400,0,0,8,01,00,2C,00,00,00,00,00
310175,1,206,0,0,8,00,00,00,00,00,00,00,00
310205,0,300,0,0,8,03,5A,64,5A,32,00,32,73
310205,0,301,0,0,3,96,03,00
310235,1,201,0,0,5,52,03,00,00,62
310245,1,401,0,0,8,51,9E,00,00,D0,05,00,00
310245,1,203,0,0,8,A4,09,00,00,00,00,00,00
310255,0,300,0,0,8,03,5A,64,5A,32,00,32,34
310255,0,301,0,0,3,03,04,00
310265,1,400,0,0,8,01,00,2C,00,00,00,00,00
310275,1,206,0,0,8,00,00,00,00,00,00,00,00
310305,0,300,0,0,8,03,5A,64,5A,32,00,32,35
310305,0,301,0,0,3,54,05,00
310335,1,201,0,0,5,52,03,00,00,62
310345,1,401,0,0,8,51,9E,00,00,D0,05,00,00
310345,1,203,0,0,8,A6,09,00,00,00,00,00,00
310355,0,300,0,0,8,03,5A,64,5A,32,00,32,36
310355,0,301,0,0,3,F5,06,00
310365,1,400,0,0,8,01,00,2C,00,00,00,00,00
310375,1,206,0,0,8,00,00,00,00,00,00,00,00
310405,0,300,0,0,8,03,5A,64,5A,32,00,32,37
310405,0,301,0,0,3,B8,07,00
310435,1,201,0,0,5,52,03,00,00,62
310445,1,401,0,0,8,53,9E,00,00,C4,03,00,00
310445,1,203,0,0,8,A5,09,00,00,00,00,00,00
310455,0,300,0,0,8,03,5A,64,5A,32,00,32,F8
310455,0,301,0,0,3,80,08,00
310465,1,400,0,0,8,01,00,2C,00,00,00,00,00
310475,1,206,0,0,8,00,00,00,00,00,00,00,00
310505,0,300,0,0,8,03,5A,64,5A,32,00,32,F9
310505,0,301,0,0,3,88,09,00
310535,1,201,0,0,5,52,03,00,00,62
310545,1,401,0,0,8,53,9E,00,00,C4,03,00,00
310545,1,203,0,0,8,9F,09,00,00,00,00,00,00
310555,0,300,0,0,8,03,5A,64,5A,32,00,32,FA
310555,0,301,0,0,3,C6,0A,00
310565,1,400,0,0,8,01,00,2C,00,00,00,00,00
310565,1,204,0,0,8,00,00,00,00,00,00,00,00
310575,1,206,0,0,8,00,00,00,00,00,00,00,00
310575,1,202,0,0,8,E2,13,00,00,33,7D,05,00
310605,0,300,0,0,8,03,5A,64,5A,32,00,32,FB
310605,0,301,0,0,3,43,0B,00
310625,1,403,0,0,8,64,00,00,00,40,E3,09,00
310635,1,201,0,0,5,52,03,FE,01,62
310645,1,401,0,0,8,57,9E,00,00,C4,03,00,00
310645,1,203,0,0,8,89,09,60,8C,13,00,00,00
310655,0,300,0,0,8,03,5A,64,5A,32,00,32,BC
310655,0,301,0,0,3,B5,0C,00
310665,1,400,0,0,8,01,00,2C,00,00,00,00,00
310675,1,206,0,0,8,00,00,00,00,00,00,00,00
310705,0,300,0,0,8,03,5A,64,5A,32,00,32,BD
310705,0,301,0,0,3,4E,0D,00
310735,1,201,0,0,5,52,03,FE,01,62
310745,1,401,0,0,8,57,9E,00,00,9E,03,00,00
310745,1,203,0,0,8,88,09,E0,14,15,00,00,00
310755,0,300,0,0,8,03,5A,64,5A,32,00,32,BE
310755,0,301,0,0,3,1D,0E,00
310765,1,400,0,0,8,01,00,2C,00,00,00,00,00
310775,1,206,0,0,8,00,00,00,00,00,00,00,00
310805,0,300,0,0,8,03,5A,64,5A,32,00,32,BF
310805,0,301,0,0,3,E8,0F,00
310835,1,201,0,0,5,52,03,2C,01,62
310845,1,401,0,0,8,57,9E,00,00,9E,03,00,00
310845,1,203,0,0,8,7A,09,60,6A,0D,00,00,00
310855,0,300,0,0,8,03,5A,64,5A,32,00,32,70
310855,0,301,0,0,3,E2,00,00
310865,1,400,0,0,8,01,00,2C,00,00,00,00,00
310875,1,206,0,0,8,00,00,00,00,00,00,00,00
310905,0,300,0,0,8,03,5A,64,5A,32,00,32,71
310905,0,301,0,0,3,B3,01,00
310935,1,201,0,0,5,52,03,0E,01,62
310945,1,401,0,0,8,C9,9D,00,00,E8,05,00,00
310945,1,203,0,0,8,7F,09,C0,7F,0B,00,00,00
310955,0,300,0,0,8,03,5A,64,5A,32,00,32,72
310955,0,301,0,0,3,6B,02,00
310965,1,400,0,0,8,01,00,2C,00,00,00,00,00
310975,1,206,0,0,8,00,00,00,00,00,00,00,00
311005,0,300,0,0,8,03,5A,64,5A,32,00,32,73
311005,0,301,0,0,3,96,03,00
311035,1,201,0,0,5,52,03,D2,00,62
311045,1,401,0,0,8,C9,9D,00,00,E8,05,00,00
311045,1,203,0,0,8,81,09,00,22,06,00,00,00
311055,0,300,0,0,8,03,5A,64,5A,32,00,32,34
311055,0,301,0,0,3,03,04,00
311065,1,400,0,0,8,01,00,2C,00,00,00,00,00
311075,1,206,0,0,8,00,00,00,00,00,00,00,00
311105,0,300,0,0,8,03,5A,64,5A,32,00,32,35
311105,0,301,0,0,3,54,05,00
311125,1,402,0,0,8,58,00,00,00,14,A1,08,00
311135,1,201,0,0,5,3E,03,FE,01,62
311145,1,401,0,0,8,32,9E,00,00,E8,05,00,00
311145,1,203,0,0,8,7E,09,40,2A,13,00,00,00
311155,0,300,0,0,8,03,5A,64,5A,32,00,32,36
311155,0,301,0,0,3,F5,06,00
311165,1,400,0,0,8,01,00,2C,00,00,00,00,00
311175,1,206,0,0,8,00,00,00,00,00,00,00,00
311205,0,300,0,0,8,03,5A,64,5A,32,00,32,37
311205,0,301,0,0,3,B8,07,00
311235,1,201,0,0,5,3E,03,30,02,62
311245,1,401,0,0,8,32,9E,00,00,7E,07,00,00
311245,1,203,0,0,8,82,09,C0,A1,11,00,00,00
311255,0,300,0,0,8,03,5A,64,5A,32,00,32,F8
311255,0,301,0,0,3,80,08,00
311265,1,400,0,0,8,01,00,2C,00,00,00,00,00
311275,1,206,0,0,8,00,00,00,00,00,00,00,00
311275,0,404,0,0,2,4A,00
311275,1,405,0,0,8,4A,00,00,00,06,00,00,00
311305,0,300,0,0,8,03,5A,64,5A,32,00,32,F9
311305,0,301,0,0,3,88,09,00
311315,0,404,0,0,2,02,30
311315,1,405,0,0,7,02,30,00,00,00,00,00
311335,0,404,0,0,2,44,00
311335,1,405,0,0,6,44,00,00,00,50,46
311335,1,201,0,0,5,3E,03,86,01,62
311345,1,401,0,0,8,32,9E,00,00,7E,07,00,00
311355,1,203,0,0,8,88,09,E0,F2,0E,00,00,00
311355,0,300,0,0,8,03,5A,64,5A,32,00,32,FA
311355,0,301,0,0,3,C6,0A,00
311365,1,400,0,0,8,01,00,2C,00,00,00,00,00
311365,0,404,0,0,2,01,00
311365,1,405,0,0,8,01,00,00,00,00,04,06,04
311375,1,206,0,0,8,00,00,00,00,00,00,00,00
311395,0,404,0,0,2,A3,01
311395,1,405,0,0,5,A3,01,00,00,06
311405,0,300,0,0,8,03,5A,64,5A,32,00,32,FB
311405,0,301,0,0,3,43,0B,00
311425,0,404,0,0,2,20,00
311435,1,405,0,0,8,20,00,00,00,32,33,36,47
311435,1,201,0,0,5,3E,03,FA,00,62
311445,1,401,0,0,8,BF,9D,00,00,65,06,00,00
311455,1,203,0,0,8,8B,09,20,95,09,00,00,00
311455,0,300,0,0,8,03,5A,64,5A,32,00,32,BC
311455,0,301,0,0,3,B5,0C,00
311465,1,400,0,0,8,01,00,2C,00,00,00,00,00
311465,0,404,0,0,2,21,00
311465,1,405,0,0,8,21,00,00,00,35,4C,41,31
311475,1,206,0,0,8,00,00,00,00,00,00,00,00
311495,0,404,0,0,2,22,00
311495,1,405,0,0,8,22,00,00,00,30,30,34,52
311505,0,300,0,0,8,03,5A,64,5A,32,00,32,BD
311505,0,301,0,0,3,4E,0D,00
311525,0,404,0,0,2,23,00
311525,1,405,0,0,8,23,00,00,00,4D,30,30,30
311535,1,201,0,0,5,3E,03,DC,00,62
311545,1,401,0,0,8,BF,9D,00,00,65,06,00,00
311555,1,203,0,0,8,93,09,60,48,07,00,00,00
311555,0,404,0,0,2,24,00
311555,0,300,0,0,8,03,5A,64,5A,32,00,32,BE
311555,0,301,0,0,3,1D,0E,00
311555,1,405,0,0,8,24,00,00,00,30,30,30,30
311565,1,204,0,0,8,00,00,00,00,00,00,00,00
311565,1,400,0,0,8,01,00,2C,00,00,00,00,00
311575,1,206,0,0,8,00,00,00,00,00,00,00,00
311575,1,202,0,0,8,E2,14,00,00,35,7D,05,00
311585,0,404,0,0,2,25,00
311585,1,666,0,0,8,52,08,05,00,52,95,36,02
311585,1,405,0,0,8,25,00,00,00,30,30,30,30
311595,1,665,0,0,8,00,00,00,53,4C,18,53,00
311605,0,300,0,0,8,03,5A,64,5A,32,00,32,BF
311605,0,301,0,0,3,E8,0F,00
311615,1,200,0,0,8,58,00,A0,A2,08,00,01,00
311625,0,404,0,0,2,26,00
311625,1,403,0,0,8,64,00,00,00,40,E3,09,00
311625,1,405,0,0,8,26,00,00,00,30,30,30,30
311635,1,201,0,0,5,3E,03,FE,01,62
311645,1,401,0,0,8,18,9E,00,00,65,06,00,00
311645,0,404,0,0,2,27,00
311645,1,405,0,0,6,27,00,00,00,30,30
311655,1,203,0,0,8,99,09,00,00,00,00,00,00
311655,0,300,0,0,8,03,5A,64,5A,32,00,32,70
311655,0,301,0,0,3,E2,00,00
311665,1,400,0,0,8,01,00,2C,00,00,00,00,00
311675,1,206,0,0,8,00,00,00,00,00,00,00,00
311675,0,404,0,0,2,4C,00
311685,1,405,0,0,8,4C,00,00,00,00,24,00,00
311705,0,300,0,0,8,03,5A,64,5A,32,00,32,71
311705,0,301,0,0,3,B3,01,00
311715,0,404,0,0,2,46,00
311715,1,405,0,0,5,46,00,00,00,00
311735,1,201,0,0,5,3E,03,26,02,62
311745,0,404,0,0,2,4D,00
311745,1,405,0,0,8,4D,00,00,00,00,00,00,00
311745,1,401,0,0,8,18,9E,00,00,96,07,00,00
311755,1,203,0,0,8,99,09,80,FF,16,00,00,00
311755,0,300,0,0,8,03,5A,64,5A,32,00,32,72
311755,0,301,0,0,3,6B,02,00
311765,1,400,0,0,8,01,00,2C,00,00,00,00,00
311775,1,206,0,0,8,00,00,00,00,00,00,00,00
311775,0,404,0,0,2,50,00
311775,1,405,0,0,8,50,00,00,00,7F,00,7E,00
311805,0,404,0,0,2,02,00
311805,0,300,0,0,8,03,5A,64,5A,32,00,32,73
311805,0,301,0,0,3,96,03,00
311805,1,405,0,0,8,02,00,00,00,53,49,43,54
311835,0,404,0,0,2,0A,00
311835,1,405,0,0,8,0A,00,00,00,30,3A,00,00
311835,1,201,0,0,5,3E,03,4A,01,62
311845,1,401,0,0,8,18,9E,00,00,96,07,00,00
311855,1,203,0,0,8,A2,09,80,92,0C,00,00,00
311855,0,300,0,0,8,03,5A,64,5A,32,00,32,34
311855,0,301,0,0,3,03,04,00
311865,1,400,0,0,8,01,00,2C,00,00,00,00,00
311865,0,404,0,0,2,04,00
311865,1,405,0,0,7,04,00,00,00,16,09,02
311875,1,206,0,0,8,00,00,00,00,00,00,00,00
311895,0,404,0,0,2,B0,01
311895,1,405,0,0,6,B0,01,00,00,00,00
311905,0,300,0,0,8,03,5A,64,5A,32,00,32,35
311905,0,301,0,0,3,54,05,00
311935,0,404,0,0,2,B1,01
311935,1,405,0,0,6,B1,01,00,00,00,00
311935,1,201,0,0,5,3E,03,BE,00,62
311945,1,401,0,0,8,C3,9D,00,00,1C,07,00,00
311955,1,203,0,0,8,9C,09,D4,AD,06,00,00,00
311955,0,300,0,0,8,03,5A,64,5A,32,00,32,36
311955,0,301,0,0,3,F5,06,00
311965,1,400,0,0,8,01,00,2C,00,00,00,00,00
311975,1,206,0,0,8,00,00,00,00,00,00,00,00
312005,0,300,0,0,8,03,5A,64,5A,32,00,32,37
312005,0,301,0,0,3,B8,07,00
312035,1,201,0,0,5,48,03,00,00,62
312045,1,401,0,0,8,C3,9D,00,00,1C,07,00,00
312055,1,203,0,0,8,99,09,00,00,00,00,00,00
312055,0,300,0,0,8,03,5A,64,5A,32,00,32,F8
312055,0,301,0,0,3,80,08,00
312065,1,400,0,0,8,01,00,2C,00,00,00,00,00
312075,1,206,0,0,8,00,00,00,00,00,00,00,00
312105,0,300,0,0,8,03,5A,64,5A,32,00,32,F9
312105,0,301,0,0,3,88,09,00
312125,1,402,0,0,8,58,00,00,00,14,A1,08,00
312135,1,201,0,0,5,48,03,0C,03,62
312145,1,401,0,0,8,47,9E,00,00,1C,07,00,00
312155,1,203,0,0,8,99,09,40,3B,16,00,00,00
312155,0,300,0,0,8,03,5A,64,5A,32,00,32,FA
312155,0,301,0,0,3,C6,0A,00
312165,1,400,0,0,8,01,00,2C,00,00,00,00,00
312175,1,206,0,0,8,00,00,00,00,00,00,00,00
312205,0,300,0,0,8,03,5A,64,5A,32,00,32,FB
312205,0,301,0,0,3,43,0B,00
312235,1,201,0,0,5,48,03,F4,01,62
312245,1,401,0,0,8,47,9E,00,00,55,07,00,00
312255,1,203,0,0,8,9B,09,80,EE,13,00,00,00
312255,0,300,0,0,8,03,5A,64,5A,32,00,32,BC
312255,0,301,0,0,3,B5,0C,00
312265,1,400,0,0,8,01,00,2C,00,00,00,00,00
312275,1,206,0,0,8,00,00,00,00,00,00,00,00
312305,0,300,0,0,8,03,5A,64,5A,32,00,32,BD
312305,0,301,0,0,3,4E,0D,00
312335,1,201,0,0,5,48,03,E0,01,62
312345,1,401,0,0,8,47,9E,00,00,55,07,00,00
312355,1,203,0,0,8,9F,09,A4,D2,14,00,00,00
312355,0,300,0,0,8,03,5A,64,5A,32,00,32,BE
312355,0,301,0,0,3,1D,0E,00
312365,1,400,0,0,8,01,00,2C,00,00,00,00,00
312375,1,206,0,0,8,00,00,00,00,00,00,00,00
312405,0,300,0,0,8,03,5A,64,5A,32,00,32,BF
312405,0,301,0,0,3,E8,0F,00
312435,1,201,0,0,5,48,03,A0,00,62
312445,1,401,0,0,8,85,9D,00,00,49,07,00,00
312455,1,203,0,0,8,A0,09,68,12,07,00,00,00
312455,0,300,0,0,8,03,5A,64,5A,32,00,32,70
312455,0,301,0,0,3,E2,00,00
312465,1,400,0,0,8,01,00,2C,00,00,00,00,00
312475,1,206,0,0,8,00,00,00,00,00,00,00,00
312505,0,300,0,0,8,03,5A,64,5A,32,00,32,71
312505,0,301,0,0,3,B3,01,00
312535,1,201,0,0,5,48,03,FA,00,62
312545,1,401,0,0,8,85,9D,00,00,49,07,00,00
312555,1,203,0,0,8,A5,09,5C,52,04,00,00,00
312555,0,300,0,0,8,03,5A,64,5A,32,00,32,72
312555,0,301,0,0,3,6B,02,00
312565,1,204,0,0,8,00,00,00,00,00,00,00,00
312565,1,400,0,0,8,01,00,2C,00,00,00,00,00
312575,1,206,0,0,8,00,00,00,00,00,00,00,00
312575,1,202,0,0,8,E2,14,00,00,37,7D,05,00
312605,0,300,0,0,8,03,5A,64,5A,32,00,32,73
312605,0,301,0,0,3,96,03,00
312625,1,403,0,0,8,64,00,00,00,40,E3,09,00
312635,1,201,0,0,5,48,03,9A,01,62
312645,1,401,0,0,8,18,9E,00,00,49,07,00,00
312655,1,203,0,0,8,B3,09,00,00,00,00,00,00
312655,0,300,0,0,8,03,5A,64,5A,32,00,32,34
312655,0,301,0,0,3,03,04,00
312665,1,400,0,0,8,01,00,2C,00,00,00,00,00
312675,1,206,0,0,8,00,00,00,00,00,00,00,00
312705,0,300,0,0,8,03,5A,64,5A,32,00,32,35
312705,0,301,0,0,3,54,05,00
312735,1,201,0,0,5,48,03,4A,01,62
312745,1,401,0,0,8,18,9E,00,00,AF,08,00,00
312755,1,203,0,0,8,B2,09,30,00,0B,00,00,00
312755,0,300,0,0,8,03,5A,64,5A,32,00,32,36
312755,0,301,0,0,3,F5,06,00
312765,1,400,0,0,8,01,00,2C,00,00,00,00,00
312775,1,206,0,0,8,00,00,00,00,00,00,00,00
312805,0,300,0,0,8,03,5A,64,5A,32,00,32,37
312805,0,301,0,0,3,B8,07,00
312835,1,201,0,0,5,48,03,96,00,62
312845,1,401,0,0,8,18,9E,00,00,AF,08,00,00
312855,1,203,0,0,8,B5,09,90,DB,07,00,00,00
312855,0,300,0,0,8,03,5A,64,5A,32,00,32,F8
312855,0,301,0,0,3,80,08,00
312865,1,400,0,0,8,01,00,2C,00,00,00,00,00
312875,1,206,0,0,8,00,00,00,00,00,00,00,00
312905,0,300,0,0,8,03,5A,64,5A,32,00,32,F9
312905,0,301,0,0,3,88,09,00
312935,1,201,0,0,5,52,03,00,00,62
312945,1,401,0,0,8,1E,9E,00,00,37,06,00,00
312955,1,203,0,0,8,AE,09,00,00,00,00,00,00
312955,0,300,0,0,8,03,5A,64,5A,32,00,32,FA
312955,0,301,0,0,3,C6,0A,00
312965,1,400,0,0,8,01,00,2C,00,00,00,00,00
312975,1,206,0,0,8,00,00,00,00,00,00,00,00
313005,0,300,0,0,8,03,5A,64,5A,32,00,32,FB
313005,0,301,0,0,3,43,0B,00
313035,1,201,0,0,5,52,03,00,00,62
313045,1,401,0,0,8,1E,9E,00,00,37,06,00,00
313055,1,203,0,0,8,AC,09,00,00,00,00,00,00
313055,0,300,0,0,8,03,5A,64,5A,32,00,32,BC
313055,0,301,0,0,3,B5,0C,00
313065,1,400,0,0,8,01,00,2C,00,00,00,00,00
313075,1,206,0,0,8,00,00,00,00,00,00,00,00
313105,0,300,0,0,8,03,5A,64,5A,32,00,32,BD
313105,0,301,0,0,3,4E,0D,00
313125,1,402,0,0,8,58,00,00,00,F0,A0,08,00
313135,1,201,0,0,5,52,03,18,01,62
313145,1,401,0,0,8,2C,9E,00,00,37,06,00,00
313155,1,203,0,0,8,A3,09,80,92,0C,00,00,00
313155,0,300,0,0,8,03,5A,64,5A,32,00,32,BE
313155,0,301,0,0,3,1D,0E,00
313165,1,400,0,0,8,01,00,2C,00,00,00,00,00
313175,1,206,0,0,8,00,00,00,00,00,00,00,00
313205,0,300,0,0,8,03,5A,64,5A,32,00,32,BF
313205,0,301,0,0,3,E8,0F,00
313235,1,201,0,0,5,52,03,40,01,62
313245,1,401,0,0,8,2C,9E,00,00,DE,04,00,00
313255,1,203,0,0,8,A0,09,14,F7,0C,00,00,00
313255,0,300,0,0,8,03,5A,64,5A,32,00,32,70
313255,0,301,0,0,3,E2,00,00
313265,1,400,0,0,8,01,00,2C,00,00,00,00,00
313275,1,206,0,0,8,00,00,00,00,00,00,00,00
313305,0,300,0,0,8,03,5A,64,5A,32,00,32,71
313305,0,301,0,0,3,B3,01,00
313335,1,201,0,0,5,52,03,FA,00,62
313345,1,401,0,0,8,2C,9E,00,00,DE,04,00,00
313355,1,203,0,0,8,A1,09,EC,2D,0C,00,00,00
313355,0,300,0,0,8,03,5A,64,5A,32,00,32,72
313355,0,301,0,0,3,6B,02,00
313365,1,400,0,0,8,01,00,2C,00,00,00,00,00
313375,1,206,0,0,8,00,00,00,00,00,00,00,00
313405,0,300,0,0,8,03,5A,64,5A,32,00,32,73
313405,0,301,0,0,3,96,03,00
313435,1,201,0,0,5,52,03,00,00,62
313445,1,401,0,0,8,EA,9D,00,00,8C,05,00,00
313455,1,203,0,0,8,97,09,00,00,00,00,00,00
313455,0,300,0,0,8,03,5A,64,5A,32,00,32,34
313455,0,301,0,0,3,03,04,00
313465,1,400,0,0,8,01,00,2C,00,00,00,00,00
313475,1,206,0,0,8,00,00,00,00,00,00,00,00
313505,0,300,0,0,8,03,5A,64,5A,32,00,32,35
313505,0,301,0,0,3,54,05,00
313535,1,201,0,0,5,52,03,9A,01,62
313545,1,401,0,0,8,EA,9D,00,00,8C,05,00,00
313555,1,203,0,0,8,9B,09,00,00,00,00,00,00
313555,0,300,0,0,8,03,5A,64,5A,32,00,32,36
313555,0,301,0,0,3,F5,06,00
313565,1,204,0,0,8,00,00,00,00,00,00,00,00
313565,1,400,0,0,8,01,00,2C,00,00,00,00,00
313575,1,206,0,0,8,00,00,00,00,00,00,00,00
313575,1,202,0,0,8,E2,15,00,00,39,7D,05,00
313605,0,300,0,0,8,03,5A,64,5A,32,00,32,37
313605,0,301,0,0,3,B8,07,00
313625,1,403,0,0,8,64,00,00,00,40,E3,09,00
313635,1,201,0,0,5,52,03,B8,01,62
313645,1,401,0,0,8,1E,9E,00,00,8C,05,00,00
313655,1,203,0,0,8,A8,09,70,49,11,00,00,00
313655,0,300,0,0,8,03,5A,64,5A,32,00,32,F8
313655,0,301,0,0,3,80,08,00
313665,1,400,0,0,8,01,00,2C,00,00,00,00,00
313675,1,206,0,0,8,00,00,00,00,00,00,00,00
313705,0,300,0,0,8,03,5A,64,5A,32,00,32,F9
313705,0,301,0,0,3,88,09,00
313735,1,201,0,0,5,52,03,8C,00,62
313745,1,401,0,0,8,1E,9E,00,00,A0,05,00,00
313755,1,203,0,0,8,A6,09,4C,09,09,00,00,00
313755,0,300,0,0,8,03,5A,64,5A,32,00,32,FA
313755,0,301,0,0,3,C6,0A,00
313765,1,400,0,0,8,01,00,2C,00,00,00,00,00
313775,1,206,0,0,8,00,00,00,00,00,00,00,00
313805,0,300,0,0,8,03,5A,64,5A,32,00,32,FB
313805,0,301,0,0,3,43,0B,00
313835,1,201,0,0,5,48,03,A0,00,62
313845,1,401,0,0,8,1E,9E,00,00,A0,05,00,00
313855,1,203,0,0,8,A0,09,84,1B,05,00,00,00
313855,0,300,0,0,8,03,5A,64,5A,32,00,32,BC
313855,0,301,0,0,3,B5,0C,00
313865,1,400,0,0,8,01,00,2C,00,00,00,00,00
313875,1,206,0,0,8,00,00,00,00,00,00,00,00
313905,0,300,0,0,8,03,5A,64,5A,32,00,32,BD
313905,0,301,0,0,3,4E,0D,00
313935,1,201,0,0,5,48,03,00,00,62
313945,1,401,0,0,8,4F,9E,00,00,98,05,00,00
313955,1,203,0,0,8,A4,09,68,12,07,00,00,00
313955,0,300,0,0,8,03,5A,64,5A,32,00,32,BE
313955,0,301,0,0,3,1D,0E,00
313965,1,400,0,0,8,01,00,2C,00,00,00,00,00
313975,1,206,0,0,8,00,00,00,00,00,00,00,00
314005,0,300,0,0,8,03,5A,64,5A,32,00,32,BF
314005,0,301,0,0,3,E8,0F,00
314035,1,201,0,0,5,48,03,00,00,62
314045,1,401,0,0,8,4F,9E,00,00,98,05,00,00
314055,1,203,0,0,8,A3,09,00,00,00,00,00,00
314055,0,300,0,0,8,03,5A,64,5A,32,00,32,70
314055,0,301,0,0,3,E2,00,00
314065,1,400,0,0,8,01,00,2C,00,00,00,00,00
314075,1,206,0,0,8,00,00,00,00,00,00,00,00
314105,0,300,0,0,8,03,5A,64,5A,32,00,32,71
314105,0,301,0,0,3,B3,01,00
314125,1,402,0,0,8,58,00,00,00,F0,A0,08,00
314135,1,201,0,0,5,48,03,E6,00,62
314145,1,401,0,0,8,28,9E,00,00,98,05,00,00
314155,1,203,0,0,8,A0,09,8C,52,0F,00,00,00
314155,0,300,0,0,8,03,5A,64,5A,32,00,32,72
314155,0,301,0,0,3,6B,02,00
314165,1,400,0,0,8,01,00,2C,00,00,00,00,00
314175,1,206,0,0,8,00,00,00,00,00,00,00,00
314205,0,300,0,0,8,03,5A,64,5A,32,00,32,73
314205,0,301,0,0,3,96,03,00
314235,1,201,0,0,5,48,03,72,01,62
314245,1,401,0,0,8,28,9E,00,00,3C,04,00,00
314255,1,203,0,0,8,9F,09,14,F7,0C,00,00,00
314255,0,300,0,0,8,03,5A,64,5A,32,00,32,34
314255,0,301,0,0,3,03,04,00
314265,1,400,0,0,8,01,00,2C,00,00,00,00,00
314275,1,206,0,0,8,00,00,00,00,00,00,00,00
314305,0,300,0,0,8,03,5A,64,5A,32,00,32,35
314305,0,301,0,0,3,54,05,00
314335,1,201,0,0,5,48,03,04,01,62
314345,1,401,0,0,8,28,9E,00,00,3C,04,00,00
314355,1,203,0,0,8,9B,09,00,00,00,00,00,00
314355,0,300,0,0,8,03,5A,64,5A,32,00,32,36
314355,0,301,0,0,3,F5,06,00
314365,1,400,0,0,8,01,00,2C,00,00,00,00,00
314375,1,206,0,0,8,00,00,00,00,00,00,00,00
314405,0,300,0,0,8,03,5A,64,5A,32,00,32,37
314405,0,301,0,0,3,B8,07,00
314435,1,201,0,0,5,48,03,00,00,62
314445,1,401,0,0,8,00,9E,00,00,54,05,00,00
314455,1,203,0,0,8,93,09,00,00,00,00,00,00
314455,0,300,0,0,8,03,5A,64,5A,32,00,32,F8
314455,0,301,0,0,3,80,08,00
314465,1,400,0,0,8,01,00,2C,00,00,00,00,00
314475,1,206,0,0,8,00,00,00,00,00,00,00,00
314505,0,300,0,0,8,03,5A,64,5A,32,00,32,F9
314505,0,301,0,0,3,88,09,00
314535,1,201,0,0,5,48,03,00,00,62
314555,1,401,0,0,8,00,9E,00,00,54,05,00,00
314555,1,203,0,0,8,85,09,00,00,00,00,00,00
314555,0,300,0,0,8,03,5A,64,5A,32,00,32,FA
314555,0,301,0,0,3,C6,0A,00
314565,1,204,0,0,8,00,00,00,00,00,00,00,00
314575,1,400,0,0,8,01,00,2C,00,00,00,00,00
314575,1,206,0,0,8,00,00,00,00,00,00,00,00
314575,1,202,0,0,8,E2,13,00,00,3C,7D,05,00
314585,1,666,0,0,8,52,08,05,00,52,95,36,02
314595,1,665,0,0,8,00,00,00,53,4C,18,53,00
314605,0,300,0,0,8,03,5A,64,5A,32,00,32,FB
314605,0,301,0,0,3,43,0B,00
314615,1,200,0,0,8,58,00,78,A2,08,00,02,00
314635,1,403,0,0,8,64,00,00,00,40,E3,09,00
314635,1,201,0,0,5,48,03,CC,01,62
314655,1,401,0,0,8,26,9E,00,00,54,05,00,00
314655,1,203,0,0,8,89,09,C0,A1,11,00,00,00
314655,0,300,0,0,8,03,5A,64,5A,32,00,32,BC
314655,0,301,0,0,3,B5,0C,00
314675,1,400,0,0,8,01,00,2C,00,00,00,00,00
314675,1,206,0,0,8,00,00,00,00,00,00,00,00
314705,0,300,0,0,8,03,5A,64,5A,32,00,32,BD
314705,0,301,0,0,3,4E,0D,00
314735,1,201,0,0,5,48,03,04,01,62
314755,1,401,0,0,8,26,9E,00,00,48,05,00,00
314755,1,203,0,0,8,7C,09,80,BB,0A,00,00,00
314755,0,300,0,0,8,03,5A,64,5A,32,00,32,BE
314755,0,301,0,0,3,1D,0E,00
314775,1,400,0,0,8,01,00,2C,00,00,00,00,00
314775,1,206,0,0,8,00,00,00,00,00,00,00,00
314805,0,300,0,0,8,03,5A,64,5A,32,00,32,BF
314805,0,301,0,0,3,E8,0F,00
314835,1,201,0,0,5,3E,03,3C,00,62
314855,1,401,0,0,8,26,9E,00,00,48,05,00,00
314855,1,203,0,0,8,6B,09,20,73,03,00,00,00
314855,0,300,0,0,8,03,5A,64,5A,32,00,32,70
314855,0,301,0,0,3,E2,00,00
314875,1,400,0,0,8,01,00,2C,00,00,00,00,00
314875,1,206,0,0,8,00,00,00,00,00,00,00,00
314905,0,300,0,0,8,03,5A,64,5A,32,00,32,71
314905,0,301,0,0,3,B3,01,00
314935,1,201,0,0,5,3E,03,46,00,62
314955,1,401,0,0,8,43,9E,00,00,C1,05,00,00
314955,1,203,0,0,8,EB,05,A4,32,01,00,00,00
314955,0,300,0,0,8,03,5A,64,5A,32,00,32,72
314955,0,301,0,0,3,6B,02,00
314975,1,400,0,0,8,01,00,2C,00,00,00,00,00
314975,1,206,0,0,8,00,00,00,00,00,00,00,00
315005,0,300,0,0,8,03,5A,64,5A,32,00,32,73
315005,0,301,0,0,3,96,03,00
315035,1,201,0,0,5,3E,03,00,00,62
315055,1,401,0,0,8,43,9E,00,00,C1,05,00,00
315055,1,203,0,0,8,54,04,00,00,00,00,00,00
315055,0,300,0,0,8,03,5A,64,5A,32,00,32,34
315055,0,301,0,0,3,03,04,00
315075,1,400,0,0,8,01,00,2C,00,00,00,00,00
315075,1,206,0,0,8,00,00,00,00,00,00,00,00
315105,0,300,0,0,8,03,5A,64,5A,32,00,32,35
315105,0,301,0,0,3,54,05,00
315135,1,402,0,0,8,58,00,00,00,CC,A0,08,00
315135,1,201,0,0,5,3E,03,00,00,62
315155,1,401,0,0,8,7D,9E,00,00,C1,05,00,00
315155,1,203,0,0,8,35,02,00,00,00,00,00,00
315155,0,300,0,0,8,03,5A,64,5A,32,00,32,36
315155,0,301,0,0,3,F5,06,00
315175,1,400,0,0,8,01,00,2C,00,00,00,00,00
315175,1,206,0,0,8,00,00,00,00,00,00,00,00
315205,0,300,0,0,8,03,5A,64,5A,32,00,32,37
315205,0,301,0,0,3,B8,07,00
315235,1,201,0,0,5,3E,03,00,00,62
315255,1,203,0,0,8,35,02,00,00,00,00,00,00
315255,1,401,0,0,8,7D,9E,00,00,E4,03,00,00
315255,0,300,0,0,8,03,5A,64,5A,32,00,32,F8
315255,0,301,0,0,3,80,08,00
315275,1,400,0,0,8,01,00,2C,00,00,00,00,00
315275,1,206,0,0,8,00,00,00,00,00,00,00,00
315305,0,300,0,0,8,03,5A,64,5A,32,00,32,F9
315305,0,301,0,0,3,88,09,00
315335,1,201,0,0,5,3E,03,00,00,62
315355,1,203,0,0,8,35,02,00,00,00,00,00,00
315355,1,401,0,0,8,7D,9E,00,00,E4,03,00,00
315355,0,300,0,0,8,03,5A,64,5A,32,00,32,FA
315355,0,301,0,0,3,C6,0A,00
315375,1,400,0,0,8,01,00,2C,00,00,00,00,00
315375,1,206,0,0,8,00,00,00,00,00,00,00,00
315405,0,300,0,0,8,03,5A,64,5A,32,00,32,FB
315405,0,301,0,0,3,43,0B,00
315435,1,201,0,0,5,3E,03,00,00,62
315455,1,203,0,0,8,00,00,00,00,00,00,00,00
315455,1,401,0,0,8,7B,9E,00,00,77,02,00,00
315455,0,300,0,0,8,03,5A,64,5A,32,00,32,BC
315455,0,301,0,0,3,B5,0C,00
315475,1,400,0,0,8,01,00,2C,00,00,00,00,00
315475,1,206,0,0,8,00,00,00,00,00,00,00,00
315505,0,300,0,0,8,03,5A,64,5A,32,00,32,BD
315505,0,301,0,0,3,4E,0D,00
315535,1,201,0,0,5,3E,03,00,00,62
315555,1,203,0,0,8,00,00,00,00,00,00,00,00
315555,1,401,0,0,8,7B,9E,00,00,77,02,00,00
315555,0,300,0,0,8,03,5A,64,5A,32,00,32,BE
315555,0,301,0,0,3,1D,0E,00
315565,1,204,0,0,8,00,00,00,00,00,00,00,00
315575,1,400,0,0,8,01,00,2C,00,00,00,00,00
315575,1,206,0,0,8,00,00,00,00,00,00,00,00
315575,1,202,0,0,8,E2,13,00,00,3E,7D,05,00
315605,0,300,0,0,8,03,5A,64,5A,32,00,32,BF
315605,0,301,0,0,3,E8,0F,00
315635,1,403,0,0,8,64,00,00,00,40,E3,09,00
315635,1,201,0,0,5,3E,03,00,00,62
315655,1,203,0,0,8,00,00,00,00,00,00,00,00
315655,1,401,0,0,8,BA,9E,00,00,77,02,00,00
315655,0,300,0,0,8,03,5A,64,5A,32,00,32,70
315655,0,301,0,0,3,E2,00,00
315675,1,400,0,0,8,01,00,2C,00,00,00,00,00
315675,1,206,0,0,8,00,00,00,00,00,00,00,00
315705,0,300,0,0,8,03,5A,64,5A,32,00,32,71
315705,0,301,0,0,3,B3,01,00
315735,1,201,0,0,5,3E,03,00,00,62
315755,1,203,0,0,8,00,00,00,00,00,00,00,00
315755,1,401,0,0,8,BA,9E,00,00,44,01,00,00
315755,0,300,0,0,8,03,5A,64,5A,32,00,32,72
315755,0,301,0,0,3,6B,02,00
315775,1,400,0,0,8,01,00,2C,00,00,00,00,00
315775,1,206,0,0,8,00,00,00,00,00,00,00,00
315805,0,300,0,0,8,03,5A,64,5A,32,00,32,73
315805,0,301,0,0,3,96,03,00
315835,1,201,0,0,5,02,03,00,00,62
315855,1,203,0,0,8,00,00,00,00,00,00,00,00
315855,1,401,0,0,8,BA,9E,00,00,44,01,00,00
315855,0,300,0,0,8,03,5A,64,5A,32,00,32,34
315855,0,301,0,0,3,03,04,00
315875,1,400,0,0,8,01,00,2C,00,00,00,00,00
315875,1,206,0,0,8,00,00,00,00,00,00,00,00
315905,0,300,0,0,8,03,5A,64,5A,32,00,32,35
315905,0,301,0,0,3,54,05,00
315935,1,201,0,0,5,02,03,00,00,62
315955,1,203,0,0,8,00,00,00,00,00,00,00,00
315955,1,401,0,0,8,BA,9E,00,00,46,00,00,00
315955,0,300,0,0,8,03,5A,64,5A,32,00,32,36
315955,0,301,0,0,3,F5,06,00
315975,1,400,0,0,8,01,00,0C,00,00,00,00,00
315975,1,206,0,0,8,00,00,00,00,00,00,00,00
316005,0,300,0,0,8,03,5A,64,5A,32,00,32,37
316005,0,301,0,0,3,B8,07,00
316035,1,201,0,0,5,02,03,00,00,62
316055,1,203,0,0,8,00,00,00,00,00,00,00,00
316055,1,401,0,0,8,BA,9E,00,00,46,00,00,00
316055,0,300,0,0,8,03,5A,64,5A,32,00,32,F8
316055,0,301,0,0,3,80,08,00
316075,1,400,0,0,8,01,00,0C,00,00,00,00,00
316075,1,206,0,0,8,00,00,00,00,00,00,00,00
316105,0,300,0,0,8,03,5A,64,5A,32,00,32,F9
316105,0,301,0,0,3,88,09,00
316135,1,402,0,0,8,58,00,00,00,CC,A0,08,00
316135,1,201,0,0,5,02,03,00,00,62
316155,1,203,0,0,8,00,00,00,00,00,00,00,00
316155,1,401,0,0,8,BC,9E,00,00,46,00,00,00
316155,0,300,0,0,8,03,5A,64,5A,32,00,32,FA
316155,0,301,0,0,3,C6,0A,00
316175,1,400,0,0,8,01,00,0C,00,00,00,00,00
316175,1,206,0,0,8,00,00,00,00,00,00,00,00
316205,0,300,0,0,8,03,5A,64,5A,32,00,32,FB
316205,0,301,0,0,3,43,0B,00
316235,1,201,0,0,5,02,03,00,00,62
316255,1,203,0,0,8,00,00,00,00,00,00,00,00
316255,1,401,0,0,8,BC,9E,00,00,46,00,00,00
316255,0,300,0,0,8,03,5A,64,5A,32,00,32,BC
316255,0,301,0,0,3,B5,0C,00
316275,1,400,0,0,8,01,00,0C,00,00,00,00,00
316275,1,206,0,0,8,00,00,00,00,00,00,00,00
316305,0,300,0,0,8,03,5A,64,5A,32,00,32,BD
316305,0,301,0,0,3,4E,0D,00
316335,1,201,0,0,5,02,03,00,00,62
316355,1,203,0,0,8,00,00,00,00,00,00,00,00
316355,1,401,0,0,8,BC,9E,00,00,46,00,00,00
316355,0,300,0,0,8,03,5A,64,5A,32,00,32,BE
316355,0,301,0,0,3,1D,0E,00
316375,1,400,0,0,8,01,00,0C,00,00,00,00,00
316375,1,206,0,0,8,00,00,00,00,00,00,00,00
316405,0,300,0,0,8,03,5A,64,5A,32,00,32,BF
316405,0,301,0,0,3,E8,0F,00
316435,1,201,0,0,5,02,03,00,00,62
316455,1,203,0,0,8,00,00,00,00,00,00,00,00
316455,1,401,0,0,8,BE,9E,00,00,46,00,00,00
316455,0,300,0,0,8,03,5A,64,5A,32,00,32,70
316455,0,301,0,0,3,E2,00,00
316475,1,400,0,0,8,01,00,0C,00,00,00,00,00
316475,1,206,0,0,8,00,00,00,00,00,00,00,00
316505,0,300,0,0,8,03,5A,64,5A,32,00,32,71
316505,0,301,0,0,3,B3,01,00
316535,1,201,0,0,5,02,03,00,00,62
316555,1,203,0,0,8,00,00,00,00,00,00,00,00
316555,1,401,0,0,8,BE,9E,00,00,46,00,00,00
316555,0,300,0,0,8,03,5A,64,5A,32,00,32,72
316555,0,301,0,0,3,6B,02,00
316565,1,204,0,0,8,00,00,00,00,00,00,00,00
316575,1,400,0,0,8,01,00,0C,00,00,00,00,00
316575,1,206,0,0,8,00,00,00,00,00,00,00,00
316575,1,202,0,0,8,E2,14,00,00,40,7D,05,00
316605,0,300,0,0,8,03,5A,64,5A,32,00,32,73
316605,0,301,0,0,3,96,03,00
316635,1,403,0,0,8,64,00,00,00,40,E3,09,00
316635,1,201,0,0,5,02,03,00,00,62
316655,1,203,0,0,8,00,00,00,00,00,00,00,00
316655,1,401,0,0,8,BC,9E,00,00,46,00,00,00
316655,0,300,0,0,8,03,5A,64,5A,32,00,32,34
316655,0,301,0,0,3,03,04,00
316675,1,400,0,0,8,01,00,0C,00,00,00,00,00
316675,1,206,0,0,8,00,00,00,00,00,00,00,00
316705,0,300,0,0,8,03,5A,64,5A,32,00,32,35
316705,0,301,0,0,3,54,05,00
316735,1,201,0,0,5,02,03,00,00,62
316755,1,203,0,0,8,00,00,00,00,00,00,00,00
316755,1,401,0,0,8,BC,9E,00,00,46,00,00,00
316755,0,300,0,0,8,03,5A,64,5A,32,00,32,36
316755,0,301,0,0,3,F5,06,00
316775,1,400,0,0,8,01,00,0C,00,00,00,00,00
316775,1,206,0,0,8,00,00,00,00,00,00,00,00
316805,0,300,0,0,8,03,5A,64,5A,32,00,32,37
316805,0,301,0,0,3,B8,07,00
316845,1,201,0,0,5,02,03,00,00,62
316855,1,203,0,0,8,00,00,00,00,00,00,00,00
316855,1,401,0,0,8,BC,9E,00,00,46,00,00,00
316855,0,300,0,0,8,03,5A,64,5A,32,00,32,F8
316855,0,301,0,0,3,80,08,00
316875,1,400,0,0,8,01,00,0C,00,00,00,00,00
316875,1,206,0,0,8,00,00,00,00,00,00,00,00
316905,0,300,0,0,8,03,5A,64,5A,32,00,32,F9
316905,0,301,0,0,3,88,09,00
316945,1,201,0,0,5,02,03,00,00,62
316955,1,203,0,0,8,00,00,00,00,00,00,00,00
316955,1,401,0,0,8,BE,9E,00,00,46,00,00,00
316955,0,300,0,0,8,03,5A,64,5A,32,00,32,FA
316955,0,301,0,0,3,C6,0A,00
316975,1,400,0,0,8,01,00,0C,00,00,00,00,00
316975,1,206,0,0,8,00,00,00,00,00,00,00,00
317005,0,300,0,0,8,03,5A,64,5A,32,00,32,FB
317005,0,301,0,0,3,43,0B,00
317045,1,201,0,0,5,80,02,00,00,62
317055,1,203,0,0,8,00,00,00,00,00,00,00,00
317055,1,401,0,0,8,BE,9E,00,00,46,00,00,00
317055,0,300,0,0,8,03,5A,64,5A,32,00,32,BC
317055,0,301,0,0,3,B5,0C,00
317075,1,400,0,0,8,01,00,0C,00,00,00,00,00
317075,1,206,0,0,8,00,00,00,00,00,00,00,00
317105,0,300,0,0,8,03,5A,64,5A,32,00,32,BD
317105,0,301,0,0,3,4E,0D,00
317135,1,402,0,0,8,58,00,00,00,CC,A0,08,00
317145,1,201,0,0,5,80,02,00,00,62
317155,1,203,0,0,8,00,00,00,00,00,00,00,00
317155,1,401,0,0,8,C0,9E,00,00,46,00,00,00
317155,0,300,0,0,8,03,5A,64,5A,32,00,32,BE
317155,0,301,0,0,3,1D,0E,00
317175,1,400,0,0,8,01,00,0C,00,00,00,00,00
317175,1,206,0,0,8,00,00,00,00,00,00,00,00
317205,0,300,0,0,8,03,5A,64,5A,32,00,32,BF
317205,0,301,0,0,3,E8,0F,00
317245,1,201,0,0,5,1C,02,00,00,62
317255,1,203,0,0,8,00,00,00,00,00,00,00,00
317255,1,401,0,0,8,C0,9E,00,00,46,00,00,00
317255,0,300,0,0,8,03,5A,64,5A,32,00,32,70
317255,0,301,0,0,3,E2,00,00
317275,1,206,0,0,8,00,00,00,00,00,00,00,00
317275,1,400,0,0,8,01,00,0C,00,00,00,00,00
317305,0,300,0,0,8,03,5A,64,5A,32,00,32,71
317305,0,301,0,0,3,B3,01,00
317345,1,201,0,0,5,1C,02,00,00,62
317355,1,203,0,0,8,00,00,00,00,00,00,00,00
317355,1,401,0,0,8,C0,9E,00,00,46,00,00,00
317355,0,300,0,0,8,03,5A,64,5A,32,00,32,72
317355,0,301,0,0,3,6B,02,00
317375,1,206,0,0,8,00,00,00,00,00,00,00,00
317375,1,400,0,0,8,01,00,0C,00,00,00,00,00
317405,0,300,0,0,8,03,5A,64,5A,32,00,32,73
317405,0,301,0,0,3,96,03,00
317445,1,201,0,0,5,1C,02,00,00,62
317455,1,203,0,0,8,00,00,00,00,00,00,00,00
317455,1,401,0,0,8,C2,9E,00,00,46,00,00,00
317455,0,300,0,0,8,03,5A,64,5A,32,00,32,34
317455,0,301,0,0,3,03,04,00
317475,1,206,0,0,8,00,00,00,00,00,00,00,00
317475,1,400,0,0,8,01,00,0C,00,00,00,00,00
317505,0,300,0,0,8,03,5A,64,5A,32,00,32,35
317505,0,301,0,0,3,54,05,00
317545,1,201,0,0,5,1C,02,00,00,62
317555,1,203,0,0,8,00,00,00,00,00,00,00,00
317555,1,401,0,0,8,C2,9E,00,00,46,00,00,00
317555,0,300,0,0,8,03,5A,64,5A,32,00,32,36
317555,0,301,0,0,3,F5,06,00
317565,1,204,0,0,8,00,00,00,00,00,00,00,00
317575,1,206,0,0,8,00,00,00,00,00,00,00,00
317575,1,202,0,0,8,E2,13,00,00,42,7D,05,00
317575,1,400,0,0,8,01,00,0C,00,00,00,00,00
317585,1,666,0,0,8,52,08,05,00,52,95,36,02
317605,1,665,0,0,8,00,00,00,53,4C,18,53,00
317605,0,300,0,0,8,03,5A,64,5A,32,00,32,37
317605,0,301,0,0,3,B8,07,00
317615,1,200,0,0,8,58,00,50,A2,08,00,00,00
317635,1,403,0,0,8,64,00,00,00,40,E3,09,00
317645,1,201,0,0,5,1C,02,00,00,62
317655,1,203,0,0,8,00,00,00,00,00,00,00,00
317655,1,401,0,0,8,C2,9E,00,00,46,00,00,00
317655,0,300,0,0,8,03,5A,64,5A,32,00,32,F8
317655,0,301,0,0,3,80,08,00
317675,1,206,0,0,8,00,00,00,00,00,00,00,00
317675,1,400,0,0,8,01,00,0C,00,00,00,00,00
317705,0,300,0,0,8,03,5A,64,5A,32,00,32,F9
317705,0,301,0,0,3,88,09,00
317745,1,201,0,0,5,1C,02,00,00,62
317755,1,203,0,0,8,00,00,00,00,00,00,00,00
317755,1,401,0,0,8,C2,9E,00,00,47,00,00,00
317755,0,300,0,0,8,03,5A,64,5A,32,00,32,FA
317755,0,301,0,0,3,C6,0A,00
317775,1,206,0,0,8,00,00,00,00,00,00,00,00
317775,1,400,0,0,8,01,00,0C,00,00,00,00,00
317805,0,300,0,0,8,03,5A,64,5A,32,00,32,FB
317805,0,301,0,0,3,43,0B,00
317845,1,201,0,0,5,1C,02,00,00,62
317855,1,203,0,0,8,00,00,00,00,00,00,00,00
317855,1,401,0,0,8,C2,9E,00,00,47,00,00,00
317855,0,300,0,0,8,03,5A,64,5A,32,00,32,BC
317855,0,301,0,0,3,B5,0C,00
317875,1,206,0,0,8,00,00,00,00,00,00,00,00
317875,1,400,0,0,8,01,00,0C,00,00,00,00,00
317905,0,300,0,0,8,03,5A,64,5A,32,00,32,BD
317905,0,301,0,0,3,4E,0D,00
317945,1,201,0,0,5,1C,02,00,00,62
317955,1,203,0,0,8,00,00,00,00,00,00,00,00
317955,1,401,0,0,8,C2,9E,00,00,46,00,00,00
317955,0,300,0,0,8,03,5A,64,5A,32,00,32,BE
317955,0,301,0,0,3,1D,0E,00
317975,1,206,0,0,8,00,00,00,00,00,00,00,00
317975,1,400,0,0,8,01,00,0C,00,00,00,00,00
318005,0,300,0,0,8,03,5A,64,5A,32,00,32,BF
318005,0,301,0,0,3,E8,0F,00
318045,1,201,0,0,5,1C,02,00,00,62
318055,1,203,0,0,8,00,00,00,00,00,00,00,00
318055,1,401,0,0,8,C2,9E,00,00,46,00,00,00
318055,0,300,0,0,8,03,5A,64,5A,32,00,32,70
318055,0,301,0,0,3,E2,00,00
318075,1,206,0,0,8,00,00,00,00,00,00,00,00
318075,1,400,0,0,8,01,00,0C,00,00,00,00,00
318105,0,300,0,0,8,03,5A,64,5A,32,00,32,71
318105,0,301,0,0,3,B3,01,00
318135,1,402,0,0,8,58,00,00,00,CC,A0,08,00
318145,1,201,0,0,5,1C,02,00,00,62
318155,1,203,0,0,8,00,00,00,00,00,00,00,00
318155,0,300,0,0,8,03,5A,64,5A,32,00,32,72
318155,1,401,0,0,8,C0,9E,00,00,46,00,00,00
318155,0,301,0,0,3,6B,02,00
318175,1,206,0,0,8,00,00,00,00,00,00,00,00
318175,1,400,0,0,8,01,00,0C,00,00,00,00,00
318205,0,300,0,0,8,03,5A,64,5A,32,00,32,73
318205,0,301,0,0,3,96,03,00
318245,1,201,0,0,5,1C,02,00,00,62
318255,1,203,0,0,8,00,00,00,00,00,00,00,00
318255,1,401,0,0,8,C0,9E,00,00,45,00,00,00
318265,0,300,0,0,8,03,5A,64,5A,32,00,32,34
318265,0,301,0,0,3,03,04,00
318275,1,206,0,0,8,00,00,00,00,00,00,00,00
318275,1,400,0,0,8,01,00,0C,00,00,00,00,00
318305,0,300,0,0,8,03,5A,64,5A,32,00,32,35
318305,0,301,0,0,3,54,05,00
318345,1,201,0,0,5,1C,02,FE,01,62
318355,1,203,0,0,8,00,00,00,00,00,00,00,00
318355,1,401,0,0,8,C0,9E,00,00,45,00,00,00
318355,0,300,0,0,8,03,5A,64,5A,32,00,32,36
318355,0,301,0,0,3,F5,06,00
318375,1,206,0,0,8,00,00,00,00,00,00,00,00
318375,1,400,0,0,8,01,00,0C,00,00,00,00,00
318405,0,300,0,0,8,03,5A,64,5A,32,00,32,37
318405,0,301,0,0,3,B8,07,00
318445,1,201,0,0,5,1C,02,BC,02,62
318455,1,203,0,0,8,8B,00,70,57,01,00,00,00
318455,1,401,0,0,8,BE,9E,00,00,47,00,00,00
318455,0,300,0,0,8,03,5A,64,5A,32,00,32,F8
318455,0,301,0,0,3,80,08,00
318475,1,206,0,0,8,00,00,00,00,00,00,00,00
318475,1,400,0,0,8,01,00,0C,00,00,00,00,00
318505,0,300,0,0,8,03,5A,64,5A,32,00,32,F9
318505,0,301,0,0,3,88,09,00
318545,1,201,0,0,5,1C,02,24,04,62
318555,1,203,0,0,8,B0,00,E8,DB,01,00,00,00
318555,0,300,0,0,8,03,5A,64,5A,32,00,32,FA
318555,1,401,0,0,8,BE,9E,00,00,47,00,00,00
318555,0,301,0,0,3,C6,0A,00
318565,1,204,0,0,8,00,00,00,00,00,00,00,00
318575,1,206,0,0,8,00,00,00,00,00,00,00,00
318575,1,202,0,0,8,E2,14,00,00,42,7D,05,00
318575,1,400,0,0,8,01,00,0C,00,00,00,00,00
318605,0,300,0,0,8,03,5A,64,5A,32,00,32,FB
318605,0,301,0,0,3,43,0B,00
318635,1,403,0,0,8,64,00,00,00,40,E3,09,00
318645,1,201,0,0,5,1C,02,00,00,62
318655,1,203,0,0,8,00,00,00,00,00,00,00,00
318655,0,300,0,0,8,03,5A,64,5A,32,00,32,BC
318655,1,401,0,0,8,A6,9E,00,00,47,00,00,00
318655,0,301,0,0,3,B5,0C,00
318675,1,206,0,0,8,00,00,00,00,00,00,00,00
318675,1,400,0,0,8,01,00,0C,00,00,00,00,00
318705,0,300,0,0,8,03,5A,64,5A,32,00,32,BD
318705,0,301,0,0,3,4E,0D,00
318745,1,201,0,0,5,1C,02,00,00,62
318755,1,203,0,0,8,00,00,00,00,00,00,00,00
318755,0,300,0,0,8,03,5A,64,5A,32,00,32,BE
318755,0,301,0,0,3,1D,0E,00
318755,1,401,0,0,8,A6,9E,00,00,F4,01,00,00
318775,1,206,0,0,8,00,00,00,00,00,00,00,00
318775,1,400,0,0,8,01,00,2C,00,00,00,00,00
318805,0,300,0,0,8,03,5A,64,5A,32,00,32,BF
318805,0,301,0,0,3,E8,0F,00
318845,1,201,0,0,5,D6,01,00,00,62
318855,1,203,0,0,8,00,00,00,00,00,00,00,00
318855,0,300,0,0,8,03,5A,64,5A,32,00,32,70
318855,0,301,0,0,3,E2,00,00
318865,1,401,0,0,8,A6,9E,00,00,F4,01,00,00
318875,1,206,0,0,8,00,00,00,00,00,00,00,00
318885,1,400,0,0,8,01,00,2C,00,00,00,00,00
318905,0,300,0,0,8,03,5A,64,5A,32,00,32,71
318905,0,301,0,0,3,B3,01,00
318945,1,201,0,0,5,D6,01,00,00,62
318955,1,203,0,0,8,00,00,00,00,00,00,00,00
318955,0,300,0,0,8,03,5A,64,5A,32,00,32,72
318955,0,301,0,0,3,6B,02,00
318965,1,401,0,0,8,C4,9E,00,00,CE,01,00,00
318975,1,206,0,0,8,00,00,00,00,00,00,00,00
318985,1,400,0,0,8,01,00,2C,00,00,00,00,00
319005,0,300,0,0,8,03,5A,64,5A,32,00,32,73
319005,0,301,0,0,3,96,03,00
319045,1,201,0,0,5,A4,01,00,00,62
319055,1,203,0,0,8,00,00,00,00,00,00,00,00
319055,0,300,0,0,8,03,5A,64,5A,32,00,32,34
319055,0,301,0,0,3,03,04,00
319065,1,401,0,0,8,C4,9E,00,00,CE,01,00,00
319075,1,206,0,0,8,00,00,00,00,00,00,00,00
319085,1,400,0,0,8,01,00,2C,00,00,00,00,00
319105,0,300,0,0,8,03,5A,64,5A,32,00,32,35
319105,0,301,0,0,3,54,05,00
319145,1,402,0,0,8,58,00,00,00,CC,A0,08,00
319145,1,201,0,0,5,A4,01,00,00,62
319155,1,203,0,0,8,00,00,00,00,00,00,00,00
319155,0,300,0,0,8,03,5A,64,5A,32,00,32,36
319155,0,301,0,0,3,F5,06,00
319165,1,401,0,0,8,C4,9E,00,00,46,00,00,00
319175,1,206,0,0,8,00,00,00,00,00,00,00,00
319185,1,400,0,0,8,01,00,0C,00,00,00,00,00
319205,0,300,0,0,8,03,5A,64,5A,32,00,32,37
319205,0,301,0,0,3,B8,07,00
319245,1,201,0,0,5,7C,01,00,00,62
319255,1,203,0,0,8,00,00,00,00,00,00,00,00
319265,0,300,0,0,8,03,5A,64,5A,32,00,32,F8
319265,0,301,0,0,3,80,08,00
319265,1,401,0,0,8,C4,9E,00,00,46,00,00,00
319275,1,206,0,0,8,00,00,00,00,00,00,00,00
319275,0,404,0,0,2,4A,00
319285,1,405,0,0,8,4A,00,00,00,06,00,00,00
319285,1,400,0,0,8,01,00,0C,00,00,00,00,00
319305,0,404,0,0,2,02,30
319305,1,405,0,0,7,02,30,00,00,00,00,00
319305,0,300,0,0,8,03,5A,64,5A,32,00,32,F9
319305,0,301,0,0,3,88,09,00
319335,0,404,0,0,2,44,00
319335,1,405,0,0,6,44,00,00,00,50,46
319345,1,201,0,0,5,7C,01,00,00,62
319355,1,203,0,0,8,00,00,00,00,00,00,00,00
319355,0,300,0,0,8,03,5A,64,5A,32,00,32,FA
319355,0,301,0,0,3,C6,0A,00
319365,1,401,0,0,8,C4,9E,00,00,46,00,00,00
319365,0,404,0,0,2,01,00
319365,1,405,0,0,8,01,00,00,00,00,04,06,04
319375,1,206,0,0,8,00,00,00,00,00,00,00,00
319385,1,400,0,0,8,01,00,0C,00,00,00,00,00
319395,0,404,0,0,2,A3,01
319395,1,405,0,0,5,A3,01,00,00,06
319405,0,300,0,0,8,03,5A,64,5A,32,00,32,FB
319405,0,301,0,0,3,43,0B,00
319435,0,404,0,0,2,20,00
319435,1,405,0,0,8,20,00,00,00,32,33,36,47
319445,1,201,0,0,5,54,01,00,00,62
319455,1,203,0,0,8,00,00,00,00,00,00,00,00
319455,0,300,0,0,8,03,5A,64,5A,32,00,32,BC
319455,0,301,0,0,3,B5,0C,00
319465,0,404,0,0,2,21,00
319465,1,401,0,0,8,C4,9E,00,00,46,00,00,00
319465,1,405,0,0,8,21,00,00,00,35,4C,41,31
319475,1,206,0,0,8,00,00,00,00,00,00,00,00
319485,1,400,0,0,8,01,00,0C,00,00,00,00,00
319495,0,404,0,0,2,22,00
319495,1,405,0,0,8,22,00,00,00,30,30,34,52
319505,0,300,0,0,8,03,5A,64,5A,32,00,32,BD
319505,0,301,0,0,3,4E,0D,00
319525,0,404,0,0,2,23,00
319525,1,405,0,0,8,23,00,00,00,4D,30,30,30
319545,1,201,0,0,5,54,01,00,00,62
319555,1,203,0,0,8,00,00,00,00,00,00,00,00
319555,0,404,0,0,2,24,00
319555,1,405,0,0,8,24,00,00,00,30,30,30,30
319555,0,300,0,0,8,03,5A,64,5A,32,00,32,BE
319555,0,301,0,0,3,1D,0E,00
319565,1,401,0,0,8,C4,9E,00,00,46,00,00,00
319565,1,204,0,0,8,00,00,00,00,00,00,00,00
319575,1,206,0,0,8,00,00,00,00,00,00,00,00
319575,1,202,0,0,8,E2,14,00,00,42,7D,05,00
319585,1,400,0,0,8,01,00,0C,00,00,00,00,00
319595,0,404,0,0,2,25,00
319595,1,405,0,0,8,25,00,00,00,30,30,30,30
319605,0,300,0,0,8,03,5A,64,5A,32,00,32,BF
319605,0,301,0,0,3,E8,0F,00
319615,0,404,0,0,2,26,00
319615,1,405,0,0,8,26,00,00,00,30,30,30,30
319645,1,201,0,0,5,40,01,00,00,62
319645,1,403,0,0,8,64,00,00,00,40,E3,09,00
319645,0,404,0,0,2,27,00
319645,1,405,0,0,6,27,00,00,00,30,30
319655,1,203,0,0,8,00,00,00,00,00,00,00,00
319655,0,300,0,0,8,03,5A,64,5A,32,00,32,70
319655,0,301,0,0,3,E2,00,00
319665,1,401,0,0,8,C8,9E,00,00,45,00,00,00
319675,1,206,0,0,8,00,00,00,00,00,00,00,00
319675,0,404,0,0,2,4C,00
319685,1,405,0,0,8,4C,00,00,00,01,24,00,00
319685,1,400,0,0,8,01,00,0C,00,00,00,00,00
319705,0,300,0,0,8,03,5A,64,5A,32,00,32,71
319705,0,301,0,0,3,B3,01,00
319715,0,404,0,0,2,46,00
319715,1,405,0,0,5,46,00,00,00,00
319745,1,201,0,0,5,40,01,00,00,62
319745,0,404,0,0,2,4D,00
319745,1,405,0,0,8,4D,00,00,00,00,00,00,00
319755,1,203,0,0,8,00,00,00,00,00,00,00,00
319755,0,300,0,0,8,03,5A,64,5A,32,00,32,72
319755,0,301,0,0,3,6B,02,00
319765,1,401,0,0,8,C8,9E,00,00,45,00,00,00
319775,0,404,0,0,2,50,00
319775,1,405,0,0,8,50,00,00,00,7F,00,7E,00
319775,1,206,0,0,8,00,00,00,00,00,00,00,00
319785,1,400,0,0,8,01,00,0C,00,00,00,00,00
319805,0,404,0,0,2,02,00
319805,1,405,0,0,8,02,00,00,00,53,49,43,54
319805,0,300,0,0,8,03,5A,64,5A,32,00,32,73
319805,0,301,0,0,3,96,03,00
319835,0,404,0,0,2,0A,00
319835,1,405,0,0,8,0A,00,00,00,30,3A,00,00
319845,1,201,0,0,5,22,01,00,00,62
319855,1,203,0,0,8,00,00,00,00,00,00,00,00
319855,0,300,0,0,8,03,5A,64,5A,32,00,32,34
319855,0,301,0,0,3,03,04,00
319865,1,401,0,0,8,C8,9E,00,00,45,00,00,00
319865,0,404,0,0,2,04,00
319865,1,405,0,0,7,04,00,00,00,16,09,02
319875,1,206,0,0,8,00,00,00,00,00,00,00,00
319885,1,400,0,0,8,01,00,0C,00,00,00,00,00
319905,0,404,0,0,2,B0,01
319905,1,405,0,0,6,B0,01,00,00,00,00
319905,0,300,0,0,8,03,5A,64,5A,32,00,32,35
319905,0,301,0,0,3,54,05,00
319925,0,404,0,0,2,B1,01
319935,1,405,0,0,6,B1,01,00,00,00,00
319945,1,201,0,0,5,22,01,00,00,62
319955,1,203,0,0,8,00,00,00,00,00,00,00,00
319955,0,300,0,0,8,03,5A,64,5A,32,00,32,36
319955,0,301,0,0,3,F5,06,00
319965,1,401,0,0,8,C6,9E,00,00,46,00,00,00
319975,1,206,0,0,8,00,00,00,00,00,00,00,00
319985,1,400,0,0,8,01,00,0C,00,00,00,00,00
320005,0,300,0,0,8,03,5A,64,5A,32,00,32,37
320005,0,301,0,0,3,B8,07,00
320045,1,201,0,0,5,0E,01,00,00,62
320055,1,203,0,0,8,00,00,00,00,00,00,00,00
320055,0,300,0,0,8,03,5A,64,5A,32,00,32,F8
320055,0,301,0,0,3,80,08,00
320065,1,401,0,0,8,C6,9E,00,00,46,00,00,00
320075,1,206,0,0,8,00,00,00,00,00,00,00,00
320085,1,400,0,0,8,01,00,0C,00,00,00,00,00
320105,0,300,0,0,8,03,5A,64,5A,32,00,32,F9
320105,0,301,0,0,3,88,09,00
