151475,0,301,0,0,3,03,04,00
151495,1,400,0,0,8,01,00,0C,00,00,00,00,00
151525,0,300,0,0,8,03,5A,64,5A,64,00,64,25
151525,0,301,0,0,3,54,05,00
151535,1,201,0,0,5,00,00,00,00,62
151555,1,203,0,0,8,00,00,00,00,00,00,00,00
151565,1,204,0,0,8,00,00,00,00,00,00,00,00
151575,1,401,0,0,8,11,9F,00,00,46,00,00,00
151575,1,206,0,0,8,00,00,00,00,00,00,00,00
151575,1,202,0,0,8,E2,12,00,00,0E,7C,05,00
151575,0,300,0,0,8,03,5A,64,5A,64,00,64,36
151575,0,301,0,0,3,F5,06,00
151595,1,400,0,0,8,01,00,0C,00,00,00,00,00
151625,0,300,0,0,8,03,5A,64,5A,64,00,64,27
151625,0,301,0,0,3,B8,07,00
151635,1,201,0,0,5,00,00,00,00,62
151655,1,203,0,0,8,00,00,00,00,00,00,00,00
151675,1,401,0,0,8,11,9F,00,00,46,00,00,00
151675,1,206,0,0,8,00,00,00,00,00,00,00,00
151675,0,300,0,0,8,03,5A,64,5A,64,00,64,B8
151675,0,301,0,0,3,80,08,00
151695,1,400,0,0,8,01,00,0C,00,00,00,00,00
151725,0,300,0,0,8,03,5A,64,5A,64,00,64,A9
151725,0,301,0,0,3,88,09,00
151735,1,201,0,0,5,00,00,00,00,62
151755,1,203,0,0,8,00,00,00,00,00,00,00,00
151755,1,402,0,0,8,58,00,00,00,F4,A8,08,00
151775,1,401,0,0,8,11,9F,00,00,46,00,00,00
151775,1,206,0,0,8,00,00,00,00,00,00,00,00
151775,0,300,0,0,8,03,5A,64,5A,64,00,64,BA
151775,0,301,0,0,3,C6,0A,00
151795,1,400,0,0,8,01,00,0C,00,00,00,00,00
151825,0,300,0,0,8,03,5A,64,5A,64,00,64,AB
151825,0,301,0,0,3,43,0B,00
151835,1,201,0,0,5,00,00,00,00,62
151855,1,203,0,0,8,00,00,00,00,00,00,00,00
151875,1,401,0,0,8,11,9F,00,00,46,00,00,00
151875,1,206,0,0,8,00,00,00,00,00,00,00,00
151875,0,300,0,0,8,03,5A,64,5A,64,00,64,BC
151875,0,301,0,0,3,B5,0C,00
151895,1,400,0,0,8,01,00,0C,00,00,00,00,00
151925,0,300,0,0,8,03,5A,64,5A,64,00,64,AD
151925,0,301,0,0,3,4E,0D,00
151935,1,201,0,0,5,00,00,00,00,62
151955,1,203,0,0,8,00,00,00,00,00,00,00,00
151975,1,401,0,0,8,11,9F,00,00,46,00,00,00
151975,1,206,0,0,8,00,00,00,00,00,00,00,00
151975,0,300,0,0,8,03,5A,64,5A,64,00,64,BE
151975,0,301,0,0,3,1D,0E,00
151995,1,400,0,0,8,01,00,0C,00,00,00,00,00
152035,0,300,0,0,8,03,5A,64,5A,64,00,64,AF
152035,0,301,0,0,3,E8,0F,00
152035,1,201,0,0,5,00,00,00,00,62
152055,1,203,0,0,8,00,00,00,00,00,00,00,00
152075,1,401,0,0,8,11,9F,00,00,46,00,00,00
152075,1,206,0,0,8,00,00,00,00,00,00,00,00
152075,0,300,0,0,8,03,5A,64,5A,64,00,64,30
152075,0,301,0,0,3,E2,00,00
152095,1,400,0,0,8,01,00,0C,00,00,00,00,00
152125,0,300,0,0,8,03,5A,64,5A,64,00,64,21
152125,0,301,0,0,3,B3,01,00
152135,1,201,0,0,5,00,00,00,00,62
152155,1,203,0,0,8,00,00,00,00,00,00,00,00
152175,1,401,0,0,8,11,9F,00,00,46,00,00,00
152175,1,206,0,0,8,00,00,00,00,00,00,00,00
152175,0,300,0,0,8,03,5A,64,5A,64,00,64,32
152175,0,301,0,0,3,6B,02,00
152195,1,400,0,0,8,01,00,0C,00,00,00,00,00
152225,0,300,0,0,8,03,5A,64,5A,64,00,64,23
152225,0,301,0,0,3,96,03,00
152235,1,201,0,0,5,00,00,00,00,62
152255,1,203,0,0,8,00,00,00,00,00,00,00,00
152255,1,403,0,0,8,64,00,00,00,40,E3,09,00
152275,1,401,0,0,8,0F,9F,00,00,46,00,00,00
152275,1,206,0,0,8,00,00,00,00,00,00,00,00
152275,0,300,0,0,8,03,5A,64,5A,64,00,64,34
152275,0,301,0,0,3,03,04,00
152295,1,400,0,0,8,01,00,0C,00,00,00,00,00
152325,0,300,0,0,8,03,5A,64,5A,64,00,64,25
152325,0,301,0,0,3,54,05,00
152335,1,201,0,0,5,00,00,00,00,62
152355,1,203,0,0,8,00,00,00,00,00,00,00,00
152375,1,401,0,0,8,0F,9F,00,00,46,00,00,00
152375,1,206,0,0,8,00,00,00,00,00,00,00,00
152375,0,300,0,0,8,03,5A,64,5A,64,00,64,36
152375,0,301,0,0,3,F5,06,00
152395,1,400,0,0,8,01,00,0C,00,00,00,00,00
152425,0,300,0,0,8,03,5A,64,5A,64,00,64,27
152425,0,301,0,0,3,B8,07,00
152435,1,201,0,0,5,00,00,00,00,62
152455,1,203,0,0,8,00,00,00,00,00,00,00,00
152475,1,401,0,0,8,0F,9F,00,00,46,00,00,00
152475,1,206,0,0,8,00,00,00,00,00,00,00,00
152475,0,300,0,0,8,03,5A,64,5A,64,00,64,B8
152475,0,301,0,0,3,80,08,00
152495,1,400,0,0,8,01,00,0C,00,00,00,00,00
152525,0,300,0,0,8,03,5A,64,5A,64,00,64,A9
152525,0,301,0,0,3,88,09,00
152535,1,201,0,0,5,00,00,00,00,62
152555,1,203,0,0,8,00,00,00,00,00,00,00,00
152565,1,204,0,0,8,00,00,00,00,00,00,00,00
152575,1,401,0,0,8,0F,9F,00,00,46,00,00,00
152575,1,206,0,0,8,00,00,00,00,00,00,00,00
152575,1,202,0,0,8,E2,12,00,00,0E,7C,05,00
152575,0,300,0,0,8,03,5A,64,5A,64,00,64,BA
152575,0,301,0,0,3,C6,0A,00
152595,1,400,0,0,8,01,00,0C,00,00,00,00,00
152625,0,300,0,0,8,03,5A,64,5A,64,00,64,AB
152625,0,301,0,0,3,43,0B,00
152635,1,201,0,0,5,00,00,00,00,62
152655,1,203,0,0,8,00,00,00,00,00,00,00,00
152675,1,401,0,0,8,0F,9F,00,00,46,00,00,00
152675,1,206,0,0,8,00,00,00,00,00,00,00,00
152675,0,300,0,0,8,03,5A,64,5A,64,00,64,BC
152675,0,301,0,0,3,B5,0C,00
152695,1,400,0,0,8,01,00,0C,00,00,00,00,00
152725,0,300,0,0,8,03,5A,64,5A,64,00,64,AD
152725,0,301,0,0,3,4E,0D,00
152735,1,201,0,0,5,00,00,00,00,62
152755,1,203,0,0,8,00,00,00,00,00,00,00,00
152755,1,402,0,0,8,58,00,00,00,F4,A8,08,00
152775,1,401,0,0,8,0F,9F,00,00,46,00,00,00
152775,1,206,0,0,8,00,00,00,00,00,00,00,00
152775,0,300,0,0,8,03,5A,64,5A,64,00,64,BE
152775,0,301,0,0,3,1D,0E,00
152795,1,400,0,0,8,01,00,0C,00,00,00,00,00
152825,0,300,0,0,8,03,5A,64,5A,64,00,64,AF
152825,0,301,0,0,3,E8,0F,00
152835,1,201,0,0,5,00,00,00,00,62
152855,1,203,0,0,8,00,00,00,00,00,00,00,00
152875,1,401,0,0,8,0F,9F,00,00,46,00,00,00
152875,1,206,0,0,8,00,00,00,00,00,00,00,00
152875,0,300,0,0,8,03,5A,64,5A,64,00,64,30
152875,0,301,0,0,3,E2,00,00
152895,1,400,0,0,8,01,00,0C,00,00,00,00,00
152925,0,300,0,0,8,03,5A,64,5A,64,00,64,21
152925,0,301,0,0,3,B3,01,00
152935,1,201,0,0,5,00,00,00,00,62
152955,1,203,0,0,8,00,00,00,00,00,00,00,00
152975,1,401,0,0,8,0F,9F,00,00,46,00,00,00
152975,1,206,0,0,8,00,00,00,00,00,00,00,00
152975,0,300,0,0,8,03,5A,64,5A,64,00,64,32
152975,0,301,0,0,3,6B,02,00
152995,1,400,0,0,8,01,00,0C,00,00,00,00,00
153035,0,300,0,0,8,03,5A,64,5A,64,00,64,23
153035,0,301,0,0,3,96,03,00
153035,1,201,0,0,5,00,00,00,00,62
153055,1,203,0,0,8,00,00,00,00,00,00,00,00
153075,1,401,0,0,8,0F,9F,00,00,46,00,00,00
153075,1,206,0,0,8,00,00,00,00,00,00,00,00
153075,0,300,0,0,8,03,5A,64,5A,64,00,64,34
153075,0,301,0,0,3,03,04,00
153095,1,400,0,0,8,01,00,0C,00,00,00,00,00
153125,0,300,0,0,8,03,A5,64,5A,64,00,64,65
153125,0,301,0,0,3,54,05,00
153135,1,201,0,0,5,00,00,00,00,63
153155,1,203,0,0,8,00,00,00,00,00,00,00,00
153175,1,401,0,0,8,0F,9F,00,00,45,00,00,00
153175,1,206,0,0,8,00,00,00,00,00,00,00,00
153175,0,300,0,0,8,03,A5,64,5A,64,00,64,76
153175,0,301,0,0,3,F5,06,00
153195,1,400,0,0,8,01,00,0C,00,00,00,00,00
153225,0,300,0,0,8,03,A5,64,5A,64,00,64,67
153225,0,301,0,0,3,B8,07,00
153235,1,201,0,0,5,00,00,00,00,63
153255,1,203,0,0,8,00,00,00,00,00,00,00,00
153255,1,403,0,0,8,64,00,00,00,40,E3,09,00
153275,1,401,0,0,8,07,9F,00,00,45,00,00,00
153275,1,206,0,0,8,00,00,00,00,00,00,00,00
153275,0,300,0,0,8,03,A5,64,5A,64,00,64,F8
153275,0,301,0,0,3,80,08,00
153295,1,400,0,0,8,01,00,0C,00,00,00,00,00
153325,0,300,0,0,8,03,A5,64,5A,64,00,64,E9
153325,0,301,0,0,3,88,09,00
153335,1,201,0,0,5,00,00,00,00,63
153355,1,203,0,0,8,00,00,00,00,00,00,00,00
153375,1,401,0,0,8,07,9F,00,00,53,00,00,00
153375,1,206,0,0,8,00,00,00,00,00,00,00,00
153375,0,300,0,0,8,03,A5,64,5A,64,00,64,FA
153375,0,301,0,0,3,C6,0A,00
153395,1,400,0,0,8,01,00,0C,00,00,00,00,00
153425,0,300,0,0,8,03,A5,64,5A,64,00,64,EB
153425,0,301,0,0,3,43,0B,00
153435,1,201,0,0,5,00,00,00,00,63
153455,1,203,0,0,8,00,00,00,00,00,00,00,00
153475,1,206,0,0,8,00,00,00,00,00,00,00,00
153475,1,401,0,0,8,07,9F,00,00,53,00,00,00
153475,0,300,0,0,8,03,A5,64,5A,64,00,64,FC
153475,0,301,0,0,3,B5,0C,00
153495,1,400,0,0,8,01,00,0C,00,00,00,00,00
153525,0,300,0,0,8,03,A5,64,5A,64,00,64,ED
153525,0,301,0,0,3,4E,0D,00
153535,1,201,0,0,5,00,00,00,00,63
153555,1,203,0,0,8,00,00,00,00,00,00,00,00
153565,1,204,0,0,8,00,00,00,00,00,00,00,00
153575,1,206,0,0,8,00,00,00,00,00,00,00,00
153575,1,202,0,0,8,E2,12,00,00,0E,7C,05,00
153575,1,401,0,0,8,09,9F,00,00,53,00,00,00
153575,0,300,0,0,8,03,A5,64,5A,64,00,64,FE
153575,0,301,0,0,3,1D,0E,00
153585,1,666,0,0,8,52,08,05,00,52,95,36,02
153595,1,400,0,0,8,01,00,0C,00,00,00,00,00
153595,1,665,0,0,8,00,00,00,53,4C,18,53,00
153615,1,200,0,0,8,58,00,B7,A9,08,00,00,00
153625,0,300,0,0,8,03,A5,64,5A,64,00,64,EF
153625,0,301,0,0,3,E8,0F,00
153635,1,201,0,0,5,00,00,00,00,63
153655,1,203,0,0,8,00,00,00,00,00,00,00,00
153675,1,206,0,0,8,00,00,00,00,00,00,00,00
153675,1,401,0,0,8,09,9F,00,00,7C,00,00,00
153675,0,300,0,0,8,03,A5,64,5A,64,00,64,70
153675,0,301,0,0,3,E2,00,00
153695,1,400,0,0,8,01,00,0C,00,00,00,00,00
153725,0,300,0,0,8,03,A5,64,5A,64,00,64,61
153725,0,301,0,0,3,B3,01,00
153735,1,201,0,0,5,00,00,00,00,63
153755,1,203,0,0,8,00,00,00,00,00,00,00,00
153755,1,402,0,0,8,58,00,00,00,F4,A8,08,00
153775,1,206,0,0,8,00,00,00,00,00,00,00,00
153775,1,401,0,0,8,0B,9F,00,00,7C,00,00,00
153775,0,300,0,0,8,03,A5,64,5A,64,00,64,72
153775,0,301,0,0,3,6B,02,00
153795,1,400,0,0,8,01,00,0C,00,00,00,00,00
153825,0,300,0,0,8,03,A5,64,5A,64,00,64,63
153825,0,301,0,0,3,96,03,00
153835,1,201,0,0,5,00,00,00,00,63
153855,1,203,0,0,8,00,00,00,00,00,00,00,00
153875,1,206,0,0,8,00,00,00,00,00,00,00,00
153875,1,401,0,0,8,0B,9F,00,00,79,00,00,00
153875,0,300,0,0,8,03,A5,64,5A,64,00,64,74
153875,0,301,0,0,3,03,04,00
153895,1,400,0,0,8,01,00,0C,00,00,00,00,00
153925,0,300,0,0,8,03,A5,64,5A,64,00,64,65
153925,0,301,0,0,3,54,05,00
153935,1,201,0,0,5,00,00,00,00,63
153955,1,203,0,0,8,00,00,00,00,00,00,00,00
153975,1,206,0,0,8,00,00,00,00,00,00,00,00
153975,1,401,0,0,8,0B,9F,00,00,79,00,00,00
153975,0,300,0,0,8,03,A5,64,5A,64,00,64,76
153975,0,301,0,0,3,F5,06,00
153995,1,400,0,0,8,01,00,0C,00,00,00,00,00
154035,0,300,0,0,8,03,A5,64,5A,64,00,64,67
154035,0,301,0,0,3,B8,07,00
154035,1,201,0,0,5,00,00,00,00,63
154055,1,203,0,0,8,00,00,00,00,00,00,00,00
154075,1,206,0,0,8,00,00,00,00,00,00,00,00
154075,1,401,0,0,8,05,9F,00,00,79,00,00,00
154075,0,300,0,0,8,03,A5,64,5A,64,00,64,F8
154075,0,301,0,0,3,80,08,00
154095,1,400,0,0,8,01,00,0C,00,00,00,00,00
154125,0,300,0,0,8,03,A5,64,5A,64,00,64,E9
154125,0,301,0,0,3,88,09,00
154135,1,201,0,0,5,00,00,00,00,63
154155,1,203,0,0,8,00,00,00,00,00,00,00,00
154175,1,206,0,0,8,00,00,00,00,00,00,00,00
154175,1,401,0,0,8,05,9F,00,00,7F,00,00,00
154175,0,300,0,0,8,03,A5,64,5A,64,00,64,FA
154175,0,301,0,0,3,C6,0A,00
154195,1,400,0,0,8,01,00,0C,00,00,00,00,00
154225,0,300,0,0,8,03,A5,64,5A,64,00,64,EB
154225,0,301,0,0,3,43,0B,00
154235,1,201,0,0,5,00,00,00,00,63
154255,1,203,0,0,8,00,00,00,00,00,00,00,00
154255,1,403,0,0,8,64,00,00,00,40,E3,09,00
154275,1,206,0,0,8,00,00,00,00,00,00,00,00
154275,1,401,0,0,8,03,9F,00,00,7F,00,00,00
154275,0,300,0,0,8,03,A5,64,5A,64,00,64,FC
154275,0,301,0,0,3,B5,0C,00
154295,1,400,0,0,8,01,00,0C,00,00,00,00,00
154325,0,300,0,0,8,03,A5,64,5A,64,00,64,ED
154325,0,301,0,0,3,4E,0D,00
154335,1,201,0,0,5,00,00,00,00,63
154355,1,203,0,0,8,00,00,00,00,00,00,00,00
154375,1,206,0,0,8,00,00,00,00,00,00,00,00
154375,1,401,0,0,8,03,9F,00,00,89,00,00,00
154375,0,300,0,0,8,03,A5,64,5A,64,00,64,FE
154375,0,301,0,0,3,1D,0E,00
154395,1,400,0,0,8,01,00,0C,00,00,00,00,00
154425,0,300,0,0,8,03,A5,64,5A,64,00,64,EF
154425,0,301,0,0,3,E8,0F,00
154445,1,201,0,0,5,00,00,00,00,63
154455,1,203,0,0,8,00,00,00,00,00,00,00,00
154475,1,206,0,0,8,00,00,00,00,00,00,00,00
154475,1,401,0,0,8,03,9F,00,00,89,00,00,00
154475,0,300,0,0,8,03,A5,64,5A,64,00,64,70
154475,0,301,0,0,3,E2,00,00
154495,1,400,0,0,8,01,00,0C,00,00,00,00,00
154525,0,300,0,0,8,03,A5,64,5A,64,00,64,61
154525,0,301,0,0,3,B3,01,00
154545,1,201,0,0,5,00,00,00,00,63
154555,1,203,0,0,8,00,00,00,00,00,00,00,00
154565,1,204,0,0,8,00,00,00,00,00,00,00,00
154575,1,206,0,0,8,00,00,00,00,00,00,00,00
154575,1,202,0,0,8,E2,12,00,00,0E,7C,05,00
154575,1,401,0,0,8,0D,9F,00,00,89,00,00,00
154585,0,300,0,0,8,03,A5,64,5A,64,00,64,72
154585,0,301,0,0,3,6B,02,00
154595,1,400,0,0,8,01,00,0C,00,00,00,00,00
154635,0,300,0,0,8,03,A5,64,5A,64,00,64,63
154635,0,301,0,0,3,96,03,00
154645,1,201,0,0,5,00,00,00,00,63
154655,1,203,0,0,8,00,00,00,00,00,00,00,00
154675,1,206,0,0,8,00,00,00,00,00,00,00,00
154675,1,401,0,0,8,0D,9F,00,00,A2,00,00,00
154685,0,300,0,0,8,03,A5,64,5A,64,00,64,74
154685,0,301,0,0,3,03,04,00
154695,1,400,0,0,8,01,00,0C,00,00,00,00,00
154735,0,300,0,0,8,03,A5,64,5A,64,00,64,65
154735,0,301,0,0,3,54,05,00
154745,1,201,0,0,5,00,00,00,00,63
154755,1,203,0,0,8,00,00,00,00,00,00,00,00
154755,1,402,0,0,8,58,00,00,00,F4,A8,08,00
154775,1,206,0,0,8,00,00,00,00,00,00,00,00
154775,1,401,0,0,8,0D,9F,00,00,A2,00,00,00
154785,0,300,0,0,8,03,A5,64,5A,64,00,64,76
154785,0,301,0,0,3,F5,06,00
154795,1,400,0,0,8,01,00,0C,00,00,00,00,00
154835,0,300,0,0,8,03,A5,64,5A,64,00,64,67
154835,0,301,0,0,3,B8,07,00
154845,1,201,0,0,5,00,00,00,00,63
154855,1,203,0,0,8,00,00,00,00,00,00,00,00
154875,1,206,0,0,8,00,00,00,00,00,00,00,00
154875,1,401,0,0,8,0D,9F,00,00,98,00,00,00
154885,0,300,0,0,8,03,A5,64,5A,64,00,64,F8
154885,0,301,0,0,3,80,08,00
154895,1,400,0,0,8,01,00,0C,00,00,00,00,00
154935,0,300,0,0,8,03,A5,64,5A,64,00,64,E9
154935,0,301,0,0,3,88,09,00
154945,1,201,0,0,5,00,00,00,00,63
154955,1,203,0,0,8,00,00,00,00,00,00,00,00
154975,1,206,0,0,8,00,00,00,00,00,00,00,00
154975,1,401,0,0,8,0D,9F,00,00,98,00,00,00
154985,0,300,0,0,8,03,A5,64,5A,64,00,64,FA
154985,0,301,0,0,3,C6,0A,00
154995,1,400,0,0,8,01,00,0C,00,00,00,00,00
155025,0,404,0,0,2,4A,00
155025,1,405,0,0,8,4A,00,00,00,06,00,00,00
155035,0,300,0,0,8,03,A5,64,5A,64,00,64,EB
155035,0,301,0,0,3,43,0B,00
155045,1,201,0,0,5,00,00,00,00,63
155045,0,404,0,0,2,02,30
155045,1,405,0,0,7,02,30,00,00,00,00,00
155055,1,203,0,0,8,00,00,00,00,00,00,00,00
155075,1,206,0,0,8,00,00,00,00,00,00,00,00
155075,1,401,0,0,8,FA,9E,00,00,98,00,00,00
155085,0,404,0,0,2,44,00
155085,1,405,0,0,6,44,00,00,00,50,46
155085,0,300,0,0,8,03,A5,64,5A,64,00,64,FC
155085,0,301,0,0,3,B5,0C,00
155095,1,400,0,0,8,01,00,0C,00,00,00,00,00
155115,0,404,0,0,2,01,00
155115,1,405,0,0,8,01,00,00,00,00,04,06,04
155135,0,300,0,0,8,03,A5,64,5A,64,00,64,ED
155135,0,301,0,0,3,4E,0D,00
155145,1,201,0,0,5,00,00,00,00,63
155145,0,404,0,0,2,A3,01
155145,1,405,0,0,5,A3,01,00,00,06
155155,1,203,0,0,8,00,00,00,00,00,00,00,00
155175,1,206,0,0,8,00,00,00,00,00,00,00,00
155175,1,401,0,0,8,FA,9E,00,00,95,00,00,00
155175,0,404,0,0,2,20,00
155185,1,405,0,0,8,20,00,00,00,32,33,36,47
155185,0,300,0,0,8,03,A5,64,5A,64,00,64,FE
155185,0,301,0,0,3,1D,0E,00
155195,1,400,0,0,8,01,00,0C,00,00,00,00,00
155205,0,404,0,0,2,21,00
155205,1,405,0,0,8,21,00,00,00,35,4C,41,31
155235,0,300,0,0,8,03,A5,64,5A,64,00,64,EF
155235,0,301,0,0,3,E8,0F,00
155235,0,404,0,0,2,22,00
155235,1,405,0,0,8,22,00,00,00,30,30,34,52
155245,1,201,0,0,5,00,00,00,00,63
155255,1,203,0,0,8,00,00,00,00,00,00,00,00
155255,1,403,0,0,8,64,00,00,00,40,E3,09,00
155265,0,404,0,0,2,23,00
155265,1,405,0,0,8,23,00,00,00,4D,30,30,30
155275,1,206,0,0,8,00,00,00,00,00,00,00,00
155275,1,401,0,0,8,0D,9F,00,00,95,00,00,00
155285,0,300,0,0,8,03,A5,64,5A,64,00,64,70
155285,0,301,0,0,3,E2,00,00
155295,0,404,0,0,2,24,00
155295,1,405,0,0,8,24,00,00,00,30,30,30,30
155305,1,400,0,0,8,01,00,0C,00,00,00,00,00
155335,0,300,0,0,8,03,A5,64,5A,64,00,64,61
155335,0,301,0,0,3,B3,01,00
155335,0,404,0,0,2,25,00
155335,1,405,0,0,8,25,00,00,00,30,30,30,30
155345,1,201,0,0,5,00,00,00,00,63
155355,1,203,0,0,8,00,00,00,00,00,00,00,00
155365,0,404,0,0,2,26,00
155365,1,405,0,0,8,26,00,00,00,30,30,30,30
155375,1,206,0,0,8,00,00,00,00,00,00,00,00
155375,1,401,0,0,8,0D,9F,00,00,94,00,00,00
155385,0,300,0,0,8,03,A5,64,5A,64,00,64,72
155385,0,301,0,0,3,6B,02,00
155395,0,404,0,0,2,27,00
155395,1,405,0,0,6,27,00,00,00,30,30
155405,1,400,0,0,8,01,00,0C,00,00,00,00,00
155425,0,404,0,0,2,4C,00
155425,1,405,0,0,8,4C,00,00,00,01,24,00,00
155435,0,300,0,0,8,03,A5,64,5A,64,00,64,63
155435,0,301,0,0,3,96,03,00
155445,1,201,0,0,5,00,00,00,00,63
155455,1,203,0,0,8,00,00,00,00,00,00,00,00
155455,0,404,0,0,2,46,00
155455,1,405,0,0,5,46,00,00,00,00
155475,1,206,0,0,8,00,00,00,00,00,00,00,00
155485,1,401,0,0,8,0D,9F,00,00,94,00,00,00
155485,0,300,0,0,8,03,A5,64,5A,64,00,64,74
155485,0,301,0,0,3,03,04,00
155495,0,404,0,0,2,4D,00
155495,1,405,0,0,8,4D,00,00,00,00,00,00,00
155505,1,400,0,0,8,01,00,0C,00,00,00,00,00
155515,0,404,0,0,2,50,00
155515,1,405,0,0,8,50,00,00,00,81,00,80,00
155535,0,300,0,0,8,03,A5,64,5A,64,00,64,65
155535,0,301,0,0,3,54,05,00
155545,1,201,0,0,5,00,00,00,00,63
155545,0,404,0,0,2,02,00
155545,1,405,0,0,8,02,00,00,00,53,49,43,54
155555,1,203,0,0,8,00,00,00,00,00,00,00,00
155565,1,204,0,0,8,00,00,00,00,00,00,00,00
155575,1,206,0,0,8,00,00,00,00,00,00,00,00
155575,1,202,0,0,8,E2,12,00,00,0E,7C,05,00
155575,0,404,0,0,2,0A,00
155585,1,401,0,0,8,03,9F,00,00,94,00,00,00
155585,1,405,0,0,8,0A,00,00,00,30,3A,00,00
155585,0,300,0,0,8,03,A5,64,5A,64,00,64,76
155585,0,301,0,0,3,F5,06,00
155605,1,400,0,0,8,01,00,0C,00,00,00,00,00
155615,0,404,0,0,2,04,00
155615,1,405,0,0,7,04,00,00,00,16,09,02
155635,0,300,0,0,8,03,A5,64,5A,64,00,64,67
155635,0,301,0,0,3,B8,07,00
155645,1,201,0,0,5,00,00,00,00,63
155645,0,404,0,0,2,B0,01
155645,1,405,0,0,6,B0,01,00,00,00,00
155655,1,203,0,0,8,00,00,00,00,00,00,00,00
155675,0,404,0,0,2,B1,01
155675,1,405,0,0,6,B1,01,00,00,00,00
155675,1,206,0,0,8,00,00,00,00,00,00,00,00
155685,1,401,0,0,8,03,9F,00,00,A2,00,00,00
155685,0,300,0,0,8,03,A5,64,5A,64,00,64,F8
155685,0,301,0,0,3,80,08,00
155705,1,400,0,0,8,01,00,0C,00,00,00,00,00
155735,0,300,0,0,8,03,A5,64,5A,64,00,64,E9
155735,0,301,0,0,3,88,09,00
155745,1,201,0,0,5,00,00,00,00,63
155755,1,203,0,0,8,00,00,00,00,00,00,00,00
155765,1,402,0,0,8,58,00,00,00,F4,A8,08,00
155775,1,206,0,0,8,00,00,00,00,00,00,00,00
155785,1,401,0,0,8,07,9F,00,00,A2,00,00,00
155785,0,300,0,0,8,03,A5,64,5A,64,00,64,FA
155785,0,301,0,0,3,C6,0A,00
155805,1,400,0,0,8,01,00,0C,00,00,00,00,00
155835,0,300,0,0,8,03,A5,64,5A,64,00,64,EB
155835,0,301,0,0,3,43,0B,00
155845,1,201,0,0,5,00,00,00,00,63
155855,1,203,0,0,8,00,00,00,00,00,00,00,00
155875,1,206,0,0,8,00,00,00,00,00,00,00,00
155885,1,401,0,0,8,07,9F,00,00,A7,00,00,00
155885,0,300,0,0,8,03,A5,64,5A,64,00,64,FC
155885,0,301,0,0,3,B5,0C,00
155905,1,400,0,0,8,01,00,0C,00,00,00,00,00
155935,0,300,0,0,8,03,A5,64,5A,64,00,64,ED
155935,0,301,0,0,3,4E,0D,00
155945,1,201,0,0,5,00,00,00,00,63
155955,1,203,0,0,8,00,00,00,00,00,00,00,00
155975,1,206,0,0,8,00,00,00,00,00,00,00,00
155985,1,401,0,0,8,07,9F,00,00,A7,00,00,00
155985,0,300,0,0,8,03,A5,64,5A,64,00,64,FE
155985,0,301,0,0,3,1D,0E,00
156005,1,400,0,0,8,01,00,0C,00,00,00,00,00
156035,0,300,0,0,8,03,A5,64,5A,64,00,64,EF
156035,0,301,0,0,3,E8,0F,00
156045,1,201,0,0,5,00,00,00,00,63
156055,1,203,0,0,8,00,00,00,00,00,00,00,00
156075,1,206,0,0,8,00,00,00,00,00,00,00,00
156085,0,300,0,0,8,03,A5,64,5A,64,00,64,70
156085,1,401,0,0,8,03,9F,00,00,A7,00,00,00
156085,0,301,0,0,3,E2,00,00
156105,1,400,0,0,8,01,00,0C,00,00,00,00,00
156135,0,300,0,0,8,03,A5,64,5A,64,00,64,61
156135,0,301,0,0,3,B3,01,00
156145,1,201,0,0,5,00,00,00,00,63
156155,1,203,0,0,8,00,00,00,00,00,00,00,00
156175,1,206,0,0,8,00,00,00,00,00,00,00,00
156185,0,300,0,0,8,03,A5,64,5A,64,00,64,72
156185,1,401,0,0,8,03,9F,00,00,B3,00,00,00
156185,0,301,0,0,3,6B,02,00
156205,1,400,0,0,8,01,00,0C,00,00,00,00,00
156235,0,300,0,0,8,03,A5,64,5A,64,00,64,63
156235,0,301,0,0,3,96,03,00
156245,1,201,0,0,5,00,00,00,00,63
156255,1,203,0,0,8,00,00,00,00,00,00,00,00
156265,1,403,0,0,8,64,00,00,00,40,E3,09,00
156275,1,206,0,0,8,00,00,00,00,00,00,00,00
156285,0,300,0,0,8,03,A5,64,5A,64,00,64,74
156285,0,301,0,0,3,03,04,00
156285,1,401,0,0,8,05,9F,00,00,B3,00,00,00
156305,1,400,0,0,8,01,00,0C,00,00,00,00,00
156335,0,300,0,0,8,03,A5,64,5A,64,00,64,65
156335,0,301,0,0,3,54,05,00
156345,1,201,0,0,5,32,00,00,00,63
156355,1,203,0,0,8,00,00,00,00,00,00,00,00
156375,1,206,0,0,8,00,00,00,00,00,00,00,00
156385,0,300,0,0,8,03,A5,64,5A,64,00,64,76
156385,0,301,0,0,3,F5,06,00
156385,1,401,0,0,8,05,9F,00,00,C1,00,00,00
156405,1,400,0,0,8,01,00,0C,00,00,00,00,00
156435,0,300,0,0,8,03,A5,64,5A,64,00,64,67
156435,0,301,0,0,3,B8,07,00
156445,1,201,0,0,5,32,00,00,00,63
156455,1,203,0,0,8,00,00,00,00,00,00,00,00
156475,1,206,0,0,8,00,00,00,00,00,00,00,00
156485,0,300,0,0,8,03,A5,64,5A,64,00,64,F8
156485,0,301,0,0,3,80,08,00
156485,1,401,0,0,8,05,9F,00,00,C1,00,00,00
156505,1,400,0,0,8,01,00,0C,00,00,00,00,00
156535,0,300,0,0,8,03,A5,64,5A,64,00,64,E9
156535,0,301,0,0,3,88,09,00
156545,1,201,0,0,5,32,00,00,00,63
156555,1,203,0,0,8,00,00,00,00,00,00,00,00
156565,1,204,0,0,8,00,00,00,00,00,00,00,00
156575,1,206,0,0,8,00,00,00,00,00,00,00,00
156575,1,202,0,0,8,E2,12,00,00,10,7C,05,00
156585,0,300,0,0,8,03,A5,64,5A,64,00,64,FA
156585,0,301,0,0,3,C6,0A,00
156585,1,401,0,0,8,03,9F,00,00,C1,00,00,00
156585,1,666,0,0,8,52,08,05,00,52,95,36,02
156605,1,665,0,0,8,00,00,00,53,4C,18,53,00
156605,1,400,0,0,8,01,00,0C,00,00,00,00,00
156615,1,200,0,0,8,58,00,A4,A9,08,00,01,00
156635,0,300,0,0,8,03,A5,64,5A,64,00,64,EB
156635,0,301,0,0,3,43,0B,00
156645,1,201,0,0,5,32,00,00,00,63
156655,1,203,0,0,8,00,00,00,00,00,00,00,00
156675,1,206,0,0,8,00,00,00,00,00,00,00,00
156685,0,300,0,0,8,03,A5,64,5A,64,00,64,FC
156685,0,301,0,0,3,B5,0C,00
156685,1,401,0,0,8,03,9F,00,00,D1,00,00,00
156705,1,400,0,0,8,01,00,0C,00,00,00,00,00
156735,0,300,0,0,8,03,A5,64,5A,64,00,64,ED
156735,0,301,0,0,3,4E,0D,00
156745,1,201,0,0,5,32,00,00,00,63
156755,1,203,0,0,8,00,00,00,00,00,00,00,00
156765,1,402,0,0,8,58,00,00,00,F4,A8,08,00
156775,1,206,0,0,8,00,00,00,00,00,00,00,00
156785,0,300,0,0,8,03,A5,64,5A,64,00,64,FE
156785,0,301,0,0,3,1D,0E,00
156785,1,401,0,0,8,03,9F,00,00,D1,00,00,00
156805,1,400,0,0,8,01,00,0C,00,00,00,00,00
156835,0,300,0,0,8,03,A5,64,5A,64,00,64,EF
156835,0,301,0,0,3,E8,0F,00
156845,1,201,0,0,5,32,00,00,00,63
156855,1,203,0,0,8,00,00,00,00,00,00,00,00
156875,1,206,0,0,8,00,00,00,00,00,00,00,00
156885,0,300,0,0,8,03,A5,64,5A,64,00,64,70
156885,0,301,0,0,3,E2,00,00
156885,1,401,0,0,8,03,9F,00,00,C2,00,00,00
156905,1,400,0,0,8,01,00,0C,00,00,00,00,00
156935,0,300,0,0,8,03,A5,64,5A,64,00,64,61
156935,0,301,0,0,3,B3,01,00
156945,1,201,0,0,5,32,00,00,00,63
156955,1,203,0,0,8,00,00,00,00,00,00,00,00
156975,1,206,0,0,8,00,00,00,00,00,00,00,00
156985,0,300,0,0,8,03,A5,64,5A,64,00,64,72
156985,0,301,0,0,3,6B,02,00
156985,1,401,0,0,8,03,9F,00,00,C2,00,00,00
157005,1,400,0,0,8,01,00,0C,00,00,00,00,00
157035,0,300,0,0,8,03,A5,64,5A,64,00,64,63
157035,0,301,0,0,3,96,03,00
157045,1,201,0,0,5,32,00,00,00,63
157055,1,203,0,0,8,00,00,00,00,00,00,00,00
157075,1,206,0,0,8,00,00,00,00,00,00,00,00
157085,0,300,0,0,8,03,A5,64,5A,64,00,64,74
157085,0,301,0,0,3,03,04,00
157085,1,401,0,0,8,03,9F,00,00,C2,00,00,00
157105,1,400,0,0,8,01,00,0C,00,00,00,00,00
157135,0,300,0,0,8,03,A5,64,5A,64,00,64,65
157135,0,301,0,0,3,54,05,00
157145,1,201,0,0,5,32,00,00,00,63
157155,1,203,0,0,8,00,00,00,00,00,00,00,00
157175,1,206,0,0,8,00,00,00,00,00,00,00,00
157185,0,300,0,0,8,03,A5,64,5A,64,00,64,76
157185,0,301,0,0,3,F5,06,00
157185,1,401,0,0,8,03,9F,00,00,BE,00,00,00
157205,1,400,0,0,8,01,00,0C,00,00,00,00,00
157235,0,300,0,0,8,03,A5,64,5A,64,00,64,67
157235,0,301,0,0,3,B8,07,00
157245,1,201,0,0,5,32,00,00,00,63
157255,1,203,0,0,8,00,00,00,00,00,00,00,00
157265,1,403,0,0,8,64,00,00,00,40,E3,09,00
157275,1,206,0,0,8,00,00,00,00,00,00,00,00
157285,0,300,0,0,8,03,A5,64,5A,64,00,64,F8
157285,0,301,0,0,3,80,08,00
157285,1,401,0,0,8,05,9F,00,00,BE,00,00,00
157305,1,400,0,0,8,01,00,0C,00,00,00,00,00
157335,0,300,0,0,8,03,A5,64,5A,64,00,64,E9
157335,0,301,0,0,3,88,09,00
157345,1,201,0,0,5,32,00,00,00,63
157355,1,203,0,0,8,00,00,00,00,00,00,00,00
157375,1,206,0,0,8,00,00,00,00,00,00,00,00
157385,0,300,0,0,8,03,A5,64,5A,64,00,64,FA
157385,0,301,0,0,3,C6,0A,00
157385,1,401,0,0,8,05,9F,00,00,BA,00,00,00
157405,1,400,0,0,8,01,00,0C,00,00,00,00,00
157435,0,300,0,0,8,03,A5,64,5A,64,00,64,EB
157435,0,301,0,0,3,43,0B,00
157445,1,201,0,0,5,32,00,00,00,63
157455,1,203,0,0,8,00,00,00,00,00,00,00,00
157475,1,206,0,0,8,00,00,00,00,00,00,00,00
157485,0,300,0,0,8,03,A5,64,5A,64,00,64,FC
157485,0,301,0,0,3,B5,0C,00
157485,1,401,0,0,8,05,9F,00,00,BA,00,00,00
157505,1,400,0,0,8,01,00,0C,00,00,00,00,00
157535,0,300,0,0,8,03,A5,64,5A,64,00,64,ED
157535,0,301,0,0,3,4E,0D,00
157545,1,201,0,0,5,32,00,00,00,63
157555,1,203,0,0,8,00,00,00,00,00,00,00,00
157565,1,204,0,0,8,00,00,00,00,00,00,00,00
157575,1,206,0,0,8,00,00,00,00,00,00,00,00
157575,1,202,0,0,8,E2,12,00,00,10,7C,05,00
157585,0,300,0,0,8,03,A5,64,5A,64,00,64,FE
157585,0,301,0,0,3,1D,0E,00
157585,1,401,0,0,8,07,9F,00,00,BA,00,00,00
157605,1,400,0,0,8,01,00,0C,00,00,00,00,00
157635,0,300,0,0,8,03,A5,64,5A,64,00,64,EF
157635,0,301,0,0,3,E8,0F,00
157645,1,201,0,0,5,32,00,00,00,63
157655,1,203,0,0,8,00,00,00,00,00,00,00,00
157675,1,206,0,0,8,00,00,00,00,00,00,00,00
157685,0,300,0,0,8,03,A5,64,5A,64,00,64,70
157685,0,301,0,0,3,E2,00,00
157685,1,401,0,0,8,07,9F,00,00,B6,00,00,00
157705,1,400,0,0,8,01,00,0C,00,00,00,00,00
157735,0,300,0,0,8,03,A5,64,5A,64,00,64,61
157735,0,301,0,0,3,B3,01,00
157745,1,201,0,0,5,32,00,00,00,63
157755,1,203,0,0,8,00,00,00,00,00,00,00,00
157765,1,402,0,0,8,58,00,00,00,F4,A8,08,00
157775,1,206,0,0,8,00,00,00,00,00,00,00,00
157785,0,300,0,0,8,03,A5,64,5A,64,00,64,72
157785,0,301,0,0,3,6B,02,00
157785,1,401,0,0,8,07,9F,00,00,B6,00,00,00
157805,1,400,0,0,8,01,00,0C,00,00,00,00,00
157835,0,300,0,0,8,03,A5,64,5A,64,00,64,63
157835,0,301,0,0,3,96,03,00
157845,1,201,0,0,5,32,00,00,00,63
157855,1,203,0,0,8,00,00,00,00,00,00,00,00
157875,1,206,0,0,8,00,00,00,00,00,00,00,00
157885,0,300,0,0,8,03,A5,64,5A,64,00,64,74
157885,0,301,0,0,3,03,04,00
157885,1,401,0,0,8,07,9F,00,00,B4,00,00,00
157905,1,400,0,0,8,01,00,0C,00,00,00,00,00
157935,0,300,0,0,8,03,A5,64,5A,64,00,64,65
157935,0,301,0,0,3,54,05,00
157945,1,201,0,0,5,32,00,00,00,63
157955,1,203,0,0,8,00,00,00,00,00,00,00,00
157975,1,206,0,0,8,00,00,00,00,00,00,00,00
157985,0,300,0,0,8,03,A5,64,5A,64,00,64,76
157985,0,301,0,0,3,F5,06,00
157985,1,401,0,0,8,07,9F,00,00,B4,00,00,00
158005,1,400,0,0,8,01,00,0C,00,00,00,00,00
158035,0,300,0,0,8,03,A5,64,5A,64,00,64,67
158035,0,301,0,0,3,B8,07,00
158045,1,201,0,0,5,32,00,00,00,63
158055,1,203,0,0,8,00,00,00,00,00,00,00,00
158075,1,206,0,0,8,00,00,00,00,00,00,00,00
158085,0,300,0,0,8,03,A5,64,5A,64,00,64,F8
158085,0,301,0,0,3,80,08,00
158085,1,401,0,0,8,09,9F,00,00,B4,00,00,00
158105,1,400,0,0,8,01,00,0C,00,00,00,00,00
158135,0,300,0,0,8,03,A5,64,5A,64,00,64,E9
158135,0,301,0,0,3,88,09,00
158145,1,201,0,0,5,32,00,00,00,63
158155,1,203,0,0,8,00,00,00,00,00,00,00,00
158175,1,206,0,0,8,00,00,00,00,00,00,00,00
158185,0,300,0,0,8,03,A5,64,5A,64,00,64,FA
158185,0,301,0,0,3,C6,0A,00
158185,1,401,0,0,8,09,9F,00,00,B4,00,00,00
158205,1,400,0,0,8,01,00,0C,00,00,00,00,00
158235,0,300,0,0,8,03,A5,64,5A,64,00,64,EB
158235,0,301,0,0,3,43,0B,00
158245,1,201,0,0,5,32,00,00,00,63
158255,1,203,0,0,8,00,00,00,00,00,00,00,00
158265,1,403,0,0,8,64,00,00,00,40,E3,09,00
158275,1,206,0,0,8,00,00,00,00,00,00,00,00
158285,0,300,0,0,8,03,A5,64,5A,64,00,64,FC
158285,0,301,0,0,3,B5,0C,00
158285,1,401,0,0,8,03,9F,00,00,B4,00,00,00
158305,1,400,0,0,8,01,00,0C,00,00,00,00,00
158335,0,300,0,0,8,03,A5,64,5A,64,00,64,ED
158335,0,301,0,0,3,4E,0D,00
158345,1,201,0,0,5,32,00,00,00,63
158355,1,203,0,0,8,00,00,00,00,00,00,00,00
158375,1,206,0,0,8,00,00,00,00,00,00,00,00
158385,0,300,0,0,8,03,A5,64,5A,64,00,64,FE
158385,0,301,0,0,3,1D,0E,00
158385,1,401,0,0,8,03,9F,00,00,BF,00,00,00
158405,1,400,0,0,8,01,00,0C,00,00,00,00,00
158435,0,300,0,0,8,03,A5,64,5A,64,00,64,EF
158435,0,301,0,0,3,E8,0F,00
158445,1,201,0,0,5,32,00,00,00,63
158455,1,203,0,0,8,00,00,00,00,00,00,00,00
158475,1,206,0,0,8,00,00,00,00,00,00,00,00
158485,0,300,0,0,8,03,A5,64,5A,64,00,64,70
158485,0,301,0,0,3,E2,00,00
158485,1,401,0,0,8,03,9F,00,00,BF,00,00,00
158505,1,400,0,0,8,01,00,0C,00,00,00,00,00
158535,0,300,0,0,8,03,A5,64,5A,64,00,64,61
158535,0,301,0,0,3,B3,01,00
158545,1,201,0,0,5,32,00,00,00,63
158555,1,203,0,0,8,00,00,00,00,00,00,00,00
158565,1,204,0,0,8,00,00,00,00,00,00,00,00
158575,1,206,0,0,8,00,00,00,00,00,00,00,00
158575,1,202,0,0,8,E2,13,00,00,10,7C,05,00
158585,0,300,0,0,8,03,A5,64,5A,64,00,64,72
158585,0,301,0,0,3,6B,02,00
158585,1,401,0,0,8,FF,9E,00,00,BF,00,00,00
158605,1,400,0,0,8,01,00,0C,00,00,00,00,00
158635,0,300,0,0,8,03,A5,64,5A,64,00,64,63
158635,0,301,0,0,3,96,03,00
158645,1,201,0,0,5,32,00,00,00,63
158655,1,203,0,0,8,00,00,00,00,00,00,00,00
158675,1,206,0,0,8,00,00,00,00,00,00,00,00
158685,0,300,0,0,8,03,A5,64,5A,64,00,64,74
158685,0,301,0,0,3,03,04,00
158685,1,401,0,0,8,FF,9E,00,00,FA,00,00,00
158705,1,400,0,0,8,01,00,0C,00,00,00,00,00
158735,0,300,0,0,8,03,A5,64,5A,64,00,64,65
158735,0,301,0,0,3,54,05,00
158745,1,201,0,0,5,32,00,00,00,63
158755,1,203,0,0,8,00,00,00,00,00,00,00,00
158765,1,402,0,0,8,58,00,00,00,F4,A8,08,00
158775,1,206,0,0,8,00,00,00,00,00,00,00,00
158785,0,300,0,0,8,03,A5,64,5A,64,00,64,76
158785,0,301,0,0,3,F5,06,00
158785,1,401,0,0,8,F8,9E,00,00,FA,00,00,00
158805,1,400,0,0,8,01,00,0C,00,00,00,00,00
158835,0,300,0,0,8,03,A5,64,5A,64,00,64,67
158835,0,301,0,0,3,B8,07,00
158845,1,201,0,0,5,36,01,00,00,63
158855,1,203,0,0,8,00,00,00,00,00,00,00,00
158875,1,206,0,0,8,00,00,00,00,00,00,00,00
158885,0,300,0,0,8,03,A5,64,5A,64,00,64,F8
158885,0,301,0,0,3,80,08,00
158885,1,401,0,0,8,F8,9E,00,00,03,01,00,00
158905,1,400,0,0,8,01,00,0C,00,00,00,00,00
158935,0,300,0,0,8,03,A5,64,5A,64,00,64,E9
158935,0,301,0,0,3,88,09,00
158945,1,201,0,0,5,36,01,00,00,63
158955,1,203,0,0,8,00,00,00,00,00,00,00,00
158975,1,206,0,0,8,00,00,00,00,00,00,00,00
158985,0,300,0,0,8,03,A5,64,5A,64,00,64,FA
158985,0,301,0,0,3,C6,0A,00
158985,1,401,0,0,8,F8,9E,00,00,03,01,00,00
159005,1,400,0,0,8,01,00,0C,00,00,00,00,00
159035,0,300,0,0,8,03,A5,64,5A,64,00,64,EB
159035,0,301,0,0,3,43,0B,00
159045,1,201,0,0,5,36,01,00,00,63
159055,1,203,0,0,8,00,00,00,00,00,00,00,00
159075,1,206,0,0,8,00,00,00,00,00,00,00,00
159085,0,300,0,0,8,03,A5,64,5A,64,00,64,FC
159085,0,301,0,0,3,B5,0C,00
159085,1,401,0,0,8,F8,9E,00,00,03,01,00,00
159105,1,400,0,0,8,01,00,0C,00,00,00,00,00
159135,0,300,0,0,8,03,A5,64,5A,64,00,64,ED
159135,0,301,0,0,3,4E,0D,00
159145,1,201,0,0,5,36,01,00,00,63
159155,1,203,0,0,8,00,00,00,00,00,00,00,00
159175,1,206,0,0,8,00,00,00,00,00,00,00,00
159185,0,300,0,0,8,03,A5,64,5A,64,00,64,FE
159185,0,301,0,0,3,1D,0E,00
159185,1,401,0,0,8,F8,9E,00,00,28,01,00,00
159205,1,400,0,0,8,01,00,0C,00,00,00,00,00
159235,0,300,0,0,8,03,A5,64,5A,64,00,64,EF
159235,0,301,0,0,3,E8,0F,00
159245,1,201,0,0,5,36,01,00,00,63
159255,1,203,0,0,8,00,00,00,00,00,00,00,00
159265,1,403,0,0,8,64,00,00,00,40,E3,09,00
159275,1,206,0,0,8,00,00,00,00,00,00,00,00
159285,0,300,0,0,8,03,A5,64,5A,64,00,64,70
159285,0,301,0,0,3,E2,00,00
159285,1,401,0,0,8,FF,9E,00,00,28,01,00,00
159305,1,400,0,0,8,01,00,0C,00,00,00,00,00
159335,0,300,0,0,8,03,A5,64,5A,64,00,64,61
159335,0,301,0,0,3,B3,01,00
159345,1,201,0,0,5,36,01,00,00,63
159355,1,203,0,0,8,00,00,00,00,00,00,00,00
159375,1,206,0,0,8,00,00,00,00,00,00,00,00
159385,0,300,0,0,8,03,A5,64,5A,64,00,64,72
159385,0,301,0,0,3,6B,02,00
159385,1,401,0,0,8,FF,9E,00,00,0B,01,00,00
159405,1,400,0,0,8,01,00,0C,00,00,00,00,00
159435,0,300,0,0,8,03,A5,64,5A,64,00,64,63
159435,0,301,0,0,3,96,03,00
159445,1,201,0,0,5,36,01,00,00,63
159455,1,203,0,0,8,00,00,00,00,00,00,00,00
159475,1,206,0,0,8,00,00,00,00,00,00,00,00
159485,0,300,0,0,8,03,A5,64,5A,64,00,64,74
159485,0,301,0,0,3,03,04,00
159485,1,401,0,0,8,FF,9E,00,00,0B,01,00,00
159505,1,400,0,0,8,01,00,0C,00,00,00,00,00
159535,0,300,0,0,8,03,A5,64,5A,64,00,64,65
159535,0,301,0,0,3,54,05,00
159545,1,201,0,0,5,36,01,00,00,63
159555,1,203,0,0,8,00,00,00,00,00,00,00,00
159565,1,204,0,0,8,00,00,00,00,00,00,00,00
159575,1,206,0,0,8,00,00,00,00,00,00,00,00
159575,1,202,0,0,8,E2,12,00,00,12,7C,05,00
159585,0,300,0,0,8,03,A5,64,5A,64,00,64,76
159585,0,301,0,0,3,F5,06,00
159585,1,401,0,0,8,FA,9E,00,00,0B,01,00,00
159595,1,666,0,0,8,52,08,05,00,52,95,36,02
159605,1,665,0,0,8,00,00,00,53,4C,18,53,00
159605,1,400,0,0,8,01,00,0C,00,00,00,00,00
159615,1,200,0,0,8,58,00,92,A9,08,00,02,00
159635,0,300,0,0,8,03,A5,64,5A,64,00,64,67
159635,0,301,0,0,3,B8,07,00
159645,1,201,0,0,5,36,01,00,00,63
159655,1,203,0,0,8,00,00,00,00,00,00,00,00
159675,1,206,0,0,8,00,00,00,00,00,00,00,00
159685,0,300,0,0,8,03,A5,64,5A,64,00,64,F8
159685,0,301,0,0,3,80,08,00
159685,1,401,0,0,8,FA,9E,00,00,01,01,00,00
159705,1,400,0,0,8,01,00,0C,00,00,00,00,00
159735,0,300,0,0,8,03,A5,64,5A,64,00,64,E9
159735,0,301,0,0,3,88,09,00
159745,1,201,0,0,5,36,01,00,00,63
159755,1,203,0,0,8,00,00,00,00,00,00,00,00
159765,1,402,0,0,8,58,00,00,00,F4,A8,08,00
159775,1,206,0,0,8,00,00,00,00,00,00,00,00
159785,0,300,0,0,8,03,A5,64,5A,64,00,64,FA
159785,0,301,0,0,3,C6,0A,00
159795,1,401,0,0,8,FA,9E,00,00,01,01,00,00
159815,1,400,0,0,8,01,00,0C,00,00,00,00,00
159835,0,300,0,0,8,03,A5,64,5A,64,00,64,EB
159835,0,301,0,0,3,43,0B,00
159845,1,201,0,0,5,36,01,00,00,63
159855,1,203,0,0,8,00,00,00,00,00,00,00,00
159875,1,206,0,0,8,00,00,00,00,00,00,00,00
159885,0,300,0,0,8,03,A5,64,5A,64,00,64,FC
159885,0,301,0,0,3,B5,0C,00
159895,1,401,0,0,8,FA,9E,00,00,05,01,00,00
159915,1,400,0,0,8,01,00,0C,00,00,00,00,00
159935,0,300,0,0,8,03,A5,64,5A,64,00,64,ED
159935,0,301,0,0,3,4E,0D,00
159945,1,201,0,0,5,36,01,00,00,63
159955,1,203,0,0,8,00,00,00,00,00,00,00,00
159975,1,206,0,0,8,00,00,00,00,00,00,00,00
159985,0,300,0,0,8,03,A5,64,5A,64,00,64,FE
159985,0,301,0,0,3,1D,0E,00
159995,1,401,0,0,8,FA,9E,00,00,05,01,00,00
160015,1,400,0,0,8,01,00,0C,00,00,00,00,00
160035,0,300,0,0,8,03,A5,64,5A,64,00,64,EF
160035,0,301,0,0,3,E8,0F,00
160045,1,201,0,0,5,36,01,00,00,63
160055,1,203,0,0,8,00,00,00,00,00,00,00,00
160075,1,206,0,0,8,00,00,00,00,00,00,00,00
160085,0,300,0,0,8,03,A5,64,5A,64,00,64,70
160085,0,301,0,0,3,E2,00,00
160095,1,401,0,0,8,FA,9E,00,00,05,01,00,00
160115,1,400,0,0,8,01,00,0C,00,00,00,00,00
160135,0,300,0,0,8,03,A5,64,5A,64,00,64,61
160135,0,301,0,0,3,B3,01,00
160145,1,201,0,0,5,36,01,00,00,63
160155,1,203,0,0,8,00,00,00,00,00,00,00,00
160175,1,206,0,0,8,00,00,00,00,00,00,00,00
160185,0,300,0,0,8,03,A5,64,5A,64,00,64,72
160185,0,301,0,0,3,6B,02,00
160195,1,401,0,0,8,FA,9E,00,00,08,01,00,00
160215,1,400,0,0,8,01,00,0C,00,00,00,00,00
160235,0,300,0,0,8,03,A5,64,5A,64,00,64,63
160235,0,301,0,0,3,96,03,00
160245,1,201,0,0,5,36,01,00,00,63
160255,1,203,0,0,8,00,00,00,00,00,00,00,00
160275,1,403,0,0,8,64,00,00,00,40,E3,09,00
160275,1,206,0,0,8,00,00,00,00,00,00,00,00
160285,0,300,0,0,8,03,A5,64,5A,64,00,64,74
160285,0,301,0,0,3,03,04,00
160295,1,401,0,0,8,FF,9E,00,00,08,01,00,00
160315,1,400,0,0,8,01,00,0C,00,00,00,00,00
160335,0,300,0,0,8,03,A5,64,5A,64,00,64,65
160335,0,301,0,0,3,54,05,00
160345,1,201,0,0,5,36,01,00,00,63
160355,1,203,0,0,8,00,00,00,00,00,00,00,00
160375,1,206,0,0,8,00,00,00,00,00,00,00,00
160385,0,300,0,0,8,03,A5,64,5A,64,00,64,76
160385,0,301,0,0,3,F5,06,00
160395,1,401,0,0,8,FF,9E,00,00,01,01,00,00
160415,1,400,0,0,8,01,00,0C,00,00,00,00,00
160435,0,300,0,0,8,03,A5,64,5A,64,00,64,67
160435,0,301,0,0,3,B8,07,00
160445,1,201,0,0,5,36,01,00,00,63
160455,1,203,0,0,8,00,00,00,00,00,00,00,00
160475,1,206,0,0,8,00,00,00,00,00,00,00,00
160485,0,300,0,0,8,03,A5,64,5A,64,00,64,F8
160485,0,301,0,0,3,80,08,00
160495,1,401,0,0,8,FF,9E,00,00,01,01,00,00
160515,1,400,0,0,8,01,00,0C,00,00,00,00,00
160535,0,300,0,0,8,03,A5,64,5A,64,00,64,E9
160535,0,301,0,0,3,88,09,00
160545,1,201,0,0,5,CC,01,00,00,63
160555,1,203,0,0,8,00,00,00,00,00,00,00,00
160565,1,204,0,0,8,00,00,00,00,00,00,00,00
160575,1,206,0,0,8,00,00,00,00,00,00,00,00
160575,1,202,0,0,8,E2,12,00,00,14,7C,05,00
160585,0,300,0,0,8,03,A5,64,5A,64,00,64,FA
160585,0,301,0,0,3,C6,0A,00
160595,1,401,0,0,8,FF,9E,00,00,01,01,00,00
160615,1,400,0,0,8,01,00,0C,00,00,00,00,00
160635,0,300,0,0,8,03,A5,64,5A,64,00,64,EB
160635,0,301,0,0,3,43,0B,00
160645,1,201,0,0,5,CC,01,00,00,63
160655,1,203,0,0,8,00,00,00,00,00,00,00,00
160675,1,206,0,0,8,00,00,00,00,00,00,00,00
160685,0,300,0,0,8,03,A5,64,5A,64,00,64,FC
160685,0,301,0,0,3,B5,0C,00
160695,1,401,0,0,8,FF,9E,00,00,F7,00,00,00
160715,1,400,0,0,8,01,00,0C,00,00,00,00,00
160735,0,300,0,0,8,03,A5,64,5A,64,00,64,ED
160735,0,301,0,0,3,4E,0D,00
160745,1,201,0,0,5,CC,01,00,00,63
160755,1,203,0,0,8,00,00,00,00,00,00,00,00
160775,1,402,0,0,8,58,00,00,00,F4,A8,08,00
160775,1,206,0,0,8,00,00,00,00,00,00,00,00
160785,0,300,0,0,8,03,A5,64,5A,64,00,64,FE
160785,0,301,0,0,3,1D,0E,00
160795,1,401,0,0,8,01,9F,00,00,F7,00,00,00
160815,1,400,0,0,8,01,00,0C,00,00,00,00,00
160835,0,300,0,0,8,03,A5,64,5A,64,00,64,EF
160835,0,301,0,0,3,E8,0F,00
160845,1,201,0,0,5,CC,01,00,00,63
160855,1,203,0,0,8,00,00,00,00,00,00,00,80
160875,1,206,0,0,8,00,00,00,00,00,00,00,00
160885,0,300,0,0,8,03,A5,64,5A,64,00,64,70
160885,0,301,0,0,3,E2,00,00
160895,1,401,0,0,8,01,9F,00,00,F0,00,00,00
160915,1,400,0,0,8,01,00,0C,00,00,00,00,00
160935,0,300,0,0,8,03,A5,64,5A,64,00,64,61
160935,0,301,0,0,3,B3,01,00
160945,1,201,0,0,5,CC,01,00,00,63
160955,1,203,0,0,8,00,00,00,00,00,00,00,80
160975,1,206,0,0,8,00,00,00,00,00,00,00,00
160985,0,300,0,0,8,03,A5,64,5A,64,00,64,72
160985,0,301,0,0,3,6B,02,00
160995,1,401,0,0,8,01,9F,00,00,F0,00,00,00
161015,1,400,0,0,8,01,00,0C,00,00,00,00,00
161035,0,300,0,0,8,03,A5,64,5A,64,00,64,63
161035,0,301,0,0,3,96,03,00
161045,1,201,0,0,5,CC,01,00,00,63
161055,1,203,0,0,8,00,00,00,00,00,00,00,80
161075,1,206,0,0,8,00,00,00,00,00,00,00,00
161085,0,300,0,0,8,03,A5,64,5A,64,00,64,74
161085,0,301,0,0,3,03,04,00
161095,1,401,0,0,8,FF,9E,00,00,F0,00,00,00
161115,1,400,0,0,8,01,00,0C,00,00,00,00,00
161135,0,300,0,0,8,03,A5,64,5A,64,00,64,65
161135,0,301,0,0,3,54,05,00
161145,1,201,0,0,5,CC,01,00,00,63
161155,1,203,0,0,8,00,00,00,00,00,00,00,80
161175,1,206,0,0,8,00,00,00,00,00,00,00,00
161185,0,300,0,0,8,03,A5,64,5A,64,00,64,76
161185,0,301,0,0,3,F5,06,00
161195,1,401,0,0,8,FF,9E,00,00,F4,00,00,00
161215,1,400,0,0,8,01,00,0C,00,00,00,00,00
161235,0,300,0,0,8,03,A5,64,5A,64,00,64,67
161235,0,301,0,0,3,B8,07,00
161245,1,201,0,0,5,CC,01,00,00,63
161255,1,203,0,0,8,00,00,00,00,00,00,00,80
161275,1,403,0,0,8,64,00,00,00,40,E3,09,00
161275,1,206,0,0,8,00,00,00,00,00,00,00,00
161285,0,300,0,0,8,03,A5,64,5A,64,00,64,F8
161285,0,301,0,0,3,80,08,00
161295,1,401,0,0,8,FD,9E,00,00,F4,00,00,00
161315,1,400,0,0,8,01,00,0C,00,00,00,00,00
161335,0,300,0,0,8,03,A5,64,5A,64,00,64,E9
161335,0,301,0,0,3,88,09,00
161345,1,201,0,0,5,CC,01,00,00,63
161355,1,203,0,0,8,00,00,00,00,00,00,00,80
161375,1,206,0,0,8,00,00,00,00,00,00,00,00
161385,0,300,0,0,8,03,A5,64,5A,64,00,64,FA
161385,0,301,0,0,3,C6,0A,00
161395,1,401,0,0,8,FD,9E,00,00,F3,00,00,00
161415,1,400,0,0,8,01,00,0C,00,00,00,00,00
161435,0,300,0,0,8,03,A5,64,5A,64,00,64,EB
161435,0,301,0,0,3,43,0B,00
161445,1,201,0,0,5,CC,01,00,00,63
161455,1,203,0,0,8,00,00,00,00,00,00,00,80
161475,1,206,0,0,8,00,00,00,00,00,00,00,00
161485,0,300,0,0,8,03,A5,64,5A,64,00,64,FC
161485,0,301,0,0,3,B5,0C,00
161495,1,401,0,0,8,FD,9E,00,00,F3,00,00,00
161515,1,400,0,0,8,01,00,0C,00,00,00,00,00
161535,0,300,0,0,8,03,A5,64,5A,64,00,64,ED
161535,0,301,0,0,3,4E,0D,00
161545,1,201,0,0,5,CC,01,00,00,63
161555,1,203,0,0,8,00,00,00,00,00,00,00,80
161565,1,204,0,0,8,00,00,00,00,00,00,00,00
161575,1,206,0,0,8,00,00,00,00,00,00,00,00
161575,1,202,0,0,8,E2,12,00,00,14,7C,05,00
161585,0,300,0,0,8,03,A5,64,5A,64,00,64,FE
161585,0,301,0,0,3,1D,0E,00
161595,1,401,0,0,8,FD,9E,00,00,F3,00,00,00
161615,1,400,0,0,8,01,00,0C,00,00,00,00,00
161635,0,300,0,0,8,03,A5,64,5A,64,00,64,EF
161635,0,301,0,0,3,E8,0F,00
161645,1,201,0,0,5,CC,01,00,00,63
161655,1,203,0,0,8,00,00,00,00,00,00,00,80
161675,1,206,0,0,8,00,00,00,00,00,00,00,00
161685,0,300,0,0,8,03,A5,64,5A,64,00,64,70
161685,0,301,0,0,3,E2,00,00
161695,1,401,0,0,8,FD,9E,00,00,F5,00,00,00
161715,1,400,0,0,8,01,00,0C,00,00,00,00,00
161735,0,300,0,0,8,03,A5,64,5A,64,00,64,61
161735,0,301,0,0,3,B3,01,00
161745,1,201,0,0,5,CC,01,00,00,63
161755,1,203,0,0,8,00,00,00,00,00,00,00,80
161775,1,402,0,0,8,58,00,00,00,F4,A8,08,00
161775,1,206,0,0,8,00,00,00,00,00,00,00,00
161785,0,300,0,0,8,03,A5,64,5A,64,00,64,72
161785,0,301,0,0,3,6B,02,00
161795,1,401,0,0,8,FD,9E,00,00,F5,00,00,00
161815,1,400,0,0,8,01,00,0C,00,00,00,00,00
161835,0,300,0,0,8,03,A5,64,5A,64,00,64,63
161835,0,301,0,0,3,96,03,00
161845,1,201,0,0,5,CC,01,00,00,63
161855,1,203,0,0,8,00,00,00,00,00,00,00,80
161875,1,206,0,0,8,00,00,00,00,00,00,00,00
161885,0,300,0,0,8,03,A5,64,5A,64,00,64,74
161885,0,301,0,0,3,03,04,00
161895,1,401,0,0,8,FD,9E,00,00,0B,01,00,00
161915,1,400,0,0,8,01,00,0C,00,00,00,00,00
161935,0,300,0,0,8,03,A5,64,5A,64,00,64,65
161935,0,301,0,0,3,54,05,00
161945,1,201,0,0,5,CC,01,00,00,63
161955,1,203,0,0,8,00,00,00,00,00,00,00,80
161975,1,206,0,0,8,00,00,00,00,00,00,00,00
161985,0,300,0,0,8,03,A5,64,5A,64,00,64,76
161985,0,301,0,0,3,F5,06,00
161995,1,401,0,0,8,FD,9E,00,00,0B,01,00,00
162015,1,400,0,0,8,01,00,0C,00,00,00,00,00
162035,0,300,0,0,8,03,A5,64,5A,64,00,64,67
162035,0,301,0,0,3,B8,07,00
162045,1,201,0,0,5,CC,01,00,00,63
162055,1,203,0,0,8,00,00,00,00,00,00,00,80
162075,1,206,0,0,8,00,00,00,00,00,00,00,00
162085,0,300,0,0,8,03,A5,64,5A,64,00,64,F8
162085,0,301,0,0,3,80,08,00
162095,1,401,0,0,8,FF,9E,00,00,03,01,00,00
162115,1,400,0,0,8,01,00,0C,00,00,00,00,00
162135,0,300,0,0,8,03,A5,64,5A,64,00,64,E9
162135,0,301,0,0,3,88,09,00
162145,1,201,0,0,5,CC,01,00,00,63
162155,1,203,0,0,8,00,00,00,00,00,00,00,80
162175,1,206,0,0,8,00,00,00,00,00,00,00,00
162185,0,300,0,0,8,03,A5,64,5A,64,00,64,FA
162185,0,301,0,0,3,C6,0A,00
162195,1,401,0,0,8,FF,9E,00,00,03,01,00,00
162215,1,400,0,0,8,01,00,0C,00,00,00,00,00
162235,0,300,0,0,8,03,A5,64,5A,64,00,64,EB
162235,0,301,0,0,3,43,0B,00
162245,1,201,0,0,5,AE,01,00,00,63
162255,1,203,0,0,8,00,00,00,00,00,00,00,80
162275,1,403,0,0,8,64,00,00,00,40,E3,09,00
162275,1,206,0,0,8,00,00,00,00,00,00,00,00
162285,0,300,0,0,8,03,A5,64,5A,64,00,64,FC
162285,0,301,0,0,3,B5,0C,00
162295,1,401,0,0,8,FD,9E,00,00,03,01,00,00
162315,1,400,0,0,8,01,00,0C,00,00,00,00,00
162335,0,300,0,0,8,03,A5,64,5A,64,00,64,ED
162335,0,301,0,0,3,4E,0D,00
162345,1,201,0,0,5,AE,01,00,00,63
162355,1,203,0,0,8,00,00,00,00,00,00,00,80
162375,1,206,0,0,8,00,00,00,00,00,00,00,00
162385,0,300,0,0,8,03,A5,64,5A,64,00,64,FE
162385,0,301,0,0,3,1D,0E,00
162395,1,401,0,0,8,FD,9E,00,00,FE,00,00,00
162415,1,400,0,0,8,01,00,0C,00,00,00,00,00
162435,0,300,0,0,8,03,A5,64,5A,64,00,64,EF
162435,0,301,0,0,3,E8,0F,00
162445,1,201,0,0,5,AE,01,00,00,63
162455,1,203,0,0,8,00,00,00,00,00,00,00,80
162475,1,206,0,0,8,00,00,00,00,00,00,00,00
162485,0,300,0,0,8,03,A5,64,5A,64,00,64,70
162485,0,301,0,0,3,E2,00,00
162495,1,401,0,0,8,FD,9E,00,00,FE,00,00,00
162515,1,400,0,0,8,01,00,0C,00,00,00,00,00
162535,0,300,0,0,8,03,A5,64,5A,64,00,64,61
162535,0,301,0,0,3,B3,01,00
162545,1,201,0,0,5,AE,01,00,00,63
162555,1,203,0,0,8,00,00,00,00,00,00,00,80
162565,1,204,0,0,8,00,00,00,00,00,00,00,00
162575,1,206,0,0,8,00,00,00,00,00,00,00,00
162575,1,202,0,0,8,E2,12,00,00,16,7C,05,00
162585,0,300,0,0,8,03,A5,64,5A,64,00,64,72
162585,0,301,0,0,3,6B,02,00
162595,1,666,0,0,8,52,08,05,00,52,95,36,02
162595,1,401,0,0,8,FD,9E,00,00,07,01,00,00
162605,1,665,0,0,8,00,00,00,53,4C,18,53,00
162615,1,200,0,0,8,58,00,83,A9,08,00,00,00
162615,1,400,0,0,8,01,00,0C,00,00,00,00,00
162635,0,300,0,0,8,03,A5,64,5A,64,00,64,63
162635,0,301,0,0,3,96,03,00
162645,1,201,0,0,5,AE,01,00,00,63
162655,1,203,0,0,8,00,00,00,00,00,00,00,80
162675,1,206,0,0,8,00,00,00,00,00,00,00,00
162685,0,300,0,0,8,03,A5,64,5A,64,00,64,74
162685,0,301,0,0,3,03,04,00
162695,1,401,0,0,8,FD,9E,00,00,07,01,00,00
162715,1,400,0,0,8,01,00,0C,00,00,00,00,00
162735,0,300,0,0,8,03,A5,64,5A,64,00,64,65
162735,0,301,0,0,3,54,05,00
162745,1,201,0,0,5,AE,01,00,00,63
162755,1,203,0,0,8,00,00,00,00,00,00,00,80
162775,1,402,0,0,8,58,00,00,00,F4,A8,08,00
162775,1,206,0,0,8,00,00,00,00,00,00,00,00
162785,0,300,0,0,8,03,A5,64,5A,64,00,64,76
162785,0,301,0,0,3,F5,06,00
162795,1,401,0,0,8,FA,9E,00,00,07,01,00,00
162815,1,400,0,0,8,01,00,0C,00,00,00,00,00
162835,0,300,0,0,8,03,A5,64,5A,64,00,64,67
162835,0,301,0,0,3,B8,07,00
162845,1,201,0,0,5,AE,01,00,00,63
162855,1,203,0,0,8,00,00,00,00,00,00,00,80
162875,1,206,0,0,8,00,00,00,00,00,00,00,00
162885,0,300,0,0,8,03,A5,64,5A,64,00,64,F8
162885,0,301,0,0,3,80,08,00
162895,1,401,0,0,8,FA,9E,00,00,17,01,00,00
162915,1,400,0,0,8,01,00,0C,00,00,00,00,00
162935,0,300,0,0,8,03,A5,64,5A,64,00,64,E9
162935,0,301,0,0,3,88,09,00
162945,1,201,0,0,5,AE,01,00,00,63
162955,1,203,0,0,8,00,00,00,00,00,00,00,80
162975,1,206,0,0,8,00,00,00,00,00,00,00,00
162985,0,300,0,0,8,03,A5,64,5A,64,00,64,FA
162985,0,301,0,0,3,C6,0A,00
162995,1,401,0,0,8,FA,9E,00,00,17,01,00,00
163015,1,400,0,0,8,01,00,0C,00,00,00,00,00
163015,0,404,0,0,2,4A,00
163015,1,405,0,0,8,4A,00,00,00,06,00,00,00
163035,0,300,0,0,8,03,A5,64,5A,64,00,64,EB
163035,0,301,0,0,3,43,0B,00
163045,1,201,0,0,5,AE,01,00,00,63
163045,0,404,0,0,2,02,30
163045,1,405,0,0,7,02,30,00,00,00,00,00
163055,1,203,0,0,8,00,00,00,00,00,00,00,80
163075,1,206,0,0,8,00,00,00,00,00,00,00,00
163085,0,404,0,0,2,44,00
163085,1,405,0,0,6,44,00,00,00,50,46
163085,0,300,0,0,8,03,A5,64,5A,64,00,64,FC
163085,0,301,0,0,3,B5,0C,00
163095,1,401,0,0,8,FD,9E,00,00,15,01,00,00
163115,0,404,0,0,2,01,00
163115,1,405,0,0,8,01,00,00,00,00,04,06,04
163115,1,400,0,0,8,01,00,0C,00,00,00,00,00
163135,0,300,0,0,8,03,A5,64,5A,64,00,64,ED
163135,0,301,0,0,3,4E,0D,00
163145,1,201,0,0,5,AE,01,00,00,63
163145,0,404,0,0,2,A3,01
163145,1,405,0,0,5,A3,01,00,00,06
163155,1,203,0,0,8,00,00,00,00,00,00,00,80
163175,0,404,0,0,2,20,00
163175,1,405,0,0,8,20,00,00,00,32,33,36,47
163175,1,206,0,0,8,00,00,00,00,00,00,00,00
163185,0,300,0,0,8,03,A5,64,5A,64,00,64,FE
163185,0,301,0,0,3,1D,0E,00
163195,1,401,0,0,8,FD,9E,00,00,15,01,00,00
163215,1,400,0,0,8,01,00,0C,00,00,00,00,00
163235,0,300,0,0,8,03,A5,64,5A,64,00,64,EF
163235,0,301,0,0,3,E8,0F,00
163235,0,404,0,0,2,21,00
163235,1,405,0,0,8,21,00,00,00,35,4C,41,31
163245,1,201,0,0,5,AE,01,00,00,63
163255,1,203,0,0,8,00,00,00,00,00,00,00,80
163265,0,404,0,0,2,22,00
163265,1,405,0,0,8,22,00,00,00,30,30,34,52
163275,1,403,0,0,8,64,00,00,00,40,E3,09,00
163275,1,206,0,0,8,00,00,00,00,00,00,00,00
163285,0,300,0,0,8,03,A5,64,5A,64,00,64,70
163285,0,301,0,0,3,E2,00,00
163295,1,401,0,0,8,FA,9E,00,00,15,01,00,00
163305,0,404,0,0,2,23,00
163305,1,405,0,0,8,23,00,00,00,4D,30,30,30
163315,1,400,0,0,8,01,00,0C,00,00,00,00,00
163325,0,404,0,0,2,24,00
163335,1,405,0,0,8,24,00,00,00,30,30,30,30
163335,0,300,0,0,8,03,A5,64,5A,64,00,64,61
163335,0,301,0,0,3,B3,01,00
163345,1,201,0,0,5,AE,01,00,00,63
163355,1,203,0,0,8,00,00,00,00,00,00,00,80
163365,0,404,0,0,2,25,00
163365,1,405,0,0,8,25,00,00,00,30,30,30,30
163375,1,206,0,0,8,00,00,00,00,00,00,00,00
163385,0,300,0,0,8,03,A5,64,5A,64,00,64,72
163385,0,301,0,0,3,6B,02,00
163395,0,404,0,0,2,26,00
163395,1,405,0,0,8,26,00,00,00,30,30,30,30
163395,1,401,0,0,8,FA,9E,00,00,03,01,00,00
163415,1,400,0,0,8,01,00,0C,00,00,00,00,00
163425,0,404,0,0,2,27,00
163425,1,405,0,0,6,27,00,00,00,30,30
163435,0,300,0,0,8,03,A5,64,5A,64,00,64,63
163435,0,301,0,0,3,96,03,00
163445,1,201,0,0,5,AE,01,00,00,63
163455,1,203,0,0,8,00,00,00,00,00,00,00,80
163475,1,206,0,0,8,00,00,00,00,00,00,00,00
163485,0,300,0,0,8,03,A5,64,5A,64,00,64,74
163485,0,301,0,0,3,03,04,00
163485,0,404,0,0,2,4C,00
163485,1,405,0,0,8,4C,00,00,00,01,24,00,00
163495,1,401,0,0,8,FA,9E,00,00,03,01,00,00
163515,0,404,0,0,2,46,00
163515,1,405,0,0,5,46,00,00,00,00
163515,1,400,0,0,8,01,00,0C,00,00,00,00,00
163535,0,300,0,0,8,03,A5,64,5A,64,00,64,65
163535,0,301,0,0,3,54,05,00
163545,1,201,0,0,5,AE,01,00,00,63
163545,0,404,0,0,2,4D,00
163545,1,405,0,0,8,4D,00,00,00,00,00,00,00
163555,1,203,0,0,8,00,00,00,00,00,00,00,80
163565,1,204,0,0,8,00,00,00,00,00,00,00,00
163575,1,206,0,0,8,00,00,00,00,00,00,00,00
163575,0,404,0,0,2,50,00
163585,1,202,0,0,8,E2,12,00,00,16,7C,05,00
163585,1,405,0,0,8,50,00,00,00,81,00,80,00
163585,0,300,0,0,8,03,A5,64,5A,64,00,64,76
163585,0,301,0,0,3,F5,06,00
163595,1,401,0,0,8,FD,9E,00,00,00,01,00,00
163615,0,404,0,0,2,02,00
163615,1,405,0,0,8,02,00,00,00,53,49,43,54
163615,1,400,0,0,8,01,00,0C,00,00,00,00,00
163635,0,300,0,0,8,03,A5,64,5A,64,00,64,67
163635,0,301,0,0,3,B8,07,00
163645,0,404,0,0,2,0A,00
163645,1,405,0,0,8,0A,00,00,00,30,3A,00,00
163645,1,201,0,0,5,AE,01,00,00,63
163655,1,203,0,0,8,00,00,00,00,00,00,00,80
163675,0,404,0,0,2,04,00
163675,1,405,0,0,7,04,00,00,00,16,09,02
163675,1,206,0,0,8,00,00,00,00,00,00,00,00
163685,0,300,0,0,8,03,A5,64,5A,64,00,64,F8
163685,0,301,0,0,3,80,08,00
163695,1,401,0,0,8,FD,9E,00,00,00,01,00,00
163715,1,400,0,0,8,01,00,0C,00,00,00,00,00
163735,0,300,0,0,8,03,A5,64,5A,64,00,64,E9
163735,0,301,0,0,3,88,09,00
163735,0,404,0,0,2,B0,01
163735,1,405,0,0,6,B0,01,00,00,00,00
163745,1,201,0,0,5,AE,01,00,00,63
163755,1,203,0,0,8,00,00,00,00,00,00,00,80
163775,0,404,0,0,2,B1,01
163775,1,405,0,0,6,B1,01,00,00,00,00
163775,1,402,0,0,8,58,00,00,00,F4,A8,08,00
163775,1,206,0,0,8,00,00,00,00,00,00,00,00
163785,0,300,0,0,8,03,A5,64,5A,64,00,64,FA
163785,0,301,0,0,3,C6,0A,00
163795,1,401,0,0,8,FF,9E,00,00,00,01,00,00
163815,1,400,0,0,8,01,00,0C,00,00,00,00,00
163835,0,300,0,0,8,03,A5,64,5A,64,00,64,EB
163835,0,301,0,0,3,43,0B,00
163845,1,201,0,0,5,AE,01,00,00,63
163855,1,203,0,0,8,00,00,00,00,00,00,00,80
163875,1,206,0,0,8,00,00,00,00,00,00,00,00
163885,0,300,0,0,8,03,A5,64,5A,64,00,64,FC
163885,0,301,0,0,3,B5,0C,00
163895,1,401,0,0,8,FF,9E,00,00,FB,00,00,00
163915,1,400,0,0,8,01,00,0C,00,00,00,00,00
163935,0,300,0,0,8,03,A5,64,5A,64,00,64,ED
163935,0,301,0,0,3,4E,0D,00
163945,1,201,0,0,5,CC,01,00,00,63
163955,1,203,0,0,8,00,00,00,00,00,00,00,80
163975,1,206,0,0,8,00,00,00,00,00,00,00,00
163985,0,300,0,0,8,03,A5,64,5A,64,00,64,FE
163985,0,301,0,0,3,1D,0E,00
163995,1,401,0,0,8,FF,9E,00,00,FB,00,00,00
164015,1,400,0,0,8,01,00,0C,00,00,00,00,00
164035,0,300,0,0,8,03,A5,64,5A,64,00,64,EF
164035,0,301,0,0,3,E8,0F,00
164045,1,201,0,0,5,CC,01,00,00,63
164055,1,203,0,0,8,00,00,00,00,00,00,00,80
164075,1,206,0,0,8,00,00,00,00,00,00,00,00
164085,0,300,0,0,8,03,A5,64,5A,64,00,64,70
164085,0,301,0,0,3,E2,00,00
164095,1,401,0,0,8,FD,9E,00,00,F5,00,00,00
164125,1,400,0,0,8,01,00,0C,00,00,00,00,00
164135,0,300,0,0,8,03,A5,64,5A,64,00,64,61
164135,0,301,0,0,3,B3,01,00
164145,1,201,0,0,5,CC,01,00,00,63
164155,1,203,0,0,8,00,00,00,00,00,00,00,80
164175,1,206,0,0,8,00,00,00,00,00,00,00,00
164185,0,300,0,0,8,03,A5,64,5A,64,00,64,72
164185,0,301,0,0,3,6B,02,00
164205,1,401,0,0,8,FD,9E,00,00,F5,00,00,00
164225,1,400,0,0,8,01,00,0C,00,00,00,00,00
164235,0,300,0,0,8,03,A5,64,5A,64,00,64,63
164235,0,301,0,0,3,96,03,00
164245,1,201,0,0,5,CC,01,00,00,63
164255,1,203,0,0,8,00,00,00,00,00,00,00,80
164285,1,206,0,0,8,00,00,00,00,00,00,00,00
164285,1,403,0,0,8,64,00,00,00,40,E3,09,00
164285,0,300,0,0,8,03,A5,64,5A,64,00,64,74
164285,0,301,0,0,3,03,04,00
164305,1,401,0,0,8,FD,9E,00,00,F5,00,00,00
164325,1,400,0,0,8,01,00,0C,00,00,00,00,00
164335,0,300,0,0,8,03,A5,64,5A,64,00,64,65
164335,0,301,0,0,3,54,05,00
164345,1,201,0,0,5,CC,01,00,00,63
164355,1,203,0,0,8,00,00,00,00,00,00,00,80
164385,1,206,0,0,8,00,00,00,00,00,00,00,00
164385,0,300,0,0,8,03,A5,64,5A,64,00,64,76
164385,0,301,0,0,3,F5,06,00
164405,1,401,0,0,8,FD,9E,00,00,F8,00,00,00
164425,1,400,0,0,8,01,00,0C,00,00,00,00,00
164435,0,300,0,0,8,03,A5,64,5A,64,00,64,67
164435,0,301,0,0,3,B8,07,00
164445,1,201,0,0,5,CC,01,00,00,63
164455,1,203,0,0,8,00,00,00,00,00,00,00,80
164485,1,206,0,0,8,00,00,00,00,00,00,00,00
164485,0,300,0,0,8,03,A5,64,5A,64,00,64,F8
164485,0,301,0,0,3,80,08,00
164505,1,401,0,0,8,FD,9E,00,00,F8,00,00,00
164525,1,400,0,0,8,01,00,0C,00,00,00,00,00
164535,0,300,0,0,8,03,A5,64,5A,64,00,64,E9
164535,0,301,0,0,3,88,09,00
164545,1,201,0,0,5,CC,01,00,00,63
164555,1,203,0,0,8,00,00,00,00,00,00,00,80
164565,1,204,0,0,8,00,00,00,00,00,00,00,00
164585,1,206,0,0,8,00,00,00,00,00,00,00,00
164585,1,202,0,0,8,E2,13,00,00,18,7C,05,00
164585,0,300,0,0,8,03,A5,64,5A,64,00,64,FA
164585,0,301,0,0,3,C6,0A,00
164605,1,401,0,0,8,FD,9E,00,00,FF,00,00,00
164625,1,400,0,0,8,01,00,0C,00,00,00,00,00
164635,0,300,0,0,8,03,A5,64,5A,64,00,64,EB
164635,0,301,0,0,3,43,0B,00
164645,1,201,0,0,5,CC,01,00,00,63
164655,1,203,0,0,8,00,00,00,00,00,00,00,80
164685,1,206,0,0,8,00,00,00,00,00,00,00,00
164685,0,300,0,0,8,03,A5,64,5A,64,00,64,FC
164685,0,301,0,0,3,B5,0C,00
164705,1,401,0,0,8,FD,9E,00,00,FF,00,00,00
164725,1,400,0,0,8,01,00,0C,00,00,00,00,00
164735,0,300,0,0,8,03,A5,64,5A,64,00,64,ED
164735,0,301,0,0,3,4E,0D,00
164745,1,201,0,0,5,CC,01,00,00,63
164755,1,203,0,0,8,00,00,00,00,00,00,00,80
164785,1,206,0,0,8,00,00,00,00,00,00,00,00
164785,1,402,0,0,8,58,00,00,00,F4,A8,08,00
164785,0,300,0,0,8,03,A5,64,5A,64,00,64,FE
164785,0,301,0,0,3,1D,0E,00
164805,1,401,0,0,8,FA,9E,00,00,FF,00,00,00
164825,1,400,0,0,8,01,00,0C,00,00,00,00,00
164835,0,300,0,0,8,03,A5,64,5A,64,00,64,EF
164835,0,301,0,0,3,E8,0F,00
164845,1,201,0,0,5,CC,01,00,00,63
164855,1,203,0,0,8,00,00,00,00,00,00,00,80
164885,1,206,0,0,8,00,00,00,00,00,00,00,00
164885,0,300,0,0,8,03,A5,64,5A,64,00,64,70
164885,0,301,0,0,3,E2,00,00
164905,1,401,0,0,8,FA,9E,00,00,05,01,00,00
164925,1,400,0,0,8,01,00,0C,00,00,00,00,00
164935,0,300,0,0,8,03,A5,64,5A,64,00,64,61
164935,0,301,0,0,3,B3,01,00
164945,1,201,0,0,5,CC,01,00,00,63
164955,1,203,0,0,8,00,00,00,00,00,00,00,80
164985,1,206,0,0,8,00,00,00,00,00,00,00,00
164985,0,300,0,0,8,03,A5,64,5A,64,00,64,72
164985,0,301,0,0,3,6B,02,00
165005,1,401,0,0,8,FA,9E,00,00,05,01,00,00
165025,1,400,0,0,8,01,00,0C,00,00,00,00,00
165035,0,300,0,0,8,03,A5,64,5A,64,00,64,63
165035,0,301,0,0,3,96,03,00
165045,1,201,0,0,5,CC,01,00,00,63
165055,1,203,0,0,8,00,00,00,00,00,00,00,80
165085,1,206,0,0,8,00,00,00,00,00,00,00,00
165085,0,300,0,0,8,03,A5,64,5A,64,00,64,74
165085,0,301,0,0,3,03,04,00
165105,1,401,0,0,8,FF,9E,00,00,0A,01,00,00
165125,1,400,0,0,8,01,00,0C,00,00,00,00,00
165135,0,300,0,0,8,03,A5,64,5A,64,00,64,65
165135,0,301,0,0,3,54,05,00
165145,1,201,0,0,5,CC,01,00,00,63
165155,1,203,0,0,8,00,00,00,00,00,00,00,80
165185,1,206,0,0,8,00,00,00,00,00,00,00,00
165185,0,300,0,0,8,03,A5,64,5A,64,00,64,76
165185,0,301,0,0,3,F5,06,00
165205,1,401,0,0,8,FF,9E,00,00,0A,01,00,00
165225,1,400,0,0,8,01,00,0C,00,00,00,00,00
165235,0,300,0,0,8,03,A5,64,5A,64,00,64,67
165235,0,301,0,0,3,B8,07,00
165245,1,201,0,0,5,CC,01,00,00,63
165255,1,203,0,0,8,00,00,00,00,00,00,00,80
165285,1,206,0,0,8,00,00,00,00,00,00,00,00
165285,1,403,0,0,8,64,00,00,00,40,E3,09,00
165285,0,300,0,0,8,03,A5,64,5A,64,00,64,F8
165285,0,301,0,0,3,80,08,00
165305,1,401,0,0,8,FF,9E,00,00,0A,01,00,00
165325,1,400,0,0,8,01,00,0C,00,00,00,00,00
165335,0,300,0,0,8,03,A5,64,5A,64,00,64,E9
165335,0,301,0,0,3,88,09,00
165345,1,201,0,0,5,CC,01,00,00,63
165355,1,203,0,0,8,00,00,00,00,00,00,00,80
165385,1,206,0,0,8,00,00,00,00,00,00,00,00
165385,0,300,0,0,8,03,A5,64,5A,64,00,64,FA
165385,0,301,0,0,3,C6,0A,00
165405,1,401,0,0,8,FF,9E,00,00,FD,00,00,00
165425,1,400,0,0,8,01,00,0C,00,00,00,00,00
165435,0,300,0,0,8,03,A5,64,5A,64,00,64,EB
165435,0,301,0,0,3,43,0B,00
165445,1,201,0,0,5,CC,01,00,00,63
165455,1,203,0,0,8,00,00,00,00,00,00,00,80
165485,1,206,0,0,8,00,00,00,00,00,00,00,00
165485,0,300,0,0,8,03,A5,64,5A,64,00,64,FC
165485,0,301,0,0,3,B5,0C,00
165505,1,401,0,0,8,FF,9E,00,00,FD,00,00,00
165525,1,400,0,0,8,01,00,0C,00,00,00,00,00
165535,0,300,0,0,8,03,A5,64,5A,64,00,64,ED
165535,0,301,0,0,3,4E,0D,00
165545,1,201,0,0,5,CC,01,00,00,63
165555,1,203,0,0,8,00,00,00,00,00,00,00,80
165565,1,204,0,0,8,00,00,00,00,00,00,00,00
165585,1,206,0,0,8,00,00,00,00,00,00,00,00
165585,1,202,0,0,8,E2,12,00,00,18,7C,05,00
165585,0,300,0,0,8,03,A5,64,5A,64,00,64,FE
165585,0,301,0,0,3,1D,0E,00
165595,1,666,0,0,8,52,08,05,00,52,95,36,02
165605,1,401,0,0,8,FD,9E,00,00,01,01,00,00
165605,1,665,0,0,8,00,00,00,53,4C,18,53,00
165615,1,200,0,0,8,58,00,74,A9,08,00,01,00
165625,1,400,0,0,8,01,00,0C,00,00,00,00,00
165635,0,300,0,0,8,03,A5,64,5A,64,00,64,EF
165635,0,301,0,0,3,E8,0F,00
165645,1,201,0,0,5,C2,01,00,00,63
165655,1,203,0,0,8,00,00,00,00,00,00,00,80
165685,1,206,0,0,8,00,00,00,00,00,00,00,00
165685,0,300,0,0,8,03,A5,64,5A,64,00,64,70
165685,0,301,0,0,3,E2,00,00
165705,1,401,0,0,8,FD,9E,00,00,01,01,00,00
165725,1,400,0,0,8,01,00,0C,00,00,00,00,00
165735,0,300,0,0,8,03,A5,64,5A,64,00,64,61
165735,0,301,0,0,3,B3,01,00
165745,1,201,0,0,5,C2,01,00,00,63
165755,1,203,0,0,8,00,00,00,00,00,00,00,80
165785,1,206,0,0,8,00,00,00,00,00,00,00,00
165785,1,402,0,0,8,58,00,00,00,F4,A8,08,00
165785,0,300,0,0,8,03,A5,64,5A,64,00,64,72
165785,0,301,0,0,3,6B,02,00
165805,1,401,0,0,8,FF,9E,00,00,01,01,00,00
165825,1,400,0,0,8,01,00,0C,00,00,00,00,00
165835,0,300,0,0,8,03,A5,64,5A,64,00,64,63
165835,0,301,0,0,3,96,03,00
165845,1,201,0,0,5,C2,01,00,00,63
165855,1,203,0,0,8,00,00,00,00,00,00,00,80
165885,1,206,0,0,8,00,00,00,00,00,00,00,00
165885,0,300,0,0,8,03,A5,64,5A,64,00,64,74
165885,0,301,0,0,3,03,04,00
165905,1,401,0,0,8,FF,9E,00,00,FE,00,00,00
165925,1,400,0,0,8,01,00,0C,00,00,00,00,00
165935,0,300,0,0,8,03,A5,64,5A,64,00,64,65
165935,0,301,0,0,3,54,05,00
165945,1,201,0,0,5,C2,01,00,00,63
165955,1,203,0,0,8,00,00,00,00,00,00,00,80
165985,1,206,0,0,8,00,00,00,00,00,00,00,00
165985,0,300,0,0,8,03,A5,64,5A,64,00,64,76
165985,0,301,0,0,3,F5,06,00
166005,1,401,0,0,8,FF,9E,00,00,FE,00,00,00
166025,1,400,0,0,8,01,00,0C,00,00,00,00,00
166035,0,300,0,0,8,03,A5,64,5A,64,00,64,67
166035,0,301,0,0,3,B8,07,00
166045,1,201,0,0,5,C2,01,00,00,63
166055,1,203,0,0,8,00,00,00,00,00,00,00,80
166085,1,206,0,0,8,00,00,00,00,00,00,00,00
166085,0,300,0,0,8,03,A5,64,5A,64,00,64,F8
166085,0,301,0,0,3,80,08,00
166105,1,401,0,0,8,FF,9E,00,00,FC,00,00,00
166125,1,400,0,0,8,01,00,0C,00,00,00,00,00
166135,0,300,0,0,8,03,A5,64,5A,64,00,64,E9
166135,0,301,0,0,3,88,09,00
166145,1,201,0,0,5,C2,01,00,00,63
166155,1,203,0,0,8,00,00,00,00,00,00,00,80
166185,1,206,0,0,8,00,00,00,00,00,00,00,00
166185,0,300,0,0,8,03,A5,64,5A,64,00,64,FA
166185,0,301,0,0,3,C6,0A,00
166205,1,401,0,0,8,FF,9E,00,00,FC,00,00,00
166225,1,400,0,0,8,01,00,0C,00,00,00,00,00
166235,0,300,0,0,8,03,A5,64,5A,64,00,64,EB
166235,0,301,0,0,3,43,0B,00
166245,1,201,0,0,5,C2,01,00,00,63
166255,1,203,0,0,8,00,00,00,00,00,00,00,80
166285,1,206,0,0,8,00,00,00,00,00,00,00,00
166285,0,300,0,0,8,03,A5,64,5A,64,00,64,FC
166285,1,403,0,0,8,64,00,00,00,40,E3,09,00
166285,0,301,0,0,3,B5,0C,00
166305,1,401,0,0,8,FF,9E,00,00,FC,00,00,00
166325,1,400,0,0,8,01,00,0C,00,00,00,00,00
166335,0,300,0,0,8,03,A5,64,5A,64,00,64,ED
166335,0,301,0,0,3,4E,0D,00
166345,1,201,0,0,5,C2,01,00,00,63
166355,1,203,0,0,8,00,00,00,00,00,00,00,80
166385,1,206,0,0,8,00,00,00,00,00,00,00,00
166385,0,300,0,0,8,03,A5,64,5A,64,00,64,FE
166385,0,301,0,0,3,1D,0E,00
166405,1,401,0,0,8,FF,9E,00,00,F8,00,00,00
166425,1,400,0,0,8,01,00,0C,00,00,00,00,00
166435,0,300,0,0,8,03,A5,64,5A,64,00,64,EF
166435,0,301,0,0,3,E8,0F,00
166445,1,201,0,0,5,C2,01,00,00,63
166455,1,203,0,0,8,00,00,00,00,00,00,00,80
166485,1,206,0,0,8,00,00,00,00,00,00,00,00
166485,0,300,0,0,8,03,A5,64,5A,64,00,64,70
166485,0,301,0,0,3,E2,00,00
166505,1,401,0,0,8,FF,9E,00,00,F8,00,00,00
166525,1,400,0,0,8,01,00,0C,00,00,00,00,00
166535,0,300,0,0,8,03,A5,64,5A,64,00,64,61
166535,0,301,0,0,3,B3,01,00
166545,1,201,0,0,5,C2,01,00,00,63
166555,1,203,0,0,8,00,00,00,00,00,00,00,80
166565,1,204,0,0,8,00,00,00,00,00,00,00,00
166585,1,206,0,0,8,00,00,00,00,00,00,00,00
166585,1,202,0,0,8,E2,12,00,00,1A,7C,05,00
166585,0,300,0,0,8,03,A5,64,5A,64,00,64,72
166585,0,301,0,0,3,6B,02,00
166605,1,401,0,0,8,FF,9E,00,00,F7,00,00,00
166625,1,400,0,0,8,01,00,0C,00,00,00,00,00
166635,0,300,0,0,8,03,A5,64,5A,64,00,64,63
166635,0,301,0,0,3,96,03,00
166645,1,201,0,0,5,C2,01,00,00,63
166655,1,203,0,0,8,00,00,00,00,00,00,00,80
166685,1,206,0,0,8,00,00,00,00,00,00,00,00
166685,0,300,0,0,8,03,A5,64,5A,64,00,64,74
166685,0,301,0,0,3,03,04,00
166705,1,401,0,0,8,FF,9E,00,00,F7,00,00,00
166725,1,400,0,0,8,01,00,0C,00,00,00,00,00
166735,0,300,0,0,8,03,A5,64,5A,64,00,64,65
166735,0,301,0,0,3,54,05,00
166745,1,201,0,0,5,C2,01,00,00,63
166755,1,203,0,0,8,00,00,00,00,00,00,00,80
166785,1,206,0,0,8,00,00,00,00,00,00,00,00
166785,0,300,0,0,8,03,A5,64,5A,64,00,64,76
166785,0,301,0,0,3,F5,06,00
166785,1,402,0,0,8,58,00,00,00,F4,A8,08,00
166805,1,401,0,0,8,FA,9E,00,00,F7,00,00,00
166825,1,400,0,0,8,01,00,0C,00,00,00,00,00
166835,0,300,0,0,8,03,A5,64,5A,64,00,64,67
166835,0,301,0,0,3,B8,07,00
166845,1,201,0,0,5,C2,01,00,00,63
166855,1,203,0,0,8,00,00,00,00,00,00,00,80
166885,1,206,0,0,8,00,00,00,00,00,00,00,00
166885,0,300,0,0,8,03,A5,64,5A,64,00,64,F8
166885,0,301,0,0,3,80,08,00
166905,1,401,0,0,8,FA,9E,00,00,04,01,00,00
166925,1,400,0,0,8,01,00,0C,00,00,00,00,00
166935,0,300,0,0,8,03,A5,64,5A,64,00,64,E9
166935,0,301,0,0,3,88,09,00
166945,1,201,0,0,5,C2,01,00,00,63
166955,1,203,0,0,8,00,00,00,00,00,00,00,80
166985,1,206,0,0,8,00,00,00,00,00,00,00,00
166985,0,300,0,0,8,03,A5,64,5A,64,00,64,FA
166985,0,301,0,0,3,C6,0A,00
167005,1,401,0,0,8,FA,9E,00,00,04,01,00,00
167025,1,400,0,0,8,01,00,0C,00,00,00,00,00
167035,0,300,0,0,8,03,A5,64,5A,64,00,64,EB
167035,0,301,0,0,3,43,0B,00
167045,1,201,0,0,5,C2,01,00,00,63
167055,1,203,0,0,8,00,00,00,00,00,00,00,80
167085,1,206,0,0,8,00,00,00,00,00,00,00,00
167085,0,300,0,0,8,03,A5,64,5A,64,00,64,FC
167085,0,301,0,0,3,B5,0C,00
167105,1,401,0,0,8,FD,9E,00,00,10,01,00,00
167125,1,400,0,0,8,01,00,0C,00,00,00,00,00
167135,0,300,0,0,8,03,A5,64,5A,64,00,64,ED
167135,0,301,0,0,3,4E,0D,00
167145,1,201,0,0,5,C2,01,00,00,63
167155,1,203,0,0,8,00,00,00,00,00,00,00,80
167185,1,206,0,0,8,00,00,00,00,00,00,00,00
167185,0,300,0,0,8,03,A5,64,5A,64,00,64,FE
167185,0,301,0,0,3,1D,0E,00
167205,1,401,0,0,8,FD,9E,00,00,10,01,00,00
167225,1,400,0,0,8,01,00,0C,00,00,00,00,00
167235,0,300,0,0,8,03,A5,64,5A,64,00,64,EF
167235,0,301,0,0,3,E8,0F,00
167245,1,201,0,0,5,C2,01,00,00,63
167255,1,203,0,0,8,00,00,00,00,00,00,00,80
167285,1,206,0,0,8,00,00,00,00,00,00,00,00
167285,0,300,0,0,8,03,A5,64,5A,64,00,64,70
167285,0,301,0,0,3,E2,00,00
167285,1,403,0,0,8,64,00,00,00,40,E3,09,00
167305,1,401,0,0,8,FA,9E,00,00,10,01,00,00
167325,1,400,0,0,8,01,00,0C,00,00,00,00,00
167335,0,300,0,0,8,03,A5,64,5A,64,00,64,61
167335,0,301,0,0,3,B3,01,00
167345,1,201,0,0,5,B8,01,00,00,63
167355,1,203,0,0,8,00,00,00,00,00,00,00,80
167385,1,206,0,0,8,00,00,00,00,00,00,00,00
167385,0,300,0,0,8,03,A5,64,5A,64,00,64,72
167385,0,301,0,0,3,6B,02,00
167405,1,401,0,0,8,FA,9E,00,00,FF,00,00,00
167425,1,400,0,0,8,01,00,0C,00,00,00,00,00
167435,0,300,0,0,8,03,A5,64,5A,64,00,64,63
167435,0,301,0,0,3,96,03,00
167445,1,201,0,0,5,B8,01,00,00,63
167455,1,203,0,0,8,00,00,00,00,00,00,00,80
167485,1,206,0,0,8,00,00,00,00,00,00,00,00
167485,0,300,0,0,8,03,A5,64,5A,64,00,64,74
167485,0,301,0,0,3,03,04,00
167505,1,401,0,0,8,FA,9E,00,00,FF,00,00,00
167525,1,400,0,0,8,01,00,0C,00,00,00,00,00
167535,0,300,0,0,8,03,A5,64,5A,64,00,64,65
167535,0,301,0,0,3,54,05,00
167545,1,201,0,0,5,B8,01,00,00,63
167555,1,203,0,0,8,00,00,00,00,00,00,00,80
167565,1,204,0,0,8,00,00,00,00,00,00,00,00
167585,1,206,0,0,8,00,00,00,00,00,00,00,00
167585,1,202,0,0,8,E2,12,00,00,1D,7C,05,00
167585,0,300,0,0,8,03,A5,64,5A,64,00,64,76
167585,0,301,0,0,3,F5,06,00
167605,1,401,0,0,8,FD,9E,00,00,FE,00,00,00
167625,1,400,0,0,8,01,00,0C,00,00,00,00,00
167635,0,300,0,0,8,03,A5,64,5A,64,00,64,67
167635,0,301,0,0,3,B8,07,00
167645,1,201,0,0,5,B8,01,00,00,63
167655,1,203,0,0,8,00,00,00,00,00,00,00,80
167685,1,206,0,0,8,00,00,00,00,00,00,00,00
167685,0,300,0,0,8,03,A5,64,5A,64,00,64,F8
167685,0,301,0,0,3,80,08,00
167705,1,401,0,0,8,FD,9E,00,00,FE,00,00,00
167725,1,400,0,0,8,01,00,0C,00,00,00,00,00
167735,0,300,0,0,8,03,A5,64,5A,64,00,64,E9
167735,0,301,0,0,3,88,09,00
167745,1,201,0,0,5,B8,01,00,00,63
167755,1,203,0,0,8,00,00,00,00,00,00,00,80
167785,1,206,0,0,8,00,00,00,00,00,00,00,00
167785,0,300,0,0,8,03,A5,64,5A,64,00,64,FA
167785,0,301,0,0,3,C6,0A,00
167785,1,402,0,0,8,58,00,00,00,F4,A8,08,00
167805,1,401,0,0,8,FA,9E,00,00,FE,00,00,00
167825,1,400,0,0,8,01,00,0C,00,00,00,00,00
167835,0,300,0,0,8,03,A5,64,5A,64,00,64,EB
167835,0,301,0,0,3,43,0B,00
167845,1,201,0,0,5,B8,01,00,00,63
167855,1,203,0,0,8,00,00,00,00,00,00,00,80
167885,1,206,0,0,8,00,00,00,00,00,00,00,00
167885,0,300,0,0,8,03,A5,64,5A,64,00,64,FC
167885,0,301,0,0,3,B5,0C,00
167905,1,401,0,0,8,FA,9E,00,00,04,01,00,00
167925,1,400,0,0,8,01,00,0C,00,00,00,00,00
167935,0,300,0,0,8,03,A5,64,5A,64,00,64,ED
167935,0,301,0,0,3,4E,0D,00
167945,1,201,0,0,5,B8,01,00,00,63
167955,1,203,0,0,8,00,00,00,00,00,00,00,80
167985,1,206,0,0,8,00,00,00,00,00,00,00,00
167985,0,300,0,0,8,03,A5,64,5A,64,00,64,FE
167985,0,301,0,0,3,1D,0E,00
168005,1,401,0,0,8,FA,9E,00,00,04,01,00,00
168025,1,400,0,0,8,01,00,0C,00,00,00,00,00
168035,0,300,0,0,8,03,A5,64,5A,64,00,64,EF
168035,0,301,0,0,3,E8,0F,00
168045,1,201,0,0,5,B8,01,00,00,63
168055,1,203,0,0,8,00,00,00,00,00,00,00,80
168085,1,206,0,0,8,00,00,00,00,00,00,00,00
168085,0,300,0,0,8,03,A5,64,5A,64,00,64,70
168085,0,301,0,0,3,E2,00,00
168105,1,401,0,0,8,FA,9E,00,00,16,01,00,00
168125,1,400,0,0,8,01,00,0C,00,00,00,00,00
168135,0,300,0,0,8,03,A5,64,5A,64,00,64,61
168135,0,301,0,0,3,B3,01,00
168145,1,201,0,0,5,B8,01,00,00,63
168155,1,203,0,0,8,00,00,00,00,00,00,00,80
168185,1,206,0,0,8,00,00,00,00,00,00,00,00
168185,0,300,0,0,8,03,A5,64,5A,64,00,64,72
168185,0,301,0,0,3,6B,02,00
168205,1,401,0,0,8,FA,9E,00,00,16,01,00,00
168225,1,400,0,0,8,01,00,0C,00,00,00,00,00
168235,0,300,0,0,8,03,A5,64,5A,64,00,64,63
168235,0,301,0,0,3,96,03,00
168245,1,201,0,0,5,B8,01,00,00,63
168255,1,203,0,0,8,00,00,00,00,00,00,00,80
168285,1,206,0,0,8,00,00,00,00,00,00,00,00
168285,0,300,0,0,8,03,A5,64,5A,64,00,64,74
168285,0,301,0,0,3,03,04,00
168285,1,403,0,0,8,64,00,00,00,40,E3,09,00
168305,1,401,0,0,8,01,9F,00,00,16,01,00,00
168335,1,400,0,0,8,01,00,0C,00,00,00,00,00
168335,0,300,0,0,8,03,A5,64,5A,64,00,64,65
168335,0,301,0,0,3,54,05,00
168345,1,201,0,0,5,B8,01,00,00,63
168355,1,203,0,0,8,00,00,00,00,00,00,00,80
168385,1,206,0,0,8,00,00,00,00,00,00,00,00
168385,0,300,0,0,8,03,A5,64,5A,64,00,64,76
168385,0,301,0,0,3,F5,06,00
168415,1,401,0,0,8,01,9F,00,00,0C,01,00,00
168435,1,400,0,0,8,01,00,0C,00,00,00,00,00
168435,0,300,0,0,8,03,A5,64,5A,64,00,64,67
168435,0,301,0,0,3,B8,07,00
168445,1,201,0,0,5,B8,01,00,00,63
168455,1,203,0,0,8,00,00,00,00,00,00,00,80
168485,1,206,0,0,8,00,00,00,00,00,00,00,00
168485,0,300,0,0,8,03,A5,64,5A,64,00,64,F8
168485,0,301,0,0,3,80,08,00
168515,1,401,0,0,8,01,9F,00,00,0C,01,00,00
168535,1,400,0,0,8,01,00,0C,00,00,00,00,00
168535,0,300,0,0,8,03,A5,64,5A,64,00,64,E9
168535,0,301,0,0,3,88,09,00
168545,1,201,0,0,5,B8,01,00,00,63
168555,1,203,0,0,8,00,00,00,00,00,00,00,80
168565,1,204,0,0,8,00,00,00,00,00,00,00,00
168585,1,206,0,0,8,00,00,00,00,00,00,00,00
168585,1,202,0,0,8,E2,12,00,00,1D,7C,05,00
168585,0,300,0,0,8,03,A5,64,5A,64,00,64,FA
168585,0,301,0,0,3,C6,0A,00
168595,1,666,0,0,8,52,08,05,00,52,95,36,02
168605,1,665,0,0,8,00,00,00,53,4C,18,53,00
168615,1,401,0,0,8,01,9F,00,00,FC,00,00,00
168615,1,200,0,0,8,58,00,68,A9,08,00,02,00
168635,1,400,0,0,8,01,00,0C,00,00,00,00,00
168635,0,300,0,0,8,03,A5,64,5A,64,00,64,EB
168635,0,301,0,0,3,43,0B,00
168645,1,201,0,0,5,B8,01,00,00,63
168655,1,203,0,0,8,00,00,00,00,00,00,00,80
168685,1,206,0,0,8,00,00,00,00,00,00,00,00
168685,0,300,0,0,8,03,A5,64,5A,64,00,64,FC
168685,0,301,0,0,3,B5,0C,00
168715,1,401,0,0,8,01,9F,00,00,FC,00,00,00
168735,1,400,0,0,8,01,00,0C,00,00,00,00,00
168735,0,300,0,0,8,03,A5,64,5A,64,00,64,ED
168735,0,301,0,0,3,4E,0D,00
168745,1,201,0,0,5,B8,01,00,00,63
168755,1,203,0,0,8,00,00,00,00,00,00,00,80
168785,1,206,0,0,8,00,00,00,00,00,00,00,00
168785,0,300,0,0,8,03,A5,64,5A,64,00,64,FE
168785,0,301,0,0,3,1D,0E,00
168795,1,402,0,0,8,58,00,00,00,F4,A8,08,00
168815,1,401,0,0,8,01,9F,00,00,FC,00,00,00
168835,1,400,0,0,8,01,00,0C,00,00,00,00,00
168835,0,300,0,0,8,03,A5,64,5A,64,00,64,EF
168835,0,301,0,0,3,E8,0F,00
168845,1,201,0,0,5,B8,01,00,00,63
168855,1,203,0,0,8,00,00,00,00,00,00,00,80
168885,1,206,0,0,8,00,00,00,00,00,00,00,00
168885,0,300,0,0,8,03,A5,64,5A,64,00,64,70
168885,0,301,0,0,3,E2,00,00
168915,1,401,0,0,8,01,9F,00,00,FB,00,00,00
168935,1,400,0,0,8,01,00,0C,00,00,00,00,00
168935,0,300,0,0,8,03,A5,64,5A,64,00,64,61
168935,0,301,0,0,3,B3,01,00
168945,1,201,0,0,5,B8,01,00,00,63
168955,1,203,0,0,8,00,00,00,00,00,00,00,80
168985,1,206,0,0,8,00,00,00,00,00,00,00,00
168985,0,300,0,0,8,03,A5,64,5A,64,00,64,72
168985,0,301,0,0,3,6B,02,00
169015,1,401,0,0,8,01,9F,00,00,FB,00,00,00
169035,1,400,0,0,8,01,00,0C,00,00,00,00,00
169035,0,300,0,0,8,03,A5,64,5A,64,00,64,63
169035,0,301,0,0,3,96,03,00
169045,1,201,0,0,5,CC,01,00,00,63
169055,1,203,0,0,8,00,00,00,00,00,00,00,80
169085,1,206,0,0,8,00,00,00,00,00,00,00,00
169085,0,300,0,0,8,03,A5,64,5A,64,00,64,74
169085,0,301,0,0,3,03,04,00
169115,1,401,0,0,8,01,9F,00,00,F9,00,00,00
169135,1,400,0,0,8,01,00,0C,00,00,00,00,00
169135,0,300,0,0,8,03,A5,64,5A,64,00,64,65
169135,0,301,0,0,3,54,05,00
169145,1,201,0,0,5,CC,01,00,00,63
169155,1,203,0,0,8,00,00,00,00,00,00,00,80
169185,1,206,0,0,8,00,00,00,00,00,00,00,00
169185,0,300,0,0,8,03,A5,64,5A,64,00,64,76
169185,0,301,0,0,3,F5,06,00
169215,1,401,0,0,8,01,9F,00,00,F9,00,00,00
169235,1,400,0,0,8,01,00,0C,00,00,00,00,00
169235,0,300,0,0,8,03,A5,64,5A,64,00,64,67
169235,0,301,0,0,3,B8,07,00
169245,1,201,0,0,5,CC,01,00,00,63
169255,1,203,0,0,8,00,00,00,00,00,00,00,80
169285,1,206,0,0,8,00,00,00,00,00,00,00,00
169285,0,300,0,0,8,03,A5,64,5A,64,00,64,F8
169285,0,301,0,0,3,80,08,00
169295,1,403,0,0,8,64,00,00,00,40,E3,09,00
169315,1,401,0,0,8,FD,9E,00,00,F9,00,00,00
169335,1,400,0,0,8,01,00,0C,00,00,00,00,00
169335,0,300,0,0,8,03,A5,64,5A,64,00,64,E9
169335,0,301,0,0,3,88,09,00
169345,1,201,0,0,5,CC,01,00,00,63
169355,1,203,0,0,8,00,00,00,00,00,00,00,80
169385,1,206,0,0,8,00,00,00,00,00,00,00,00
169385,0,300,0,0,8,03,A5,64,5A,64,00,64,FA
169385,0,301,0,0,3,C6,0A,00
169415,1,401,0,0,8,FD,9E,00,00,F4,00,00,00
169435,1,400,0,0,8,01,00,0C,00,00,00,00,00
169435,0,300,0,0,8,03,A5,64,5A,64,00,64,EB
169435,0,301,0,0,3,43,0B,00
169445,1,201,0,0,5,CC,01,00,00,63
169455,1,203,0,0,8,00,00,00,00,00,00,00,80
169485,1,206,0,0,8,00,00,00,00,00,00,00,00
169485,0,300,0,0,8,03,A5,64,5A,64,00,64,FC
169485,0,301,0,0,3,B5,0C,00
169515,1,401,0,0,8,FD,9E,00,00,F4,00,00,00
169535,1,400,0,0,8,01,00,0C,00,00,00,00,00
169535,0,300,0,0,8,03,A5,64,5A,64,00,64,ED
169535,0,301,0,0,3,4E,0D,00
169545,1,201,0,0,5,CC,01,00,00,63
169555,1,203,0,0,8,00,00,00,00,00,00,00,80
169575,1,204,0,0,8,00,00,00,00,00,00,00,00
169585,1,206,0,0,8,00,00,00,00,00,00,00,00
169585,1,202,0,0,8,E2,12,00,00,1F,7C,05,00
169585,0,300,0,0,8,03,A5,64,5A,64,00,64,FE
169585,0,301,0,0,3,1D,0E,00
169615,1,401,0,0,8,01,9F,00,00,F7,00,00,00
169635,1,400,0,0,8,01,00,0C,00,00,00,00,00
169635,0,300,0,0,8,03,A5,64,5A,64,00,64,EF
169635,0,301,0,0,3,E8,0F,00
169645,1,201,0,0,5,CC,01,00,00,63
169655,1,203,0,0,8,00,00,00,00,00,00,00,80
169685,1,206,0,0,8,00,00,00,00,00,00,00,00
169685,0,300,0,0,8,03,A5,64,5A,64,00,64,70
169685,0,301,0,0,3,E2,00,00
169715,1,401,0,0,8,01,9F,00,00,F7,00,00,00
169735,1,400,0,0,8,01,00,0C,00,00,00,00,00
169735,0,300,0,0,8,03,A5,64,5A,64,00,64,61
169735,0,301,0,0,3,B3,01,00
169745,1,201,0,0,5,CC,01,00,00,63
169755,1,203,0,0,8,00,00,00,00,00,00,00,80
169785,1,206,0,0,8,00,00,00,00,00,00,00,00
169785,0,300,0,0,8,03,A5,64,5A,64,00,64,72
169785,0,301,0,0,3,6B,02,00
169795,1,402,0,0,8,58,00,00,00,F4,A8,08,00
169815,1,401,0,0,8,01,9F,00,00,F7,00,00,00
169835,1,400,0,0,8,01,00,0C,00,00,00,00,00
169835,0,300,0,0,8,03,A5,64,5A,64,00,64,63
169835,0,301,0,0,3,96,03,00
169845,1,201,0,0,5,CC,01,00,00,63
169855,1,203,0,0,8,00,00,00,00,00,00,00,80
169885,1,206,0,0,8,00,00,00,00,00,00,00,00
169885,0,300,0,0,8,03,A5,64,5A,64,00,64,74
169885,0,301,0,0,3,03,04,00
169915,1,401,0,0,8,01,9F,00,00,FA,00,00,00
169935,1,400,0,0,8,01,00,0C,00,00,00,00,00
169935,0,300,0,0,8,03,A5,64,5A,64,00,64,65
169935,0,301,0,0,3,54,05,00
169945,1,201,0,0,5,CC,01,00,00,63
169955,1,203,0,0,8,00,00,00,00,00,00,00,80
169985,1,206,0,0,8,00,00,00,00,00,00,00,00
169985,0,300,0,0,8,03,A5,64,5A,64,00,64,76
169985,0,301,0,0,3,F5,06,00
170015,1,401,0,0,8,01,9F,00,00,FA,00,00,00
170035,1,400,0,0,8,01,00,0C,00,00,00,00,00
170035,0,300,0,0,8,03,A5,64,5A,64,00,64,67
170035,0,301,0,0,3,B8,07,00
170045,1,201,0,0,5,CC,01,00,00,63
170055,1,203,0,0,8,00,00,00,00,00,00,00,80
170085,1,206,0,0,8,00,00,00,00,00,00,00,00
170085,0,300,0,0,8,03,A5,64,5A,64,00,64,F8
170085,0,301,0,0,3,80,08,00
170115,1,401,0,0,8,FF,9E,00,00,FD,00,00,00
170135,1,400,0,0,8,01,00,0C,00,00,00,00,00
170135,0,300,0,0,8,03,A5,64,5A,64,00,64,E9
170135,0,301,0,0,3,88,09,00
170145,1,201,0,0,5,CC,01,00,00,63
170155,1,203,0,0,8,00,00,00,00,00,00,00,80
170185,1,206,0,0,8,00,00,00,00,00,00,00,00
170185,0,300,0,0,8,03,A5,64,5A,64,00,64,FA
170185,0,301,0,0,3,C6,0A,00
170215,1,401,0,0,8,FF,9E,00,00,FD,00,00,00
170235,1,400,0,0,8,01,00,0C,00,00,00,00,00
170235,0,300,0,0,8,03,A5,64,5A,64,00,64,EB
170235,0,301,0,0,3,43,0B,00
170245,1,201,0,0,5,CC,01,00,00,63
170255,1,203,0,0,8,00,00,00,00,00,00,00,80
170285,1,206,0,0,8,00,00,00,00,00,00,00,00
170285,0,300,0,0,8,03,A5,64,5A,64,00,64,FC
170285,0,301,0,0,3,B5,0C,00
170295,1,403,0,0,8,64,00,00,00,40,E3,09,00
170315,1,401,0,0,8,FF,9E,00,00,FD,00,00,00
170335,1,400,0,0,8,01,00,0C,00,00,00,00,00
170335,0,300,0,0,8,03,A5,64,5A,64,00,64,ED
170335,0,301,0,0,3,4E,0D,00
170345,1,201,0,0,5,CC,01,00,00,63
170355,1,203,0,0,8,00,00,00,00,00,00,00,80
170385,1,206,0,0,8,00,00,00,00,00,00,00,00
170385,0,300,0,0,8,03,A5,64,5A,64,00,64,FE
170385,0,301,0,0,3,1D,0E,00
170415,1,401,0,0,8,FF,9E,00,00,05,01,00,00
170435,1,400,0,0,8,01,00,0C,00,00,00,00,00
170435,0,300,0,0,8,03,A5,64,5A,64,00,64,EF
170435,0,301,0,0,3,E8,0F,00
170445,1,201,0,0,5,CC,01,00,00,63
170455,1,203,0,0,8,00,00,00,00,00,00,00,80
170485,1,206,0,0,8,00,00,00,00,00,00,00,00
170485,0,300,0,0,8,03,A5,64,5A,64,00,64,70
170485,0,301,0,0,3,E2,00,00
170515,1,401,0,0,8,FF,9E,00,00,05,01,00,00
170535,1,400,0,0,8,01,00,0C,00,00,00,00,00
170535,0,300,0,0,8,03,A5,64,5A,64,00,64,61
170535,0,301,0,0,3,B3,01,00
170545,1,201,0,0,5,CC,01,00,00,63
170555,1,203,0,0,8,00,00,00,00,00,00,00,80
170575,1,204,0,0,8,00,00,00,00,00,00,00,00
170585,1,206,0,0,8,00,00,00,00,00,00,00,00
170585,1,202,0,0,8,E2,12,00,00,1F,7C,05,00
170585,0,300,0,0,8,03,A5,64,5A,64,00,64,72
170585,0,301,0,0,3,6B,02,00
170615,1,401,0,0,8,FA,9E,00,00,12,01,00,00
170635,1,400,0,0,8,01,00,0C,00,00,00,00,00
170635,0,300,0,0,8,03,A5,64,5A,64,00,64,63
170635,0,301,0,0,3,96,03,00
170645,1,201,0,0,5,CC,01,00,00,63
170655,1,203,0,0,8,00,00,00,00,00,00,00,80
170685,1,206,0,0,8,00,00,00,00,00,00,00,00
170685,0,300,0,0,8,03,A5,64,5A,64,00,64,74
170685,0,301,0,0,3,03,04,00
170715,1,401,0,0,8,FA,9E,00,00,12,01,00,00
170735,1,400,0,0,8,01,00,0C,00,00,00,00,00
170735,0,300,0,0,8,03,A5,64,5A,64,00,64,65
170735,0,301,0,0,3,54,05,00
170745,1,201,0,0,5,CC,01,00,00,63
170755,1,203,0,0,8,00,00,00,00,00,00,00,80
170785,1,206,0,0,8,00,00,00,00,00,00,00,00
170785,0,300,0,0,8,03,A5,64,5A,64,00,64,76
170785,0,301,0,0,3,F5,06,00
170795,1,402,0,0,8,58,00,00,00,F4,A8,08,00
170815,1,401,0,0,8,FF,9E,00,00,12,01,00,00
170835,1,400,0,0,8,01,00,0C,00,00,00,00,00
170835,0,300,0,0,8,03,A5,64,5A,64,00,64,67
170835,0,301,0,0,3,B8,07,00
170845,1,201,0,0,5,B8,01,00,00,63
170855,1,203,0,0,8,00,00,00,00,00,00,00,80
170885,1,206,0,0,8,00,00,00,00,00,00,00,00
170885,0,300,0,0,8,03,A5,64,5A,64,00,64,F8
170885,0,301,0,0,3,80,08,00
170915,1,401,0,0,8,FF,9E,00,00,09,01,00,00
170935,0,300,0,0,8,03,A5,64,5A,64,00,64,E9
170935,1,400,0,0,8,01,00,0C,00,00,00,00,00
170935,0,301,0,0,3,88,09,00
170945,1,201,0,0,5,B8,01,00,00,63
170955,1,203,0,0,8,00,00,00,00,00,00,00,80
170985,1,206,0,0,8,00,00,00,00,00,00,00,00
170985,0,300,0,0,8,03,A5,64,5A,64,00,64,FA
170985,0,301,0,0,3,C6,0A,00
171015,1,401,0,0,8,FF,9E,00,00,09,01,00,00
171015,0,404,0,0,2,4A,00
171015,1,405,0,0,8,4A,00,00,00,06,00,00,00
171035,1,400,0,0,8,01,00,0C,00,00,00,00,00
171035,0,300,0,0,8,03,A5,64,5A,64,00,64,EB
171035,0,301,0,0,3,43,0B,00
171045,1,201,0,0,5,B8,01,00,00,63
171045,0,404,0,0,2,02,30
171045,1,405,0,0,7,02,30,00,00,00,00,00
171055,1,203,0,0,8,00,00,00,00,00,00,00,80
171075,0,404,0,0,2,44,00
171085,1,405,0,0,6,44,00,00,00,50,46
171085,1,206,0,0,8,00,00,00,00,00,00,00,00
171085,0,300,0,0,8,03,A5,64,5A,64,00,64,FC
171085,0,301,0,0,3,B5,0C,00
171115,0,404,0,0,2,01,00
171115,1,401,0,0,8,FD,9E,00,00,10,01,00,00
171115,1,405,0,0,8,01,00,00,00,00,04,06,04
171135,0,300,0,0,8,03,A5,64,5A,64,00,64,ED
171135,0,301,0,0,3,4E,0D,00
171135,1,400,0,0,8,01,00,0C,00,00,00,00,00
171145,0,404,0,0,2,A3,01
171145,1,405,0,0,5,A3,01,00,00,06
171145,1,201,0,0,5,B8,01,00,00,63
171155,1,203,0,0,8,00,00,00,00,00,00,00,80
171175,0,404,0,0,2,20,00
171175,1,405,0,0,8,20,00,00,00,32,33,36,47
171185,1,206,0,0,8,00,00,00,00,00,00,00,00
171185,0,300,0,0,8,03,A5,64,5A,64,00,64,FE
171185,0,301,0,0,3,1D,0E,00
171205,0,404,0,0,2,21,00
171205,1,405,0,0,8,21,00,00,00,35,4C,41,31
171215,1,401,0,0,8,FD,9E,00,00,10,01,00,00
171235,0,300,0,0,8,03,A5,64,5A,64,00,64,EF
171235,0,301,0,0,3,E8,0F,00
171235,0,404,0,0,2,22,00
171235,1,400,0,0,8,01,00,0C,00,00,00,00,00
171235,1,405,0,0,8,22,00,00,00,30,30,34,52
171245,1,201,0,0,5,B8,01,00,00,63
171255,1,203,0,0,8,00,00,00,00,00,00,00,80
171275,0,404,0,0,2,23,00
171275,1,405,0,0,8,23,00,00,00,4D,30,30,30
171285,1,206,0,0,8,00,00,00,00,00,00,00,00
171285,0,300,0,0,8,03,A5,64,5A,64,00,64,70
171285,0,301,0,0,3,E2,00,00
171295,1,403,0,0,8,64,00,00,00,40,E3,09,00
171295,0,404,0,0,2,24,00
171295,1,405,0,0,8,24,00,00,00,30,30,30,30
171315,1,401,0,0,8,FA,9E,00,00,10,01,00,00
171325,0,404,0,0,2,25,00
171335,1,405,0,0,8,25,00,00,00,30,30,30,30
171335,0,300,0,0,8,03,A5,64,5A,64,00,64,61
171335,0,301,0,0,3,B3,01,00
171335,1,400,0,0,8,01,00,0C,00,00,00,00,00
171345,1,201,0,0,5,B8,01,00,00,63
171355,1,203,0,0,8,00,00,00,00,00,00,00,80
171365,0,404,0,0,2,26,00
171365,1,405,0,0,8,26,00,00,00,30,30,30,30
171385,1,206,0,0,8,00,00,00,00,00,00,00,00
171385,0,300,0,0,8,03,A5,64,5A,64,00,64,72
171385,0,301,0,0,3,6B,02,00
171395,0,404,0,0,2,27,00
171395,1,405,0,0,6,27,00,00,00,30,30
171415,1,401,0,0,8,FA,9E,00,00,0D,01,00,00
171425,0,404,0,0,2,4C,00
171435,1,405,0,0,8,4C,00,00,00,01,24,00,00
171435,0,300,0,0,8,03,A5,64,5A,64,00,64,63
171435,0,301,0,0,3,96,03,00
171435,1,400,0,0,8,01,00,0C,00,00,00,00,00
171445,1,201,0,0,5,B8,01,00,00,63
171455,0,404,0,0,2,46,00
171455,1,405,0,0,5,46,00,00,00,00
171455,1,203,0,0,8,00,00,00,00,00,00,00,80
171485,1,206,0,0,8,00,00,00,00,00,00,00,00
171485,0,300,0,0,8,03,A5,64,5A,64,00,64,74
171485,0,301,0,0,3,03,04,00
171485,0,404,0,0,2,4D,00
171485,1,405,0,0,8,4D,00,00,00,00,00,00,00
171515,0,404,0,0,2,50,00
171515,1,401,0,0,8,FA,9E,00,00,0D,01,00,00
171515,1,405,0,0,8,50,00,00,00,81,00,80,00
171535,0,300,0,0,8,03,A5,64,5A,64,00,64,65
171535,0,301,0,0,3,54,05,00
171535,1,400,0,0,8,01,00,0C,00,00,00,00,00
171545,1,201,0,0,5,B8,01,00,00,63
171545,0,404,0,0,2,02,00
171545,1,405,0,0,8,02,00,00,00,53,49,43,54
171555,1,203,0,0,8,00,00,00,00,00,00,00,80
171575,1,204,0,0,8,00,00,00,00,00,00,00,00
171585,1,206,0,0,8,00,00,00,00,00,00,00,00
171585,1,202,0,0,8,E2,13,00,00,21,7C,05,00
171585,0,404,0,0,2,0A,00
171585,1,405,0,0,8,0A,00,00,00,30,3A,00,00
171585,0,300,0,0,8,03,A5,64,5A,64,00,64,76
171585,0,301,0,0,3,F5,06,00
171595,1,666,0,0,8,52,08,05,00,52,95,36,02
171605,1,665,0,0,8,00,00,00,53,4C,18,53,00
171615,0,404,0,0,2,04,00
171615,1,405,0,0,7,04,00,00,00,16,09,02
171615,1,401,0,0,8,FD,9E,00,00,05,01,00,00
171615,1,200,0,0,8,58,00,5C,A9,08,00,00,00
171635,0,300,0,0,8,03,A5,64,5A,64,00,64,67
171635,0,301,0,0,3,B8,07,00
171635,1,400,0,0,8,01,00,0C,00,00,00,00,00
171645,0,404,0,0,2,B0,01
171645,1,405,0,0,6,B0,01,00,00,00,00
171645,1,201,0,0,5,B8,01,00,00,63
171655,1,203,0,0,8,00,00,00,00,00,00,00,80
171675,0,404,0,0,2,B1,01
171675,1,405,0,0,6,B1,01,00,00,00,00
171685,1,206,0,0,8,00,00,00,00,00,00,00,00
171685,0,300,0,0,8,03,A5,64,5A,64,00,64,F8
171685,0,301,0,0,3,80,08,00
171715,1,401,0,0,8,FD,9E,00,00,05,01,00,00
171735,0,300,0,0,8,03,A5,64,5A,64,00,64,E9
171735,0,301,0,0,3,88,09,00
171735,1,400,0,0,8,01,00,0C,00,00,00,00,00
171745,1,201,0,0,5,B8,01,00,00,63
171755,1,203,0,0,8,00,00,00,00,00,00,00,80
171785,1,206,0,0,8,00,00,00,00,00,00,00,00
171785,0,300,0,0,8,03,A5,64,5A,64,00,64,FA
171785,0,301,0,0,3,C6,0A,00
171795,1,402,0,0,8,58,00,00,00,F4,A8,08,00
171815,1,401,0,0,8,01,9F,00,00,05,01,00,00
171835,0,300,0,0,8,03,A5,64,5A,64,00,64,EB
171835,0,301,0,0,3,43,0B,00
171835,1,400,0,0,8,01,00,0C,00,00,00,00,00
171845,1,201,0,0,5,B8,01,00,00,63
171855,1,203,0,0,8,00,00,00,00,00,00,00,80
171885,1,206,0,0,8,00,00,00,00,00,00,00,00
171885,0,300,0,0,8,03,A5,64,5A,64,00,64,FC
171885,0,301,0,0,3,B5,0C,00
171915,1,401,0,0,8,01,9F,00,00,00,01,00,00
171935,0,300,0,0,8,03,A5,64,5A,64,00,64,ED
171935,0,301,0,0,3,4E,0D,00
171935,1,400,0,0,8,01,00,0C,00,00,00,00,00
171945,1,201,0,0,5,B8,01,00,00,63
171955,1,203,0,0,8,00,00,00,00,00,00,00,80
171985,1,206,0,0,8,00,00,00,00,00,00,00,00
171985,0,300,0,0,8,03,A5,64,5A,64,00,64,FE
171985,0,301,0,0,3,1D,0E,00
172015,1,401,0,0,8,01,9F,00,00,00,01,00,00
172035,0,300,0,0,8,03,A5,64,5A,64,00,64,EF
172035,0,301,0,0,3,E8,0F,00
172035,1,400,0,0,8,01,00,0C,00,00,00,00,00
172045,1,201,0,0,5,B8,01,00,00,63
172055,1,203,0,0,8,00,00,00,00,00,00,00,80
172085,1,206,0,0,8,00,00,00,00,00,00,00,00
172085,0,300,0,0,8,03,A5,64,5A,64,00,64,70
172085,0,301,0,0,3,E2,00,00
172115,1,401,0,0,8,FF,9E,00,00,F4,00,00,00
172135,0,300,0,0,8,03,A5,64,5A,64,00,64,61
172135,0,301,0,0,3,B3,01,00
172135,1,400,0,0,8,01,00,0C,00,00,00,00,00
172145,1,201,0,0,5,B8,01,00,00,63
172155,1,203,0,0,8,00,00,00,00,00,00,00,80
172185,1,206,0,0,8,00,00,00,00,00,00,00,00
172185,0,300,0,0,8,03,A5,64,5A,64,00,64,72
172185,0,301,0,0,3,6B,02,00
172215,1,401,0,0,8,FF,9E,00,00,F4,00,00,00
172235,0,300,0,0,8,03,A5,64,5A,64,00,64,63
172235,0,301,0,0,3,96,03,00
172235,1,400,0,0,8,01,00,0C,00,00,00,00,00
172245,1,201,0,0,5,B8,01,00,00,63
172255,1,203,0,0,8,00,00,00,00,00,00,00,80
172285,1,206,0,0,8,00,00,00,00,00,00,00,00
172285,0,300,0,0,8,03,A5,64,5A,64,00,64,74
172285,0,301,0,0,3,03,04,00
172295,1,403,0,0,8,64,00,00,00,40,E3,09,00
172315,1,401,0,0,8,FD,9E,00,00,F4,00,00,00
172335,0,300,0,0,8,03,A5,64,5A,64,00,64,65
172335,0,301,0,0,3,54,05,00
172335,1,400,0,0,8,01,00,0C,00,00,00,00,00
172345,1,201,0,0,5,B8,01,00,00,63
172355,1,203,0,0,8,00,00,00,00,00,00,00,80
172385,1,206,0,0,8,00,00,00,00,00,00,00,00
172385,0,300,0,0,8,03,A5,64,5A,64,00,64,76
172385,0,301,0,0,3,F5,06,00
172415,1,401,0,0,8,FD,9E,00,00,F8,00,00,00
172435,0,300,0,0,8,03,A5,64,5A,64,00,64,67
172435,0,301,0,0,3,B8,07,00
172435,1,400,0,0,8,01,00,0C,00,00,00,00,00
172445,1,201,0,0,5,CC,01,00,00,63
172455,1,203,0,0,8,00,00,00,00,00,00,00,80
172485,1,206,0,0,8,00,00,00,00,00,00,00,00
172485,0,300,0,0,8,03,A5,64,5A,64,00,64,F8
172485,0,301,0,0,3,80,08,00
172515,1,401,0,0,8,FD,9E,00,00,F8,00,00,00
172535,0,300,0,0,8,03,A5,64,5A,64,00,64,E9
172535,0,301,0,0,3,88,09,00
172545,1,400,0,0,8,01,00,0C,00,00,00,00,00
172545,1,201,0,0,5,CC,01,00,00,63
172555,1,203,0,0,8,00,00,00,00,00,00,00,80
172575,1,204,0,0,8,00,00,00,00,00,00,00,00
172585,1,206,0,0,8,00,00,00,00,00,00,00,00
172585,1,202,0,0,8,E2,12,00,00,23,7C,05,00
172585,0,300,0,0,8,03,A5,64,5A,64,00,64,FA
172585,0,301,0,0,3,C6,0A,00
172625,1,401,0,0,8,FF,9E,00,00,FE,00,00,00
172635,0,300,0,0,8,03,A5,64,5A,64,00,64,EB
172635,0,301,0,0,3,43,0B,00
172645,1,400,0,0,8,01,00,0C,00,00,00,00,00
172645,1,201,0,0,5,CC,01,00,00,63
172655,1,203,0,0,8,00,00,00,00,00,00,00,80
172685,1,206,0,0,8,00,00,00,00,00,00,00,00
172685,0,300,0,0,8,03,A5,64,5A,64,00,64,FC
172685,0,301,0,0,3,B5,0C,00
172725,1,401,0,0,8,FF,9E,00,00,FE,00,00,00
172735,0,300,0,0,8,03,A5,64,5A,64,00,64,ED
172735,0,301,0,0,3,4E,0D,00
172745,1,400,0,0,8,01,00,0C,00,00,00,00,00
172745,1,201,0,0,5,CC,01,00,00,63
172755,1,203,0,0,8,00,00,00,00,00,00,00,80
172785,1,206,0,0,8,00,00,00,00,00,00,00,00
172785,0,300,0,0,8,03,A5,64,5A,64,00,64,FE
172785,0,301,0,0,3,1D,0E,00
172805,1,402,0,0,8,58,00,00,00,F4,A8,08,00
172825,1,401,0,0,8,03,9F,00,00,FE,00,00,00
172835,0,300,0,0,8,03,A5,64,5A,64,00,64,EF
172835,0,301,0,0,3,E8,0F,00
172845,1,400,0,0,8,01,00,0C,00,00,00,00,00
172845,1,201,0,0,5,CC,01,00,00,63
172855,1,203,0,0,8,00,00,00,00,00,00,00,80
172885,1,206,0,0,8,00,00,00,00,00,00,00,00
172885,0,300,0,0,8,03,A5,64,5A,64,00,64,70
172885,0,301,0,0,3,E2,00,00
172925,1,401,0,0,8,03,9F,00,00,FD,00,00,00
172935,0,300,0,0,8,03,A5,64,5A,64,00,64,61
172935,0,301,0,0,3,B3,01,00
172945,1,400,0,0,8,01,00,0C,00,00,00,00,00
172945,1,201,0,0,5,CC,01,00,00,63
172955,1,203,0,0,8,00,00,00,00,00,00,00,80
172985,1,206,0,0,8,00,00,00,00,00,00,00,00
172985,0,300,0,0,8,03,A5,64,5A,64,00,64,72
172985,0,301,0,0,3,6B,02,00
173025,1,401,0,0,8,03,9F,00,00,FD,00,00,00
173035,0,300,0,0,8,03,A5,64,5A,64,00,64,63
173035,0,301,0,0,3,96,03,00
173045,1,400,0,0,8,01,00,0C,00,00,00,00,00
173045,1,201,0,0,5,CC,01,00,00,63
173055,1,203,0,0,8,00,00,00,00,00,00,00,80
173085,1,206,0,0,8,00,00,00,00,00,00,00,00
173085,0,300,0,0,8,03,A5,64,5A,64,00,64,74
173085,0,301,0,0,3,03,04,00
173125,1,401,0,0,8,FD,9E,00,00,00,01,00,00
173135,0,300,0,0,8,03,A5,64,5A,64,00,64,65
173135,0,301,0,0,3,54,05,00
173145,1,400,0,0,8,01,00,0C,00,00,00,00,00
173145,1,201,0,0,5,CC,01,00,00,63
173155,1,203,0,0,8,00,00,00,00,00,00,00,80
173185,1,206,0,0,8,00,00,00,00,00,00,00,00
173185,0,300,0,0,8,03,A5,64,5A,64,00,64,76
173185,0,301,0,0,3,F5,06,00
173225,1,401,0,0,8,FD,9E,00,00,00,01,00,00
173235,0,300,0,0,8,03,A5,64,5A,64,00,64,67
173235,0,301,0,0,3,B8,07,00
173245,1,400,0,0,8,01,00,0C,00,00,00,00,00
173245,1,201,0,0,5,CC,01,00,00,63
173255,1,203,0,0,8,00,00,00,00,00,00,00,80
173285,1,206,0,0,8,00,00,00,00,00,00,00,00
173285,0,300,0,0,8,03,A5,64,5A,64,00,64,F8
173285,0,301,0,0,3,80,08,00
173305,1,403,0,0,8,64,00,00,00,40,E3,09,00
173325,1,401,0,0,8,01,9F,00,00,00,01,00,00
173335,0,300,0,0,8,03,A5,64,5A,64,00,64,E9
173335,0,301,0,0,3,88,09,00
173345,1,400,0,0,8,01,00,0C,00,00,00,00,00
173345,1,201,0,0,5,CC,01,00,00,63
173355,1,203,0,0,8,00,00,00,00,00,00,00,80
173385,1,206,0,0,8,00,00,00,00,00,00,00,00
173385,0,300,0,0,8,03,A5,64,5A,64,00,64,FA
173385,0,301,0,0,3,C6,0A,00
173425,1,401,0,0,8,01,9F,00,00,FF,00,00,00
173435,0,300,0,0,8,03,A5,64,5A,64,00,64,EB
173435,0,301,0,0,3,43,0B,00
173445,1,400,0,0,8,01,00,0C,00,00,00,00,00
173445,1,201,0,0,5,CC,01,00,00,63
173455,1,203,0,0,8,00,00,00,00,00,00,00,80
173485,1,206,0,0,8,00,00,00,00,00,00,00,00
173485,0,300,0,0,8,03,A5,64,5A,64,00,64,FC
173485,0,301,0,0,3,B5,0C,00
173525,1,401,0,0,8,01,9F,00,00,FF,00,00,00
173535,0,300,0,0,8,03,A5,64,5A,64,00,64,ED
173535,0,301,0,0,3,4E,0D,00
173545,1,400,0,0,8,01,00,0C,00,00,00,00,00
173545,1,201,0,0,5,CC,01,00,00,63
173555,1,203,0,0,8,00,00,00,00,00,00,00,80
173575,1,204,0,0,8,00,00,00,00,00,00,00,00
173585,1,206,0,0,8,00,00,00,00,00,00,00,00
173585,1,202,0,0,8,E2,13,00,00,23,7C,05,00
173585,0,300,0,0,8,03,A5,64,5A,64,00,64,FE
173585,0,301,0,0,3,1D,0E,00
173625,1,401,0,0,8,FA,9E,00,00,07,01,00,00
173635,0,300,0,0,8,03,A5,64,5A,64,00,64,EF
173635,0,301,0,0,3,E8,0F,00
173645,1,400,0,0,8,01,00,0C,00,00,00,00,00
173645,1,201,0,0,5,CC,01,00,00,63
173655,1,203,0,0,8,00,00,00,00,00,00,00,80
173685,1,206,0,0,8,00,00,00,00,00,00,00,00
173685,0,300,0,0,8,03,A5,64,5A,64,00,64,70
173685,0,301,0,0,3,E2,00,00
173725,1,401,0,0,8,FA,9E,00,00,07,01,00,00
173735,0,300,0,0,8,03,A5,64,5A,64,00,64,61
173735,0,301,0,0,3,B3,01,00
173745,1,400,0,0,8,01,00,0C,00,00,00,00,00
173745,1,201,0,0,5,CC,01,00,00,63
173755,1,203,0,0,8,00,00,00,00,00,00,00,80
173785,1,206,0,0,8,00,00,00,00,00,00,00,00
173785,0,300,0,0,8,03,A5,64,5A,64,00,64,72
173785,0,301,0,0,3,6B,02,00
173805,1,402,0,0,8,58,00,00,00,F4,A8,08,00
173825,1,401,0,0,8,FA,9E,00,00,07,01,00,00
173835,0,300,0,0,8,03,A5,64,5A,64,00,64,63
173835,0,301,0,0,3,96,03,00
173845,1,400,0,0,8,01,00,0C,00,00,00,00,00
173845,1,201,0,0,5,CC,01,00,00,63
173855,1,203,0,0,8,00,00,00,00,00,00,00,80
173885,1,206,0,0,8,00,00,00,00,00,00,00,00
173885,0,300,0,0,8,03,A5,64,5A,64,00,64,74
173885,0,301,0,0,3,03,04,00
173925,1,401,0,0,8,FA,9E,00,00,14,01,00,00
173935,0,300,0,0,8,03,A5,64,5A,64,00,64,65
173935,0,301,0,0,3,54,05,00
173945,1,400,0,0,8,01,00,0C,00,00,00,00,00
173945,1,201,0,0,5,CC,01,00,00,63
173955,1,203,0,0,8,00,00,00,00,00,00,00,80
173985,1,206,0,0,8,00,00,00,00,00,00,00,00
173985,0,300,0,0,8,03,A5,64,5A,64,00,64,76
173985,0,301,0,0,3,F5,06,00
174025,1,401,0,0,8,FA,9E,00,00,14,01,00,00
174035,0,300,0,0,8,03,A5,64,5A,64,00,64,67
174035,0,301,0,0,3,B8,07,00
174045,1,400,0,0,8,01,00,0C,00,00,00,00,00
174045,1,201,0,0,5,CC,01,00,00,63
174055,1,203,0,0,8,00,00,00,00,00,00,00,80
174085,1,206,0,0,8,00,00,00,00,00,00,00,00
174085,0,300,0,0,8,03,A5,64,5A,64,00,64,F8
174085,0,301,0,0,3,80,08,00
174125,1,401,0,0,8,FD,9E,00,00,04,01,00,00
174135,0,300,0,0,8,03,A5,64,5A,64,00,64,E9
174135,0,301,0,0,3,88,09,00
174145,1,400,0,0,8,01,00,0C,00,00,00,00,00
174145,1,201,0,0,5,CC,01,00,00,63
174155,1,203,0,0,8,00,00,00,00,00,00,00,80
174185,1,206,0,0,8,00,00,00,00,00,00,00,00
174185,0,300,0,0,8,03,A5,64,5A,64,00,64,FA
174185,0,301,0,0,3,C6,0A,00
174225,1,401,0,0,8,FD,9E,00,00,04,01,00,00
174235,0,300,0,0,8,03,A5,64,5A,64,00,64,EB
174235,0,301,0,0,3,43,0B,00
174245,1,400,0,0,8,01,00,0C,00,00,00,00,00
174245,1,201,0,0,5,C2,01,00,00,63
174255,1,203,0,0,8,00,00,00,00,00,00,00,80
174285,1,206,0,0,8,00,00,00,00,00,00,00,00
174285,0,300,0,0,8,03,A5,64,5A,64,00,64,FC
174285,0,301,0,0,3,B5,0C,00
174305,1,403,0,0,8,64,00,00,00,40,E3,09,00
174325,1,401,0,0,8,03,9F,00,00,04,01,00,00
174335,0,300,0,0,8,03,A5,64,5A,64,00,64,ED
174335,0,301,0,0,3,4E,0D,00
174345,1,400,0,0,8,01,00,0C,00,00,00,00,00
174345,1,201,0,0,5,C2,01,00,00,63
174365,1,203,0,0,8,00,00,00,00,00,00,00,80
174385,1,206,0,0,8,00,00,00,00,00,00,00,00
174385,0,300,0,0,8,03,A5,64,5A,64,00,64,FE
174385,0,301,0,0,3,1D,0E,00
174425,1,401,0,0,8,03,9F,00,00,F9,00,00,00
174435,0,300,0,0,8,03,A5,64,5A,64,00,64,EF
174435,0,301,0,0,3,E8,0F,00
174445,1,400,0,0,8,01,00,0C,00,00,00,00,00
174445,1,201,0,0,5,C2,01,00,00,63
174465,1,203,0,0,8,00,00,00,00,00,00,00,80
174485,1,206,0,0,8,00,00,00,00,00,00,00,00
174485,0,300,0,0,8,03,A5,64,5A,64,00,64,70
174485,0,301,0,0,3,E2,00,00
174525,1,401,0,0,8,03,9F,00,00,F9,00,00,00
174535,0,300,0,0,8,03,A5,64,5A,64,00,64,61
174535,0,301,0,0,3,B3,01,00
174545,1,400,0,0,8,01,00,0C,00,00,00,00,00
174545,1,201,0,0,5,C2,01,00,00,63
174565,1,203,0,0,8,00,00,00,00,00,00,00,80
174575,1,204,0,0,8,00,00,00,00,00,00,00,00
174585,1,206,0,0,8,00,00,00,00,00,00,00,00
174585,1,202,0,0,8,E2,12,00,00,25,7C,05,00
174585,0,300,0,0,8,03,5A,64,5A,64,00,64,32
174585,0,301,0,0,3,6B,02,00
174595,1,666,0,0,8,52,08,05,00,52,95,36,02
174605,1,665,0,0,8,00,00,00,53,4C,18,53,00
174625,1,200,0,0,8,58,00,51,A9,08,00,01,00
174625,1,401,0,0,8,01,9F,00,00,F6,00,00,00
174635,0,300,0,0,8,03,5A,64,5A,64,00,64,23
174635,0,301,0,0,3,96,03,00
174645,1,400,0,0,8,01,00,0C,00,00,00,00,00
174645,1,201,0,0,5,C2,01,00,00,63
174665,1,203,0,0,8,00,00,00,00,00,00,00,80
174685,1,206,0,0,8,00,00,00,00,00,00,00,00
174685,0,300,0,0,8,03,5A,64,5A,64,00,64,34
174685,0,301,0,0,3,03,04,00
174725,1,401,0,0,8,01,9F,00,00,F6,00,00,00
174735,0,300,0,0,8,03,5A,64,5A,64,00,64,25
174735,0,301,0,0,3,54,05,00
174745,1,400,0,0,8,01,00,0C,00,00,00,00,00
174745,1,201,0,0,5,C2,01,00,00,63
174765,1,203,0,0,8,00,00,00,00,00,00,00,80
174785,1,206,0,0,8,00,00,00,00,00,00,00,00
174785,0,300,0,0,8,03,5A,64,5A,64,00,64,36
174785,0,301,0,0,3,F5,06,00
174805,1,402,0,0,8,58,00,00,00,F4,A8,08,00
174825,1,401,0,0,8,FD,9E,00,00,F6,00,00,00
174835,0,300,0,0,8,03,5A,64,5A,64,00,64,27
174835,0,301,0,0,3,B8,07,00
174845,1,400,0,0,8,01,00,0C,00,00,00,00,00
174845,1,201,0,0,5,C2,01,00,00,63
174865,1,203,0,0,8,00,00,00,00,00,00,00,80
174885,1,206,0,0,8,00,00,00,00,00,00,00,00
174885,0,300,0,0,8,03,5A,64,5A,64,00,64,B8
174885,0,301,0,0,3,80,08,00
174925,1,401,0,0,8,FD,9E,00,00,FA,00,00,00
174935,0,300,0,0,8,03,5A,64,5A,64,00,64,A9
174935,0,301,0,0,3,88,09,00
174945,1,400,0,0,8,01,00,0C,00,00,00,00,00
174945,1,201,0,0,5,C2,01,00,00,62
174965,1,203,0,0,8,00,00,00,00,00,00,00,80
174985,1,206,0,0,8,00,00,00,00,00,00,00,00
174985,0,300,0,0,8,03,5A,64,5A,64,00,64,BA
174985,0,301,0,0,3,C6,0A,00
175025,1,401,0,0,8,FD,9E,00,00,FA,00,00,00
175035,0,300,0,0,8,03,5A,64,5A,64,00,64,AB
175035,0,301,0,0,3,43,0B,00
175045,1,400,0,0,8,01,00,0C,00,00,00,00,00
175045,1,201,0,0,5,C2,01,00,00,62
175065,1,203,0,0,8,00,00,00,00,00,00,00,80
175085,1,206,0,0,8,00,00,00,00,00,00,00,00
175085,0,300,0,0,8,03,5A,64,5A,64,00,64,BC
175085,0,301,0,0,3,B5,0C,00
175125,1,401,0,0,8,15,9F,00,00,BF,00,00,00
175135,0,300,0,0,8,03,5A,64,5A,64,00,64,AD
175135,0,301,0,0,3,4E,0D,00
175145,1,400,0,0,8,01,00,0C,00,00,00,00,00
175145,1,201,0,0,5,C2,01,00,00,62
175165,1,203,0,0,8,00,00,00,00,00,00,00,80
175185,1,206,0,0,8,00,00,00,00,00,00,00,00
175185,0,300,0,0,8,03,5A,64,5A,64,00,64,BE
175185,0,301,0,0,3,1D,0E,00
175225,1,401,0,0,8,15,9F,00,00,BF,00,00,00
175235,0,300,0,0,8,03,5A,64,5A,64,00,64,AF
175235,0,301,0,0,3,E8,0F,00
175245,1,400,0,0,8,01,00,0C,00,00,00,00,00
175245,1,201,0,0,5,C2,01,00,00,62
175265,1,203,0,0,8,00,00,00,00,00,00,00,80
175285,1,206,0,0,8,00,00,00,00,00,00,00,00
175285,0,300,0,0,8,03,5A,64,5A,64,00,64,30
175285,0,301,0,0,3,E2,00,00
175305,1,403,0,0,8,64,00,00,00,40,E3,09,00
175325,1,401,0,0,8,17,9F,00,00,BF,00,00,00
175335,0,300,0,0,8,03,5A,64,5A,64,00,64,21
175335,0,301,0,0,3,B3,01,00
175345,1,400,0,0,8,01,00,0C,00,00,00,00,00
175345,1,201,0,0,5,C2,01,00,00,62
175365,1,203,0,0,8,00,00,00,00,00,00,00,80
175385,1,206,0,0,8,00,00,00,00,00,00,00,00
175385,0,300,0,0,8,03,5A,64,5A,64,00,64,32
175385,0,301,0,0,3,6B,02,00
175425,1,401,0,0,8,17,9F,00,00,47,00,00,00
175435,0,300,0,0,8,03,5A,64,5A,64,00,64,23
175435,0,301,0,0,3,96,03,00
175445,1,400,0,0,8,01,00,0C,00,00,00,00,00
175445,1,201,0,0,5,C2,01,00,00,62
175465,1,203,0,0,8,00,00,00,00,00,00,00,80
175485,1,206,0,0,8,00,00,00,00,00,00,00,00
175485,0,300,0,0,8,03,5A,64,5A,64,00,64,34
175485,0,301,0,0,3,03,04,00
175525,1,401,0,0,8,17,9F,00,00,47,00,00,00
175535,0,300,0,0,8,03,5A,64,5A,64,00,64,25
175535,0,301,0,0,3,54,05,00
175545,1,400,0,0,8,01,00,0C,00,00,00,00,00
175545,1,201,0,0,5,C2,01,00,00,62
175565,1,203,0,0,8,00,00,00,00,00,00,00,80
175575,1,204,0,0,8,00,00,00,00,00,00,00,00
175585,1,206,0,0,8,00,00,00,00,00,00,00,00
175585,1,202,0,0,8,E2,12,00,00,25,7C,05,00
175585,0,300,0,0,8,03,5A,64,5A,64,00,64,36
175585,0,301,0,0,3,F5,06,00
175625,1,401,0,0,8,15,9F,00,00,46,00,00,00
175635,0,300,0,0,8,03,5A,64,5A,64,00,64,27
175635,0,301,0,0,3,B8,07,00
175645,1,400,0,0,8,01,00,0C,00,00,00,00,00
175645,1,201,0,0,5,C2,01,00,00,62
175665,1,203,0,0,8,00,00,00,00,00,00,00,80
175685,1,206,0,0,8,00,00,00,00,00,00,00,00
175685,0,300,0,0,8,03,5A,64,5A,64,00,64,B8
175685,0,301,0,0,3,80,08,00
175725,1,401,0,0,8,15,9F,00,00,46,00,00,00
175735,0,300,0,0,8,03,5A,64,5A,64,00,64,A9
175735,0,301,0,0,3,88,09,00
175745,1,400,0,0,8,01,00,0C,00,00,00,00,00
175745,1,201,0,0,5,C2,01,00,00,62
175765,1,203,0,0,8,00,00,00,00,00,00,00,80
175785,1,206,0,0,8,00,00,00,00,00,00,00,00
175785,0,300,0,0,8,03,5A,64,5A,64,00,64,BA
175785,0,301,0,0,3,C6,0A,00
175805,1,402,0,0,8,58,00,00,00,F4,A8,08,00
175825,1,401,0,0,8,15,9F,00,00,46,00,00,00
175835,0,300,0,0,8,03,5A,64,5A,64,00,64,AB
175835,0,301,0,0,3,43,0B,00
175845,1,400,0,0,8,01,00,0C,00,00,00,00,00
175845,1,201,0,0,5,C2,01,00,00,62
175865,1,203,0,0,8,00,00,00,00,00,00,00,80
175885,1,206,0,0,8,00,00,00,00,00,00,00,00
175885,0,300,0,0,8,03,5A,64,5A,64,00,64,BC
175885,0,301,0,0,3,B5,0C,00
175925,1,401,0,0,8,15,9F,00,00,46,00,00,00
175935,0,300,0,0,8,03,5A,64,5A,64,00,64,AD
175935,0,301,0,0,3,4E,0D,00
175945,1,400,0,0,8,01,00,0C,00,00,00,00,00
175945,1,201,0,0,5,C2,01,00,00,62
175965,1,203,0,0,8,00,00,00,00,00,00,00,80
175985,1,206,0,0,8,00,00,00,00,00,00,00,00
175985,0,300,0,0,8,03,5A,64,5A,64,00,64,BE
175985,0,301,0,0,3,1D,0E,00
176025,1,401,0,0,8,15,9F,00,00,46,00,00,00
176035,0,300,0,0,8,03,5A,64,5A,64,00,64,AF
176035,0,301,0,0,3,E8,0F,00
176045,1,400,0,0,8,01,00,0C,00,00,00,00,00
176045,1,201,0,0,5,C2,01,00,00,62
176065,1,203,0,0,8,00,00,00,00,00,00,00,80
176085,1,206,0,0,8,00,00,00,00,00,00,00,00
176085,0,300,0,0,8,03,5A,64,5A,64,00,64,30
176085,0,301,0,0,3,E2,00,00
176125,1,401,0,0,8,13,9F,00,00,47,00,00,00
176135,0,300,0,0,8,03,5A,64,5A,64,00,64,21
176135,0,301,0,0,3,B3,01,00
176145,1,201,0,0,5,C2,01,00,00,62
176145,1,400,0,0,8,01,00,0C,00,00,00,00,00
176165,1,203,0,0,8,00,00,00,00,00,00,00,80
176185,1,206,0,0,8,00,00,00,00,00,00,00,00
176185,0,300,0,0,8,03,5A,64,5A,64,00,64,32
176185,0,301,0,0,3,6B,02,00
176225,1,401,0,0,8,13,9F,00,00,47,00,00,00
176235,0,300,0,0,8,03,5A,64,5A,64,00,64,23
176235,0,301,0,0,3,96,03,00
176245,1,201,0,0,5,C2,01,00,00,62
176245,1,400,0,0,8,01,00,0C,00,00,00,00,00
176265,1,203,0,0,8,00,00,00,00,00,00,00,80
176285,1,206,0,0,8,00,00,00,00,00,00,00,00
176285,0,300,0,0,8,03,5A,64,5A,64,00,64,34
176285,0,301,0,0,3,03,04,00
176305,1,403,0,0,8,64,00,00,00,40,E3,09,00
176325,1,401,0,0,8,17,9F,00,00,47,00,00,00
176335,0,300,0,0,8,03,5A,64,5A,64,00,64,25
176335,0,301,0,0,3,54,05,00
176345,1,201,0,0,5,C2,01,00,00,62
176345,1,400,0,0,8,01,00,0C,00,00,00,00,00
176365,1,203,0,0,8,00,00,00,00,00,00,00,80
176385,1,206,0,0,8,00,00,00,00,00,00,00,00
176385,0,300,0,0,8,03,5A,64,5A,64,00,64,36
176385,0,301,0,0,3,F5,06,00
176425,1,401,0,0,8,17,9F,00,00,46,00,00,00
176435,0,300,0,0,8,03,5A,64,5A,64,00,64,27
176435,0,301,0,0,3,B8,07,00
176445,1,201,0,0,5,C2,01,00,00,62
176445,1,400,0,0,8,01,00,0C,00,00,00,00,00
176465,1,203,0,0,8,00,00,00,00,00,00,00,80
176485,1,206,0,0,8,00,00,00,00,00,00,00,00
176485,0,300,0,0,8,03,5A,64,5A,64,00,64,B8
176485,0,301,0,0,3,80,08,00
176525,1,401,0,0,8,17,9F,00,00,46,00,00,00
176535,0,300,0,0,8,03,5A,64,5A,64,00,64,A9
176535,0,301,0,0,3,88,09,00
176545,1,201,0,0,5,C2,01,00,00,62
176545,1,400,0,0,8,01,00,0C,00,00,00,00,00
176565,1,203,0,0,8,00,00,00,00,00,00,00,80
176575,1,204,0,0,8,00,00,00,00,00,00,00,00
176585,1,206,0,0,8,00,00,00,00,00,00,00,00
176585,1,202,0,0,8,E2,12,00,00,27,7C,05,00
176585,0,300,0,0,8,03,5A,64,5A,64,00,64,BA
176585,0,301,0,0,3,C6,0A,00
176625,1,401,0,0,8,15,9F,00,00,46,00,00,00
176635,0,300,0,0,8,03,5A,64,5A,64,00,64,AB
176635,0,301,0,0,3,43,0B,00
176645,1,201,0,0,5,C2,01,00,00,62
176645,1,400,0,0,8,01,00,0C,00,00,00,00,00
176665,1,203,0,0,8,00,00,00,00,00,00,00,80
176685,1,206,0,0,8,00,00,00,00,00,00,00,00
176685,0,300,0,0,8,03,5A,64,5A,64,00,64,BC
176685,0,301,0,0,3,B5,0C,00
176735,1,401,0,0,8,15,9F,00,00,46,00,00,00
176735,0,300,0,0,8,03,5A,64,5A,64,00,64,AD
176735,0,301,0,0,3,4E,0D,00
176745,1,201,0,0,5,C2,01,00,00,62
176755,1,400,0,0,8,01,00,0C,00,00,00,00,00
176765,1,203,0,0,8,00,00,00,00,00,00,00,80
176785,1,206,0,0,8,00,00,00,00,00,00,00,00
176785,0,300,0,0,8,03,5A,64,5A,64,00,64,BE
176785,0,301,0,0,3,1D,0E,00
176815,1,402,0,0,8,58,00,00,00,F4,A8,08,00
176835,1,401,0,0,8,17,9F,00,00,46,00,00,00
176835,0,300,0,0,8,03,5A,64,5A,64,00,64,AF
176835,0,301,0,0,3,E8,0F,00
176845,1,201,0,0,5,C2,01,00,00,62
176855,1,400,0,0,8,01,00,0C,00,00,00,00,00
176865,1,203,0,0,8,00,00,00,00,00,00,00,80
176885,1,206,0,0,8,00,00,00,00,00,00,00,00
176885,0,300,0,0,8,03,5A,64,5A,64,00,64,30
176885,0,301,0,0,3,E2,00,00
176935,1,401,0,0,8,17,9F,00,00,46,00,00,00
176935,0,300,0,0,8,03,5A,64,5A,64,00,64,21
176935,0,301,0,0,3,B3,01,00
176945,1,201,0,0,5,C2,01,00,00,62
176955,1,400,0,0,8,01,00,0C,00,00,00,00,00
176965,1,203,0,0,8,00,00,00,00,00,00,00,80
176985,1,206,0,0,8,00,00,00,00,00,00,00,00
176985,0,300,0,0,8,03,5A,64,5A,64,00,64,32
176985,0,301,0,0,3,6B,02,00
177035,1,401,0,0,8,17,9F,00,00,46,00,00,00
177035,0,300,0,0,8,03,5A,64,5A,64,00,64,23
177035,0,301,0,0,3,96,03,00
177045,1,201,0,0,5,C2,01,00,00,62
177055,1,400,0,0,8,01,00,0C,00,00,00,00,00
177065,1,203,0,0,8,00,00,00,00,00,00,00,80
177085,1,206,0,0,8,00,00,00,00,00,00,00,00
177085,0,300,0,0,8,03,5A,64,5A,64,00,64,34
177085,0,301,0,0,3,03,04,00
177135,1,401,0,0,8,15,9F,00,00,46,00,00,00
177135,0,300,0,0,8,03,5A,64,5A,64,00,64,25
177135,0,301,0,0,3,54,05,00
177145,1,201,0,0,5,C2,01,00,00,62
177155,1,400,0,0,8,01,00,0C,00,00,00,00,00
177165,1,203,0,0,8,00,00,00,00,00,00,00,80
177185,1,206,0,0,8,00,00,00,00,00,00,00,00
177185,0,300,0,0,8,03,5A,64,5A,64,00,64,36
177185,0,301,0,0,3,F5,06,00
177235,1,401,0,0,8,15,9F,00,00,46,00,00,00
177235,0,300,0,0,8,03,5A,64,5A,64,00,64,27
177235,0,301,0,0,3,B8,07,00
177245,1,201,0,0,5,C2,01,00,00,62
177255,1,400,0,0,8,01,00,0C,00,00,00,00,00
177265,1,203,0,0,8,00,00,00,00,00,00,00,80
177285,1,206,0,0,8,00,00,00,00,00,00,00,00
177285,0,300,0,0,8,03,5A,64,5A,64,00,64,B8
177285,0,301,0,0,3,80,08,00
177315,1,403,0,0,8,64,00,00,00,40,E3,09,00
177335,1,401,0,0,8,17,9F,00,00,46,00,00,00
177335,0,300,0,0,8,03,5A,64,5A,64,00,64,A9
177335,0,301,0,0,3,88,09,00
177345,1,201,0,0,5,C2,01,00,00,62
177355,1,400,0,0,8,01,00,0C,00,00,00,00,00
177365,1,203,0,0,8,00,00,00,00,00,00,00,80
177385,1,206,0,0,8,00,00,00,00,00,00,00,00
177385,0,300,0,0,8,03,5A,64,5A,64,00,64,BA
177385,0,301,0,0,3,C6,0A,00
177435,1,401,0,0,8,17,9F,00,00,46,00,00,00
177435,0,300,0,0,8,03,5A,64,5A,64,00,64,AB
177435,0,301,0,0,3,43,0B,00
177445,1,201,0,0,5,C2,01,00,00,62
177455,1,400,0,0,8,01,00,0C,00,00,00,00,00
177465,1,203,0,0,8,00,00,00,00,00,00,00,80
177485,1,206,0,0,8,00,00,00,00,00,00,00,00
177485,0,300,0,0,8,03,5A,64,5A,64,00,64,BC
177485,0,301,0,0,3,B5,0C,00
177535,1,401,0,0,8,17,9F,00,00,46,00,00,00
177535,0,300,0,0,8,03,5A,64,5A,64,00,64,AD
177535,0,301,0,0,3,4E,0D,00
177545,1,201,0,0,5,C2,01,00,00,62
177555,1,400,0,0,8,01,00,0C,00,00,00,00,00
177565,1,203,0,0,8,00,00,00,00,00,00,00,80
177575,1,204,0,0,8,00,00,00,00,00,00,00,00
177585,1,206,0,0,8,00,00,00,00,00,00,00,00
177585,1,202,0,0,8,E2,13,00,00,27,7C,05,00
177585,0,300,0,0,8,03,5A,64,5A,64,00,64,BE
177585,0,301,0,0,3,1D,0E,00
177595,1,666,0,0,8,52,08,05,00,52,95,36,02
177605,1,665,0,0,8,00,00,00,53,4C,18,53,00
177625,1,200,0,0,8,58,00,48,A9,08,00,02,00
177635,1,401,0,0,8,17,9F,00,00,45,00,00,00
177635,0,300,0,0,8,03,5A,64,5A,64,00,64,AF
177635,0,301,0,0,3,E8,0F,00
177645,1,201,0,0,5,C2,01,00,00,62
177655,1,400,0,0,8,01,00,0C,00,00,00,00,00
177665,1,203,0,0,8,00,00,00,00,00,00,00,80
177685,1,206,0,0,8,00,00,00,00,00,00,00,00
177685,0,300,0,0,8,03,5A,64,5A,64,00,64,30
177685,0,301,0,0,3,E2,00,00
177735,1,401,0,0,8,17,9F,00,00,45,00,00,00
177735,0,300,0,0,8,03,5A,64,5A,64,00,64,21
177735,0,301,0,0,3,B3,01,00
177745,1,201,0,0,5,C2,01,00,00,62
177755,1,400,0,0,8,01,00,0C,00,00,00,00,00
177765,1,203,0,0,8,00,00,00,00,00,00,00,80
177785,1,206,0,0,8,00,00,00,00,00,00,00,00
177785,0,300,0,0,8,03,5A,64,5A,64,00,64,32
177785,0,301,0,0,3,6B,02,00
177815,1,402,0,0,8,58,00,00,00,F4,A8,08,00
177835,1,401,0,0,8,15,9F,00,00,45,00,00,00
177835,0,300,0,0,8,03,5A,64,5A,64,00,64,23
177835,0,301,0,0,3,96,03,00
177845,1,201,0,0,5,90,01,00,00,62
177855,1,400,0,0,8,01,00,0C,00,00,00,00,00
177865,1,203,0,0,8,00,00,00,00,00,00,00,80
177885,1,206,0,0,8,00,00,00,00,00,00,00,00
177885,0,300,0,0,8,03,5A,64,5A,64,00,64,34
177885,0,301,0,0,3,03,04,00
177935,1,401,0,0,8,15,9F,00,00,46,00,00,00
177935,0,300,0,0,8,03,5A,64,5A,64,00,64,25
177935,0,301,0,0,3,54,05,00
177945,1,201,0,0,5,90,01,00,00,62
177955,1,400,0,0,8,01,00,0C,00,00,00,00,00
177965,1,203,0,0,8,00,00,00,00,00,00,00,80
177985,1,206,0,0,8,00,00,00,00,00,00,00,00
177985,0,300,0,0,8,03,5A,64,5A,64,00,64,36
177985,0,301,0,0,3,F5,06,00
178035,1,401,0,0,8,15,9F,00,00,46,00,00,00
178035,0,300,0,0,8,03,5A,64,5A,64,00,64,27
178035,0,301,0,0,3,B8,07,00
178045,1,201,0,0,5,68,01,00,00,62
178055,1,400,0,0,8,01,00,0C,00,00,00,00,00
178065,1,203,0,0,8,00,00,00,00,00,00,00,80
178085,1,206,0,0,8,00,00,00,00,00,00,00,00
178085,0,300,0,0,8,03,5A,64,5A,64,00,64,B8
178085,0,301,0,0,3,80,08,00
178135,1,401,0,0,8,15,9F,00,00,46,00,00,00
178135,0,300,0,0,8,03,5A,64,5A,64,00,64,A9
178135,0,301,0,0,3,88,09,00
178145,1,201,0,0,5,68,01,00,00,62
178155,1,400,0,0,8,01,00,0C,00,00,00,00,00
178165,1,203,0,0,8,00,00,00,00,00,00,00,80
